date,Abetifi,Ada,Akatsi,Akim Oda,Akuse,Axim,Bole,Ho,KIAMO-Accra,Kete-Krachi,Koforidua,Kumasi,Navrongo,Saltpond,Sefwi Bekwai,Sunyani,Takoradi,Tema,Tamale,Wa,Wenchi,Yendi
1/1/1990,0,,0,0,0,0,0,0,0,0,0,0,0,0,0,0,0,0,0,0,0,0.2
1/2/1990,0,,0,0,0,0,0,0,0,0,0,0,0,0,0,0,0,0,0,0,0,0
1/3/1990,0,,0,0,0,0,0,0,0,0,0,0,0,0,0,0,0,0,0,0,0,0
1/4/1990,0,,0,0,0,0,0,0,0,0,0,0,0,0,0,0,0,0,0,0,0,0
1/5/1990,0,,0,0,0,0,0,0,0,0,0,0,0,0,0,0,0,0,0,0,0,0
1/6/1990,0,,0,0,0,0,0,0,0,0,0,0,0,0,0,0,0,0,0,0,0,0
1/7/1990,0,,0,20.3,0,0,0,0,0,0,0,0,0,0,0,0,0,0,0,0,0,0
1/8/1990,0,,0,0.7,0,0,0,0,0,4.8,0,0,0,0,0,0,0,0,0,0,3,0
1/9/1990,0,,0,0,0,0,0,0,0,0,0,0,0,0,0,0,0,0,0,0,0,0
1/10/1990,0,,0,0,0,0,0,0,0,0,0,0,0,0,0,0,0,0,0,0,0,0
1/11/1990,0,,0,0,13.2,1,0,0,0,0,0,0,0,0,0,0,0,0,0,0,0,0
1/12/1990,0,,0,0,0,0,0,0,0,0,0,0,0,0,1,0,0,0,0,0,0,0
1/13/1990,0,,0,0,0,0,0,0,0,0,0,17.3,0,0,18.5,0,0,0,0,0,0,0
1/14/1990,0,,0,0,0,0,0,0,0,0,0,0,0,0,0,0,0,0,0,0,0,0
1/15/1990,0,,0,0,0,0,0,0,0,0,0,0,0,0,0,0,0,0,0,0,0,0
1/16/1990,0,,0,0,0,0,0,0,0,0,0,0,0,0,0,0,0,0,0,0,0,0
1/17/1990,0,,0,0,0,0,0,0,0,0,0,2.3,0,0,0,0,0,0,0,0,0,0
1/18/1990,0,,0,0,0,0,0,0,0,0,0,0,0,0,0,0,0,0,0,0,0,0
1/19/1990,0,,0,0,0,0,0,0,0,0,19.5,5.7,0,0,0,0,0,0,0,0,0,0
1/20/1990,0.8,,0,0,1.8,0,0,14.3,0,0,0,10.5,0,0,4.6,0,0,0,0,0,0,0
1/21/1990,0,,22.6,2.5,0,0,0,0.3,9.6,0,0,0,0,0,0,0,0,1.2,0,0,0,0
1/22/1990,0,,0,0,0,23.9,0,0,0,0,0,0,0,7,0,0,0,0.2,0,0,0,0
1/23/1990,0,,0,0,0,0,0,0,0,0,0,0,0,0,0,0,0,0,0,0,0,0
1/24/1990,0,,0,0,0,0,0,0,0,0,0,0,0,0,0,0,0,0,0,0,0,0
1/25/1990,0,,0,0,0,0,0,0,0,0,0,0,0,0,0,0,0,0,0,0,0,0
1/26/1990,0,,0,0,0,0,0,0,0,0,0,0,0,0,0,0,0,0,0,0,0,0
1/27/1990,0,,0,0,0,0,0,0,0,0,0,0,0,0,0,0,0,0,0,0,0,0
1/28/1990,0,,0,0,0,0,0,0,0,0,0,0,0,0,0,0,0,0,0,0,0,0
1/29/1990,0,,0,0,0,0,0,0,0,0,0,0,0,0,0,0,0,0,0,0,0,0
1/30/1990,0,,0,0,0,0,0,0,0,0,0,0,0,0,0,0,0,0,0,0,0,0
1/31/1990,0,,0,0,0,0,0,0,0,0,0,0,0,0,0,0,0,0,0,0,0,0
2/1/1990,0,,0,0,0,0,0,0,0,0,0,0,0,0,0,0,0.4,0,0,0,0,0
2/2/1990,0,,0,0,0,0,0,0,0,0,0,0,0,0,0,0,0.4,0,0,0,0,0
2/3/1990,2.4,,0,0,0,0,0,0,0,0,0,1.2,0,0,8.6,0,0.6,0,0,0,0,0
2/4/1990,0.3,,0,0,0,0,0,0,0,0,0.2,0,0,0,0,0,0.1,0,0,0,0,0
2/5/1990,0,,0,0.5,0,2.8,0,0,0,0,5.8,0,0,0,0,0,0,0,0,0,0,0
2/6/1990,0,,0,0,0,0,0,0,0,0,0,0,0,0,0,0,0,0,0,0,0,0
2/7/1990,0,,0,0,0,0,0,0.7,0,0,0,0,0,0,0,0,0,0,0,0,0,0
2/8/1990,0,,0,0,0,0,0,0,0,0,0,0,0,0,0,0,0,0,0,0,0,0
2/9/1990,0,,0,0,0,0,0,0,0,0,0,0,0,0,0,0,0,0,0,0,0,0
2/10/1990,0,,0,0,0,0,0,0,0,0,0,0,0,0,0,0,0,0,0,0,0,0
2/11/1990,0,,0,0,0,0,0,0,0,0,0,0,0,0,0,0,0,0,0,0,0,0
2/12/1990,0,,0,0,0,0,0,0,0,0,0,0,0,0,0,0,0,0,0,0,0,0
2/13/1990,0,,0,0,0,0,0,0,0,0,0,0,0,0,0,0,0,0,0,0,0,0
2/14/1990,0,,0,0,0,0,0,0,0,0,0,0,0,0,0,0,0,0,0,0,0,0
2/15/1990,0,,0,0,0,0,0,0,0,0,0,0,0,0,0,0,0,0,0,0,0,0
2/16/1990,0,,16.5,0,0,0,0,0,0,0,0,0,0,0.6,0,0,0,0,0,0,0,0
2/17/1990,18.6,,0,0,0,0,0,0,0,0,0,0,0,0,0,0,0,0,0,0,0,0
2/18/1990,0,,0,17.6,0,24.7,0,28.1,0.3,5,27.4,0,0,0,14.5,53.4,0,0,0,0,3.6,0
2/19/1990,0,,0,0,2.8,0,0,6,4.9,0,1.3,8.4,0,0,0,0,0,11.3,0,0,0,0.3
2/20/1990,0.3,,0,0,0,0,0,0,0,0,0,46.7,0,0,13.2,10.1,0,0,0,0,11.3,0
2/21/1990,38.9,,0,0.6,0,9.4,0,0,0,0,3.1,7.5,0,0,0,0,5.9,0,0,0,0,0.4
2/22/1990,0,,0,0.2,0,0,1.8,0,0,0,0,0,0,0,3.6,0,0,0,90.8,0,0,0
2/23/1990,0,,7.9,0,55.1,5.8,0.5,0,0.8,0,36.4,4,0,0,21.4,23.8,0,4.7,0.4,0,14.1,0
2/24/1990,0.1,,0,13.5,0.3,0,0,1.7,0,0,19.3,1.3,0,0,0,0,0,0,0,0,0,0
2/25/1990,0,,0,0,0,0,0,0,0,0,0,0,0,0,0,0,0,0,0,0,0,0
2/26/1990,0,,0,0,0,0,0,0,0,0,0,0,0,0,0,0,0,0,0,0,0,0
2/27/1990,0,,0,0,0,0,0,0,0,0,0,0,0,0,0,0,0,0,0,0,0,0
2/28/1990,0,,0,0,0,0,0,0,0,0,0,0,0,0,0,0,0,0,0,0,0,0
3/1/1990,0,,0,0,0,0,0,0,0,0,0,0,0,0,0,0,0,0,0,0,0,0
3/2/1990,0,,0,0,0,0,0,0,0,0,0,0,0,0,0,0,0,0,0,0,0,0
3/3/1990,0,,0,0,0,0,0,0,0,0,0,0,0,5.2,0,0,6.3,0,0,0,0,0
3/4/1990,0,,0,0,0,0,0,0,0,0,0,0.3,0,0,0,0,0,0,0,0,0,0
3/5/1990,0,,0,0,0,0,0,0,0,0,0,0,0,0,0,0,0,0,0,0,0,0
3/6/1990,0,,0,0,0,0,0,0,0,0,0.4,0,0,0,0,0,0,0,0,0,0,0
3/7/1990,0,,0,0,5.1,0.5,0,0,0,0,0,0,0,6,0,0,0,0,0,0,0,0
3/8/1990,0,,0,0,0,0,0,0,0,0,0,0,0,0,0,0,0,0,0,0,0,0
3/9/1990,0,,0,1.2,0,0,0,0,0,0,1,3,0,0,25.4,0,0,0,0,0,0,0
3/10/1990,0,,0,0,0,0,0,0,0,0,0,0,0,0,0,0,0,0,0,0,0,0
3/11/1990,0,,0,0,0,0,0,0,0,0,0,0,0,0,0,0,0,0,0,0,0,0
3/12/1990,0,,0,0,0,0,0,0,0,0,0,0,0,0,0,0,0,0,0,0,0,0
3/13/1990,0,,0,0,0,0,0,0,0,0,0,0,0,0,0,0,0,0,0,0,0,0
3/14/1990,0,,0,0,0,0,0,0,0,0,0,0,0,0,0,0,0,0,0,0,0,0
3/15/1990,0,,0,0,0,0,0,0,0,0,0,0,0,0,0,0,0,0,0,0,0,0
3/16/1990,0,,0,0,0,0,0,0,0,0,0,0,0,0,0,0,0,0,0,0,0,0
3/17/1990,0,,0,0,0,5.6,0,1.5,0,0,8.2,0,0,17.8,0,0,5.5,0,0,0,0,0
3/18/1990,16.5,,0,14.5,9.9,0.8,0,0.4,0,0,3.3,0,0,0.4,5.8,0,21.6,0,0,0,0,0
3/19/1990,0,,0,0,0,0,0,0,0,0,0,0,0,0,0,0,0,0,0,0,0,0
3/20/1990,0,,0,0,0,0,0,0,0,0,0,40.3,0,18.4,4.6,0,0,0,0,0,0,0
3/21/1990,0,,0,0,0,0,0,0,0,0,0,0,0,0,3.1,0,0,0,0,0,0,0
3/22/1990,0,,0,0,0,0,0,0,0,0,0,0,0,0,0,0,0,0,0,0,0,0
3/23/1990,0,,0,0,0,0,0,0,0,0,0,0,0,0,0,0,0,0,0,0,0,0
3/24/1990,0,,0,0,0,0,0,0,0,0,0,0,0,4.8,0,0,0,0,0,0,0,0
3/25/1990,0,,0,0,0,2.6,0,0,0,0,0,0,0,0,0,0,0,0,0,0,0,0
3/26/1990,0,,0,0,0,0,0,0,0,0,0,0,0,0,0,0,0,0,0,0,0,0
3/27/1990,0,,0,0,0,0,0,0,0,0,0,0,0,0,0,0,0,0,0,0,0,0
3/28/1990,0,,0,0,0,0,0,0,0,0,0,0,0,0,0,0,0,0,0,0,0,0
3/29/1990,0,,0,14,0,0,0,0,0,0,0,64,0,0,2.8,0,0.4,0,0,0,0,0
3/30/1990,17.8,,32.2,2.4,56.9,2.5,0,21.2,0,0,20.7,2.6,0,7.8,2.5,20.4,0,0,0,0,0,0
3/31/1990,0,,0,0,0,0,0,0,1.5,0,0,0,0,0,0,0,0,5.5,0,0,0,0
4/1/1990,43,,33,39.9,9,25.4,0,3.9,7,0,36.8,0,0,9.8,9.2,25.6,28,2.8,0,1.8,0,0
4/2/1990,0,,0,0,0,0.3,6.9,0,0,0,0,0,0,0,0,0,7.5,0,0,0,0,0
4/3/1990,0,,0,0,0,0,0,0,0,0,0,0,0,0,0,0,0,0,0,0,0,0
4/4/1990,0,,0,0,0,0,0,0,0,0,0,0,0,0,0,0,0,0,0,0,0,0
4/5/1990,0,,0,0,0,0,0,0,0,0,0,0,0,0,0,0,0,0,0,0,1,0
4/6/1990,0,,0,14.3,0,0,16.5,0,0,0,0,0,8,0,0,1.3,0,0,1.5,0,31.8,2.2
4/7/1990,0,,0,0,0,0,0,0,0,0,0,0,0,0,0,0,2.6,0,0,0,0,0
4/8/1990,8,,0,0,0,0,0,0,0,8.2,0,18.1,0,0,0,0,0,0,0,20,0,0
4/9/1990,0,,0,0,0,0,0,0,0,55.7,0,0,0,0,0,0,0,0,0,0,0,0
4/10/1990,3.1,,0,0,0,0,5.6,0,0,0,32,0,0,0,15.7,0,0,0,25.4,0,0,0
4/11/1990,0,,0,0,0,0,0,0,0,0,0,0,0,0,0.3,0,0,0,0,0.2,0,11.5
4/12/1990,0.8,,0,0,0.5,1.8,11.9,45.1,0,0,0,0,0,0,18.5,39.5,0,0,0,0,1.5,14.2
4/13/1990,0,,0,0,0,1,0.3,0,0,0,0,0,0,0,0,0,0,0,0,0,0,0
4/14/1990,0,,0,0,0,0,37.1,6.1,0,38.7,0,0,5.3,0,0,25.3,0,0,0,0,6.5,0
4/15/1990,24.2,,0,0,0,17.3,0,29.9,0,7.3,0,56.4,6.4,0,0,17,0,0,0,0,0,0
4/16/1990,17,,49.5,35.5,0,0,9.7,22.2,18.1,0,22.8,33.2,0,4.2,2.8,25.8,0,18.2,0,59.5,30,0
4/17/1990,0,,0,0.6,0,0,0,0,0,0,0,0,0,0,0,0,0,0,0,1.6,0,0
4/18/1990,0,,0,0,0,0,0,0,0,0,0,0,0,0,1,0,0,0,1,0,0,4.5
4/19/1990,14.9,,0,59.8,20.3,1,34.6,59.1,0,2.3,29.6,69,0,0,55.1,15.3,2.4,0.4,0,0,32.6,0
4/20/1990,0,,0,0,0,9.7,0,0,0,0,0,0,0,0,0,0,0,0,0,0,0,0
4/21/1990,0,,0,0,0,0,0,0,0,36.7,0,0,0,0,0,0,0,0,0,0,0,0
4/22/1990,51.1,,31.8,4.8,20.8,0,0,14.4,53,0,41.4,0,0,28.6,0,0,24.5,34.1,0,0,0,0
4/23/1990,0,,0,0.5,0,38.4,0,0,1,0,0,12.5,0,4.4,10.2,26.2,16,4.4,0,0,11.8,0
4/24/1990,11,,52.3,0,36.6,0,0,27,7.1,0,22.1,1.3,0,0,0,0,0,17.8,0,0,0,0
4/25/1990,0,,0,0,0,19.8,0,5,0,0,0,0,0,0,0,0,0,0,0,0,0.6,1.2
4/26/1990,0,,0,0,0,0,0,0,0,0,0,0,0,0,0,0,0,0,0,0,0,0
4/27/1990,23.8,,0,0,1.5,0,0,0,0,0,0,0,0,0,0,0,0,0,0,0,0,0
4/28/1990,0,,56.6,1.6,0,0.5,3.4,0,3,0,0,5.4,0,0,5.1,2.4,0,1,0,0,3.4,0
4/29/1990,0.4,,0,0,0,5.8,1.8,0,0,0,0,0,0,0,0,0,0,0,16.3,0.1,0,7.3
4/30/1990,3.1,,1.8,1.7,27.9,1.5,15.7,12,16,1.8,27.2,3.2,0,6.4,9.1,6.7,0.7,0.4,1.7,0,5.3,0
5/1/1990,0,,0,9.2,0,0,0,0,0,0,0,0,0,0,0.3,0,0,0,0,0,0,0
5/2/1990,0,,1.3,0,0,3.1,0,0,0,0,0,6.4,0,0,0,1.2,0,0,0,0,6.2,0.3
5/3/1990,0,,0,0,0,0,0,0,0,48.2,0,0,0,0.3,0.8,0,0.3,0,0,0,0,0
5/4/1990,68.7,,38.9,8,45,8.9,0,45,9,2.3,5.4,12.9,0,4.8,6.6,0,2.2,16.6,0,0,0.7,0
5/5/1990,6.7,,0,17.6,0,1.3,0,0.3,0,22.4,0,0.2,0,0,7.1,0,0,0,0,0,0,1.4
5/6/1990,10.6,,7.6,3.9,14.5,20.3,13.7,0,17.3,0,12.1,0,0,2.3,0,0,24,31,11.9,0,0,1.5
5/7/1990,0,,0,0,0,0,0,0,0,0,0,0,22.6,0,0,0,0,0,0,0,0,0
5/8/1990,0,,2.3,0,35.3,0,33.5,0.4,24.4,7.9,8,0,65,4.8,0,3.4,0.1,37.3,87.5,18.8,1.2,0.4
5/9/1990,0,,0,0,0,8.6,0,0,19.6,0,0,0,0,0,0,3.4,0,13,0,0,14.3,5.2
5/10/1990,13.8,,0,0,0,0,18.5,18.2,0,0,0.5,14.7,0,0,12.2,7.7,0,0,0.6,17.6,32.9,0.5
5/11/1990,0.8,,0,0,0,0,0,0,0,0,0,0,0,0,0,0,0,0,0,0,6.7,0
5/12/1990,4.5,,0,0,0,0,5.9,0,0,12,0,9.7,4.5,0,0,1.7,0,0,3.2,26.5,8,5.3
5/13/1990,0,,0,0,0,15.2,0,3.4,0,0,0,8.8,0,1.2,13.2,0,0.2,0.9,0,0,0,0
5/14/1990,14.9,,24.1,2.1,0,0,0,0,0,1.6,0,21.6,0,0.6,1,24.5,0,0,0,0,7.3,0
5/15/1990,0,,2.8,2.8,7.1,9.4,0,0,28.2,0,1.3,0,0,19,0,0,26.4,16,0,0.8,0,0
5/16/1990,0,,0,0,0,8.9,24.9,28.9,0,0,0,0,0,0.8,27.4,24.7,3.1,0,0.6,32,0,2.2
5/17/1990,16.8,,1.5,16.4,15.5,0.8,0,0,0,0,26.7,25.4,0,0.2,19,0,0.9,0,0,0,0,0
5/18/1990,3.5,,0,0,0,0.3,0,0,0,0,0,0,0,0,0,0,0.2,0,0,0,0,0
5/19/1990,0,,0,0,0,0,0,0,0,0,0,0,0,0.3,0,0,0.5,0,0,12.1,0,0
5/20/1990,3.3,,2.6,0,0,0,30.2,0,0,13.5,0,3.3,18,0,0,1.3,0,0,26.2,21.6,0,30.2
5/21/1990,0,,0,0,0,35.6,0,0,0,0,0,0,0,0,1.5,0,0,0,0,0,0,0
5/22/1990,0,,0,0,0,3.3,0,0,0,0,0,0.3,0,8,0,0,0,0,0,0,0,0
5/23/1990,0,,0,0,0,0,0,0,0,0,0,0,0,0,0,0,0,0,0,0,0,0
5/24/1990,0,,0,2,0,18,0,0,0,20.2,0,0,5.6,0,0,0,0,0,0,14.9,0,0
5/25/1990,0,,0,0,0,0,0,0,0,0,0,4,0.7,1.4,6.9,0,0,0,0,21.5,0,0
5/26/1990,0,,0,0,0,25.9,0,0,0,0,0,0,0,0,0,0,0.2,0,0,0,0,0
5/27/1990,0.8,,0,0,0,81.1,0,0,1,0,0,0,0,15.8,6.9,0,5.7,0,0,0,0,0
5/28/1990,0,,0,0,0,2.5,0,0,0,0,0,0,14.7,0,0,6.5,1.4,0,0,1.5,0,0.3
5/29/1990,0,,0,0,0,2.8,10.7,25.6,0,0,11,0,2,0,0,0,8.4,0,0,1.1,0,0
5/30/1990,0,,0,1.1,0.8,0,1.3,1.6,0,0,0.3,0,3,0,0,0,0,0,0,0,0,0
5/31/1990,0,,0,0,0,2.3,11.2,0,0,0,1,8,0,0,12,0,0.1,0,0,0,24.2,0
6/1/1990,1.6,,0,10.4,0,0,18.3,0,0,0,0,0,0,0.8,1.3,1.1,0,0,13,37,0,6
6/2/1990,0,,0,0.4,0,0.3,0,0,1.4,10,0.9,0,0,13.2,0,23.6,3.3,2.9,0,0,9.2,22.8
6/3/1990,0,,0,0,0,0,0,0,0,0,0,0,0,0,0,0,0,0,0,0,0,1.2
6/4/1990,0,,0,0,0,0,0,0,0,0,0,0,0,0,0,0,0,0,0,0,0,0
6/5/1990,0,,0,0,0,1.6,0,0,0.1,0,1,0,16.9,1,0,2.3,0,2.7,0,2.2,0,0
6/6/1990,4,,14.3,0,0,25.7,0,0,0,0,0,0,0,0.8,10.9,0,0.1,0,0,0,0,0
6/7/1990,0,,0,8.4,43.7,31.5,0,19.9,0,4.1,0,1,18.7,19,0,0,0.6,4.9,6.8,0,0,31.1
6/8/1990,0,,0,4.4,1.5,7.6,14.5,4.9,0,0,0.8,0,0.5,0,0,0,0,0,3.2,16.4,0,0
6/9/1990,0,,0,0,0,4.6,0,0,0,0,0,0,0,0,0,0,10.4,0,0,0,0,0
6/10/1990,0,,14.5,0,0,20.2,11.7,0,1.3,0,0.6,0,0,0,0,0,0.5,2.7,5.6,0,4.4,3
6/11/1990,24.5,,15.2,10.5,10.2,12.4,0,20.5,12.4,21.9,11.1,38.9,0,17.8,16,33.9,3,17.2,0,0,21.1,16.6
6/12/1990,0,,0,0,0,17,0,0,0,0,0,0,0,0.4,0.3,0,0,0,0,0,0,0
6/13/1990,21.4,,2.7,48.4,54.9,0.6,18,2.4,31.8,3.1,47.6,22.2,0,7.7,8,17.9,9.7,28.6,9.6,15.5,5.9,19.2
6/14/1990,0,,0.8,3.5,0,3.9,0,0,2,35,0.2,0,0,8.2,3.1,0,0.7,3.2,0,0,1.2,0
6/15/1990,18.8,,0.3,18.2,0,22.6,0,0.4,0,0,12.5,2.8,0,0,0,0,0,0,0,0,0,0
6/16/1990,1.8,,37.3,25.8,0.8,11.7,0,12.8,0,0,21.3,21.1,0,1.2,79.5,1.2,1.6,0,2.2,0.1,0,1
6/17/1990,25.5,,0,8,0,0.6,35.4,0,0,0,1.2,0,0,0,9.7,0.6,0,0,11.8,0.7,4,31.9
6/18/1990,0.6,,0,0.3,0,0,0,0,0,29.4,0,0,0,0,0,0,0,0,0,0,0,0
6/19/1990,2.2,,10.7,14.6,5.1,10.7,11.4,0,9.2,5.4,19.8,10.7,0,0,38.1,4.5,0.7,0,13.1,7.9,44.4,17.6
6/20/1990,1.5,,3.6,4.5,1.5,8.6,0,5,0,0,0.3,0,0,3,6.3,7.2,116.8,0,1.8,0.2,0,0
6/21/1990,3.5,,0,3,0,35.8,4.3,0,0.6,0,19.6,15.7,1,3.2,0.3,0,0,23.6,0.2,6.4,0.5,0
6/22/1990,0,,0,0,2,0,0,0,0,0,7.5,0,0,1.1,0,0,0.4,0,0,0,0,0
6/23/1990,3.3,,29.5,0,0,77.8,0,0,26.2,40.1,0.2,0,0,11,0,0,3.2,7.3,0,0,0,0
6/24/1990,3.4,,52,26.6,0,16.5,9.7,14.9,31.3,21.3,12.2,2.1,2.8,12.7,3.8,33.5,92.8,0.9,0,0.6,3.2,0
6/25/1990,11.2,,7.1,14.2,17.5,0,1.3,16.6,1.4,6.1,39.7,7.3,0,0,26.9,36.8,1.1,3.5,0,0,58.6,0
6/26/1990,0.9,,0.8,6.8,3.6,0,0,18.4,0.9,11.7,38.4,1.2,0,0.8,0.8,1.3,0,4.7,0,0,0.7,28.3
6/27/1990,0.2,,0.3,2.3,0,0,0,0,8.5,0,1.4,0.3,0,4.4,13.7,1.4,0.9,3.1,0.3,0,0.1,0
6/28/1990,0,,0.8,0,0,0,0.3,0,0.7,28.4,8.9,2.4,1,1.8,2,1.6,0,7,0,0,2.3,0
6/29/1990,0,,0,0,0,0,0,0,0,0,0,0.4,0,0,0,0,0,0,0,0,0,0
6/30/1990,6.2,,0,0,0,0,0,0,0,1.3,23.7,0.3,8,0,0,0.7,0,0,0,0.8,1.2,0.8
7/1/1990,12,,6.4,53.8,21.3,14.7,34.8,22.2,0.8,11.6,23.1,0.9,0,2.4,0,0,0,1.8,6.2,1.2,2.3,4.5
7/2/1990,0.6,,0,2.8,0,0,18.8,0,0,12.5,0.3,0,0,0,1,0.6,0,0,0,0,2.5,1.1
7/3/1990,0,,0,0,0,0,0.3,0,0,0,0.4,0,0,0,0,0,0.3,0,0,0,0,0
7/4/1990,0,,0,0,0,0.5,0,0,0,10,0.3,0,0,0,0,0,0.2,0,0,0,0,1.4
7/5/1990,5.1,,0,0.8,16,8.5,1.3,4.7,0,0.5,1.6,0,12,0,0,40.6,3.3,1.4,0,22.3,0,0.7
7/6/1990,0,,1.3,3.2,5.6,3.3,0,0,2.6,3.3,0,0,0,0.4,0,0.3,5.9,1.9,0,0,0,0
7/7/1990,9.9,,0.3,0.8,1.8,3.1,6.9,9.2,3.9,17.3,24.6,0,2.5,7.1,0.3,0.8,0.9,1.1,14.5,8,1.7,12.6
7/8/1990,0,,69.9,65.6,5.1,0,0,70.3,19,1,10.2,1.5,43,5.5,3.1,0,0.6,6.4,0,2,0,0
7/9/1990,0,,1.3,8.5,0,0,5.1,3,0,46.4,0.3,0,0,0,0.3,0,0,0,7.7,0,0.1,5.4
7/10/1990,0,,0,0,0,0,0,0,0,0,0.3,0,0.1,0.3,0,0.3,0,0,3.2,0,0,0
7/11/1990,0,,0,0,0,0,0,0,0,0,0,0,0,0,0,0,0,0,0,0,0,0
7/12/1990,8,,0,0,0,0,0,0,0,4.2,3,0,42.6,0,0,0,0,0,39.1,42.7,0,28.7
7/13/1990,1,,0,0,0,0.3,5.1,0,0,32.5,0.7,3.7,1,1.5,0.8,0,0.6,0,0,15.7,5.2,0.7
7/14/1990,2.7,,0,0,0,0,0.8,0,0,0,2.8,0.1,1.5,0,1,0,0,0,0.6,0,0,1.2
7/15/1990,0,,0,0,0,0,6.9,0,0,1.3,0,0.1,24.3,0,0,0,0,0,17,16.6,0,4.1
7/16/1990,0,,0,0,0,0,0,0,0,0,0,2.8,0,0.3,2.3,0.8,0.6,0,0,0,0,0
7/17/1990,0,,0,0,0,0,0,0,1,6.5,0,1.4,6.8,0,0.5,0,0,0.5,0,0,0,22
7/18/1990,0,,0,0,0,0,0,0,0,37.6,0.1,0,7.1,0,0,0,0,0,0,0.7,0,1.4
7/19/1990,0,,0,0,0.3,0,0,0,0,0.4,0,0,0,0,0.5,0,0,0,0.2,0,0,0.8
7/20/1990,1.1,,0,0.9,0,0,0,0,11.8,0.3,0.6,5,0,0,0.3,0,0,0,0,3,0,4.6
7/21/1990,0.2,,1,0.5,0.8,4.6,7.4,0,0.5,0.5,2.2,4.2,53.8,5.4,2.1,0,0,0,0,1.8,0,0
7/22/1990,0.6,,0,1.1,0,0.3,0,0.3,0,14.3,7.4,2.9,0,0,14.3,0.3,0,0,1,13.2,19.7,30.1
7/23/1990,0,,0,0,0,0,130.1,0,0,0,0,0,0,0,0,0,0,0,2.6,0,0,11.7
7/24/1990,0,,0,0,0,0,0.8,0,0,0.4,0,0,7.7,0,0,0,0,0,0,1.5,0,0
7/25/1990,0,,0.8,0,0,1,0,0.3,0,52.6,2.5,0,2.5,0,5.6,0,0,0,2,11.1,0.2,6
7/26/1990,0.5,,0,0,0,16.8,1.5,0,0,1.8,0,0,0,0,3.9,4.5,1.6,0,2.6,0,3.6,0
7/27/1990,0,,0,0.5,0,0.6,0,5.1,0,10.8,0,0,25.5,2.8,1,0,10.5,0,0,35,0,1.7
7/28/1990,0,,0,0.3,0,1.1,0,0,0,0,0,0,0,0,0,0,1.6,0,1,0,0,31.2
7/29/1990,15.2,,0,0,0,0,0,0,0,1.5,0,0,2.6,0,0,0,0,0,0.2,0.5,0,26.9
7/30/1990,0,,0,0,0.8,0,0,0,0,29.2,25.2,0,0,0,0,0,0,0,0,0,0,0
7/31/1990,0,,0,0,0,0,0,0,0,0,0,0,0,0,0,0,0,0,0,0,0,0.3
8/1/1990,0,,0,0,0,0,0.3,0,0,2.8,0,0,5.4,0,0,0,0,0,36.6,47.5,0,0
8/2/1990,0,,0,0,0,1,0,0,0,0,0,0,0,0,0.3,0,0,0,0,8.3,0,0
8/3/1990,0,,0,0,0,0.5,0,0,0,0,0,0,0.5,1,2.6,0,0,0,0,0,0,0
8/4/1990,0,,0,0,0,0,3.8,0,0,0,0,0,11.3,0,0,0,0,0,23.4,0.2,0,10.6
8/5/1990,21.3,,0,0,0,0,1.3,0,0,0,0,0,0.7,0,0,0,0,0,0,0,0,0.3
8/6/1990,0,,0,0,0,0,0,0,0,1.5,0,0,0,0,8.4,0,0,0,0,3.7,0,2.4
8/7/1990,0,,0,0,0,0.8,0,0,0.2,9.4,0,0,0,0,1.3,0,0,0,0,0,0,5.6
8/8/1990,1.4,,0,0.3,0.8,0,10.4,1.5,0,0,0.5,0,19.3,0,0,0,0,0,0,24,0,0
8/9/1990,0,,0,0.6,0,0,1,1,0,24.8,0,0,6.3,0.7,1.5,0,0,0,41.8,0,0,33.4
8/10/1990,0,,0,0,0,1,0,1.2,0,0,0.2,0.2,0.2,0,2.1,1.4,0,0,0,0,0,26.2
8/11/1990,0.4,,0,0.5,0,0,0,0,0,0,0.4,0.6,0,0,0,0,0.4,0,15.8,0,0,0
8/12/1990,0,,0,0,0,0.8,0.5,0,0,1.6,0,13.5,0,0,0,18.5,0,0,0,15,2.5,0
8/13/1990,0,,0,0.3,0,0,0,0,0,0.6,0,0,84.1,0,0,0,0,0,2.7,69.9,0,0.3
8/14/1990,0,,0,1.1,0,6.6,0,0,0,0,0,0,19.1,0,0,0.3,0,0,0,3.3,0,0.5
8/15/1990,0,,0,0,0,0,0,0,0,0,0,0,11.1,0,0,0,0,0,0,0,0,0
8/16/1990,0,,0,0,0,0,0,0,0,0,0,0,0,0,0,0,0,0,0,0,0,0.5
8/17/1990,1.2,,0,0,0.5,0,1,0.8,0,0,6.2,0,0,0,0,0,0,0,15.3,0,0,0
8/18/1990,6.4,,0,0,0,0,18.8,13,0,17.8,0,2.3,27,0,0,0,0,0,7.6,0,0,0
8/19/1990,0,,0,1.4,0,0,13.7,0,0,0,0,0,0,0,2,6.1,0,0,0.4,4.7,73.8,0
8/20/1990,0,,0,0,0,0,11.7,0,0,0,0,0,1.1,0,0,0.4,0,0,10,10.2,0,26.1
8/21/1990,1,,0,0,0,0,0,0,0,5.9,0,0,0,0,0,0,0.6,0,16.1,0,3.5,15.3
8/22/1990,0,,0,0,0,0,0,0,0,36.9,0,0,0,0,0,0,0,0,0,0,0,0
8/23/1990,0,,0,0.3,0,0.8,3.3,0,0,0,0,0,18.5,0.2,0,0,0,0,2.2,19.6,0,5.7
8/24/1990,0,,0,0,0,1.3,0,0,0,0,0,0.3,0,0,0,0,3.7,0,0,0,0,0
8/25/1990,0.9,,0,0,0,0,1.3,0,0,3.5,5.7,0,0,0,0,0,0.8,0,1.4,0,0,23.1
8/26/1990,0,,0,0,0,0,0,0.3,0,61.8,0,0,0,0,0,0,1.1,0.1,37,0,0,2.1
8/27/1990,0,,0,1.4,0,0,0,0,0,0,0,0,26.4,0,0,0.2,0,0,0,0,12.5,0
8/28/1990,0.4,,0,0,0,0,16.5,0,0,3.6,0,0,16.1,0,0,0,0,0,9.2,35.5,0,11.4
8/29/1990,0,,0,0,0,0,0,0,0,0,0,0.4,2.6,0,0.3,0,0,0,0,0,0,4.4
8/30/1990,28.8,,0,0,0,0,0,3.3,0,0,10,7.2,0,0.5,6.6,0,0,0,9.1,1.4,1.5,6.9
8/31/1990,0,,0,1.4,0,4.8,3.6,0,0,0.4,0.6,5.1,0,0,0,0,0,0,0,5.1,0,0
9/1/1990,0.8,,0,9.8,0,0.3,1,20.8,0,0.5,0,0,17.2,0.4,1.3,0,0,0,36,7.9,10.5,17.3
9/2/1990,0.6,,0.3,0.2,1,0,0,11.7,0,0,1.3,0,0,0,0.5,0,0.4,0,0,0,0,0
9/3/1990,0,,0,0.8,0,1.3,32,0,0,7.4,0,0.3,0,0,5.1,9.3,0,0,17.4,22.4,37.7,15.4
9/4/1990,0,,0,0,0,2.3,0,0,0,0,0,0,17.9,0,0,0,0,0,0.2,0,0,0
9/5/1990,0.5,,0,0,0,4.3,13.8,0,0,20.6,0,0,0.7,0.4,0.3,0,0,0,16.2,14.7,0,0
9/6/1990,0,,0,0.5,0,0,0,0,0,0,0,0,0,0,0,0,0,0,0,0,0,0
9/7/1990,37.8,,6.6,24.5,0,2.3,24.1,23.4,5,50,4.8,12.3,31.4,17,14,5.6,0.6,10.8,21,0,2.1,15.7
9/8/1990,0,,0,0,10.2,0,0,32.1,0,4.1,0,0,0,0,5.1,0.3,0,0,12.3,0,0,5.8
9/9/1990,0,,0,0,0,0,0,0,0,1,0,2.3,0,0.8,0,0.1,0.8,0,0,0,0,0
9/10/1990,0,,0,3.5,0,0,17.3,0,0,9.1,0.6,0,20.4,0.2,0,16.6,0,0,6.5,5.5,0,23.4
9/11/1990,2.4,,0,0.8,0,0.5,18.3,1.2,0.5,12.7,0.3,30.4,6.8,0,0.5,0.2,0,0,64.9,2,29.2,34.6
9/12/1990,0.2,,0,13.2,1.3,0,0,22.6,0,4.6,18.8,0.4,0,0.3,0,0.1,0,0,7.8,0,0.5,22.2
9/13/1990,5,,1.5,23.6,43.1,0.8,8.6,28.9,0,46.6,42.2,23.5,27.2,0.2,10.1,3.2,0.3,0,28,16.5,0,26.3
9/14/1990,0.7,,0.8,2.7,1.5,6.9,6.9,12.2,0,1,37.3,2.4,1,0,11.2,16.4,2.1,1.4,0.2,10.5,1.1,0
9/15/1990,0,,0,0,0,4.1,1.3,0,0,0,0,0,0,0,0,5.3,0,0,0,0,23.1,0
9/16/1990,0,,0,0,0,0,0,0,0,0,0,11.5,0,0,1,0.2,0,0,0,16.4,24.2,0
9/17/1990,1.4,,0,0.9,0,1.8,0,0,0,0,0,5.2,0,0,1.9,0.2,0,0,0,1.3,1.4,0
9/18/1990,17.4,,0,0.4,28.5,0,17.5,2.3,0,0,1.8,8.8,0,10.2,0,0.7,0,0,35.7,1.2,0.4,1.7
9/19/1990,0,,11.2,6.2,2,0,0,0.7,19.1,1.5,22,21.4,0,0,42.2,1.3,0.8,27,1.8,0,2.4,0.3
9/20/1990,0.3,,0,0,2.5,0.3,7.9,0,0,2.1,0,0,0,0,0,0,0.2,0,14.6,0.7,0,15
9/21/1990,0,,0,0,0,0,0,0,0,0,12.6,0.1,0,0,0,0,0,0,0,0,0,0
9/22/1990,0,,0,0,0,0,5.3,2.6,0,0,0,0,0,0,0,0,0,0,0,0,2.2,0
9/23/1990,11.2,,28.7,6.3,0,9.1,13.5,14,0,3,5.5,5.8,0,0,0,0,0,0,2.1,0,0,0
9/24/1990,1.3,,0.8,6.6,0,0,0,0,0.3,0,0,11.3,0,0,0,0,0.1,0,0,4.2,0,4.5
9/25/1990,18.5,,2.5,14.8,0,0,14.5,12.3,0,13.6,2.5,0.5,3.5,0.2,8.6,29,0,0,22.8,0.2,137.5,0.8
9/26/1990,14.9,,1.8,1.2,3.8,0,6.9,4.9,0,0,41,3.1,0,0,1.3,1,0.4,0,16.2,0,0,0.3
9/27/1990,0,,0,0,0,1.8,0,0,0,16.5,0,0,0,0,16.3,1.1,0,0,0,0,6.2,0
9/28/1990,0,,0,0,0,1.3,0.3,0,0,0.4,21.6,0,0,3.6,0,0.3,0,0,0,1.8,0,0
9/29/1990,11.3,,5.6,12.5,0,11.4,0.8,0,0,0,0.6,8.4,0,0,0,0,3.7,0,0,1.1,0,0
9/30/1990,19.2,,0,0,6.1,0,18.8,13.3,0,0,8.7,11.3,0,0,9.4,1.3,0.2,0,7.3,0,5.7,0.3
10/1/1990,0,,0,6.5,0,0,1.3,0,0,0.3,0,0,0,0,0,0,0,0,9.9,0,0,3.7
10/2/1990,0,,0,0,0,2.1,0,0,0,3.6,0,0.3,0,1.4,0.5,0,8.6,0,0,0,0,0
10/3/1990,12.7,,0,4,8.9,1,24.9,29.4,0,2.1,3.6,38.3,9.9,0,1.3,74.1,5.4,0,4.9,0.7,0,16.7
10/4/1990,8,,0.3,0,0,0,0,0,0.2,11.2,0,5.2,0,0,0.3,0,0,0,0,0,0,0
10/5/1990,4.8,,0,17,0,0,0,0,0,0,0,4.4,0,0.3,43.9,0,0,0,0,0,0,0
10/6/1990,26.1,,0.3,57.4,0,19.3,25.9,3.6,12.9,0,60.2,6.2,0,13.4,14.2,2.8,6.4,8.9,17.4,3.5,0,3.9
10/7/1990,0.4,,18.3,0,2.8,30.5,0,0,4.8,0,0.6,13.9,0,48.3,7.1,12.2,0.7,3.5,0,0,0,0
10/8/1990,0,,0,0,0,21.8,0,1.7,0,0,0,0,0,7.1,2.3,0,12.1,0,0,0,0,0
10/9/1990,0,,0,0,0,1,0,12.6,0,0,0,0,0,0.3,35.1,0,0.7,0,0,0,0,0
10/10/1990,0,,0,2.6,0,1.5,0,12.1,1.9,9.9,7,0.4,0,0,0.3,3.2,0,0,0,0,0,0.5
10/11/1990,18.7,,0,0.4,0,5.6,0.3,18.1,0.2,0,1,9.1,0,2,21.1,10.4,0.7,0,0,0,5.5,0
10/12/1990,0,,0,10,0,2.6,0,13.9,0,0,8.8,0,0,0.4,0,0,0,0,0,0,0,15
10/13/1990,11,,27.7,8.4,18.8,0,0,7.8,3.5,31,19.3,5.9,0,0,0,0,0.6,18.4,0,0,0,27.9
10/14/1990,0,,0,25.2,0,28.2,15.2,0,3.3,24.1,0.1,1.1,0,43.4,35.8,11,25.4,0.6,23.5,0,0,23.4
10/15/1990,97.5,,9.9,0,7.6,0,0,2.8,0,7.7,2.1,24,0,0,3.6,2,0.6,0,0,0,9.6,0
10/16/1990,38.3,,1.8,4.5,14.7,0,0,31,0,1,0,1.4,0,0.9,1.5,0,0,0,0,0,0.9,0
10/17/1990,0,,0,0,0,7.1,0,7,0.6,1.5,0,1.7,0,1.4,0,0,3.4,0.1,0,0.6,0,0
10/18/1990,0.1,,0,4.3,0,1,0,0,1.7,0.3,0,0.3,0,0,4.1,1.4,0.5,0,0,0,0,0
10/19/1990,0,,0,0,0,0,0,0,0,0,0,6.8,0,0,0,2.8,0,0,0,0,0,0
10/20/1990,0,,0,0,0,2.5,0,0,0,0,0,0,0,0,0.3,0,0,0,0,0,0,0
10/21/1990,0,,0,0,0,0,0,0,0,0,0,0,0,0,0,0,0,0,0,10.8,0,0.5
10/22/1990,0,,0,0,0,0,0,0,0,0,0,0,0,0,0,0,0,0,0,0,0,0
10/23/1990,0,,0,5.2,0,1.8,0,0,0,0,0.1,15.7,0,0,0,0,0,0,0,0.3,0,0
10/24/1990,22.6,,37.3,1.9,4.8,10.4,0,0,1.6,8,6.6,0.3,0,0,14,10,2.9,0,0,0,0,0
10/25/1990,0,,0,0,0,0.3,14.5,0,0,0,0,0,0,0,0,0,1.7,0,0,0,0,0
10/26/1990,0,,0,0,0,0,0,0,0,0,0.1,0,0,0,0,0,0,0,0,0,0,0
10/27/1990,0,,0,7.7,0,0,0,0,0,0,6.2,0,0,0,8.4,0,0,0,0,0,0,0
10/28/1990,0,,0,5.9,31.5,0.3,0,0,0,0,1,2.5,0,2,0,4,0,0,0,0,0,0
10/29/1990,0,,0,0,0,3.6,0,7.9,0,0,0,0,0,0,0,0,35.3,0,0,0,0,0
10/30/1990,0,,0,0,0,0.8,0.5,0,0,0,0,0,0,0,0,0,0,0,0,0,0,0
10/31/1990,0,,0,0.3,4.6,0,0,0,0,0,0,0,0,0,0,0,0,0,0,0,0,0
11/1/1990,0,,16.8,0,1,10.4,0,3.4,19.4,0,0,0,0,3.4,0,0,8.7,10.6,0,3.1,0,0
11/2/1990,5.6,,0,0,0,0,0,0,0,6,0,0,0,0,0,0,0,0,0,0,0,0
11/3/1990,0,,0,0,0,0,0,0,0,0,0,0,0,0,0,0,0,0,0,0,0,0
11/4/1990,0,,0,0,0,0,0,0,0,0,0,0,0,0,2.5,0,0,0,0,0,0,0
11/5/1990,0,,0,0.6,0,0,0,0,0,0,0,0,0,0,0,0,0,0,0,0,0,0
11/6/1990,0,,0,0,0,0,0,0,0,0,0,0,0,0,0,0,0,0,0,0,0,0
11/7/1990,0,,0,0,0,0,0,0,0,0,0,0,0,0,0,0,0,0,0,0,0,0
11/8/1990,0,,0,0,0,0,0,0,0,0,0,0,0,0,0,0,0,0,0,0,0,0
11/9/1990,0,,8.1,29,0,16.5,0,0,0,0,11.4,27.9,0,14,17.5,1.3,40.6,0,0,0,9,0
11/10/1990,0,,0,0,0,0,0.3,0,0.4,0,0,0,0,0,0,0,0,0,0,1.2,0,0
11/11/1990,0,,0,8.3,0,54.9,0,0,0,0,10.6,16.3,0,0.4,6.6,0,27.4,4.1,0,0,0,0
11/12/1990,0,,0,0,0,0,11.4,0,0,0,0,0,0,0,0,0,0,0,0,4,0,0
11/13/1990,0,,0,0,0,0,1,0,0,0,0,3.7,0,1.2,0,0,0.6,0,0,4.3,0,0
11/14/1990,1.2,,0,19.6,4.6,9.9,3.1,21.2,0,5.8,0.8,11.1,0,1.1,5.8,25.7,0.2,0,0,0,21.1,0
11/15/1990,1,,0,12.6,0,0,0,3.8,0,0,7.4,0,0,0,11.9,0.1,0,0,8.9,0,10.4,0
11/16/1990,11.5,,0,3.2,0,0,0,9.1,0.1,0.8,0,17.6,0,0,1.3,12,0,0.6,0,0,0,0
11/17/1990,0,,0,23.6,0,0,0,0,0,0,0.3,0,0,0,2.3,0,0,0,0,0,0,0
11/18/1990,0.9,,0,0,33,0,0,0,0,0,2.1,2,0,0,0,0.4,0,0,0,0,17.7,0
11/19/1990,17,,15.2,28.5,0,0,0,0,0,0,9.1,0,0,0,0,0,0.1,0,0,0,3.8,0
11/20/1990,0,,0,0.3,0,0,0,0,0,15.1,0,4.4,0,0.6,0.5,1.6,0,0,0,0,0,0
11/21/1990,0,,0,0,0,0,0,0,0,0,0,0,0,0,0,0,0,0,0,0,0,0
11/22/1990,0,,0,5,5.3,0,0,0,0,0,0,4,0,0,0,0,0,0,0,0,0,0
11/23/1990,0,,39.6,2.2,15.2,0,0,0,0,0,0,0,0,0,0,0,1.3,0,0,0,0,0
11/24/1990,0,,0,0,0,0,0,0,0,0,0,0,0,0,0,0,0,0,0,0,0,0
11/25/1990,0,,0,0.2,0,2,0,0,0.7,0,0.1,0,0,0,0,3.5,0,0,0,0,0,0
11/26/1990,0,,1.8,0,0,0.5,0,0.3,0,3.4,0,0,0,4.4,3.1,11.2,0.6,0,0,0,3.1,0
11/27/1990,0.2,,0,0,0,0,0,0,17.2,0,3.8,0,0,0,0,0.5,1.4,3.6,0,0,24.7,0
11/28/1990,0,,0,0,0,19.6,0,0,0,0,2.3,10.3,0,0,0,0,0,0,0,0,0,0
11/29/1990,0,,0,0,0,0,3.3,0,0,0,0,0,0,0,0,0,0,0,0,0,0,0
11/30/1990,16.6,,0,0,0,0,0,1.3,0,0,0,7.4,13.7,0,0,16.7,0.6,0,0,0.5,0,0
12/1/1990,0,,0,3,1,39.1,0,0,0,0,0,0,0,0,0,0,0.1,0,0,0,0,0
12/2/1990,1.5,,0,0,0,0,0,3.7,0,0,0,6,0,0,0,0,0,0,0,0,0,0
12/3/1990,0,,0,0,0,0,0,0,0,0,0,0,0,0,0,0,0,0,0,0,0,0
12/4/1990,0,,0,0,0,1.8,0,0,0,0,0,0,0,0,0,0,0,0,0,0,0,0
12/5/1990,0,,15.2,0,0.8,0,0,0,4.6,0,7.3,0,0,0,0,0,0,5.7,0,0,0,0
12/6/1990,0,,0,2.2,0,5.4,0,0,0,0,0,0,0,0,0,0,0,0,0,0,0,0
12/7/1990,9,,13.7,0.6,0.8,0.5,0,0,3.3,0,0,0.7,0,34.5,0,0,6.8,0,0,0,0,0
12/8/1990,0.3,,0.8,21.1,0,16.7,0,0,0,0,0,0,0,14.6,0,0,0.9,0,0,0,0,0
12/9/1990,0,,0,0,0,32.5,0,0,0,0,0,0,0,0,0,0,0,0,0,0,0,0
12/10/1990,0,,0,0,6.9,0,0,0,0,0,1.2,0,0,0,8.6,0,0,0,0,0,0,0
12/11/1990,0,,0,0,0,2.6,0.8,17.9,0,2.5,0,0,0,0,0,21.6,0,0,0,0,0,0
12/12/1990,24.8,,0,0,0,0,0,6.7,35.5,0,1,34.5,0,0,0,45.2,0,74.5,2.4,0,22.5,0.9
12/13/1990,0,,32.3,0,0,34.8,2,0,0,0,0,0,0,4.4,3.3,3.1,0,0,0,0,1.3,0
12/14/1990,5.9,,0,0,0,3.1,0,0,0,0,0,0,0,0,0,28.1,0,0,0,0,0,0
12/15/1990,14.2,,0,2.6,0,16.7,0.8,6.5,0,0,0,1,0,0,56.4,13.5,19.4,0,0,0,16.6,0
12/16/1990,31.2,,52.3,52.3,71.9,17.8,0,36.1,21.2,12.8,17.8,19.4,0,30.8,13.7,39.9,13.1,23.8,0,0,24.3,0
12/17/1990,0,,0,0,0,0.3,0,0,0,0,0,0,0,0,0,0,0,0,0,0,0,0
12/18/1990,0,,0,0,0,0,0,0,0,0,0,0,0,0,0,0,0,0,0,0,0,0
12/19/1990,0,,0,0,0,0,9.2,0,0,0,0,0,0,0,0,0,0,0,0,0,0,0
12/20/1990,0,,0,0,0,8.8,0,0,0,0,0,0,0,0,0,0,0,0,0,0,0,0
12/21/1990,0,,0,0,0,0,0,1.7,0,0,0,0,13.4,0,0,0,0,0,0,6.8,0,0
12/22/1990,1.2,,9.7,0,0,27.4,0.5,0.3,0,0,0.3,0,20.2,13.4,0,0,0.7,0,26.5,0.6,0,22.9
12/23/1990,0,,69.4,12.1,3.8,40.9,0.3,30.5,20.5,21.4,70.4,21.8,0,0,154,56,21,7,4.1,0.4,31.8,0
12/24/1990,6.6,,0,0,0,0.5,0,0,0,0,0.6,0,0,0,0.8,0,0,0,0,0,0,0
12/25/1990,0,,0,0,0,0,0,0,0,0,0,0,0,0,0,0,0,0,0,0,0,0
12/26/1990,0,,0,0,0,0,0,0,0,0,0,0,0,0,0,0,0,0,0,0,0,0
12/27/1990,0,,0,0,0,0,0,0,0,0,0,0,0,0,0,0,0,0,0,0,0,0
12/28/1990,0,,0,0,0,0,0,0,0,0,0,0,0,0,0,0,0,0,0,0,0,0
12/29/1990,0,,0,0,0,0,0,0,0,0,0,0,0,0,0,0,0,0,0,0,0,0
12/30/1990,0,,0,0,0,0,0,0,0,0,0,0,0,0,0,0,0,0,0,0,0,0
12/31/1990,0,,0,0,0,0,0,0,0,0,0,0,0,0,0,0,0,0,0,0,0,0
1/1/1991,0,,0,0,0,0,0,0,0,0,0,0,0,3.6,0,0,0,0,0,0,0,0
1/2/1991,0,,0,0,0,0,0,0,0,0,0,0,0,0,0,0,0,0,0,0,0,0
1/3/1991,0,,0,0,0,0,0,0,0,0,0,0,0,0,0,0,0,0,0,0,0,0
1/4/1991,0,,0,0,0,0,0,0,0,0,0,0,0,0,0,0,0,0,0,0,0,0
1/5/1991,0,,0,0,0,0,0,0,0,0,0,0,0,0,0,0,0,0,0,0,0,0
1/6/1991,0,,0,0,0,0,0,0,0,0,0,0,0,0,0,0,0,0,0,0,0,0
1/7/1991,0,,0,0,0,0,0,0,0,0,0,0,0,0,0,0,0,0,0,0,0,0
1/8/1991,0,,0,0,0,0,0,0,0,0,0,0,0,0,0,0,0,0,0,0,0,0
1/9/1991,0,,0,0,0,0,0,0,0,0,0,0,0,0,0,0,0,0,0,0,0,0
1/10/1991,0,,0,0,0,0,0,0,0,0,0,0,0,0,0,0,0,0,0,0,0,0
1/11/1991,0,,0,0,0,0,0,0,0,0,0,0,0,0,0,0,0,0,0,0,0,0
1/12/1991,0,,0,0,0,0,0,0,0,0,0,0,0,0,0,0,0,0,0,0,0,0
1/13/1991,0,,0,0,0,5.6,0,0,0,0,0,0,0,0,0,0,0,0,0,0,0,0
1/14/1991,0,,0,0,0,0.3,0,0,0,0,0,0,0,0,0,0,0,0,0,0,0,0
1/15/1991,0,,0,0,0,0,0,0,0,0,0,0,0,0,0,0,0,0,0,0,0,0
1/16/1991,0,,0,0,0,0,0,0,0,0,0,0,0,8.4,0,0,0.1,0,0,0,0,0
1/17/1991,0,,0,0,0,0,0,0,0,0,0,0,0,0,0,0,0,0,0,0,0,0
1/18/1991,0,,0,0,0,0,0,0,0,0,0,0,0,0,0,0,0,0,0,0,0,0
1/19/1991,0,,0,4.3,0,45,0,0,0,0,2.2,0,0,1.1,0,0,0,0,0,0,0,0
1/20/1991,9.5,,0,18.5,0,2.1,0,0,0,0,0,44.4,0,0,26.6,0,0,0,0,0,0,0
1/21/1991,0,,0,15.1,0,6.6,0,0,0,0,4.7,3.3,0,0,0.3,0,0,0,0,0,0,0
1/22/1991,0,,0,2,0,0,0,0,0,0,0,0,0,0,0,0,0,0,0,0,0,0
1/23/1991,0,,0,0,0,0.8,0,0,0,0,8.8,0,0,0,0,0,0,0,0,0,0,0
1/24/1991,0,,0,0,0,1,0,0.3,0,0,1.1,0,0,0,0,0,0,0,0,0,0,0
1/25/1991,0.1,,0,0,0.3,0,0,0,0,0,0,0,0,0,0,0,0,0,0,0,0,0
1/26/1991,0,,0,0,0,0,0,0,0,0,0,0,0,0,0,0,0,0,0,0,0,0
1/27/1991,0,,0,0,0,0,0,0,0,0,0,0,0,0,0,0,0,0,0,0,0,0
1/28/1991,0.5,,0,17.2,15.2,19.3,0,0,13.1,0,3.3,0,0,28.2,5.3,20.3,13.2,5.7,0,0,0,0
1/29/1991,0,,19.6,0,0,0,0,7.9,0,0,0,7.1,0,0,0,0,0,0,0,0,0,0
1/30/1991,0,,0,0,0,0,0,0,0,0,0,0,0,0,0,0,0,0,0,0,0,0
1/31/1991,0,,0,0,12.7,0,0,0,0,0,0,0,0,1.6,0,0,0,0,0,0,0,0
2/1/1991,0,,0,0,0,0,0,0,0,0,0,0,0,12.5,0,0,0,0,0,0,0,0
2/2/1991,0,,0,0,0,0,0,0,0,0,24.2,0,0,0,0,0,0,0,0,0,0,0
2/3/1991,0,,9.9,6.2,0,2,0,0,0,0,0,0,0,0,0,0,0,0,0,0,0,0
2/4/1991,0,,0,0,0,0.5,0,0,0,0,1.8,0,0,0,0,0,2.3,0,0,0,0,0
2/5/1991,0.5,,0,5.1,0,0,0,0,0,0,1.3,0,0,0,0,0,0,0,0,0,0,0
2/6/1991,0,,0,0,0,0,0,0,0,0,0,0,0,0,0,0,0,0,0,0,0,0
2/7/1991,0,,0,0,0,0,0,0,0,0,0,0,0,0,0,0,0,0,0,0,0,0
2/8/1991,0,,0,0,0,0,0,0,0,0,0,0,0,0,0,0,0,0,0,0,0,0
2/9/1991,5,,0,0,0,0,0,0,0,0,0,0,0,0,0,14.2,0,0,0,0,0,0
2/10/1991,0,,0,0,0,0.8,2.3,4.5,0,0,0,0,0,0,0,1.5,0,0,0,0.4,7.4,0
2/11/1991,22.1,,0,17,0,1.8,0,10.6,0,12.3,0,33.5,0,0,0,0,0.6,0,0,0,0,0
2/12/1991,0,,0,0,0,0,0,0,0,0,0,0,0,0,11.2,0,0,0,0,0,0,0
2/13/1991,0,,11.7,2,0,1.8,0,0,0,18.6,0,0,0,0,0,0,25.2,0,0,0,0,0
2/14/1991,0,,0,0,0.3,0,0,0,0,0,0,0,0,0,0,0,0,0.5,0,0,0,0
2/15/1991,0,,0,0,0,0,2.5,0,0,0,14,0,0,0,0,0.3,0,0,0,0,10.3,0
2/16/1991,0.2,,0,0,0,0.3,0,0,0,0,0,0,0,0.4,0,0,0,0,0,0,0,0
2/17/1991,10.7,,7.4,0,1.3,28.7,0,4.2,0,0,17,0,0,0,0,0,0,10.7,0,0,0,0
2/18/1991,0,,0,0,0,0,0,0,0,0,0,1.2,0,0,0,0,0,0,0,0,0,0
2/19/1991,0,,0,19.4,0,0,0,0,0,0,0,1.5,0,0,0,6.4,0,0,0,0,0,0
2/20/1991,0,,0,0,0,0,0,0,0,0,0,0,0,0,5.6,0,0,0,0,0,0,0
2/21/1991,0,,0,0,0,3.1,0,0,0,0,0,0,0,0,0,0,15.9,0,0,0,0,0
2/22/1991,0,,0,0,0,0,0,13.6,0,0,0,3.3,0,0,0,0,0,0,0,0,0,0
2/23/1991,0,,0,0,0,0,0,0,0,0,0,0,0,0,0,0,0,0,0,0,0,0
2/24/1991,22.3,,0,0.3,0,4.3,0,27.8,0,33,16.6,5.3,0,0,0,20.8,0,0,5,0,0,0.3
2/25/1991,0,,0,0,0,0,0,0,0,0,0,0,0,0,19.3,0,0,0,0,0,0,0
2/26/1991,0,,0,0,0,4.3,0,0,0,0,0,32.2,0,0,0,0.3,0,0,33,0,23,0
2/27/1991,46,,0,0,0.5,0,0,0,5.5,1.8,0,4.8,0,0,14.2,0,0,5.9,0,0,0,0
2/28/1991,1,,27.2,0,0,5.1,0,0,0,0,0,2.1,0,0.6,0,1.1,0,0.2,0,0,2.2,0
3/1/1991,0,,0,0,0,0,0.3,0,0,6.1,0,20.4,0,0,31.9,0,0,0,3.8,0,18,22.1
3/2/1991,0,,0,0,0,0,0,0.5,0,0,0,0,0,0,0,4.5,0,0,0,0,0,0
3/3/1991,0,,0,0,0,0,0,0,0,0,0,0,0,0,0,0,0,0,0,0,0,0
3/4/1991,0,,0,0,0,0,0,0,0,0,0,0,0,0,0,0,0,0,0,0,0,0
3/5/1991,22.5,,0,2.2,0,0,0,9,0,0,10.1,0,0,0,0,0,0,0,0,0,0,0
3/6/1991,31.1,,0,0.3,12.7,1.3,3,1.8,0,0,0.6,0,0,0,0.3,0,0,0,0,0,0,0
3/7/1991,0,,0,0,0,14.7,3.8,4.8,0,0,0.5,0,0,0,0,0.7,0,0,0,0,0,0
3/8/1991,0,,0,0,0,0,46,0,0,1.1,0,0,0,0,0,7.2,0,0,0,0,0,0
3/9/1991,0,,0,0,0,0,0,3.3,0,0,0,0,0,0,0,0,0,0,0,0,9.8,0
3/10/1991,2.3,,0,6.6,17.3,0,0,0,1.1,0,7.1,0,0,0,10.7,0,0,0,0,0,0,0
3/11/1991,0.9,,0,17.9,0,0,3.6,0,0,0,25.4,0,0,0,0,0,0,0,0,0,0,0
3/12/1991,0,,0,0,0,6.1,0,0,0,0,0,0,0,0,0,0,13.7,0,0,0,0,20.3
3/13/1991,0,,0,0,0,0,0,0,0,0,0,0,0,0,0,0,0,0,3.4,0,0,0
3/14/1991,0,,0,0,0,0,0,46,0,0,0,0,0,0,0,0,0,0,29.4,4.7,0,0
3/15/1991,21,,27.2,6.6,36.6,0,1.3,0,35.1,0,2.6,11.6,0,0,31.4,0.7,0,0.7,0,0.7,15.3,57.1
3/16/1991,0,,0,0,0,0,0,0,0,0,0,0,0,0,14.2,0,0,0,0,0,0,0
3/17/1991,1.2,,0,0.6,0,0,0,0,0,6.1,2.4,0,0,0,0,0,0,3,0,0,0,0
3/18/1991,0,,0,0,0,17.5,0,0.8,16,0,0,0,0,0,0,0,20.8,1,0,0,0,0
3/19/1991,0,,0,0,0,0,0,0,0,0,0,0,0,0,0,0,0,0,0,0,0,0
3/20/1991,0.8,,0,0.7,0,0,0,0,0,0,0,0,0,0,3.7,0.9,0,0,0,0,0,0
3/21/1991,26.2,,0,0,0,0,0.3,0,0,12.5,0,15.9,0,0,3.7,0,1,0,7.9,0,1.3,0
3/22/1991,35.1,,0,0,0,0,6.3,0,0,0,0,8.6,34,0,16.8,5.3,0,0,0,17.7,0,42.4
3/23/1991,0,,0,0,0,0,0,0,0,0,0,0,0,0,0,1.6,0,0,4.1,0,1.2,0
3/24/1991,0,,0,0,0,0,0,0,0,2.8,0,0,0,0,0,5.1,0,0,0,0,45,0
3/25/1991,45.2,,0,7.5,0,15,0,0,0,0,0,21.3,0,0,2.3,0,8.8,0,0,0,0,0
3/26/1991,1.6,,0,0.2,0,0,4.4,2.9,0,0,18.2,0,0,0,0,0,0,0,0,0,0,0
3/27/1991,0,,0,2.3,0,0,0,5.5,0,0,7,0,0,0,0,0,0,0,0,0,0,0
3/28/1991,0,,0,0,0,0,0,6.1,0,0,0,0,0,0,0,0,0,0,0,0,0,0
3/29/1991,0.8,,0,0,19.8,0,0,0,0,0.5,22.2,0,0,0,0,0,0,0,0,0,0,2.5
3/30/1991,0,,0,7.1,0,2.1,0,0,0,0,0,0,0,0,1,0,0,0,0,0,0,0
3/31/1991,0,,0,0,0,0,0,0.3,0,32.2,0,0,0,0,0,76.1,0,0,0.6,0,27.9,18.1
4/1/1991,8.7,,0,29.1,74,3.8,0,73.8,0,4.2,24.2,48.8,0,13.3,0,0.7,27,88.6,0,0,0,0
4/2/1991,1.6,,31.5,0,1.3,0,0,1.4,87.8,34.5,0.3,0,0,0,0,0,0.1,0,0,0,0,0
4/3/1991,0,,0,0,0,0,0,1.7,0,0,0,0,0,0,0,0,0,0,0,0,0,0
4/4/1991,0,,0,1.3,3.5,0,0,13.3,0,0,30.9,0,0,9.4,30.5,0.4,27.8,0,0,0,0,0
4/5/1991,0,,0,0,0,0.8,0,9.3,0,0,0,1.5,0,14.8,1,0,6.1,2,0,0,0,0
4/6/1991,0,,0,0,0,0,3.6,0,11.9,0,0,0,0,0,0,7.1,0,0,34.5,0.6,48.5,0
4/7/1991,27.3,,0,18.8,0,0,8.9,0,0,0,30,2.4,0,0,10.4,0,0,0,0,1.4,0,0
4/8/1991,0,,0,0,0,0,0,0,0,0,0,0,0,0,0,0,0,0,0,52.8,0,0
4/9/1991,7.1,,0,11.8,17,20.3,72.4,38.5,0,40.6,27.8,18.9,0,3.1,18.6,29.9,4.6,22.1,4.7,0,15,18.3
4/10/1991,0,,13.2,0,0,19.1,0,0,8.4,0,0,0,0,0,0,0,0.1,0,0,0,0,0
4/11/1991,0,,0,0,0,0,0,0,0,0,0,0,0,0,0,0,0,0,0,0,0,0
4/12/1991,0,,0,0,0,0,13.7,0,0,0,0,0,0,0,0,8.8,0,0,0,0,0,0
4/13/1991,0,,0,0.8,0,0,0,0,0,0,0,0,0,0,0,0,0,0,0,0,8.7,0
4/14/1991,11.3,,0,18.2,22.1,14.7,13,12.6,0,10.9,5.4,9.4,0,17.3,26.1,19.8,35.1,0,1.4,1.9,26,2.7
4/15/1991,14.1,,0,0,0,0,0,0,0,0,0,0,0,0,0,0,0,0,0,0,0.1,0
4/16/1991,0,,0,0,0,0,0.5,0,0,0,0,0,0,0,0,0,0,0,0,0,15.5,13.8
4/17/1991,0,,0,0,0,0,0,0,0,0,0,0,0,0,0,0,0,2.9,0,37,9.3,0
4/18/1991,0,,0,0,0,0.3,12.2,0,1.4,0,0.5,0,5.8,0.2,38,0,0.6,0,12.2,0,0,7.8
4/19/1991,57.9,,2.3,77.5,26.9,0,2.8,11.1,0,59.3,20.7,14.5,0,22.4,3.3,27,17.4,20,17.6,0,31.5,26.4
4/20/1991,0,,12.5,1.1,0,30.2,0,0,35.9,0,0,0.6,0,2,0,0,5.8,0,0,0,0,0
4/21/1991,0.3,,0.5,0,0,0,0,0,0,0,0,0,0,0,0,0,0,0,0,0,0,0
4/22/1991,0,,0,0,0,0,0,0,0,0,0,0,0,0,0,0,0,0,0,0,0,0
4/23/1991,0,,0,0,0,1.8,0,0,0,0,0,0,10.8,0,0,0,0,0,0,11,0,0
4/24/1991,0,,0,11.8,0,0,0,0,0,0,0.5,0,0,0,0,0,0,0,0,0,0,2.4
4/25/1991,17.3,,0,31.8,0,0,0,0,0,0,2,14.6,0,1.2,0,24.7,0,0,0,0,0,0
4/26/1991,0,,0,0,0,0,0,0,0,0,0,0,2,0,0,0,0,0,0,0,0,0
4/27/1991,5.4,,0,14.4,31.5,28.2,45.2,13.3,0,25.4,21.1,0.4,21.2,2.8,0,0,36.6,17.5,20.7,10.4,3.8,13.7
4/28/1991,7.6,,11.2,1.5,0,2.1,1.8,0.6,8.9,0.8,0.2,21.6,0,7.3,28.1,23,6.1,0,0.6,0,12.9,0.2
4/29/1991,0.4,,4.2,0,0,0,0,29.1,0,56.3,24.5,0,2.8,0,0,0,0,21.9,0.6,0,0,2.3
4/30/1991,21.1,,0,33.1,13.9,27.7,15,0,20.6,13.6,14.9,0.6,0.5,24.4,2.5,1.9,28.1,0.1,0,0,18.3,0
5/1/1991,0,,0,0,0,0,0,0,0,0,0,0,0,0,0,0,0,0,0,0,0,0
5/2/1991,31.4,,0,1.2,0,0,0,0,0,0,0,0,0,0,0,0,0,0,0,0,0,0
5/3/1991,15.9,,0,2,0,1.8,28.7,0,0,3.5,3.8,0,0,0,1.3,31.5,0,0,0,15.4,1.5,0
5/4/1991,4.4,,3.4,14,0,0,2,4.9,0,85.8,0,2.3,0,3.6,17.8,14,0.1,2.4,33.1,0,11.6,13.9
5/5/1991,0,,0,17.3,0.8,0,1.3,0,1,0,3.4,11.2,6.8,0,4.3,0,0,0,2.4,0,0,18
5/6/1991,0,,0,0,0,0,0.3,0,0,0,0,0,0,0,0,0.4,0,0,0,24,0,0
5/7/1991,0,,0,0,0,0,0,0,0,0,0,1.8,0,0,0,0,0,0,0,0,0,0
5/8/1991,0,,0,6.2,0,0,0,0,0,0,0,0,0,0,0,0,0,0,0,10.6,0,0
5/9/1991,0,,0,0,0,0,0,0,0,0.3,3.2,0,0,0,0,0,0,0,0,0,0.2,18
5/10/1991,42.5,,0,0.3,10.7,0,0,2.9,53,30,0,0,0,38,0,0,28.4,27.8,0,0,0,0
5/11/1991,0,,0,6.8,0,0,0,0,0,0,0,0,0,0,0,0,0,0.5,0,1.2,0,0
5/12/1991,0,,0,0,0,4.1,0,0,0,0.3,0.5,3.7,23.9,0,0,0.1,0,0,49.8,0.3,15.1,62.9
5/13/1991,19.6,,13.3,60.5,40,81.8,73.7,2.8,67.1,3.2,46.9,14.1,0.7,163.3,44.4,0.3,99.3,0.3,9.2,9.5,27,4.9
5/14/1991,0,,0,0,0,8.1,0,0,0,1.1,0,0,0,0,1.3,0,5.9,26.9,0,0,0.5,0
5/15/1991,1.8,,0,13.4,0,0,0,0.9,0.5,0,6.4,17.4,14.7,0.8,10.6,2.8,0,0,8.1,0,5.1,6.4
5/16/1991,20.7,,5.2,28.1,26.9,0,22.6,8.1,0,1.2,3.9,5.7,7,0,0.1,10.2,0,1.9,0,0,16.7,0
5/17/1991,0.3,,0,0.3,0,0,24.1,41,0,10.8,47,55.1,1.1,0,27.9,20.8,0,0,1.4,0,51.9,1.8
5/18/1991,8.4,,77.2,0.3,14.7,18.3,4.1,4.9,4.2,0,20.1,0,0,0,1.6,0,0.1,0,0,0,0,0
5/19/1991,0.7,,15.3,5.2,42.9,5.1,0,1.5,12,2.1,15,29.8,1.9,12.5,6.1,41.9,26.6,20.8,0,0,12,0
5/20/1991,3.8,,4.1,9.1,0,0,67.3,0,0.3,0,6,5.2,0,9.3,18.9,39.9,0.1,0.1,3.8,9.8,83.8,0
5/21/1991,18.1,,0,3.2,0,1.3,0.6,0,0,0,8.7,0,25,0.1,3.8,0.3,0.2,0.8,25.1,5.3,16.2,24
5/22/1991,8.1,,0,0,20.4,5.8,2.8,80.3,0.2,16,8.3,45,4.1,0,4,0,0,0.3,0,0,1.5,0
5/23/1991,6.5,,6,1.9,0,48,10.4,1,16.7,19,8.7,52.6,0.7,12.9,0.4,0.3,34.1,12.5,0,3.5,7,0.4
5/24/1991,7.7,,41.2,6.1,46.7,50.1,92.6,15.3,36.1,0,41.2,13.7,1.7,22.2,2.9,0.5,9,30.5,132.6,48.8,18.8,3.8
5/25/1991,7.7,,0,10.3,12.5,1.5,3.8,1.2,31,11.4,0.6,11.8,0,22.3,12.7,18.3,7.5,8.2,0,0,14.5,13.2
5/26/1991,20.2,,0,45.6,55.1,48,0.3,31.9,16.8,11.6,49.5,20,12.2,34.3,3.5,0,77.8,2.4,0,0,0,1.6
5/27/1991,0,,0.9,0,0.5,4.1,2.8,0,0,165.4,1.6,0,8.1,6.5,1.3,0,18.8,4.5,21,0,0,1
5/28/1991,4.7,,7.3,14.8,6.7,3.5,0.6,128.7,37.5,27.9,40.6,13.6,16.1,92.1,1.1,11.6,9.7,43.5,31.3,9.2,0,0
5/29/1991,4.3,,0.6,0,5.1,1,42.7,0,1.3,4.4,14.6,3.9,1.6,12.3,8.3,2.2,0.2,0,0.2,0.3,1.1,2
5/30/1991,0,,0,0,0,0,0.3,0,0,0,0,0,0,0,0,0,0,0,0,0,0,0
5/31/1991,0,,0,0,0,0,9.4,0,0,4.6,0,0,22.4,3.6,4.8,1.3,0,0,33.8,33.7,59.6,22.4
6/1/1991,2.8,,0,0,0,0,7.1,0,0.3,0,3,0.2,0,6.3,8.9,20.3,0,0.3,0,2.2,7.4,2.1
6/2/1991,3.7,,31.4,11.3,22.1,0,1.8,8.2,26.9,0,18,0,5.9,0,0,0,0,24.5,14,7,0,11.1
6/3/1991,7.2,,0,21.8,1.5,0,1.8,0,4.1,0,4.4,11,0,0,10.8,0,0,4.4,0,0,0,0
6/4/1991,0,,0,0,0,35.3,0,22.4,1,0,27.8,7.4,0,0,0,0,0,0.3,0,0,0,0
6/5/1991,0.3,,0,0,0,0,0,0,5.4,0,3.1,0,0,0,7.9,0,0,0,0,0,0,0
6/6/1991,5,,0,0,0,0,0,0,0,51.6,0,0,0,0,0,0,0,0,8.7,0,0,77
6/7/1991,0,,0,1.3,0,14.7,0,2.6,2.2,0,0.8,4.1,1.2,9.4,9.2,4.4,12.4,3.1,0.1,0.7,4.1,0
6/8/1991,6.6,,1.6,0,0,0,0,0,0,0,0,15.8,0,0,0,0,0,0,0,0,2.6,0
6/9/1991,10.3,,2.2,8,2,0.5,0,29.8,0,0,7.4,0,0,3.2,3.8,0,0.9,2.2,0,0,0,0
6/10/1991,0,,0,0,0,1,0,0,0,0,0.2,0,0,17.9,0,0,1.5,8.4,0,0,0,0
6/11/1991,0,,0,2.9,0,9.1,0,1.4,1.3,0,0,24.4,0,0.3,0,0,9.8,0,0,0,0,0
6/12/1991,42.6,,1.6,12.4,0,2,3.6,0,39.8,0,0.8,0.6,9.4,0,0,4.2,0.6,13.8,1.2,0.3,7.8,0.6
6/13/1991,0.2,,0,5.5,0,0,0,47.2,1.2,0,0.8,0,0,0.1,1.2,0.4,0,0.2,0,0.9,2.5,0
6/14/1991,3.4,,0,0,0.3,0,0.5,0.2,0,0.5,0.1,0,0,0.4,0.1,0,0,0,0,0,0,0
6/15/1991,0,,0,20.7,16.3,0,12.7,0.4,0.6,2,2,33.2,32,0,5.5,0,0,1,3.3,23.2,1.1,24.7
6/16/1991,0,,0.8,0,0,0,0,1.9,0,4.8,0,0,0,0,15.5,0.2,0,0,0,3.9,9.1,0
6/17/1991,10,,9.8,2.3,3.1,0,0,0.9,0,0.3,11.2,0.8,0,3.3,0,0,2,3.1,0,0,0,0
6/18/1991,4.2,,0,48.1,0,0,0,0,1.8,0,0,0.1,0,0,0.5,0,2.9,0,0,0,1.4,0
6/19/1991,3.3,,0,0.4,0,28.4,0,0.2,0.5,0,0,0,0,0,0,0,3.3,0,0,0,0.2,0
6/20/1991,11.4,,0,2.3,15.5,29,31,0,3.4,42.6,6.2,2.7,2.1,8.3,6.2,3.2,16.7,0.9,21.3,8.4,18.2,50.7
6/21/1991,0.2,,5,1.3,0,0.5,0,0.2,0,0,0.1,0,0,0,13.4,0.1,2,0.2,0,0,0,0
6/22/1991,6.4,,7.6,12.2,35.8,4.1,30.2,34.8,0.1,4.8,52.3,16.6,3.2,0.3,0,63,12.2,0,0,0.5,14.3,5.5
6/23/1991,2.5,,0,0,15.5,0,0,0,0,0,2.8,0,0,0,0,0,0,0,0,0,0,0
6/24/1991,0,,0,0,0,1.3,0,0,0,0,0,0,0,0,0,0,0,0,0,0,0,0
6/25/1991,6.2,,0.6,1.5,0.3,20.1,0,0,3.1,0,0,7.7,0,4.8,2.8,0,59.9,0,0,0,23.2,4.8
6/26/1991,21.4,,48.8,6.3,7.4,14.3,0,2.1,3.8,0,18,7,13.9,26,1.7,1.8,4.1,1.5,13.9,0,0,2.4
6/27/1991,0,,0,0,0,0,12.7,2.4,0,0,0.4,0,0.2,0.1,0,0,0,8.5,1.8,18.7,0,0
6/28/1991,2.8,,0,13.2,16.7,9.6,0,0,0,2,5.4,18.1,0,0.5,10.7,22.8,5.1,2.8,9.5,0,0,16.9
6/29/1991,10.7,,0,4,4.6,144,0,0.4,21.5,2,3.4,22.1,0,9.9,0,0,24.4,0.4,0,0,0,0.6
6/30/1991,21.6,,1,0,15,60,8.9,2.5,6.5,3,7.8,0,0,17.3,34.8,4.4,3.2,13.4,5.2,14.6,0.4,0
7/1/1991,12.9,,24.2,34.2,10.7,62.7,0,3,8.8,59.2,1.9,0.1,0,41.9,24.4,0,35.8,36,0,0,0,0.4
7/2/1991,15.5,,20.9,28.4,8.6,65,3.3,0.5,28.2,41.5,15.6,13.2,0.6,22.6,62.9,0.2,39,23.9,30,14.8,2.4,3.6
7/3/1991,1.5,,0.5,2.9,7.4,0,21.8,0.4,0,12.6,8.3,4.7,0,0,6.5,3.7,0,22.6,0,11.5,8.6,0.7
7/4/1991,10.1,,3.2,17.3,8.1,28.4,18.8,11,2.5,0,98.5,44.7,0.5,2.1,16,0.8,14.1,1.8,26.6,0,1,28.2
7/5/1991,39.4,,0,17.6,0.8,13.8,0,28,0,0,7,2.2,0,4.8,4.5,1.8,6.7,0,0,0,0,0
7/6/1991,0,,7.5,0,0,1.4,0,0.7,0.4,0.8,0,0,0,10.1,0.1,0,0.8,6.9,0,0,0,0
7/7/1991,0,,11.9,0.3,0,44.4,0,10.9,12.2,0,8.7,2.1,0,24.2,0.3,14.1,1.2,4.6,0,0,4.8,0
7/8/1991,0,,2.7,0.5,1,0.5,10.4,0,31.2,0,0,2.6,14.9,6.3,0.8,14.2,0,5.3,0,0,102.2,0.2
7/9/1991,2.8,,9.7,2.3,7.1,0,54.2,18.5,10.3,11.8,32.2,4.1,2.9,2.3,11.3,55.1,1.1,8.7,35.4,49.6,15.2,44.4
7/10/1991,0,,0.1,0,0,0,3.6,3.7,0.3,0,0,0,0,0,0,0,0,0,0,14.8,0,0
7/11/1991,1.3,,19.9,4.3,0,0.3,0,0,1.5,10.5,6.4,0.3,0,0,1.2,0,0.2,5.8,0,0,0,0
7/12/1991,10.8,,0,0,0,0.3,15.2,4.7,0.5,39.6,18.6,5.8,0,0.6,24,1.6,2.2,0.2,0,0.1,9.7,0
7/13/1991,1,,0.8,0,0,5.8,0,1.2,2,0,1.2,0,0,79,1.8,0,3.6,0.2,0,0,0,0
7/14/1991,1.4,,17,18.7,59.7,17.1,12.5,2,157.2,33.2,64.6,7.6,16,51.5,0.1,1.3,22.7,62.6,12.6,3.1,6,3.3
7/15/1991,4.1,,77.2,10,5.4,7.4,0.5,9.8,3.9,13.9,8.8,0.7,0,9.7,1.5,2.3,23.6,14.3,2,0,11.5,10.8
7/16/1991,0,,0.2,0,0,0,0,1.4,0,0,0,0,0,1.5,0,0,0,0,1.3,0,0,1.2
7/17/1991,0,,0,0,0,0,17.5,0.1,0,0,0,0,29.3,0,0,0,0,0,31.6,38.1,0,0.3
7/18/1991,0,,0,21.2,0,0.3,0,0.3,0,0.9,0.2,0,0,1.2,0,4.5,5.3,1.5,0,0,3.8,0
7/19/1991,0,,0,0,0,1.5,0,9.6,0,150.6,0,0,0.8,1.2,0,0,0,0,8,0,5.1,1.6
7/20/1991,0,,0,0,0,0.5,0.3,0,0,0,0,0,4.2,0,0,0,1.2,0,0.2,0.9,0,5.4
7/21/1991,0,,0,7.8,0,0.5,0,2.3,0.5,72.8,0,0,54.2,0,0,0,0.1,0,0,0,0,0.2
7/22/1991,0,,0,1.3,0,0,0,0,0,0,0,0,7.2,0,0,0.2,0,0,0,67.7,0.1,11.7
7/23/1991,0,,0,0,0,0,0,0,0,0,0,0,0,0,0,0,0,0,0,0,0.1,0
7/24/1991,0,,0,0,0,0,2.6,0,0,0,0,0,0,0.4,0,0,0,0,0,0,0,0
7/25/1991,0,,0,0,0,0,2.5,0,0,42.9,0,0,22.7,0,0,0,0,0,40.4,30.8,0.2,64.7
7/26/1991,1,,0,0.8,0,0,33.5,0,0,1.9,0,0,0.4,0,0,0,0,0,1.9,5.3,0,2.4
7/27/1991,0,,0,0,0,0,0,0,0,0,0,0,0,0,0,0,0,0,0,0,0,0
7/28/1991,0,,0,0,0,0,0.3,0,0,0,0,0,5.8,0,0,0,0,0,0,0.3,0,0.1
7/29/1991,0,,0,0,0,1.8,0,15.6,3.6,5.9,0,0,5.2,0,5.5,0,0,0.8,0,0,0,0
7/30/1991,0,,4.8,0,0.8,0,0,0,0,0,0,0,0,0,0,0,0,0,0,0,0,8.4
7/31/1991,0,,1.3,0,0.5,0,0,0,0,0,0,0,0,0.1,0,0,1.2,0,0,0,0,0
8/1/1991,6.2,,0,0.6,3.3,3.8,0,0.2,1.3,21.2,10.2,2.5,2.3,2.1,4.1,0,3.9,0,19.1,5.4,0,31.3
8/2/1991,0,,0,58.8,15.2,9.2,28.2,8.3,0,1.7,4.9,1.7,0,2.3,85,3.9,27.1,0,0,0,17.8,0.9
8/3/1991,1.2,,0.3,5.7,0,0.3,0,0,0,0,0.9,0.4,1.6,0.5,8.1,3.1,1.2,0.1,0,0,42.7,0
8/4/1991,1,,0,1.2,0,8.6,0,1.3,0,0,3.4,13.3,8.6,2.3,36.2,0,9.8,0,2.5,19.7,0.6,0.2
8/5/1991,1.4,,0,33.8,0,34.3,0,0.2,1.1,20.6,1.6,10,0,7.2,7.2,6.6,30.7,0,0,0,0,2.6
8/6/1991,87.5,,0.5,22.7,4.8,8.4,0,14.9,0,17.5,21.8,17.4,0.8,0,33,0,8.1,1.2,105.1,0,0.4,3.7
8/7/1991,1.2,,0,0,0,0.5,0,0,0,0,0.4,0.5,18.3,0,0.3,0.8,0,0,20.3,0,0,1
8/8/1991,0,,0,0,0,0,0,0,0,0,0,0,70.2,0,0,1.4,0,0,0.1,0,0,0
8/9/1991,0,,0,0,0,0,0,0,0,12.9,0,0,10.6,0,0.5,0,0,0,0,0,0,0
8/10/1991,0,,0,0,0,1,0,0,0.5,0,0,0,33.3,0,0,0,0,0.1,0,4.8,0,0.7
8/11/1991,0,,0,0,0,0,0,0,0,0,0,0,4.9,0,0,0,0,0,0,4.9,0,0
8/12/1991,0,,0,0,0,0,1.8,0,0,0,0,0,0.8,0,0.4,0,0,0,0,0,0,0
8/13/1991,2,,8.8,0,15,0,0,10.7,0,0.4,0,0,7.4,0,0,8.8,0.3,0.5,31.2,41.6,57.3,58.2
8/14/1991,0,,0,6.3,0,57.2,42.6,1.2,0,0,9.7,1.9,0,1,3.9,5.7,2.7,0,0,0,2.7,0
8/15/1991,29.8,,0,1,0,1,0,0.5,0,0,10.3,3.3,0,0.5,4.9,5.8,0.2,0,0,2.8,0,0
8/16/1991,0.3,,0,0,0,0,0,2.3,0,12.6,0,0,45.1,0,0.1,0,0,0,0,0,0,0
8/17/1991,2.8,,2,8.6,1,0.3,8.9,8.9,0.2,45.9,12,2.2,0,0,2.1,14.1,2.7,0,21.1,28.8,0.5,37.8
8/18/1991,9.8,,0,3.2,0,0,122,2.8,3.1,0.3,1.5,2.9,10.6,7.5,2.6,6.4,1.4,0.5,2.2,1.4,2.7,0.6
8/19/1991,0,,0,5.3,0,10.8,0,4.2,0.6,0.8,1.2,2.1,1.7,3.9,9.1,0.1,3.2,0.7,0,0,0.5,0
8/20/1991,0,,2.8,17.6,5,0.5,0,0.6,8.1,68.9,2.8,0,12.2,1.4,9.7,0,2.2,8.5,29.8,46.7,0.2,11.7
8/21/1991,0,,0,8.1,0.3,1,0,0.1,4,60.7,4,1.1,6.5,14.7,8,4.8,0.9,0,0,2,30.7,2.6
8/22/1991,0,,0,0.4,0,1.3,2,0.9,1.8,1.5,4.1,0,0,5.3,0.6,0.9,0.7,1.3,0,0.8,1.9,0
8/23/1991,0,,0,0,0,13.2,0.8,0.3,0,0,8.3,0,1.2,0,0,0,0.5,0,0,0.4,0,6.5
8/24/1991,0.6,,0,1.7,0,0.3,5.3,0,0,48.9,0.3,0.2,0,0,4,4.2,0,0,72.6,0,0,33.1
8/25/1991,0.3,,0,1.4,0,1.6,2.6,0.5,0,3.5,0.3,2.6,0,0.4,0,0,0.9,0,36.8,0,0,0
8/26/1991,1,,0.3,2.8,0,2,0,0,0.4,0,1.9,3.1,0,0,16.3,0,0.7,0,1.7,2.7,0,3.6
8/27/1991,0.4,,0,4,0,4.1,5.3,0.1,0,2.2,1,4.4,47.3,0.5,13,6.1,0.9,0,12.5,3.7,0,20.1
8/28/1991,0,,0,0,0,0,0,0,0,0,0,0.1,19.8,1.1,2,0,0.1,0,0,0.9,0,0.2
8/29/1991,0,,0,0,0,0.3,0,0,0,0,0,0,0,0,0,0.3,0.6,0,8.8,0.9,0,7.6
8/30/1991,0,,0,0,0,0.5,47.1,0,0,0,0,0,46.3,0,0.5,0,0,0,37.5,18.4,0,76.2
8/31/1991,0,,0,0,0,0,2,0,0,0,0,0,7.9,0,3.5,1.8,0,0,0,0.2,0,1.1
9/1/1991,0,,0,0,0,0,3.6,0,0,72,0,0,43.1,0,0,0,0,0,20.5,13.2,0,5.1
9/2/1991,0,,0,15.3,0,0,0,0,0,2.2,0,0,0,0,0,0,0.2,0,0,0,0,0
9/3/1991,0.1,,0,0,0,0,0,36,0,5.1,3.3,0.7,0,0,0,0,0,0,0,0.3,0,11.1
9/4/1991,5.6,,0,2.2,11.7,0,11.7,38.8,0.1,18.5,0,81.9,7.4,4.9,0.1,0.4,0,0.3,16.3,6.9,0.2,0
9/5/1991,31.4,,0,1.7,3.5,1.3,6.1,15.5,2.3,24.5,20.6,4.5,5.9,2.6,7.9,2.2,1.5,0,33.8,0,8.7,5.8
9/6/1991,0,,10.4,1.3,0,1.5,0,2.3,1.2,0,1.4,0,10.8,41.8,6.1,5.4,1.1,0.1,21.3,8.6,3.7,8.7
9/7/1991,0.3,,4.7,6.7,0,9.2,15.5,7.4,3,3.8,1.4,0.5,0,1,7.7,4.1,1.7,2.7,0,0,0,10.2
9/8/1991,0.2,,11.1,36.9,0,0,0,0,0,0,0,1,0,0,0,0,0,0,0,0,0,0
9/9/1991,0,,0,1,0,0,0,0,0,3.1,0,0,0,0,0,10.2,0,0,0,12.3,0,2.6
9/10/1991,0,,0,0.2,0,0,0,0,0,0.3,0,0,0,0.2,0.1,0,0,0,0,0,0,0
9/11/1991,0,,0,0,0,0,0,10.7,0,4.7,0,0,0,0,0,0,0,0,0.7,14,0.5,40.8
9/12/1991,4.6,,0,23.4,7.9,16.8,1.3,13.9,0,32.7,25.7,33.1,0,0.1,19.2,0,0.9,3.4,27.6,0,19.4,8.5
9/13/1991,0.6,,0,0.4,12.5,0.3,0,0,0,16.6,0,0,0,0,16.5,0.8,0,0,0,0,0,0
9/14/1991,10.5,,0,0,17.5,0,0,11.1,0,17,2,0,1.2,0.5,9.2,4.4,0.3,0.6,25.3,1.6,0.5,10.1
9/15/1991,0,,0,3.7,0,0,0,0,2.4,6.4,8.6,0,0,0.5,0,0,0.3,15.1,0,0,10.3,0
9/16/1991,4.6,,8.9,0,0,0.5,31,0,2.4,2,0,5,6.7,0,0,9,0,0.5,20.2,1.7,0,5.9
9/17/1991,0,,0,0.2,0,0,0,0,0.8,12.7,0,0.7,5.9,0,0,1.7,0.4,0,0,0,5.4,0
9/18/1991,2.9,,1.5,0,0,0.6,16.5,0.5,0,0,0,1,2.5,0.4,2.7,93.9,0.3,0.6,11,4.6,21.3,52.9
9/19/1991,0.2,,0,0,0,0,0,0.1,0,0,0,0,0,0,0,0,0,0,0,0,0,0
9/20/1991,0,,0,0,0,0,1,0,0,0,0,0,0,0,0,0,0,0,0,0,0.3,0
9/21/1991,0,,0,0,0,0,0,0,0,0,0,0,0,0,0.1,0,0,0,0,0,0,0
9/22/1991,2,,0,0,0,0.8,6.8,0,0.2,0,0,0,0,0,0,13.4,0.2,0,13.8,0,8.7,21.6
9/23/1991,0,,0,0,0,0.8,1.3,0,0,0.6,0,0,0,0,0.5,3,0,0,20.8,0,0,8.4
9/24/1991,0.8,,0,12,2,2,0,0,0,0,45.1,0,0,0,3.5,0,0.9,0,11.1,0,0,1.4
9/25/1991,18.7,,0,0,0.3,0,16.8,17.1,0,19.5,19.5,7,0,0,0,0,0,0,0,0,0,8.9
9/26/1991,0,,0,0,0,1,12,7.6,0,1.4,0,0.8,0,0,0,5.4,0,0,0,0,25.9,0
9/27/1991,0,,0,0,0,0,0,0,0,0,0,0,0,0.5,0.4,1.2,0,0,0,0,0,0
9/28/1991,0,,0,0,0,0,0,0,0,23.9,0,0,0,0,0,17.6,0,0,0,0,4.9,0
9/29/1991,0,,0,0,1.8,0,0,6.8,0,8,0,7,0,0,0,0,0,0,0,0,7,0
9/30/1991,0,,5.2,0,0,0,0,0,0,0,1,0,0,0,0,0.1,0,0,0,0,0,0
10/1/1991,0,,0,0,0,0,0,0,0,0,0,0,14.8,0,0,0,0,0,0,12.3,0,0.6
10/2/1991,8.7,,0,0.4,2.5,0,78.5,9.4,0,1.9,8.8,9.5,2.6,0,1,0,0.1,0,5.9,4.8,0,23.1
10/3/1991,0,,0.9,0.2,0,0,22.3,2.8,0,177.5,0,0,8.3,0,0,0,0.2,0,100.3,1.1,0,38.8
10/4/1991,0,,0,4.2,0,3.6,40.9,0,0,180.7,0,1.3,6.1,0,4.4,0,0,0,3.3,0,0.9,0
10/5/1991,1.7,,0,0,0,0,3.1,2.1,0,12.5,0,0,1.6,0,0,0,0,0,0,6.3,0,0
10/6/1991,11.2,,0,1,0,0,0.3,0,1,0,7.6,6.1,5.1,0,0,3.8,1.4,1.9,0,9.2,3.2,0
10/7/1991,54.6,,56.8,26.3,12.7,0,0,57.6,9.7,18.3,14.3,42,0,7.4,14.1,17.8,9.6,32.2,7.7,24.4,0.4,1.8
10/8/1991,0.2,,3.6,0,0,1.8,0,0,0,0,0.1,0,0,1.6,0,0,1.5,0,0,0.4,0.2,8
10/9/1991,36.5,,26,17,17,13,3.7,6.1,43.7,0,20.8,1,0,28.1,0,6.6,7.9,22.6,0,0,2,0
10/10/1991,0,,0,0,0,0,0,0,0,24.5,0,1.6,0,0,0,12.9,0,0,0,0,3.4,0
10/11/1991,2.1,,0,0,0,0,4.1,0,0,0,0,0,0,0,0,24.8,0,0,0,0,2,0
10/12/1991,0,,0,0.4,0,0.3,0,0,0,0,0,0,0,0,0,0,0,0,0,0,0,0
10/13/1991,0,,0,0,0,5,0,3.3,0,0,1.1,0,0.1,0,0,0,0,0,0,0,0,0
10/14/1991,0,,0,0,0,0,29.5,0,0,0,8,0,20,0,0,4.7,0,0,22.2,28.7,18.7,17.5
10/15/1991,0,,0,16.1,32,0,0,20.1,0,0,41.2,9,1.4,0,15.9,23.9,0,0,0,0,0,19.6
10/16/1991,31.2,,6.8,16.4,80.8,0,1.8,8.3,0,0,0,25.4,0.2,0,2.8,0,0,0,0,0.9,0,0
10/17/1991,6.3,,6.8,0,0,0.5,0,3.9,4.3,0.6,0.2,2,7.9,4.3,0,4.7,30.4,1.9,6.7,3.9,34.1,0.8
10/18/1991,0,,0,0,0,1.1,0.8,14.1,0,0,0,0,13,0,0,0.2,0.3,0,1.5,31.1,0,22.4
10/19/1991,1,,0,12.8,0,0,0,1.1,0,0,0,0,0,0,1.8,1.6,0,0,0,0,13.1,0.3
10/20/1991,0,,0,0,0,0,0,0,0,4.3,0,0.6,0,0,0,3.7,0,0,0,0,4.1,0
10/21/1991,2.6,,0,24.7,0,14.5,0,0,0,0,3,0.3,0,0,0.3,0,7.4,0,0,0.1,0,0
10/22/1991,1.6,,5.5,0,0,30.2,0,0,0,0.6,0,1.2,0,1.5,0,0,7.6,0,0,0,3.6,11
10/23/1991,0,,0,0,0,1,0,6,0,0,0,0,0,0,0,0,0,0,0,7.5,6,3.7
10/24/1991,0,,0,0,0,0,0.3,21.4,0,0,0,18,0,0,0,21.5,0,0,0,0,17.2,0
10/25/1991,0,,0,7.7,0,0.3,0,1,0,0,4.6,0,0,0,0,0,0,0,5.8,0,0.7,0
10/26/1991,0,,0,0,0,0,0,0,0,14.6,1,0,0,0,0,0,0,0,2.4,0.2,0,5.2
10/27/1991,0,,0,0,0,0,0,0,0,0.6,21.8,0,0,1.5,0,0,0,0,0,0,0.4,0
10/28/1991,1.7,,1.9,21.7,0,0.3,0,9.8,5.4,0,14.7,0,0,0,0,0,4.8,0,0,0,7.3,0
10/29/1991,0,,0,0,0,0,0,0,0,0,0,4,0,12.6,0,0,0,0,0,0,0,0
10/30/1991,4.2,,0.3,2.6,6.9,15.1,0,7,0,0,23.3,0.5,0,0,22.3,0,57.2,0.5,0,0,2.4,0
10/31/1991,35.5,,0,0,0,0.5,0,0.2,0,4.6,0,0,0,0,0.7,0,0,0,0,0,0,4.4
11/1/1991,0,,0,0,0,0,0,0,0,0,15.5,0,0,0,9.4,0,0,0,0,0,0,0
11/2/1991,0,,0,0,0,0,0,0,0,0,0,0,0,0,0,0,0,0,0,0,0,0
11/3/1991,0,,0,0,0,0,0,1.1,0,0,0,0,0,0,0,0,0,0,0,0,0,0
11/4/1991,0,,0,0,0,0,0,0,0,0,0,6.7,0,0,0,0,0,0,0,0,27.2,0
11/5/1991,0,,2.2,0,14,0,0,0,0,0.3,9.6,0,0,0,0,0,0,0,0,0,0,0
11/6/1991,0,,0,0,0.3,2.5,0,0,0.4,0,7.1,0,0,0,2,0,0,0.1,0,0,0,0
11/7/1991,0,,1,0.3,0,5.6,0,1.3,0.2,0,3.8,0,0,0,0,0,0,0,0,0,1.3,0
11/8/1991,0,,0,6.1,12.2,0,0,0,0,0,0,0,0,0,0,0,0,0,0,0,0,0
11/9/1991,0,,0,0,0,0.5,0,0,0,0,0.4,0,0,0,0,0,0,0,0,0,0,0
11/10/1991,8.5,,0,9.2,0,0,0,0,0,7.2,0,4.2,0,0,7.9,5.3,0,0,0,0,0,0
11/11/1991,0,,0,0,0,0,0,0,0,0,0,5.5,0,0,0.2,8.3,0,0,0,0,0,0
11/12/1991,0,,0,0,0,0.3,0,0,0,0,0,0,0,0,0.5,0,0,0,0,0,0,0
11/13/1991,0,,0,0,0,0,0,0,0,0,0,0,0,0,0,0,0,0,0,0,0,0
11/14/1991,0,,0,0,0,0,0,0,0,0,0,0,0,0,0,0,0,0,0,0,0,0
11/15/1991,0,,0,0,0,0,0,0,0,0,0,0,0,0,0,0,0,0,0,0,0,0
11/16/1991,0,,0,11.6,0,0,0,0,0,0,0,0,0,0,6.2,0,0,0,0,0,0,0
11/17/1991,0.7,,0,7.5,0,2.8,0,0,0,0,0,0,0,0.4,0.3,0.4,13.2,0,0,0,0,0
11/18/1991,0,,0,9,10.4,4.6,0,0,0,0,0,0,0,0.6,0,0,6.5,0,0,0,0,0
11/19/1991,0,,0,0,0,5.6,0,0,0,0,0,0,0,0,0,0,0,0,0,0,0,0
11/20/1991,15.5,,0,0,0.3,0,0,40.5,0,0,0,0,0,0,0,0,0,0,0,0,0,0
11/21/1991,0,,0,0.2,0,9.1,0,0.1,0,0,2.2,0,0,0,3.5,0,0,0,0,0,0,0
11/22/1991,0,,0,5.6,0,0,0,0,0,0,0.6,5.9,0,0,1.9,0,0,0,0,0,0,0
11/23/1991,0,,0,0.2,0,0,0,6.8,0,0,0,0,0,0,0,0,0,0,0,0,6.8,0
11/24/1991,13.7,,0,0,0,0.3,0,0.6,0,0,0,0,0,0,4.8,0,0,0,0,0,0,0
11/25/1991,0,,5.9,0,1.8,1.8,0,0,0,0,0,0,0,0,0,0,0,0,0,0,0,0
11/26/1991,0,,0,1.2,8.6,6.1,0,0,0.1,0,0.1,0.4,0,0,20.8,0,0,0,0,0,0,0
11/27/1991,0.4,,0,28,0,3.9,0,0.4,0,0,0,0,0,0,9.9,0,8.5,0,0,0,0,0
11/28/1991,0,,0,6.4,0,0,0,0,0,0,0,0,0,0,0,0,0,0,0,0,0,0
11/29/1991,0,,0,0,0,4.8,0,0,0,0,0,1,0,0,0,0.2,0,0,0,0,0,0
11/30/1991,0,,0,0,0,6.3,0,0,0,0,0,0,0,0,0,0,1,0,0,0,0,0
12/1/1991,0,,17.4,0,14.2,8.4,0,0,0,0,33.6,0,0,0,0,0,0,0,0,0,0,0
12/2/1991,15.9,,7,4.5,0,3.3,0,0,0,0,12.7,0.1,0,0,0,0,0,0,0,0,0,0
12/3/1991,0,,0,0,0,0,0,0.6,0,0,0,0,0,0,0.7,25,0,0,0,0,7.2,0
12/4/1991,0,,0,0,0,0.3,23.9,2.5,0,5.8,0,0,0,0,0,0,0,0,0,0,13.2,0
12/5/1991,0.3,,0,0,0,0,0,0,0,0,0,0,0,0,0,0,0,0,0,0,0,0
12/6/1991,0,,0,0,0,0,0,0,0,0,0,0,0,0,0,0,0,0,0,0,0,0
12/7/1991,0,,0,0,0,0,0,0,0,0,0,0,0,0,0,0,0,0,0,0,0,0
12/8/1991,0,,0,0,0,0.3,0,0,0,0,0,0,0,0,0,0,0,0,0,0,0,0
12/9/1991,0,,0,0,0,0,0,0,0,0,0,0,0,0,0,0,0,0,0,0,0,0
12/10/1991,0,,0,0,0,0,0,0,0,0,0,0,0,0,0,0,0,0,0,0,0,0
12/11/1991,0,,0,0,0,0,0,0,0,0,0,0,0,0,0,0,0,0,0,0,0,0
12/12/1991,0,,0,0,0,0,0,0,0,0,0,0,0,0,0,0,0,0,0,0,0,0
12/13/1991,0,,0,0,0,0,0,0,0,0,0,0,0,0,0,0,0,0,0,0,0,0
12/14/1991,0,,0,0,0,0,0,0,0,0,0,0,0,0,0,0,0,0,0,0,0,0
12/15/1991,0,,0,0,0,0,0,0,0,0,0,0,0,0,0,0,0,0,0,0,0,0
12/16/1991,0,,0,0,0,0,0,0,0,0,0,0,0,0,0,0,0,0,0,0,0,0
12/17/1991,0,,0,0,0,0,0,0,0,0,0,0,0,0,0,0,0,0,0,0,0,0
12/18/1991,0,,0,0,0,0,0,0,0,0,0,0,0,0,0,0,0,0,0,0,0,0
12/19/1991,0,,0,0,0,0.5,0,0,0,0,0,0,0,0,0,0,0,0,0,0,0,0
12/20/1991,0,,0,0,0,0,0,0,0,0,0,0,0,0,0,0,0,0,0,0,0,0
12/21/1991,0,,0,0,0,0,0,0,0,0,0,0,0,0,0,0,0,0,0,0,0,0
12/22/1991,0,,0,0,0,0,0,0,0,0,0,0,0,0,0,0,0,0,0,0,0,0
12/23/1991,0,,0,0,0,0,0,0,0,0,0,0,0,0,0,0,0,0,0,0,0,0
12/24/1991,0,,0,0,0,0,0,0,0,0,0,0,0,0,0,0,0,0,0,0,0,0
12/25/1991,0,,0,0,0,0,0,0,0,0,0,0,0,0,0,0,0,0,0,0,0,0
12/26/1991,0,,0,0,0,0,0,0,0,0,0,0,0,0,0,0,0,0,0,0,0,0
12/27/1991,0,,0,0,0,0,0,0,0,0,0,0,0,0,0,0,0,0,0,0,0,0
12/28/1991,0,,0,0,0,0,0,0,0,0,0,0,0,0,0,0,0,0,0,0,0,0
12/29/1991,0,,0,0,0,0,0,0,0,0,0,0,0,0,0,0,0,0,0,0,0,0
12/30/1991,0,,0,0,0,0,0,0,0,0,0,0,0,0,0,0,0,0,0,0,0,0
12/31/1991,0,,0,0,0,0,0,0,0,0,0,0,0,0,0,0,0,0,0,0,0,0
1/1/1992,0,,0,0,0,0,0,0,0,0,0,0,0,0,0,0,0,0,0,0,0,0
1/2/1992,0,,0,0,0,0,0,0,0,0,0,0,0,0,0,0,0,0,0,0,0,0
1/3/1992,0,,0,0,0,0,0,0,0,0,0,0,0,0,0,0,0,0,0,0,0,0
1/4/1992,0,,0,0,0,0,0,0,0,0,0,0,0,0,0,0,0,0,0,0,0,0
1/5/1992,0,,0,0,0,0,0,0,0,0,0,0,0,0,0,0,0,0,0,0,0,0
1/6/1992,0,,0,0,0,0,0,0,0,0,0,0,0,0,0,0,0,0,0,0,0,0
1/7/1992,0,,0,0,0,0,0,0,0,0,0,0,0,0,0,0,0,0,0,0,0,0
1/8/1992,0,,0,0,0,0,0,0,0,0,0,0,0,0,0,0,0,0,0,0,0,0
1/9/1992,0,,0,0,0,0,0,0,0,0,0,0,0,0,0,0,0,0,0,0,0,0
1/10/1992,0,,0,0,0,0,0,0,0,0,0,0,0,0,0,0,0,0,0,0,0,0
1/11/1992,0,,0,0,0,0,0,0,0,0,0,0,0,0,0,0,0,0,0,0,0,0
1/12/1992,0,,0,0,0,0,0,0,0,0,0,0,0,0,0,0,0,0,0,0,0,0
1/13/1992,0,,0,0,0,0,0,0,0,0,0,0,0,0,0,0,0,0,0,0,0,0
1/14/1992,0,,0,0,0,0,0,0,0,0,0,0,0,0,0,0,0,0,0,0,0,0
1/15/1992,0,,0,0,0,0,0,0,0,0,0,0,0,0,0,0,0,0,0,0,0,0
1/16/1992,0,,0,0,0,0,0,0,0,0,0,0,0,0,0,0,0,0,0,0,0,0
1/17/1992,0,,0,0,0,0,0,0,0,0,0,0,0,0,0,0,0,0,0,0,0,0
1/18/1992,0,,0,0,0,0,0,0,0,0,0,0,0,0,0,0,0,0,0,0,0,0
1/19/1992,0,,0,0,0,0,0,0,0,0,0,0,0,0,0,0,0,0,0,0,0,0
1/20/1992,0,,0,0,0,0,0,0,0,0,0,0,0,0,0,0,0,0,0,0,0,0
1/21/1992,0,,0,0,0,0,0,0,0,0,0,0,0,0,0,0,0,0,0,0,0,0
1/22/1992,0,,0,0,0,0,0,0,0,0,0,0,0,0,0,0,0,0,0,0,3.2,0
1/23/1992,0,,0,0,0,0,0,0,0,0,0,0,0,0,0,0,0,0,0,0,0,0
1/24/1992,0,,0,0,0,0,0,0,0,0,0,0,0,0,0,0,0,0,0,0,0,0
1/25/1992,0,,0,0,0,0,0,0,0,0,0,0,0,0,0,0,0,0,0,0,0,0
1/26/1992,0,,0,0,0,0,0,0,0,0,0,0,0,0,0,0,0,0,0,0,0,0
1/27/1992,0,,0,0,0,0,0,0,0,0,0,0,0,0,0,0,0,0,0,0,0,0
1/28/1992,0,,0,0,0,0,0,0,0,0,0,0,0,0,0,0,0,0,0,0,0,0
1/29/1992,0,,0,0,0,0,0,0,0,0,0,0,0,0,0,0,0,0,0,0,0,0
1/30/1992,0,,0,0,0,0,0,0,0,0,0,0,0,0,0.6,0,0,0,0,0,0,0
1/31/1992,0,,0,0,0,14.5,0,0,0,0,0,3.6,0,0,0,0,0,0,0,0,0,0
2/1/1992,0,,0,0,0,0,0,0,0,0,0,0,0,0,0,0,0,0,0,0,0,0
2/2/1992,0,,0,0,0,0,0,0,0,0,0,0,0,0,0,0,0,0,0,0,0,0
2/3/1992,0,,0,0,0,0,0,0,0,0,0,0,0,0,0,0,0,0,0,0,0,0
2/4/1992,0,,0,0.4,0,0,0,0,0,0,0,0,0,0,0,0,0,0,0,0,0,0
2/5/1992,0,,0,0,0,0,0,0,0,0,19.4,0,0,0,0,0.8,0,0,0,0,2,0
2/6/1992,0,,0,0,0,0,0,0,0,0,30.4,0,0,0,75.4,3.1,0,0,0,0,14.9,0
2/7/1992,0,,0,0,0,0,0,0,0,0,0,0,0,0,0,0,0,0,0,0,0,0
2/8/1992,0,,0,0,0,0,0,0,0,0,0,0,0,0,0,0,0,0,0,0,0,0
2/9/1992,0,,0,0,0,0,0,0,0,0,0,0,0,0,0,5.2,0,0,0,0,0,0
2/10/1992,0,,0,0,0,0,0,0,0,0,0,0,0,0,0,1.2,0,0,0,0,4.7,0
2/11/1992,0,,0,5.5,0,0,0,0,0,0,0,0,0,0,18.6,0,0,0,0,0,0,0
2/12/1992,0,,0,0,0,0,0,0,0,0,0,0,0,0,0,0,0,0,0,0,0,0
2/13/1992,0,,0,0,0,0,0,0,0,0,0,0,0,5.6,0.2,0,0,0,0,0,0,0
2/14/1992,0,,0,0,0,0,0,0,0,0,0,0,0,0,0,0,0,0,0,0,0,0
2/15/1992,0,,0,0,0,0,0,0,0,0,0,0,0,0,0,0,0,0,0,0,0,0
2/16/1992,0,,0,0,0,0,0,0,0,0,0,0,0,0,0,0,0,0,0,0,0,0
2/17/1992,0,,0,0,0,0,0,0,0,0,0,0,0,0,0,0,0,0,0,0,0,0
2/18/1992,0,,0,0,0,0,0,0,0,0,0,0,0,0,0,0,0,0,0,0,0,0
2/19/1992,0,,0,0,0,0,0,0,0,0,0,0,0,0,0,0,0,0,0,0,0,0
2/20/1992,0,,0,0,0,0,0,0,0,0,0,0,0,0,0,0,0,0,0,0,0,0
2/21/1992,0,,0,0,0,0,0,0,0,0,0,0,0,0,0,0,0,0,0,0,0,0
2/22/1992,0,,0,0,0,0,0,0,0,0,0,0,0,0,0,0,0,0,0,0,0,0
2/23/1992,0,,0,0,0,0,0,0,0,0,3.6,0,0,0,0,0,0,0,0,0,0,0
2/24/1992,0,,0,0,0,0,0,5.8,0,0,0,5.5,0,0,0,0,0,0,0,0,0,0
2/25/1992,0,,0,0,0,0,0,0,0,0,0,0,0,0,0,0,0,0,0,0,0,0
2/26/1992,0,,0,0,0,0,0,0,0,0,0,0,0,0,0,0,0,0,0,0,0,0
2/27/1992,0,,0,0,0,0,0,0,0,0,0,0,0,0,1.1,0,0,0,0,0,0,0
2/28/1992,0,,0,0,0,0,0,0,0,0,0,0,0,0,0,0,0,0,0,0,0,0
2/29/1992,0,,0,0,0,0,0,0,0,0,0,0,0,0,0,0,0,0,0,0,0,0
3/1/1992,0,,0,0,0,0,0,0,0,0,0,0,0,0,0,0,0,0,0,0,0,0
3/2/1992,0.1,,0,0,0,0,9.1,1,0,0,0,26.7,0,0,15.7,3.7,0,0,35,0,25,32.2
3/3/1992,0,,0,0,0,0,0,2.6,0,0,1,1,0,0,0,0,0,0,0,0,0,0
3/4/1992,0,,0,0,0,0,0,0,0,0,17.2,0,0,0,0,0,0,0,0,0,0,0
3/5/1992,0,,0,22.1,0,0,0,0,0,0,3.6,2.8,0,0,43.4,0,0,0,0,0,0,0
3/6/1992,0,,0,0,0,0,0,0,0,0,0,0,0,0,0,0.6,0,0,0,0,0,0
3/7/1992,0,,0,14.3,0,0,0,0,0,0,0.5,0,0,0,1.3,0,0,0,0,0,0,0
3/8/1992,18.7,,0,1,1,6.9,0,0,0,0,26.9,5.6,0,0,51.1,0,0,0,0,0,0,0
3/9/1992,0,,1.1,0,0,0,0,0,0,0,0,0,0,0,0,0,0,0,0,0,0,0
3/10/1992,0,,0,0,3.1,0,0,0,0,0,0,0,0,0,0,0,0,0,0,0,0,0
3/11/1992,0,,0,0,0.3,6.3,0,0,0,0,0.2,0,0,0,0,0,0,0,0,0,0,0
3/12/1992,0,,0,0,0,0,0,0,0,0,3.5,0,0,0,0,0,0,0,0,0,0,0
3/13/1992,0,,0,0,0,0,0,10.6,0,0,0.6,0,0,0,0,0,0,0,0,0,0,0
3/14/1992,0,,0,0,0,0,0,0,2.9,0,8.6,0,0,40.2,0,0,23.3,19.9,0,0,0,0
3/15/1992,0,,11.3,0,0,0,0,0,0,0,0,0,0,0,0,0,0,0,0,0,0,0
3/16/1992,0,,0,0,0,0,0,0,0,0,0,0,0,0,0,0,0,0,0,0,0,0
3/17/1992,0,,0,0,0,1,0,0,26.1,0,0,0,0,0,0,0,0,0,0,0,0,0
3/18/1992,0,,0,19.4,31,2.8,0,8.3,44.4,0,14.2,0,0,21,0.7,10.1,13.3,6.1,0,0,0,0
3/19/1992,0,,35.8,0.2,5.3,0,0,23.4,0,0,3.3,0,0,0.3,0,0,0,0,0,0,0,0
3/20/1992,0,,0,0,0,0,0,0,0,0,0,0,0,0,0,0,0,9.2,0,0,0,0
3/21/1992,0,,0,0,0,9.6,0,0,2.6,0,0,0,0,0,0,0,6.3,0.5,0,0,0,0
3/22/1992,0,,0,0.7,0.8,1.8,0,0.4,0.4,0,0.2,0,0,0.5,0.6,0,0.1,0,0,0,0,0
3/23/1992,0,,0,0,0,0,0,0,0,0,0,0,0,0,21.1,0,0,0,0,0,0,0
3/24/1992,12.7,,0,5.3,0,0,0,0,0,0,0.5,16.9,0,0,0,1.3,0,0,0,0,1.8,0
3/25/1992,0,,0,0,0,0,0.5,0,0,0,0,0.3,0,0,0,2,0,0,0,0,7,4.5
3/26/1992,25.4,,0,5.8,0,12.7,0,0.3,16.8,0,7.6,21,0,0,5,0,4.3,0,0,0,0,0
3/27/1992,0,,20.6,0,15.2,0,0,0,0,0,0,0,0,0,0,0,0,0,0,0,0,0
3/28/1992,0,,0,0,0,0,0,0,0,0,0,0,0,0,0,0,0,0,0,0,0,0
3/29/1992,0,,0,0,0,0,0,0,0,0,0,0,0,0,0,0,0,0,0,0,0,0
3/30/1992,0,,0,0,0,0,0,0,0,0,0,0,0,0,0,0,0,0,0,0,0,0
3/31/1992,0,,0,0,0,0,0,0,0,0,0,0,0,0,0,0,0,0,0,0,0,0
4/1/1992,0,,0,0,0,0.8,0,0,0,0,0,20,0,2.7,0.9,0,0,0,0,0,0,0
4/2/1992,6.2,,0,0,1.8,7.9,0.5,1.7,0,0,8.9,9.4,0,0,60,1.3,2.7,0,0,0,0.6,0
4/3/1992,20.4,,0,0,2.8,0,1.3,0.5,0,13.6,0.6,32.2,0,0,8.7,68.4,0,0,0.2,0,44.9,25.2
4/4/1992,0,,31.1,0,0,0,0,0,0,0,0,0,0,0,0,0,0,0,0,0,0,0
4/5/1992,1,,0,1.2,0,11.2,12.2,0,0,3.9,0,6.3,0,0,0.4,22.9,6.3,0,7.2,0.1,3.4,26.4
4/6/1992,0,,0,0,0,1.6,0,0,0,0,0,0,0,2.3,0.1,0,0,0,0,0,0,0
4/7/1992,18.5,,0,5,1.3,0,0,29.8,0,0,1.5,26,0,0,16.3,7.1,0,0,0,0,6.7,4.4
4/8/1992,0,,0,13.5,0,0,0,0,0,0,4.5,0,3.7,0,0,0,0,0,0,0,0,0
4/9/1992,7,,0,4.8,0,0.3,0,0,0,0,0.6,11,4.9,0,0.9,27,0,0,1.1,0,60.9,0
4/10/1992,2.6,,0,0,2.5,1.3,0,7,0,8.6,16.5,0.6,22.1,0.1,0,0,11.3,0,19.3,1.3,0,0.2
4/11/1992,0,,0,6,1.3,0,0,0,0,0,13.5,0.5,15.8,1.2,31.2,29.6,0.3,1.3,0,18.4,0,0
4/12/1992,0,,0.6,18.1,0,41.7,0,0,6.9,0,0,1.8,0,3.3,0,7,8.7,3.7,0,0,0,0
4/13/1992,0,,0,0,4.8,0,0,0,0,0,31.6,0,0,0.3,5.5,0,0,2.4,0,0,0,0
4/14/1992,0,,0,0,0,0,0,0,0,0,0,0,0,14.6,0,0,0,2.6,0,0,0,0
4/15/1992,0,,0,0,0,0,0,0,0,0,0,0,0,0,0,0,0,23.8,0,0,0,0.1
4/16/1992,13.8,,0,32.9,26.4,17.2,0,26.7,55.4,19.1,23.9,6.9,0,0,14.5,0,83.5,1.2,0,0,0,0
4/17/1992,0,,17.5,0,0,1.8,0,0,0,0,0,0,0,0.4,0.5,2.6,0.4,0,0,0,0,0
4/18/1992,0,,0,0,0,0,1,0,0,0,0,0,0,29.7,0,0,0,0,3.7,0,25.1,0.5
4/19/1992,12.5,,0,4.5,1,0,0,9.5,0,0,0.4,3.5,0,0,25.1,9.1,0,0,0,0,0,0
4/20/1992,3.9,,0,0.3,0,1.8,0,5.5,0,13.7,0,0,0,0.6,0,0,0.2,0,0,1.5,0,0
4/21/1992,2.6,,0,2.1,0,0,0,0.5,0,0,0,0,0,0,0,0,0,0,0,0,0,0.2
4/22/1992,0.4,,0,0,0,0,0,0,0,0,2.7,0,7.9,0,0,0,0,0,5.8,6.8,7.4,0
4/23/1992,0,,0,12.5,0.3,0.3,2,0,0,0,17,11.9,0,0,0,2,0,0,7.1,0,2.4,0
4/24/1992,0,,0,3.4,0,0,0,0,0,0,3.9,0,0,0,0,0,0,0,0,0,0,0
4/25/1992,0,,0,8.9,0,20.3,0,0,0,0,0,0,4.4,0,11.2,5.1,0,0,0,0.1,0,0
4/26/1992,0,,0,1.6,0,0,0,0,0,0,9.2,0,0,0.3,0,0,0.1,0,0,0,0,0
4/27/1992,6.8,,0,4.7,0,20.1,0,0,0.3,0,0,1.2,0,0,9,0,0,0,0,0,33,0
4/28/1992,0,,0.8,0,0.3,3.3,0,0,1.8,0,0,0,0,27.2,3.3,0,1,0,0,0,0,0
4/29/1992,23.2,,0.2,0,14,0,0,0,0,0,0,21.5,0,0,2.3,6.4,0,0,0,0,0,4.1
4/30/1992,0,,0,0,0,0.8,0,4.1,1.5,0,0,0,0,0,15.8,0,0,0,0,0,0,0
5/1/1992,0,,0,0,0,0,0,0,0.5,0.4,0,1.6,4.6,0,0,0,0,0,4.6,18.5,18.5,21.7
5/2/1992,2,,0,0,0.3,0.8,0,0,0,0,0,0,0,0,0,13.3,2,0,0,0,5.2,0
5/3/1992,2.8,,0,0,0,0.3,0,0,0,0,0,0,3,0,0,0,0.2,0,0,23.5,0,0
5/4/1992,3.7,,0,5.1,15.2,1,0,0.1,16.5,0,10.4,0,14.2,7.9,0,0,77.1,0,25.4,0,0,22.4
5/5/1992,0,,27.6,0.3,0,15,2.3,0,1.8,16.2,0.3,28.1,22.9,3.8,10.1,17,10.9,10.4,11,36.8,18.8,4.1
5/6/1992,0,,0,19.3,0,5.6,0,0,0,0,0,0,0,0,16,0,0.2,0.5,0,0,0,0
5/7/1992,16.9,,0,1,38.9,8.6,0,19.5,41.1,20.9,39.6,0.9,0,60.9,0,5.8,46.9,79.3,0,0,0,0
5/8/1992,0,,53.5,0.8,0,4.6,0,0,0.6,0,0.6,0,0,1.5,7.1,0,3.6,0.3,0,0,0,0
5/9/1992,0,,0,2.8,0,12.5,0,0,2.2,0,0,0,0,5,0,0,0.1,0.5,0,0,0,0
5/10/1992,0,,0.2,0,5.6,14,0,9.7,0,0,4.3,0,0,4.8,1,0,7.3,22.2,0,0,0,0
5/11/1992,0,,14.3,0,0,67.8,0,0,0,0,1,0,0,0.2,0,0,19.1,0.3,0,0,0,0
5/12/1992,0,,0,0,0,16,40.4,0,0,0,0,0.5,66,0,0,0.5,0,0,0,23,0,20.9
5/13/1992,1.2,,0.5,0,0,5.1,0,1.3,0,0,0,0,0,9.4,9.1,0,5.9,0,0,0,0,0
5/14/1992,0,,0,0,0,1,0,0,0,0,0,0.4,0,0,0,0,0,0,3.2,0,0,14.7
5/15/1992,16.3,,0,0.7,0,6.1,0.8,0,0,19.8,11.7,1.6,9.7,2.1,0,0,0,0,0,1.4,1.3,0.2
5/16/1992,6.4,,0,32.8,70.6,0,8.6,0.5,0,0,3.8,39.3,1,0,32.2,0,0,0,7.6,1,0,6.6
5/17/1992,0,,18.3,0,0.3,0,0,1.1,0,0,18.8,18.9,0,0,0,6.2,0,0,0,0,20.2,0
5/18/1992,8.8,,0,17.7,8.1,1.5,0,0,0,0,10.3,9.6,0,0,38.2,31.1,0.9,0,0,5.3,0,0
5/19/1992,0,,15.6,2,3.6,34.6,0,0,0,29.9,0,0,0,0,0,16.9,5.2,0,0,0,0,0
5/20/1992,32.6,,0,64.8,103.3,109.1,9.2,4.7,79.3,0.6,38.1,8.2,0.7,10,62.1,13.7,11,88.3,0,0,22.2,6.2
5/21/1992,21.3,,29.4,15.4,4.9,90.9,0,5.7,4.1,0,0.5,5.6,0,0.6,10,6.4,22.1,7.1,2.4,0.2,49.7,0
5/22/1992,3.8,,6,5.4,0.5,8.9,0.8,4.6,0,0,24.6,0.1,0,0,0,1.8,0,0.2,0,0,10.1,0
5/23/1992,6.5,,3.7,0.5,0,0,15.8,16.1,0,0,5.1,0,17.1,0,1.8,0.5,0,0,3.7,19.1,16,0
5/24/1992,0,,0,0,0,0,0,0.1,0,0,0,15.5,0,0.7,20.4,2.2,0,0,0,0,5.9,0
5/25/1992,1.2,,0,7.4,0,1.8,2,0,1.3,18.6,0,14,1,0,1.3,12.8,0,26.5,0,0,39.9,3.1
5/26/1992,21.2,,0.3,8.2,0.3,20.8,0,35.9,21.9,4.6,8.2,4.3,0,29.8,3.4,0.2,14.8,17.3,2.1,6.2,39.9,2.4
5/27/1992,0.2,,1,0,0,6.4,0,0,0,0,0,0,0,0,0,0,3.3,0,0,0,0,0
5/28/1992,0,,0,0,0,0,12.7,0,0,0,0,0,13.2,0,0,0,0,0,8.4,1.2,0,0.2
5/29/1992,0,,0,0,0.3,2.3,0,0,0,0,0.7,1.7,0,0,0,29,0.1,0,0,0.5,3,0.7
5/30/1992,0,,0,0,0,0,0,0,0,16.3,0,0,0,0,0,0,0,0,0,0,0,0
5/31/1992,0.5,,0,0.7,0,30.7,0.3,0,1.8,0,0,0,0,0,0,0,0.3,1.4,0,0,0,0
6/1/1992,0,,0,2,0,196.3,6.3,1,0.1,0,4.2,0.2,39.7,125.5,0,0,42.1,2.3,22.3,17.8,8.9,20.6
6/2/1992,2.3,,0.6,1.2,2.5,27.2,0,0,0.2,4.3,0,0,0,13.4,0,0,124.6,0.8,0,0,0.8,18.5
6/3/1992,0,,10.7,0.2,0,4.6,13.7,0,0,34.9,0,0,17.6,0,0,1.4,0.2,0,13.7,10.6,3,5.6
6/4/1992,12.3,,0,0,0,0,12.2,0,0,2.7,0.7,0,0.7,0,1.1,2,6.6,0,0,31.6,2,1.4
6/5/1992,5.8,,0,0,0,0,0,0.3,0,1.1,2,0.7,0,0,0.5,6.5,0,0,0,0,17.4,0
6/6/1992,4.1,,0,0.4,0,9.4,0,0,1.3,9.3,0,0.1,0,0,2.3,0,0,0.1,0,0,0,0
6/7/1992,7.7,,0,14.1,0.8,62.9,1.8,0,0,0,10.6,34,0,0,12.3,5.4,6.1,0.1,0,0,15.9,0
6/8/1992,2.4,,0,23,0,24.7,22.3,0,6.9,47.5,1.8,6.2,26.5,0,26.5,4.8,9.3,10,5.6,31.1,41,25
6/9/1992,0,,0,0,0.5,0,0,0,0,0,0,0,0,0,0,0,0,1,0,0.7,0,0
6/10/1992,14.4,,0.8,23.3,1,0,0,0,0,0,12.2,0,0,0.4,4.4,0,0,0,0,0,0,0
6/11/1992,0,,5,0,0,0,0,0,0,0.5,0,0,0,0,0,0,0,42.5,0,0,0,0
6/12/1992,3.5,,0.3,0,0,0,0,1.9,10.2,0.3,0.2,0,21.1,0.7,0,0,0,11.3,4.2,52.5,0,2
6/13/1992,49,,0,2.4,0,89.9,0,0.4,50.3,0,0.1,8.8,0,6.2,0.5,0,42,2.6,0,0,0,1.2
6/14/1992,0.5,,0,0,15,18,24.2,36.2,0,1,0,7.4,2.9,0.2,5.1,0,6.5,1.2,29.2,8.4,10,26.9
6/15/1992,0,,0.3,11.7,0,2.1,0,5.1,0.3,8.8,0.2,0.5,0,3.8,0,9.4,0,0,0,0,14.9,0
6/16/1992,0,,0,0,0,0,0,0.9,0,20.3,0,0.1,17.2,0,14.2,0,0,0,0,0,0,0
6/17/1992,22.5,,0,26.4,20.3,0,0,20.2,12.9,18.1,18.3,28.2,0,4.7,35.9,4.2,0.3,7.5,0,32.8,0.7,0
6/18/1992,0.4,,20.8,52.8,0,0,0,0,0,0,0,0,0,0,0,0,0,0,0,0,0,0
6/19/1992,0,,0,0,0,0,0,0,0,0,0,0,0,0,0,84.4,0,0,0,0,6.8,0
6/20/1992,1,,0,0,0,0,1.5,0,0,21.9,0,0,0,0,0,11.3,0,0,4.8,0,17.1,2.5
6/21/1992,0,,0,0,0,0,0.5,0,0,0.8,0,0,0,0,0,0,0,0,0,0,0,0
6/22/1992,0.8,,0,0,0,0.8,0,0,0,0,0,0,0,1.4,0,0,0,0,0,0,0,0
6/23/1992,0,,0,0,0,0,0,0,0,0,0,0,14.5,0,0,0,0,0,0,0,0,0
6/24/1992,2.6,,0,6.7,1,0.3,0,2.7,10.8,0.8,6.3,41,0.6,0,1.2,0,2,0.6,0,0,0,0
6/25/1992,0.2,,0,0.9,0,0,2.8,0,0,0,1.8,0.7,1.9,0,0.3,0,0.2,0,45.8,0.2,0,4.2
6/26/1992,0.7,,0,0,0,0,0,5.1,0,18.6,0,0.2,0,0,0.1,0.7,0,0,0,0,2.7,1.5
6/27/1992,7.6,,1,5.6,0,0,4.1,0.1,0,64.8,0.2,1.5,10,0,28.2,16.7,0,0,0,19.3,13.4,5.2
6/28/1992,0,,0,0,0,0,0,0,0,1.7,0,3.1,0,0,0.3,0,0,0,0,0,0.2,0
6/29/1992,0,,0,0,5.6,2.3,0,0,0,0,0,0,0,0,0,0.2,1,0,15.9,0,0,6
6/30/1992,0.5,,0,0,0,0,5.6,0.5,0,0,0,0,0,0,0,0,0,0,0.4,0.3,0,0.2
7/1/1992,0,,0,1,0,0.3,0,0,0,0,0,0,0,0,1.2,0,9.7,0,0,0,0,0
7/2/1992,0,,0,0.9,0,0,27.7,0.3,0,0,0,0.2,22.9,0,0,33.1,0.4,0,7.4,25.8,64.8,23.2
7/3/1992,0,,0,0,0,0,0,0,0,0.5,0,9.6,0,0,0,0,2.1,0,0,0,0,1.6
7/4/1992,14.2,,0,25.4,32,0,0,1.9,7.4,64.6,16,2.7,0,2.5,9.9,0,0,2.9,0,0,0,0
7/5/1992,0,,2.4,0.2,0,43.2,18.8,4.5,0,2.1,0,0.3,2.6,0,15.2,0.7,4.1,0,31.8,63.6,0,13
7/6/1992,0.2,,0,0.7,0,14,0,0.7,2.4,10.7,0.7,0,0,1.8,0,1.3,2.8,1.2,0,0.1,2.4,0
7/7/1992,0,,0,0,0,0,0,0,0,0.3,0,0,61.3,0,2.2,0,0,0,0.2,7.4,0,0
7/8/1992,0,,0,0,0,0,0,0,0,0,0,0,23.3,0,0,0,0,0,14.3,0,0,4.3
7/9/1992,0.1,,0,1.4,0,0,7.4,0,0.3,0.4,0,0,1.9,0,0,1,0,0,0,4.8,0,0.4
7/10/1992,0,,0,2.2,0,1,0,1,0,0,0,2.8,0,0,0.7,0,0,0,0,0,0,0
7/11/1992,0,,0,0,0,0,0,0,0,0,0,0,0,0,0,0,0,0,0,0,0,0
7/12/1992,0,,0.4,0,0,0.8,0,0,0,0,0,0,0,0,0,0,1.6,0,0,0,0,0
7/13/1992,1.3,,0,21.5,0,8.4,0,0,17.8,0.8,0,0.1,0,0.7,8.8,0,1.7,0,1.7,0,0,54.2
7/14/1992,0,,0,9.6,19.8,6.3,0,15.6,0,8.8,26.2,2.9,30.3,0,0,4.3,3.3,0,2.6,0,6.5,12.9
7/15/1992,0,,1.7,1.3,0,0,25.7,0.5,0,1,2.8,1,0.6,0,21.2,2,0.1,0,31.2,9.2,0.8,11.8
7/16/1992,0,,0,0.3,24.7,2.6,0.8,0.2,0,21.7,4.6,0,0,0,0.1,0,12.8,0.2,0,0,0,0
7/17/1992,0,,0.5,0,0,0,0,0,0.1,0.7,6.4,0,0,0,0,0,3.6,0,7.1,0,0,0.9
7/18/1992,30,,0,0,5.6,5.6,3.6,0.3,0,0.9,31.2,23.4,1.8,7.3,4.3,28.6,12.3,0,4.3,2.7,21.8,27.6
7/19/1992,0,,0.5,42.9,0,1.3,0.8,0,13,0,12.4,18.2,0,1.1,8,0,7.9,1,0,0,6.8,0
7/20/1992,0.5,,0,2.7,0.5,0.5,0,0,12.7,0,5.9,0.5,0,1.5,0,0,0.4,19.2,0,0,0,0
7/21/1992,0,,0,0,0,0,0,3.9,0,0,0.3,0.8,0.2,1,6.2,0,0.8,0,0,0,0,0.8
7/22/1992,0,,0,10.6,0,8.7,23.1,1.1,0,0,1,0,45,0,2,0,4.3,0,0.9,3.6,0,0
7/23/1992,0,,0,0.2,0,0.3,4.3,0,0,35.4,0.2,8.6,0,0,0,0,2.9,0,0,1.5,0,10.6
7/24/1992,0,,0.3,0,0,0.3,0,0.6,1.3,2.5,0,0.4,0,1.7,0,0,0,0,0,0,0,0
7/25/1992,0,,0,2.1,0.3,0,0,4.9,0,0,17.4,0,52.6,2.4,0,0.5,0,0,1.9,5.5,0,45
7/26/1992,0,,0,0,0,0,0,8.5,0,0,0,0,1.2,0,0,0,0,0,0.4,0.5,0,0
7/27/1992,0,,0,2.8,0,0,0,0.7,0,0,0,0,0,0,0.3,0,0,0,12.9,0,0,0
7/28/1992,0,,0,0,0,0.5,0,0,0,0,0,0,0,0,0,0,0,0,0,0,0,0
7/29/1992,0,,0.3,0,0,0,0,0,0,1.1,1.5,0,0,0,0,0,0.5,0,0,0,0,0
7/30/1992,0,,0,0,0,0,4.4,8.3,0,3.6,10.6,0,0,0,0,0,0.3,0,0,0,0,0
7/31/1992,0,,0,0,0,0,0,0,0.7,4.7,0.2,7.7,0,1,0,12.3,2.2,0,0,0,0,0
8/1/1992,0,,0,0,0,0.3,0,0,0,0,0,0.2,0,0,1.5,0,0,0,0,0,0,0
8/2/1992,0,,0,0,0,0,0,0,0,0,0,0,0,0.4,0,0,0,0,0,0,0,0
8/3/1992,0,,0,0.1,0,0,0,0.1,0,0,0.5,0,0,0,0,0,0,0,0,0,0,0
8/4/1992,0,,0,0.4,0,0,0,2,0,0,0.2,0,0,1.8,1,0,0,0,0,0,0,0
8/5/1992,0,,0,0,0,0,0,0,0,0,0,0.4,0,0,0,0,0,0,0,0,0,0
8/6/1992,0,,0,0,0,0,0,0,0,0,0,0,54.4,0,0,0,0,0,0,5.6,0,0.7
8/7/1992,0,,0,0,0,0,0,0,0,1.7,0,0,0,0,0,0,0,0,0,0,0,2.6
8/8/1992,0,,0,0,0,0,0,0,0.6,0,0,0,0,0,0,0,0,0,0,0,0.2,0
8/9/1992,0,,0,0,0,0,0,0,0,0,0,0,0,0,0,0,0,0,0,0,0,0
8/10/1992,0,,0,0,0,0,0,0,0,0,0,0,29.8,0,0,0,0,0,11.1,1.5,0,0
8/11/1992,0,,0,0,0,0,0,0,0,20.1,0,0,0,0,0,0,0,0,0,0,0,0
8/12/1992,0.4,,0,0,0,0.3,24.6,0.1,0,2.4,0,0.8,26.3,0,0,0,0.3,0,4.9,17.8,8,10.7
8/13/1992,0,,0,0,0,0,0,5,0,1.1,3.1,0.1,0,0,0,0,0,0,0,0,0.3,0
8/14/1992,0,,0.3,2,0,0,0,0,0,0.8,0,0,0,0,0,0.1,0,0,0,0,0,0
8/15/1992,0,,0,0.6,0.8,0,0,0,0,0,0,0,0,1.2,0,0,0,0,0,0.2,0,0
8/16/1992,0,,0,0.4,0,0,0,0,0,0,0,0,2.8,0,0,0,0,0,0,0,0,0.6
8/17/1992,0,,0,0.7,0,0,0,0,0,0,0,0,0.5,0,0,0,0.3,0,0,0,0,1.2
8/18/1992,0,,0,0,0,0,0.3,0,0,0,0,0,0,0,0,0,0,0,1.2,0.1,0,11.6
8/19/1992,0,,0,0,0,0,0,0,0,0,0,0,0,0,0,0,0,0,0,0.5,0,0
8/20/1992,0,,0,0,0,0,0,0,0,0,0,0.3,0,0,0,0,0,0,0,0,0,13.2
8/21/1992,0.8,,0,0,0,0,46.5,0,3.1,0,0,1,4.3,0,0,0,1.4,0,22.6,7.4,1.7,14.6
8/22/1992,0,,2.7,0,0,1.8,0.3,1.7,0,0,0.3,0,13.4,0,1.3,0,0.5,0,0,32.2,0,2.2
8/23/1992,0,,0,0.4,0,0,0,0,0,0,0,0,2.9,0,0.8,0,0,0,0,0,0,0.7
8/24/1992,0,,0,0,0,1.8,0,0,0,0,0,0,14.8,0,2.1,0,0,0,0,0,0,0
8/25/1992,0.2,,0,0,4.1,0,0.3,0,0,23.3,0,0,8.6,0,0,0,0,0,0.1,3.4,0,5.2
8/26/1992,2.7,,0,43.6,0,0,9.1,0.3,0.8,31.4,7.6,26.5,0,1.8,2.5,1.4,0,0,0,26.1,3.1,0
8/27/1992,1,,0,0.8,0,0,1,0.2,0,0.3,0.6,1.1,1.7,0,0,0,0.4,0,0,0,0.2,0
8/28/1992,0,,0.4,0,0,0,0,0,1,0,0,0,5,0,0,0,0,1.6,0,0,0,0
8/29/1992,0,,0,0,0,0,0,0,2,0,0,0,1.2,0,0,0,0,0,0,0,0,0
8/30/1992,0,,0,0,0,0,0,0,1,0,0,0,34.9,0,0,0,0,0,1.1,3.7,0,0
8/31/1992,0,,0,0,0,0,8.1,0,0,0,0,0,10.9,0,0,0,0,0,4.2,0.7,0,4.2
9/1/1992,0,,0,0,0,1.5,0,0,0,0,0,0,0,0,0,0,1.5,0,0,0,0,0
9/2/1992,0,,0,0,0,0,1.8,0,0,0,0,0,8.3,0,0,0,0,0,0,42.2,0,0
9/3/1992,0,,0,0,0,0,0,0,0,0,0,0,6,0,7.3,0,3.1,0.2,0,0.8,0,2.5
9/4/1992,21.1,,0,0,0,0,0,0.4,0,0,0,0,0,0,0,0,0.5,2.2,0,0,0,40.6
9/5/1992,0.8,,0.6,0,4.3,2.5,37.1,13.9,0.7,14.8,2.8,0.4,39.2,0,0,17.4,0,0,32.2,14.7,36.5,8.3
9/6/1992,1.6,,1.6,0,0,0,6.1,0,0,0.7,1.1,4,10.1,0,4.4,3.5,0.6,0,16.1,12,2.6,10.5
9/7/1992,0,,0,0,0,0.5,0.5,0,0,0,0,0,0,0,0.3,0,0.2,0,0,4.3,0,0
9/8/1992,0,,0,0,0,0,14,0,0,0,3.8,0,0,0,0,1.2,0,0,32.3,1.3,1.4,30.2
9/9/1992,3.7,,0,7.6,0,5.6,0.3,3.7,0,13.1,6.6,0,2.6,0,0.1,0,0,0,6.4,0.8,0,0
9/10/1992,4.2,,0,1.6,1,0.6,16.8,0,0.5,68.5,0.5,5.4,5.8,2.7,1.6,32.4,0.1,0,0,12.7,22.9,6.8
9/11/1992,0,,0,0.3,0.5,0,0,21.9,0,0.3,0.1,0.2,0,0.3,0,0,0,0.3,0,0,0,0
9/12/1992,0,,0.2,0,0,0,0,0.1,0,9.3,1,0,0,0,0,0,0,0,0,0,0,0
9/13/1992,21.3,,0.6,16.6,1,0.8,2,6.2,0,19.1,9.7,111.7,6.8,0,10.6,29.2,0,0,5.1,0.4,26.1,1.8
9/14/1992,3.6,,4.3,1,0,0.5,43.2,0,0.3,0,5.3,0,43.5,2.1,0,0,1.1,0,19,39,0,9.8
9/15/1992,1.4,,7.3,12.7,0.3,3.1,1.3,0,0,0,3.3,0,5.9,2,0.4,0,1.8,0,1,2.5,0,0
9/16/1992,0,,1.9,0,3.1,1.8,35.9,1.3,1.4,0,1,4,14.4,0,0.4,17,0.2,0.1,0,17.2,25.5,0
9/17/1992,0.3,,5.9,1.9,2.3,0.8,0,2,0,18.5,0,20.5,0,0,100.4,22.1,0,0,0,0,0,0
9/18/1992,35,,0,0.2,0,44.5,0,0,0,2.4,1,18,1.6,0,4.5,6.3,9.3,0.1,4.7,0,5,9.4
9/19/1992,2.8,,0,2.8,0,9.7,5.4,11.4,1.4,3,0,26.9,5.8,0,0.6,0.6,9,0,9.8,1.7,11.2,51.4
9/20/1992,24.3,,0,0,4.8,0,52.8,28.8,0,13.1,0,44.5,0,0,17.4,31.3,0,0,18.3,0.7,65.2,1.1
9/21/1992,12,,0,7,0,0,0.3,0,1,0.4,0,7.7,0,0,0,0.3,6.2,0.6,0,0,0,0.8
9/22/1992,15.4,,16.9,4.9,8.1,20.8,7.9,35.1,2,3.3,5.3,31.7,0,40.3,43.2,4.2,0.4,0,0,0,8.1,0
9/23/1992,0.2,,0,15.1,10.9,0.5,0,0,0,0,27.4,6.8,0,2.1,7.2,0,0,0,0,0,0,0
9/24/1992,0,,0,25.1,0,0.3,20.3,0.6,0,0,0,0,0,0,1.7,0,1.5,0,0,0,2.6,0
9/25/1992,0,,0,0.2,0,0.3,11.2,4.9,0,14.6,0,0,0,0,0.2,1.2,0,0,0,0,7.9,2
9/26/1992,8.6,,0,0,0,9.9,0,0,0,0,0,9.1,0,0,0.3,7,8.5,0,0,0,7.3,0
9/27/1992,14.5,,0,1.8,0.6,1.8,12.5,5.2,0,0.4,1.8,11.2,0,0,0,0,0,0,5.1,0,17.7,9.4
9/28/1992,0,,9.6,0,0,1,3.6,0,0.3,0,6.1,2.9,0,4.1,7.6,1.4,0.2,0,0,0,7.1,0
9/29/1992,4,,0,1.3,0,0.3,0,18.2,0.6,0.4,2,0,4,0.2,0.2,22,0,1.1,29.2,21,12.1,30.7
9/30/1992,1.2,,63.5,0,0,0.8,21.6,10.5,0,24.5,0,7.8,0.1,0,0,6.5,0,0,6.9,9.1,8.3,12.3
10/1/1992,5.7,,0,0,0,0,0,0,0,0,0,0.5,0,0,0,12.2,0,0,0,0,23.6,0
10/2/1992,0,,0,16.4,0,0,0,0,0,0,0,0,0,0,0,0,0,0,11.3,0,0,0.4
10/3/1992,0,,0,4,0,0,11.7,0,0,0,0,1.6,0,0,2.1,3.5,0,0,0,0,0,0
10/4/1992,0,,0,0.5,0,0,0,0,0,0,7.9,0,0,0,8.2,0,0,0,0,0.1,0.5,0
10/5/1992,0,,0,0.8,19.6,0,0,0.1,0,2.3,8.6,0,0,0,0,0,0,0,0,0,0,0
10/6/1992,0,,0,0,0,0,0,0,0,0,10.6,0,0,8,0,0,0,0,0,0,0.9,0
10/7/1992,0,,4.9,36.7,47.2,1,5.6,0,0,0,32.4,2.3,26,0,9.3,13.2,0.2,0,4.2,6.5,8,8.8
10/8/1992,0,,18.3,0,0,1.3,0,0,0,0,0,0,0,0,0,0,0,0,0,0,0,0
10/9/1992,0.5,,0,0.2,13.4,0,0,14.5,0,0,9.3,0.8,27.5,0,39.2,23.4,0.5,0,0.7,14.6,18.6,6.7
10/10/1992,30,,2.1,0,0,0,1.8,11.6,1,28.7,0,0,5.1,0.4,0,33.8,0,4.3,18.5,42.6,5.2,10.3
10/11/1992,44.6,,0,18.8,0.8,1.8,0,0,19.9,0,8.6,26.1,0,2,1.3,3.7,4.3,9.8,0,0,2.8,0
10/12/1992,9,,0,8.2,56.9,0.5,0,6.2,0,21.6,0,12.7,0,0,1.6,0,3.9,0,0,0,1.2,15.4
10/13/1992,0,,2,2.9,0,12,0,4,0.6,0,0,0,0,0,0.7,0,0,0,0,0,0,0
10/14/1992,0,,0,15.5,0,6,0,0,0,0,0,0,0,0,0.2,0,1.1,0,0,0.5,1.7,21.7
10/15/1992,0.3,,0,0,0,6.8,0,3.9,0,0,3,0,0,0,0,0,1.7,0,0,0,0,0
10/16/1992,1.8,,0,11.8,0.5,6.6,0,10.2,4.7,0,2.8,0,0,0,19.6,0,2.2,0,0,2.4,5.7,0
10/17/1992,1.4,,0,5,1,16.3,0,23.3,3.1,0,6.3,2.2,0,6.4,61.3,6,1.7,1,0,0,0.3,0
10/18/1992,5,,0,0.5,0,0.5,0,0,0,0,0,0,0,4.9,0,0,0,0,0,0,0,0
10/19/1992,7.2,,0,8.8,3.8,0.5,10.9,9.9,0,0,0,0,0,0,7.8,2.6,0,0,0,0,0.4,2.1
10/20/1992,3.3,,0,0.2,1.5,88.9,0,7,1.5,0,0,2.3,0,0,2.8,28.4,4.2,0,0,0,2.2,0
10/21/1992,3.1,,0,8.2,0,52.4,0,0.5,3.3,0,0,0,0,2.2,4,1.2,45.3,1.2,0,0,18.8,9.2
10/22/1992,0.5,,0,0,0,32.7,0,4.5,0,0,3.2,0,0,0.8,15.4,0.2,57.6,0,0,0,0,0
10/23/1992,0.4,,0,1.5,0,52.8,0,8.7,1,0,20.5,0,0,0,1.6,0,45.5,0,0,0,0,0
10/24/1992,0,,13.9,0,0,5.1,0,6.1,0,0,0,0,0,1,0,0,0,0,0,0,0.1,0
10/25/1992,0,,0,0,0,0,0,0,0,0,0,0,0,0,0,0,0,0,0,0,0,0
10/26/1992,0,,0,0,0,0,0,0,0,3.6,0,0,0,0,0,3.5,0,0,0,0,15.1,0
10/27/1992,0,,0,8.9,3.1,2.1,0,0,0,0,0.4,0,0,0,1.2,0,0,0,0,0,0,0
10/28/1992,4.1,,2.6,0,0,6.4,0,0,0,0,3.8,0,0,0,0.7,0,0,0,0,0,0,0
10/29/1992,0.3,,0,0,0,4.6,15,0,0,0,5.6,0.7,0,0,0,0,0.4,0,0,0,0,0
10/30/1992,0,,6.1,0,0,43.9,0,0,0,0,0,0,0,1.8,0,0,13.6,0,0,0,0,0
10/31/1992,2,,7.8,11.2,0,0.8,0,0,0,0.4,0,0,0,1.4,0,6.8,0,0,0,0,5.2,0
11/1/1992,0,,0,0,0,0,0,0,0,0,0,0.6,0,0,0,7.3,0,0,0,0,0,0
11/2/1992,0,,0,0,8.4,0,0,0,0,0,0,0,0,0,0,0,0,0,0,0,0,0
11/3/1992,0,,0,0,0,0.8,0,0,1,0,0,0,0,1.4,0,0,4.5,0,0,0,0,0
11/4/1992,1,,0,0,0,10.7,0,0,0,0,0,0,0,6.8,0,0,8.2,0,0,0,0,0
11/5/1992,6.6,,0,17.1,13.7,20.1,0,0.3,13.4,0.3,0,0,0,0,0,0,0.5,2.1,0,0,16.7,0
11/6/1992,9.9,,7.1,13.6,12.5,3.6,22.3,0.3,8.3,0,5.3,0,0,1.2,6.3,0,0.1,3.8,0,,25.5,0.8
11/7/1992,0,,0,0,0,2.5,4.1,0,0,0,10.7,2.6,0,0,0,0,0,0,7.1,,0,4.7
11/8/1992,6.1,,0,22.3,0,0.5,34.3,50.5,0,19.6,0.5,9.2,0,0,0.9,1.1,1.5,0,15.8,,46,14.1
11/9/1992,0,,0,0.2,0,8.9,0.3,0,0,0,0,0,0,0,0,16.3,36.5,0,0,,0,0.2
11/10/1992,0,,0,12.9,27.4,0.6,0,0,0.4,2.6,7.3,0,0,0,0.3,0,4.8,0,0,,4.4,0
11/11/1992,49.2,,1.4,0,0,2,0,0.1,0,0.7,4.8,12.7,0,0,8,0.4,0,0,0,,50.2,0
11/12/1992,0,,0,3.5,0,29,0,0.5,0,0,0,7.7,0,0,23.5,15.6,0,0,0,,0,0
11/13/1992,0,,9.7,0.8,0,0,0,0,0,0,0,0,0,0,13.2,13.2,0,0,0,,0,0
11/14/1992,0,,14.8,10.2,4.8,12.5,0,2,0,0,0,10.9,0,0,0,0,0,0,0,,0,0
11/15/1992,0.6,,5.7,5.5,0.8,0,0,4.6,0,0,0,0,0,0,13.8,0,0,0,0,,0,0
11/16/1992,0,,4,0.7,0,24.4,0,0,3,0,0.1,16,0,13.9,3.4,0,0,0,0,,0,0
11/17/1992,2.4,,0,7.8,0,0,0,0,0,0,0,0,0,0,0,0,1.7,0,0,,0,0
11/18/1992,0,,0,16,21.1,0,0,0,0,0,0,0,0,0,0,0,0,0,0,,0,0
11/19/1992,0.4,,0,0.4,0,0,0,0,0,0,14.2,0,0,0,0,0,0,0,0,,0,0
11/20/1992,0,,0,7.1,0,0,0,0,0,0,25.4,5.9,0,0,6.8,0,0,0,0,,0,0
11/21/1992,4.6,,5.1,6.8,7.6,11.2,0,0,0,0,9.4,0,0,0,0,0.4,0,0,0,,0,0
11/22/1992,0,,0,0,0,0,0,0,0,0,0,0,0,0.7,0,0,0,0,0,,0,0
11/23/1992,0,,0,13.5,0,0,0,0,0,0,35.8,0,0,0,0,0,0,0,0,,0,0
11/24/1992,0,,0,0,0,15.2,0,0,0,0,0,0,0,0,0,0,2.7,0,0,,0,0
11/25/1992,0,,0,0,0,0,0,0,0,0,0,0,0,0,0,0,0,0,0,,0,0
11/26/1992,0,,0,0,0,0,0,0,0,0,0,0,0,0,0,0,0,0,0,0,0,0
11/27/1992,0,,0,0,0,0,0,0,0,0,0,0,0,0,0,0,0,0,0,0,0,0
11/28/1992,0,,0,0,0,0,0,0,0,0,0,0,0,0,0,0,0,0,0,0,0,0
11/29/1992,0,,0,0,0,0,0,0,0,0,0,0,0,0,0,0,0,0,0,0,0,0
11/30/1992,0,,0,0,0,0,0,0,0,0,0,0,0,0,0,0,0,0,0,0,0,0
12/1/1992,0,,0,0,0,0,0,0,0,0,0,0,0,0,0,0,0,0,0,0,0,0.1
12/2/1992,0,,0,0,0,0,0,0,0,0,0,0,0,0,0,0,0,0,0,0,0,0
12/3/1992,0,,0,0,0,0,0,19,0,0,0,0,0,0,0,0,0,0,0,0,0,0
12/4/1992,0,,0,8.8,0,26.4,0,0,0,0,1.7,0,0,0,0,0,41,0,0,0,0,0
12/5/1992,0.1,,2.9,1.8,0,8.6,0,0,0,0,0,1.1,0,11.4,0,0,1,0,0,0,0,0
12/6/1992,0,,0,0,0,5.3,0,0,0,0,0.1,0,0,0,0,0,0,0,0,0,0,0
12/7/1992,0,,0,0,0,4.8,0,0,0,0,0,0,0,0,0,0,0.2,0,0,0,0,0
12/8/1992,0,,0,0,0,0,0,0,0,0,0,0,0,0,0,0,0,0,0,0,0,0
12/9/1992,0,,0,0,0,0,0,0,0,0,0,0,0,0,0,0,0,0,0,0,0,0
12/10/1992,0,,0,0.5,0,1.3,0,0,0,0,0,6,0,0,0,0,0,0,0,0,0,0
12/11/1992,29.4,,0,0,3.1,4.8,0,30.6,0,0,0,0,0,0,2.8,0,0,0,0,0,0,0
12/12/1992,0,,0,0,0,0,0,0,0,0,5.3,0,0,2,0,0,0,0,0,0,0,0
12/13/1992,0,,0,0,0,0,0,0,0,0,0,0,0,0,0,0,0,0,0,0,0,0
12/14/1992,0,,0,0,0,0,0,0,0,0,0,0,0,0,0,0,0,0,0,0,0,0
12/15/1992,0,,0,31,0,8.9,0,0,0,0,46.5,0,0,0,13.6,0,0,0,0,0,0,0
12/16/1992,0,,18.3,0,0,3.6,0,0,0,0,0,0,0,11.3,0,0,3.6,0,0,0,0,0
12/17/1992,0,,6.4,0,0,1.8,0,0,0,0,0,0,0,0,0,0,0,0,0,0,0,0
12/18/1992,0,,0,0,0,1,0,0,0,0,0,0,0,0,0,0,0,0,0,0,0,0
12/19/1992,0,,0,0,0,0,0,0,0,0,0,0,0,0,0,0.5,0,0,0,0,0,0
12/20/1992,0,,0,0,0,0,0,0,0,0,0,0,0,0,0,0,0,0,0,0,0,0
12/21/1992,0,,0,0.3,0,0,0,0,0,0,0,0,0,0,0,0,0,0,0,0,0,0
12/22/1992,0,,0,0,0,0,0,0,0,0,0,0,0,0,0,0,0,0,0,0,0,0
12/23/1992,0,,0,0,0,0,0,0,0,0,0,0,0,0,0,0,0,0,0,0,0,0
12/24/1992,0,,0,0,0,0,0,0,0,0,0,0,0,0,0,0,0,0,0,0,0,0
12/25/1992,0,,0,0,0,0,0,0,0,0,0,0,0,0.1,0,0,0,0,0,0,0,0
12/26/1992,0,,0,0,0,0,0,0,0,0,0,0,0,0,0,0,0,0,0,0,0,0
12/27/1992,0,,0,0,0,0,0,0,0,0,3.6,0,0,0,0,0,0.5,0,0,0,0,0
12/28/1992,0,,0,0,0,0.3,0,0,0,0,0,0,0,0,0,0,0,0,0,0,0,0
12/29/1992,0,,30.5,0,0,0.3,0,46.6,0,0,0,0,0,0,0,0,0,0,0,0,0,0
12/30/1992,0,,0,0,0,0,0,5.1,0,0,0,0,0,0,0,0,0,0,0,0,0,0
12/31/1992,0,,0,0,0,0,0,0,0.2,0,0,0,0,0,0,0,0,0,0,0,0,0
1/1/1993,0,,0,0,0,0.8,0,0,0,0,0,0,0,1,0,0,0,0,0,0,0,0
1/2/1993,0,,0,0.2,0,0,0,0,0,0,0,2,0,0,0.7,0,0,0,0,0,0,0
1/3/1993,0,,0,0,0,0.3,0,0,0,0,0,0,0,0,0,0,0,0,0,0,0,0
1/4/1993,0,,0,0,0,25.2,0,0,20.6,0,0,0,0,16,0,0,0.8,0,0,0,0,0
1/5/1993,0,,0,0,0,2,0,0,0,0,0,0,0,0,0,0,0,0,0,0,0,0
1/6/1993,0,,0,0,0,0,0,0,0,0,0,0,0,0,0,0,0,0,0,0,0,0
1/7/1993,0,,0,0,0,0,0,0,0,0,0,0,0,0,0,0,0,0,0,0,0,0
1/8/1993,0,,0,0,0,0,0,0,0,0,0,0,0,0,0,0,0,0,0,0,0,0
1/9/1993,0,,0,0,0,0,0,0,0,0,0,0,0,0,0,0,0,0,0,0,0,0
1/10/1993,0,,0,0,0,0,0,0,0,0,0,0,0,0,0,0,0,0,0,0,0,0
1/11/1993,0,,0,0,0,0,0,0,0,0,0,0,0,0,0,0,0,0,0,0,0,0
1/12/1993,0,,0,0,0,0,0,0,0,0,0,0,0,0,0,0,0,0,0,0,0,0
1/13/1993,0,,0,0,0,0,0,0,0,0,0,0,0,0,0,0,0,0,0,0,0,0
1/14/1993,0,,0,0,0,0,0,0,0,0,0,0,0,0,0,0,0,0,0,0,0,0
1/15/1993,0,,0,0,0,0,0,0,0,0,0,0,0,0,0,0,0,0,0,0,0,0
1/16/1993,0,,0,0,0,0,0,0,0,0,0,0,0,0,0,0,0,0,0,0,0,0
1/17/1993,0,,0,0,0,0,0,0,0,0,0,0,0,0,0,0,0,0,0,0,0,0
1/18/1993,0,,0,0,0,0,0,0,0,0,0,0,0,0,0,0,0,0,0,0,0,0
1/19/1993,0,,0,0,0,0,0,0,0,0,0,0,0,0,0,0,0,0,0,0,0,0
1/20/1993,0,,0,0,0,0,0,0,0,0,0,0,0,0,0,0,0,0,0,0,0,0
1/21/1993,0,,0,0,0,0,0,0,0,0,0,0,0,0,0,0,0,0,0,0,0,0
1/22/1993,0,,0,0,0,0,0,0,0,0,0,0,0,0,0,0,0,0,0,0,0,0
1/23/1993,0,,0,0,0,0,0,0,0,0,0,0,0,0,0,0,0,0,0,0,0,0
1/24/1993,0,,0,0,0,0,0,0,0,0,0,0,0,0,0,0,0,0,0,0,0,0
1/25/1993,0,,0,0,0,0,0,0,0,0,0,0,0,0,0,0,0,0,0,0,0,0
1/26/1993,0,,0,0,0,0,0,0,0,0,0,0,0,0,0,0,0,0,0,0,0,0
1/27/1993,0,,0,0,0,0,0,0,0,0,0,0,0,0,0,0,0,0,0,0,0,0
1/28/1993,0,,0,0,0,0,0,0,0,0,0,0,0,0,0,0,0,0,0,0,0,0
1/29/1993,0,,0,0,0,0,0,0,0,0,0,0,0,0,0,0,0,0,0,0,0,0
1/30/1993,0,,0,0,0,0,0,0,0,0,0,0,0,0,0,0,0,0,0,0,0,0
1/31/1993,0,,0,0,0,0,0,0,0,0,0,0,0,0,0,0,0,0,0,0,0,0
2/1/1993,0,,0,0,0,8.6,0,9.2,0,0,2,0,0,0,0,0,0.2,0,0,0,0,0
2/2/1993,0,,0,0,0,0.3,0,0,0,0,0.5,13,0,0,0,2.7,0,0,0,0,0,0
2/3/1993,0.9,,0,33.8,0,8.6,0,0,0,0,0.1,0,0,10.2,0,0,14.8,5.8,0,0,0,0
2/4/1993,0,,0,0,0,0.3,0,0,1.7,0,0,0,0,0,0,0,0,0,0,0,0,0
2/5/1993,0,,0,0,0,0,0,0,0,0,0,0,0,0,0,0,0,0,0,0,0,0
2/6/1993,0,,0,0,0,0,0,0,0,0,0,0,0,0,0,0,0,0,0,0,0,0
2/7/1993,0,,0,0,0,0,0,0,0,0,0,0,0,0,0,0,0,0,0,0,0,0
2/8/1993,0,,0,0,0,0,0,0,0,0,0,0,0,0,0,0,0,0,0,0,0,0
2/9/1993,0,,0,0,0,0,0,0,0,0,0,0,0,0,0,0,0,0,0,0,0,0
2/10/1993,0,,0,0,0,0,0,0,0,0,0,0,0,0,0,0,0,0,0,0,0,0
2/11/1993,0,,0,0,0,0,0,0,0,0,0,0,0,0,0,0,0,0,0,0,0,0
2/12/1993,0,,0,2,0,0,0,0,0,0,15.6,0,0,0,0,0,0,0,0,0,0,0
2/13/1993,0,,0,0,0,0,0,0,0,0,2,9.6,0,0,1.1,3.1,0,0,0,0,0.4,0
2/14/1993,0.2,,0,0,0,0,0,0,0,0,0,15.1,0,0,0,2.9,0,0,22.4,0,15.4,0
2/15/1993,16.6,,0,0,1,0,0,17.2,2.7,0,12.8,0,0,0,65.3,0,0,0.1,0,0,1.5,0
2/16/1993,0,,2.1,0,0,0,0,0,0,0,0.3,0,0,10.9,0,0,15.5,0,0,0,0,0
2/17/1993,0,,0,0,0,0,0,0,0,0,2.8,0,0,0.2,0,0,0,0,0,0,0,0
2/18/1993,0,,0,0,29,0.3,0,0,0,0,32.3,0,0,0,0,0,0,0,0,0,0,0
2/19/1993,0,,0,0,7.6,3.6,0,0,1.4,0,0,0,0,2.1,18.2,0,1,0,0,0,0,0
2/20/1993,0,,11.9,0,0,6.1,0,0,0,0,0,0,0,3.7,0,0,0,0,0,0,0,0
2/21/1993,0,,0,0,0,2.5,0,0,0,0,0,0,0,0,0,0,0.6,0,0,0,0,0
2/22/1993,0,,0,0,0,4.8,0,0,0,0,0,0,0,0,0,0,38.2,0,0,0,0,0
2/23/1993,0,,0,0,0,0,0,0,0,0,0,0,0,0,0,0,0,0,0,2.5,0,0
2/24/1993,0,,0,0,0,0,0,2.3,0,0,0,0,0,0,0,0,0,0,0,0,0,0
2/25/1993,0,,0,0,0,0,0,0,0,0,0,0,0,0,0,44.4,0,0,0,0,1.8,0
2/26/1993,0,,0,0,22.3,0,0,0,0,0,0,0,0,0,0,0,0,0,0,0,0,0
2/27/1993,0,,0,0,0,0,0,0,0,0,0,0,0,0,0,0,0,0,0,0,0,0
2/28/1993,0,,0,0,0,0,0,0,0,0,0,15.4,0,0,6.8,7.9,0,0,0,0,0,0
3/1/1993,1.3,,0,0,0,0,0,0,0,0,6.6,0,0,0,0,0,0,0,0,0,0,0
3/2/1993,0,,0,0,0,0,0,0,0,3.7,0,0,0,0,8.1,0,0,0,0,7.3,0,0
3/3/1993,0,,0,0,7.4,1.8,0,0,0,0,1.3,0,0,21.8,0,0,0,0,0,0,0,0
3/4/1993,0,,0,0,0,0,0,5.8,0,0,0,0,0,0,0,0,0,0,0,0,0,0
3/5/1993,5.3,,0,35.9,0,40.7,0,2.4,0,0,63.5,4.9,0,0,3.6,0,0,0,0,0,0,0
3/6/1993,0.3,,0,0,0,0,0,0,0,2,0,0,0,0,0,1.2,0,0,0,3.9,11.8,0
3/7/1993,0,,0,0,0,0,0,0,0,0,0,0,0,0,0,1.8,0,0,1.4,0,0,0
3/8/1993,6.4,,0,0,0,21.3,0,5.6,0,18.5,0,35.5,0,6.8,78,46.6,28,0,0,0,143.3,0
3/9/1993,0,,0,0,0,0,0,0,0,0,0,0,0,0,0,0,0,0,0,0,0,9.9
3/10/1993,15.3,,0,3.4,11.2,22.6,5.1,1.6,2.4,6.7,7.5,22.4,0,2.2,10.6,0,5.5,1.8,0,0,0,0
3/11/1993,0,,6.7,0,0,0,0,0,0,0,0,0,0,0,0,0,0,0,0,0,0,0
3/12/1993,3.1,,0,1.6,0,0,0,0,0,0,0,26.3,0,0,30.9,2.9,0,0,9,0,32.8,2.2
3/13/1993,0,,0,0,0.5,38.1,0,0,0,0,0,0,0,0,2.1,0,0.2,0,0,0,0,0
3/14/1993,12.9,,0,3.1,0,0,0,0.3,0,1.1,0,0,0,0,5.7,12.2,0,0,0,0,0,0
3/15/1993,0.7,,14.2,4.1,0,0,0,0.5,0,0,0,1.9,0,0,0.4,0,1.6,7.7,0,0.7,6.5,0
3/16/1993,0,,0,0,0,0,0,0,0,0,0,0,0,0,0,0,0,0,0,0,0,0
3/17/1993,0,,0,12,0,0,0,0,0,0,0,0,0,0,8.6,0,0,0,0,0,0,0
3/18/1993,0,,0,12.2,0,0,43.7,32.2,0,2.6,0,1.5,0,15.1,2.6,14,5.1,0,12.2,6.9,88.6,11.8
3/19/1993,0,,2.6,0,4.3,2.5,0,0,0,0,0,0,0,0,0,0,0,0,0,0,0,0
3/20/1993,0,,4,0,0,0,0,0,0,0,0,0,0,0,0,0,0,0,0,0,0,0
3/21/1993,0,,0,0,0,0,0,0,0,0,0,0,0,0,0,0,0,0,0,0,0,0
3/22/1993,0,,0,0,0,0,0,0,0,0,0,0,0,0,0,0,0,0,0,0,0,0
3/23/1993,0,,0,0,0,0,0,0,0,0,0,0,0,0,0,0,0,0,0,0,0,0
3/24/1993,0,,0,0,0,0,0,0,0,0,0,0,0,0,0,0,0,0,0,0,0,0
3/25/1993,0,,0,0,0,0,0,0,0,0,8.2,0,0,0,0,0,0,0,0,0,0,0
3/26/1993,0,,0,0,0,0.3,0,0,1.8,0,4.2,0,0,0,0,0,3.4,31.3,0,0,0,0
3/27/1993,12.4,,0,11.4,12.7,3.3,0,4.6,0,0,36.6,15.9,0,8,24.2,0,1.2,0,0,0,0,0
3/28/1993,0,,0,27.4,0,0,0,7.8,0,0,0.8,4.1,0,0,0,0,0,0,0,0,0,0
3/29/1993,15.8,,0,0.7,2.5,0,3.8,0,1.3,2.4,0.2,4.5,0,20,0.8,0,1.3,1.8,0,0,0,0
3/30/1993,0.4,,1.3,2.8,0.3,0.8,0,0,0,0,13.3,0,0,0,10.7,0,0,0,0,0,0,0
3/31/1993,28.9,,0,43.7,1.8,0,26.7,26.7,0.8,0,159.6,0.5,0,0,5.1,0.3,0.3,6.7,0,0,0,0
4/1/1993,0,,0.8,0.5,0,0,0,0,0,0,0,0,0,0,0,0,0,0,0,0,0,0
4/2/1993,0.8,,0,1,0,0,0,0,0,0,8,0,0,0,0,0,0,0,0,0,0,0
4/3/1993,0,,8.3,7.7,0,0,7.6,8.3,0,0,0,0,0,0,0,0,0,0,0,0,0,0
4/4/1993,7,,0,10.3,0,0,0,0,0,0,0,0,0,0,0,54.7,0,0,0,0,0,0
4/5/1993,3.9,,6.4,0,0,33.5,0,23.4,0,0,0,47.2,0,0,4.4,4.3,0,0,0,0,0,0
4/6/1993,4.2,,0.4,6.3,0,11.4,0,0,2.3,9.3,13.7,9.5,0,0,6.6,1.5,0,12.5,0,0,10.4,0
4/7/1993,0,,0,14.3,0,0,0,0,0,0,18.4,0,0,0,0,0,0,0,0,0,0,0
4/8/1993,0,,0,0,0,0,31,0,0,0,0,0,0.9,0,0,0,0,0,0,10.8,0,0
4/9/1993,1.3,,0,3.4,0,0,16.8,6.9,0,0,6.3,0,0.9,0,1.7,0.6,0,0,0,2,0,0
4/10/1993,0,,0,0,0,0,0,0,0,0,9.7,0,0,0,0,0,0,0,0,0,0,0
4/11/1993,0.4,,0,0.5,34,2.8,0,0.4,0,0,2.8,1.5,0,0,4.7,0,0,0,0,0,0,0
4/12/1993,0,,11,4.4,13.7,7.9,0,0,0,0,0,23.6,0,0,0.1,0,1.5,0,0,0,0,0
4/13/1993,0,,0,10.7,0,4.6,4.3,7.5,0,0,0,0,0,0,0,0,0.8,0,0,0,0,0
4/14/1993,19.1,,0,0,10.2,0,12.4,9,0,0,35.8,0,25.3,5.1,5.3,0,0.2,0.6,0,5.6,0,0
4/15/1993,0,,0,0,0,0,0,1.5,0,0,0,0,0,0,0,2.3,0,0,0,0.2,0,0
4/16/1993,19.1,,0,0.2,0,11.4,0,0,3.3,11.4,5.9,3.7,0,0,7.9,2.4,0,2.4,0,0,17.8,14.6
4/17/1993,0,,1.7,0,0.3,4.6,0,0,2.8,0,0.3,0,0,4.4,0,0,3.9,2.3,0.2,0,0,0
4/18/1993,0,,0,0,0,0,0,41.4,0,0,0,0,0,0,0,0,0,0,0,0,0,0
4/19/1993,25.2,,0,30.5,11.9,0.5,0,0,51,25.7,11.1,15.1,0,14.4,11.1,12.5,0.7,29.1,0,19.8,0,0
4/20/1993,0,,40.4,1.7,0.5,20.8,0,0,0,0,2.7,34.3,0,8.5,21.1,0,21.5,0,0,47,0,0
4/21/1993,0.3,,0.3,0,0,3.1,0,0,0,0,0,0,0,0,0,0,0.1,0,0.1,0,0,35.8
4/22/1993,0,,0,0,0.3,12.9,0.8,0,0.9,0,0,0,0,4,0,0,56,0,4.6,0,0,0
4/23/1993,0,,0,0,0,51.8,0,0,0,0,0,0,0,1.2,0,0,25.1,5,0,0,0,0
4/24/1993,0,,0,0,0,0,0,0,0,0,0,0,0,0,0,0,0,0,0,0,0,0
4/25/1993,7.5,,0,10,0.5,4.3,0,35.3,0,0,0.8,0,0,0,11.8,0,0,0,0,0,0,0
4/26/1993,20.7,,0,51.3,74.9,104.6,56.1,0,35.9,6.1,26.2,17.8,1.7,7.9,0.8,15.3,58.8,9.1,0.1,55.3,36.3,0
4/27/1993,0,,33.9,0.7,0.5,0,0,0,0,0,13.3,0,1.7,0,0,0,0.5,0,0,0,4.5,0
4/28/1993,0,,0.5,0,0,0,17,0,0,0,0,0,0,0,0,14.6,0,0,34.6,1.8,4.4,17.2
4/29/1993,0,,0,0,0,0,0.5,0.6,0,0,0,0,0,0,0,0,0,0,0,0,0,0
4/30/1993,0,,0,0,0,0,0.3,0,0,0,0,0,16,0,0,4.5,0,0,15.4,10.3,19.3,36.7
5/1/1993,0,,0,0,0,0,0,0,0,10.3,0,0,0,0,0,31.3,0,0,0,0,35.8,0
5/2/1993,0.8,,0,0,0,0.3,0,0,0,0,15.5,0,0,0,0,0.1,0,0,0,0,23.6,0
5/3/1993,8.1,,0,0,11.2,0,44.5,48.6,1,46.5,0,57.9,2,0,0,38.5,1.1,0.9,8.9,44.2,26.2,33.6
5/4/1993,0,,8,0,0,0,0,0,0,0,0,0,0,0,0,0,0,0,0,0,0,0
5/5/1993,0,,0,0,0,0,0,0,0,0,0,0,0,0,8.6,0,0,0,0,0,0,12.1
5/6/1993,0,,0,6.8,1.8,0,0,6.6,0,6.1,2.3,20.5,0,0.2,0.4,1.6,0,0,0,0,5.8,2.5
5/7/1993,9.8,,28.7,1.8,0,0,0,4.4,0.3,0,0,11,0,0,27.7,0,0,0,0,0,0,0
5/8/1993,0,,0,18,1.5,1.5,0,0,14.7,10,0.8,8.7,0,2.8,14.7,24.1,8,6.9,0,0,27.1,0
5/9/1993,4.4,,1.5,1.2,0.5,25.1,0,0,0.3,3.1,0.1,0,0,0,15.1,15.8,6,0,0,0,14,0
5/10/1993,0,,2.8,0,0,0.3,0,0,0,0,0.2,0,0,0,0,0,0,0,0,0,0,0
5/11/1993,0,,0,0,0,8.6,0,0,0,0,0,0,0,0,1,0,5,0,0,0,0,0
5/12/1993,6.3,,0,11.1,0,2.8,0,13.2,0,13.7,1.8,2.2,0,0,1.2,0,0.2,0,0,9.1,0,0
5/13/1993,0.3,,0,2.7,0,8.1,0,0,0,0.9,17.1,5,0,0,0.8,0,3.9,8.8,0,0,0,0
5/14/1993,0,,0,0.8,0,0.3,0,0,0,0,0,0,0,0,0,0,0,0,0,0,0,0
5/15/1993,0,,16.7,2,21.1,17.9,0,6.5,14.4,0.4,7.3,0,0,18.5,0.4,0,41,5.6,0,5.9,0,0
5/16/1993,0,,7.6,0,0,0,6.1,0,0,0,0,0,2.2,3,0,0,1.3,0,0,0,0,0
5/17/1993,0.5,,0,0,0,0,0,0,0,0,0,0,0,0,0,0,0,0,0,0,0,0
5/18/1993,20.1,,0,14.4,0,0.5,22.8,0,0,11.5,0,25,1.8,0,17.6,0.6,0,0,13.1,15.9,16.1,12.8
5/19/1993,0,,0,0.7,0,0,0,0,0,0,1.8,0,0,0,0,0,3.9,0,0,0,0,0
5/20/1993,4.4,,13.5,0,0,4.1,0,0,0,0,0,0,0,0,7.7,0,40.3,0,0,0,0,0
5/21/1993,8.1,,16.3,0,18.8,1.5,0,0,0,0,0,0,44.4,0.5,28.9,0,0,0,1.5,0,0,2.3
5/22/1993,0,,0,0,0,0.8,0,0,0,0,0,0,0,15,0,0,0,0,1.5,0,0.2,2.1
5/23/1993,0.9,,0,1.4,0,29.4,6.6,0,0,5.1,0,4.8,0,0,0.1,22.1,12.1,0,0,0,11.8,0.1
5/24/1993,3.4,,12.6,9.9,0,0,0,0,0,5.2,0.8,1,0,0,0,46.3,0,3.1,0,4.9,1.9,0
5/25/1993,0,,0,1.6,0,0,0,0,0,0,0,0.5,0,0,0,0,0,0,0,0,0,0
5/26/1993,0,,0,0,0,0,0,0,0,0,0,0,0,0,0,0,0,0,0,0,0,0
5/27/1993,0,,0,0,0,4.3,0,0,0,0,0,0,0,6.1,0.2,0,0.1,0,0,0,0,0
5/28/1993,0,,0,0,0,2.3,0,0,2.5,0,1.8,0,0,0,0.8,0,2.5,11.9,0,0,0,0
5/29/1993,0,,2.6,0,0,0.3,17.1,0,0,0,0,0,24.8,0,0,2.3,0.7,0,0,3.9,22.9,31.8
5/30/1993,0,,0,0,0,0,2,0,0.9,0,0,0.6,0,5,0.3,0,0.8,23.7,5.1,0,0.2,44.9
5/31/1993,0.1,,0,14.3,0.3,3.6,1.8,0,14.9,0,0.2,2.8,0,6.5,0.6,63,18.7,17.9,0,0,0.8,0
6/1/1993,13.8,,23.9,24.2,4.1,0,0,19.5,0,4.4,4.6,74.6,0,0,15.3,37.1,12.6,0.7,0,0,13.7,2.2
6/2/1993,0.6,,10.2,1.7,0,0,0,0,0,0,4,4,0,0,0.3,0,0.1,0,0,0.2,0,0
6/3/1993,0,,4.8,0,0,0,0,0,0,2.3,0.8,0,11.8,0,0,0,0,0,5,25.1,0,26
6/4/1993,0,,0,0.4,1.8,1.8,0,0,0,0.8,0,0,0,0,2.3,1.1,2.5,0,0,0,0,0
6/5/1993,2.5,,11,10.6,18.8,0,0,4.6,2.2,0.7,48.6,0,0,0,6.6,0.3,0,0,0,0,0,0
6/6/1993,27.5,,24,0,0,84.5,0,0,2.5,0,0.1,69.1,4.5,3.2,4.5,0,13.9,36.9,0,0.2,0,0
6/7/1993,0.3,,0,0,6.3,8.4,0,0,0,10.3,0,0,0,0,4.1,0,0,0,0,14.2,0,0
6/8/1993,9.2,,0,12.4,25.1,0.3,1,25.3,0,25.6,44.7,57.2,0,0,44.4,12,0,0.2,18.3,17,55.8,5.7
6/9/1993,18.2,,7.9,57.7,43.7,126.7,0,6.4,46.7,0,20.3,10,0,67.9,0.2,17.3,9,81,2,0,13.8,7.6
6/10/1993,0.1,,13.1,15.8,0.2,26.1,0,0,1.5,0,3.6,7.1,0,24,9.4,0.9,11.4,0.1,0,0,0,8.3
6/11/1993,0,,0,0,0,5.9,0,0,0,0,0,0,0,0,0,0,0,0,0,0,0,0
6/12/1993,0,,0,0,0,13,0,0,0,5.4,0,0,0,0,0.4,0,0,0,0,11.2,0,0
6/13/1993,0,,0,0,0,14.7,0,0,0,0,0,3,1.8,0,2.8,13.8,2.7,0,0,7.6,0.5,6.6
6/14/1993,0.4,,0,0,1.8,169.7,0,0,0,0,0,0.3,19.6,0,6.7,0,32.9,0,0,0,3.1,0
6/15/1993,19.1,,0,34.9,0,55.1,1.5,0.3,0,9.7,1.4,1.2,19.6,1.7,4,4.4,2.5,0,25.5,20,4.1,1.5
6/16/1993,1.4,,3.5,0,5.8,0,0,0,0,0,0,6.8,0,0,0.3,19.1,0,0,0,0,11.2,0.4
6/17/1993,0,,0,0,0,0,0,0,0,0,0,0,0,0,0.3,0,0,0,0,0,0,0
6/18/1993,0,,0,0,0,4.8,0,0,0,0,0,0,0,0,0,0,0,0,8.2,11.6,0,0
6/19/1993,6.5,,0,0,0,4.3,0,0,0,1.3,0,0,0,0,0,0,0,0,0,0,9.6,0
6/20/1993,1.7,,0,9.8,0,85.3,0,0.3,0,0,0,0,0,2.3,0,27.3,77.8,0.8,29.9,4.6,14,11.3
6/21/1993,27.6,,0,63.4,37.6,130.3,0,9.1,28.5,45.9,35.7,28.4,0,44.8,7.2,12,91.1,34.4,0,0,0,0
6/22/1993,19.2,,34.2,10.5,1,1.8,0,9.4,0,0,0,2.3,0,0,12.1,0.8,2.3,0,0,0,2.3,0.6
6/23/1993,0,,11.6,0,25.6,48,0,0,0,0,5.4,9.7,5.5,0,0,0,1.1,0,0,1.1,0,0
6/24/1993,0,,3.3,0,0,1,0,0,0,0,0,0,0,0,0,0,1.6,0,3,0,0,38.1
6/25/1993,0,,0,0,0,48.8,18.8,0,0,0,0,0.2,25.6,0,1,2,0.4,0,11.4,6.2,1.1,0
6/26/1993,10.4,,0,5.4,0,27.2,0.3,0,0,0,0,2.2,19.5,0,10,1.2,90.1,0,0,0,2.7,13.6
6/27/1993,11.8,,0,0.3,0.5,31,14.2,12.5,0,15.9,25.2,26.8,2.8,0,0.5,3.4,1.3,0,1.9,15.3,2.5,7.8
6/28/1993,27.4,,2.6,14.6,43.7,0.8,0,60.4,0,0,37.1,36,0,0,31.2,0.5,0,0,0,0,0.7,0
6/29/1993,0.1,,0.3,8.4,0.5,2,0,0,0,0,2,0,0,0,0,0,0,0,0,0,2.7,0
6/30/1993,0.2,,0,0,0,0,12.2,0,0,0,0,0,26.2,0,23.7,0.8,0,0,7.6,22.8,1.4,9.3
7/1/1993,0,,0,2.6,0,0,0,4.5,0,0,0,0,0,0,15.1,0,0,0,0,0,0,0.1
7/2/1993,26.5,,46.8,51.2,10.1,7.7,0,1.5,4.1,1.4,11.8,22,0,0,23,3.4,0.4,0.4,10.1,0,6.6,0
7/3/1993,0.4,,0.5,0,0.3,2.8,6.6,12.4,0,20.6,0.5,1,22.6,0,62.3,0,0.1,0,5.2,18.2,0,21.2
7/4/1993,1.7,,1,42.1,0,2.6,1,39.5,0,35.9,16,2.9,0.6,0.7,8.6,13.1,6.4,2,0.3,0.1,21.8,0.4
7/5/1993,0,,19.1,13.2,0,0,0,0.2,0,0,0,0,0,0,8,0.3,0,4.4,0,0,43.5,0
7/6/1993,1.3,,0.8,0,0,0,0,7,0,7.5,0,0,40,0,0.4,0,0,0,13.8,4.5,0,3.6
7/7/1993,0,,0,0,0,0,0,0,0,0,0,0,0,0,0,1,0,0,0,0,0,0
7/8/1993,0,,0,0,0,0,18.1,0,0,13.1,0,0,0,0,0,0,0,0,3,6.3,0,0
7/9/1993,0,,0,0.4,0,0,0,0,0,0.5,0,0,0,0,4.3,0,0,0.4,1,0,0,0.4
7/10/1993,0,,0,6.9,0,0,0.3,2.9,0,1.1,3.3,0,7.9,0,0.1,0,0,0,3.9,35.2,0.2,0.4
7/11/1993,0.4,,3,0.7,0,0,0,0.2,0,0,0,0.1,0,0,0.2,0,1.3,0,0,0,0,0
7/12/1993,0,,0,0,0,0,0,0,0,3.4,0,0,0.6,0,0.2,0,0,0,0,0,0,1.2
7/13/1993,0,,0,0,0,0,0,0,0,0,0,0,0,0,0,0,0,0,0,0,0,0
7/14/1993,0,,0,0,0,0,0,0,0,0,0,0,14.7,0,1.4,0,0,0,0,0,0,0.1
7/15/1993,0,,0,0,0,0,0,0,0,4.9,0,1.3,10,0,1.5,0,0,0,63,15,0,0.5
7/16/1993,0,,0,0.5,0,0,8.1,0,0,1.7,0.6,0,0,0,1.9,1,0,0,11.3,0,0,1.1
7/17/1993,0.2,,0,0.8,2.5,0,0.8,2.3,0,0.4,17.1,0.6,0,0,0,0,0,0,0,0,0,0.2
7/18/1993,0,,0,0,0,2.3,0,0.3,0,0,0.1,0,0,0,0.3,0.2,0,0,0,0,0,0
7/19/1993,0,,0,0,0,0,6.6,0,0,0,0,0,23.2,0,1.8,0.3,0,0,0,20.3,0,0
7/20/1993,0,,0,0,0,1,0,0,0,7,0,0,0,0,0.5,0,0,0,0,0,0,0.2
7/21/1993,0,,0,0,0,0,0,0,0,0,0,0,4.8,0,0,0,0,0,0,0,0,0
7/22/1993,0,,0,0,0,0,12.2,0,0,0,0,0,0,0,0,0,0,0,0,7.4,0,0.4
7/23/1993,0,,0,1,0,0,0,0,0,0,0,0,1.5,0,0,0,0,0,9.5,1.1,0,37.8
7/24/1993,0,,0,0,0,0,0,0,0,0,0,0,6.4,0,0,0,0,0,0,0,0,8.7
7/25/1993,0,,0,0,0,0,13.7,0,0,0,0,0,11.9,0,0.1,0,0,0,91.1,17.6,0,2.2
7/26/1993,0,,0,0,0,0,2.5,0,0,0,0,1.3,0,0,5.7,0,0,0,1.1,31.2,0,0
7/27/1993,0,,0,0,0,1,3.8,13.5,0,0,1.1,0.3,0,0,0.3,0,0.1,0,23.1,0,0,26.2
7/28/1993,0,,0,1.2,0,0,73.9,0,0,0.7,0,0,3.7,0,0,0,0,0,3.7,2.2,0,16.5
7/29/1993,0.5,,0,0,12.7,0,0,0,0,18.2,0.3,0,4.1,0.5,0,0,0,0,0.7,12.9,0,0
7/30/1993,33.7,,0,20.9,9.1,6.1,3,17.6,0,5.8,23.8,0,20.5,0,37.7,0.5,0.8,0,31.5,11.6,0.9,18.2
7/31/1993,0.9,,0,0.1,0,0,0,0.2,0,0,12.6,1.5,0,0.4,0.8,0,0,0,0,0,0,2.1
8/1/1993,0,,0,0,1.3,1.5,0,2.2,0,0,2.2,9.9,0,0,0,0,0,0,0,0,0,0
8/2/1993,0,,0,0,0,0,0,0,0,0,0,0,5.8,0,0.6,0,0,0,7.7,59.2,0,29.6
8/3/1993,0,,0,0,1.3,0.5,0,0,0,0,10.7,1.4,0,0,0,0,0.8,0,0,0,0,0
8/4/1993,0.2,,0,0.2,0,0,9.4,0.4,0,4.2,0,2.2,14.3,0,0,0.2,0,0,13.1,51,0,32
8/5/1993,24.8,,0,0.6,4.8,0,0,13.4,2.1,40.9,14.7,21.8,0,0.9,0,1,0.4,0,0,0,4.6,0
8/6/1993,0.6,,12.3,4,6.3,1.8,1,0.2,0,0,8.5,0.8,0,1.2,0.2,0.3,1,0,0,0,0.4,0
8/7/1993,0,,0,1,0.3,0,0,0,0,0.3,0.8,0,0,0,0,0,1,0,0,0,0,0
8/8/1993,0,,0,0,0,0,0,0,0,0.3,0,0,0,0,0,0,0,0,0,0,0,28.4
8/9/1993,0,,0,0.3,0,0,0,0,0,6.3,0,0,0,0,0,0,0,0,76.3,0,0,24
8/10/1993,0,,0,0,1,0,0,0.6,0,0,0,0,4.9,0,0,0,0,0,0.2,0,0,0.1
8/11/1993,0,,0,0,0,0,0,0,0,0,0,0,0,0,0.4,0,0,0,0,0,0,0
8/12/1993,0,,0,0,0,0,0,0,0,0,0,0,0,0,0,0,0,0,0,18,0,0
8/13/1993,13.1,,0,0.3,46,0,81.6,26.6,0,31.7,0.3,10.5,66.5,0,15.7,5.1,0,0,0.4,45.5,14.4,20.2
8/14/1993,0,,0,0,0,0,0,34.4,0,0,0,0.1,0,0,3.2,0,0,0,0,1,0,0
8/15/1993,1.3,,0,13.3,16.7,0,3.3,5.9,14,16.8,17.1,0,0,12,0.2,0,0,12.5,0,0,0,0.9
8/16/1993,0.4,,16.6,0.8,0,0,19.6,0,0.2,9.1,23.8,0,6.1,1.6,0,0.3,19.3,0,2.6,11.3,1.8,42.4
8/17/1993,0,,0,0,0,0,0,0,0,0,0,0,35.1,0,0,0,0,0,7.8,11.5,0,6.1
8/18/1993,0,,0,0,0,0,13.5,0,0,0,0,0,1.3,0,0.3,0,0,0,1.8,19.2,0,1.3
8/19/1993,0,,0,2.4,0,0,0,0,0,0,0,11.9,0,0,35.6,0,0,0,0.4,0.6,0,1
8/20/1993,2.1,,0,0,0,0,0,0,0,0.3,0.5,7.7,0,0,4,0,0,0,0.3,0,0,2.5
8/21/1993,0,,0,0,0,0,11.2,0,0,0,0,0.5,0,0,0.2,0,1.2,0,0.7,0,0,0
8/22/1993,0,,0,0,0,0,0.8,0.2,0,0,0,0,2.2,0,7.4,0,1,0,37.8,18.4,0,90.2
8/23/1993,3.4,,0,6.2,0,0,0,1.9,0,12.1,0,0,2.4,0,6.3,0,0,0,0,0,0,2.4
8/24/1993,5.8,,0,0.5,0.5,0,3.3,0,0,34.3,0.7,23.1,0,0,0.4,8.3,0,0,53.3,0,0,37.2
8/25/1993,44.7,,0.8,0.8,0,1.3,29.2,4,0,5.1,1,1,28.3,0,1.3,2.8,1,0,5.1,44.8,1.8,1.2
8/26/1993,6.5,,8.2,8.6,15.5,7.4,11.4,21.2,0,8.9,7.6,0,0,3.6,30.6,0,4.9,0,0,0,5.1,1
8/27/1993,0,,0,0.9,0.3,2.3,0.3,0,0,0,2.6,5.6,0,0,0.2,0,0.1,0,0,0,0,0
8/28/1993,0,,0,7.7,0,1,0,12.5,0,14.8,0,5.5,2.1,0,0,0,0,0,0,0,0,0.1
8/29/1993,0.5,,0,0.4,0,6.6,0,0.1,0,0,0.2,0,0,0.5,23.9,0,4.7,0,0,0,0,0
8/30/1993,0.3,,0,0,0,2.6,0,0,0.9,3,3.8,0.6,1.4,1.8,3.1,0,1.8,0.7,2,1.5,0,13.7
8/31/1993,0.3,,0,0.2,0,0.8,9.7,0,0,0,0,0,0,0,0,0,0.3,0,0,24.5,0.5,12.4
9/1/1993,0,,0.8,0,0,0,46.9,0,0,55.6,0.2,0,51.1,0,0,0.3,0,0,0,19.1,0,11
9/2/1993,6.4,,0,0,0,0.3,7.6,0,0,1,23.9,1.8,6.5,0,0,1.3,0,0,16.5,2.2,0,23.7
9/3/1993,2.9,,0,30.1,0.3,0,21.6,2.6,0,38.1,6.2,7,0,0,2.6,28.2,0,0,0.8,0,16.6,17
9/4/1993,0,,0,0,0,0,1.3,0.4,0,21.5,0,0,34.9,0,1.7,0,0,0,41.2,0,0,45.3
9/5/1993,13.3,,0,39.6,3.6,0.3,23.9,4.5,0.6,9.3,29.7,2.5,1.6,5.2,9.6,0.8,2.9,0,17.6,17.2,8.6,3.3
9/6/1993,0,,0.3,2.5,1.3,1.3,1.5,0.9,2,21.2,1.9,0.3,0,5.5,0.4,0.5,0,0,3.2,0,9.4,14.5
9/7/1993,4.2,,1.2,1.4,1.8,0,3.8,3.8,0,13.6,0.5,5.6,0,37.5,0,0.5,3,53.3,1.7,11.4,8.2,0.1
9/8/1993,1.7,,0,0,3.3,0,0,0,0,0.3,0,0,0,0,0,0,0,0,0,0,0,7
9/9/1993,15.8,,46,0,0,0,4.6,0,0,0,2.5,0,7.7,0,0,19.1,0,0,4.3,0,11.1,10.2
9/10/1993,1.3,,0,18.7,0,0,26.7,0,0,0,1.5,9.7,1.9,0,9.3,4.6,0,0,2.6,5.3,5.7,0.9
9/11/1993,2.5,,0,2.6,0,7.4,0,0,0,5.3,9.7,0.9,0,0.8,2.3,0.6,0,0,0,0,0,0
9/12/1993,14.5,,0,1.4,1,0,0,0,0,0,9.8,0,0,0,0,0,6.7,0,0,0,0,0
9/13/1993,1.3,,0,0,0,0,17.5,5,0,0,0,0,0.4,0,0,0,6.7,0,0,0,0,0
9/14/1993,0,,0,3.1,26.9,0.3,0.3,10.3,0,0,2.8,3.6,0,0,4.7,0,0,0,36.7,0,0,0
9/15/1993,23,,44.1,26.5,14.5,0,0,26.6,25.2,25.9,10.8,0.4,1.6,0,0,0,0,1.3,27.2,7.9,0,17.7
9/16/1993,2.1,,0.5,0.6,0,0,20.6,0,0,0,0,21.7,0,1.5,23.4,8,21.4,0.3,0,0,6.6,0
9/17/1993,0,,0,0,0,0.3,0,5.4,0,0,7.1,0,0,0,0,0,0,0,0,0,0,0
9/18/1993,11.8,,0.2,15.4,0,0.5,0,12.4,0,0.4,3.2,8.1,2.4,0.3,30.6,2,36.4,0,0,4,9.3,0
9/19/1993,26.3,,0,2.5,43.9,0,14.5,22.5,23.3,6.9,0.2,29.4,6.9,1.5,3.3,7.5,0.8,2,9.9,27,75.5,11.2
9/20/1993,24.5,,23,4.3,27.7,0,0,42.9,2.7,0.3,46.2,4,0,0,0.7,11.3,0,0,0,0,7.1,0
9/21/1993,6.2,,6.5,43.2,4.8,0,15.5,35.5,1.9,45,5.9,1.7,7.6,0,0.1,4.6,0,3.7,6.9,1.3,59.4,10.4
9/22/1993,0,,2.7,2.3,0,0,0,0,0,40.1,0,1.2,0,0,0,0,0.2,0,0,0,0,0
9/23/1993,27.3,,0,0,0,0,0,0,0,1.8,17,22.3,18.6,8.6,10.3,0.3,0,0,0,0,2,0.4
9/24/1993,0,,0,0.6,0,0,26.7,2.1,1.1,1.1,0,14.3,7.6,2.1,0.1,18.2,2.5,0,20,24.5,14.8,0
9/25/1993,22.4,,0,40.2,0,13.5,0,6.4,0,23.9,4.8,0.8,0,0,12,52.5,15.7,0.3,6.5,0,6.7,9.8
9/26/1993,0,,21.6,9.6,23.7,14.5,0,2,4.7,0.9,31.5,0,0,2.6,0.3,20.6,0.1,0,1.1,0,5.1,0
9/27/1993,0,,0,0,0,1.5,0,0,0,0,0,0,0,0,0,0,0,0,0.2,0,0,2
9/28/1993,6.3,,0,0.1,0,17.6,14.7,0,0,0,0,0,0,0,0,2,0,0,0,36.1,0,0
9/29/1993,7,,0,4.8,15.2,0.3,0,14.9,0,2.3,2.8,31,24.7,0,70.2,0,2.9,0,0,0,1,0
9/30/1993,14.2,,0,2.2,0,5.8,0,6,13.5,1.8,9.9,1.7,0,0,14.4,3.3,3.1,0.6,0,3.6,0.8,0
10/1/1993,2.1,,1.3,0.4,0,9,0,0,0,0,0,1.4,0,0,7.3,10.3,0.2,0,0,0,0.4,0.4
10/2/1993,0.2,,0,0,0,0,0,23.1,0,0,0,0,0,0,0,35.8,0,0,1.3,0,0,2.2
10/3/1993,35.8,,0,14.8,0,0,0.5,11.3,0,2,0,18.1,2.2,0,27.6,4,0.2,0,11.3,5.2,2.3,30
10/4/1993,0.8,,1.6,12.8,0,1.6,0,0.7,0,0.6,0,0,0,15.6,2.5,6.5,9.9,0,0,0,0,6.4
10/5/1993,0,,0.2,2,0,0,8.1,0,0,0,0,0,0,1.2,0.1,0,0.4,0,0.1,0,0,0
10/6/1993,0,,0,1.9,0.8,49,0,0,0,0,0,1.1,0,0,11.4,0,0,0,0,0,0,0
10/7/1993,7.6,,0,3.4,0.3,1.8,0,27,0,0,0,19.4,0,0,1,10,0,0,8.3,4.5,14,11.2
10/8/1993,24,,0,16.4,0.5,45.5,0,0.5,0,7.7,5.3,38.2,0.4,0,42.5,11.4,22.5,0,0,18.7,12.4,0
10/9/1993,50.5,,9.5,3.5,14.7,180.1,45.2,15.7,16.8,1.4,11.4,2.1,2.7,0.6,28,0.6,17.4,0,13.2,0.6,0.5,6
10/10/1993,54.3,,10,0,0.3,56.4,0,29,0,0,1.8,43.9,0,1.4,2,11.8,17.2,0,0,0,0.6,0
10/11/1993,0,,0.5,2.9,0,0,0,0,0,0,21.5,0,0,0,6.4,0,0,0,0,0,0,0
10/12/1993,0,,0,0,5.6,0,0,4,0,0,0,1.4,0,0,0,0,0,0,0,0,0,0
10/13/1993,12,,0,0,9.7,0,0.3,1,0.5,0,4.8,0,0,0,21.1,2,0,0,3.7,0,1.8,3.2
10/14/1993,0.8,,0,0,0,3.1,0,0.9,0,0,1.7,5.2,0,0,0,0.3,0,0,0,0,0,0
10/15/1993,0,,0,0,16.5,24.1,0,0.7,0,0,1.8,0,0,0,0,0,0,0,0,0,0,0
10/16/1993,0,,8.8,0,0,0,0,6.1,0,0,0,0,0,0,0,0,0,0,0,0,14.5,0
10/17/1993,0,,0,2.8,0,2.8,0,0,0,0,5,0,0,0,0,9.9,0,0,0,0,2.7,0
10/18/1993,4.8,,0,17.8,1.5,0,0,0,0,0,2.6,0,4.5,0,11.1,0,0.9,0,0,0,0,0
10/19/1993,0,,0,0,0,0,0,0.6,0,0,0,0,0,0,0,0,0,0,0,0,0,0
10/20/1993,5.7,,0,46.9,30.5,0.5,3.6,1.6,0,0,28.4,13.4,0,3,27.2,0,10.2,0,3.1,0,0,0
10/21/1993,0.3,,25.8,0,0,0.8,0,0,0,0,0,0,0,0,0,0,0,0,0,0,0,0
10/22/1993,2.4,,0,0.4,0.3,17,1.8,0,0,0,4.5,0.6,1.6,5.8,5.1,8.6,0,0,3.5,34.7,0.5,14.5
10/23/1993,2.7,,0,23.6,0.5,8.4,15.2,15.3,15.3,1,16.8,108.3,0,0,12.7,27.4,0,0,3.3,0,8.2,0.2
10/24/1993,5.6,,42.1,0,0,19,0,0,0,0,0,0,0,0,1.7,4.8,0.5,0,0,0,0,0
10/25/1993,0,,0,15,0,0,0,0,0,0.4,0,0,0,0,0,0,0,0,0,0,0,0
10/26/1993,10.7,,0,8.4,0,0,0,3.3,0,0,3,0,0,0,0,0,0,0,0,0,12.7,0
10/27/1993,9,,0.5,10.8,0,20,9.9,12.1,4.6,0,1.6,0.5,0,0,0,7.7,0,0,0,0,4.4,0
10/28/1993,0,,0,0,0,14.7,0,0,0,0,0,0,0,1.7,0,0,0,3.4,0.4,0,0,0
10/29/1993,0,,0,0,0,0,0,0,0,0,0,0,0,0,0,0,0,0,0,0,0,0
10/30/1993,0,,0,0,0,0,0,0,0,0,9.2,0,1.1,0,0,0,0,0,0,1,0,0
10/31/1993,0.6,,0,0,0,17.8,0,0,0,0,1.6,3.5,0,12,25.4,0,15,0,0,0,0,0
11/1/1993,0,,1.5,6.5,0,3.6,0,0,0,0,3.8,0,0,0,0,0,0,0,0,0,0,0
11/2/1993,0,,0,0,0,0,0,0,0,0,0,0,0,0,0,0,0,0,0,0,0,0
11/3/1993,0,,0,32.3,0,0.5,0,0,0,0,31,0,0,0,0,0,0,0,0,0,0,0
11/4/1993,0,,0,0,0,0,0,0,0,0,0,0,0,0,0,0,0,0,0,0,2.5,0
11/5/1993,0,,0,0.5,0,0,0,0,0,0,1,0,0,0,0,0,0,0,0,0,0,0
11/6/1993,0,,0,4.6,11.9,2,0,0,0,0,0,0,0,0,0,0.5,0,0,0,0,5.2,0
11/7/1993,0,,0,0,1.8,6.1,0,0.6,0,0,0,0,0,9.3,0,0,0,0,0,0,0,0
11/8/1993,0,,0,10.1,0,0.3,0,0,7.8,0,0,0,0,0,0,0,0,0,0,0,0,0
11/9/1993,0.2,,0,0,0,0,0,0,0,0,0.1,0.6,0,0,1.3,0,0,0,0,0,0,0
11/10/1993,0,,1.1,1.3,0,0,0,0,0,0,0,0,0,0,0,0,0,0,0,0,0,0
11/11/1993,0,,0,2.6,0.3,0,0,0,0,0,2,0,0,0,0,0,0,0,0,0,0,0
11/12/1993,0,,0,0,0,0,0,0,0,0,0,0,0,0,0,0,1.2,0,0,0.7,0,0
11/13/1993,0,,0,6.9,1.8,5.3,0,0.2,0,1,0,0,0,1.8,4.2,0,2.6,0,0,0,0,0
11/14/1993,0,,5.6,0,5.3,0,0,5.9,8.5,0,0,4.2,0,0,10.7,12,0,0,0,0,6.4,0
11/15/1993,0,,0.3,8.2,24.6,3.3,0,0,0,0,32.6,0,0,3,10.9,1,14.4,5,0,0,0,0
11/16/1993,0,,0.9,0.7,0,3.3,0,0,0,0,0,7.2,0,0,0,0,0,0,0,0,0,0
11/17/1993,0,,0,0,0,8.9,0,0,0,0,0,5.6,0,0,0,0,0,0,0,0,0,0
11/18/1993,3.7,,0.6,2,0.3,85.9,0,47.2,22.6,0,35,0,0,3.7,34.2,0,55.1,17,0,0,4.5,0
11/19/1993,0,,1.5,29.1,18.5,0,0,0,0,0,0,0,0,0,0,0,0,0,0,0,0,0
11/20/1993,0,,0,0,0,0,0,0,0,0,0,0,0,0,0,0,0,0,0,0,0,0
11/21/1993,0,,0,0,0,1,0,1.1,0,0,0.6,0,0,0,0,0,0,0,0,0,12,0
11/22/1993,0,,0,0,0,0,0,0,0,0,1.6,4.3,0,0,38.6,0,0,0,0,0,4,0
11/23/1993,0,,0,0,0,8.6,0,0,0,0,0,0,0,0,0,0,0,0,0,0,0,0
11/24/1993,3.5,,0.2,0,4.8,20.5,0,0,0,0,0,0,1.6,0,0,0,0,0,0,0,0,0
11/25/1993,4.1,,0,23.4,8.3,20.8,74,0,19.1,1.1,11,0,0,13.5,0.2,26.4,9,6.4,30.2,0,1.4,5.6
11/26/1993,15.1,,3.5,0,0.3,16.5,0,0,8.7,30.6,0,30.5,0,3.1,25,0,26,15,0,0,1.8,0
11/27/1993,9.7,,0,0,1,0,0,17.5,0,0,0,0,0,0,0,0,0,11.5,0,0,0,0
11/28/1993,0.1,,0.2,0,0,0,0,0,0,0,0,0,0,0,0,4.4,0,0,0,0,0,0
11/29/1993,15.5,,0,0,0,0,0,0,0,0,0,0,0,0,0,0,0,0,0,0,15.5,0
11/30/1993,4.2,,0,0.9,0,39.1,0,0,0,0,16.3,0,0,9.9,0,0,49.5,0,0,0,0,0
12/1/1993,54.9,,0,0,20.6,0.8,0,46.4,0.5,4.9,7.9,23.6,0,0,10.5,0,0.2,9,0,0,0,0
12/2/1993,27.2,,0,7.2,0,0,0,1.1,0,1.3,1.2,1.1,0,0,0,8.3,0.3,0,0,0,14.2,0
12/3/1993,0,,0,0,0,3.6,0,0,0,0,0,1.7,0,0,0,0,0.2,0,0,0,0,0
12/4/1993,0,,0,0.4,0,36.9,0,2.1,28.5,0,4.2,0,0,14.6,4.3,0,0.2,11.8,0,0,0,0
12/5/1993,0,,0,0.3,0.5,0,0,2.3,13.2,0,2.5,0,0,0,0,0,0.1,0,0,0,0,0
12/6/1993,0,,0,3.7,0,0,0,0,0,0,8.9,0,0,0,0,0,0.3,0,0,0,0,0
12/7/1993,0,,8.2,4.1,12.7,0,0,0,0,0,13.4,0,0,0,0,0,0.2,0,0,0,0,0
12/8/1993,0,,0,2.1,0,0,0,0,0,0,0,0,0,0,0,0,2.3,0,0,0,0,0
12/9/1993,0,,0,0,0,0,0,0,0,0,0,0,0,0,0,0,0,0,0,0,0,0
12/10/1993,0,,0,0,0,0,0,0,0,0,0,0,0,0,0,0,0,0,0,0,0,0
12/11/1993,0,,0,0,0,0,0,0,0,0,0,0,0,0,0,0,0,0,0,0,0,0
12/12/1993,0,,0,0,0,0,0,0,0,0,0,0,0,0,0,0,0,0,0,0,0,0
12/13/1993,0,,0,0,0,0,0,0,0,0,0,0,0,0,0,0,0,0,0,0,0,0
12/14/1993,0,,0,0,0,0,0,0,0,0,0,0,0,0,0,0,0,0,0,0,0,0
12/15/1993,0,,0,0,0,0,0,0,0,0,0,0,0,0,0,0,0,0,0,0,0,0
12/16/1993,0,,0,0,0,0,0,0,0,0,0,0,0,0,0,0,0,0,0,0,0,0
12/17/1993,0,,0,0,0,0,0,0,0,0,0,0,0,0,0,0,0,0,0,0,0,0
12/18/1993,0,,0,0.5,0,0,0,0,3.1,0,0,0,0,0,0,0,0,2.5,0,0,0,0
12/19/1993,0,,0,0,0,0,0,0,0,0,0,0,0,0,0,0,0,0,0,0,0,0
12/20/1993,0,,0,0,0,11.7,0,0,0,0,0,0,0,0,0,0,0,0,0,0,0,0
12/21/1993,0,,0,0,0,0.5,0,0,0,0,0,0.3,0,0,0,0,1.6,0,0,0,0,0
12/22/1993,0,,0,0,0,19.3,0,0,4.5,0,10.1,0,0,0,1,0,0.3,0,0,0,0,0
12/23/1993,0,,9.5,0,0,0,0,0,0,0,0,0,0,0,0,0,0,0,0,0,0,0
12/24/1993,0,,0,0,0,0,0,0,0,0,0,0,0,0,0,0,0,0,0,0,0,0
12/25/1993,0,,0,0,0,0,0,0,0,0,0,0,0,0,0,0,0,0,0,0,0,0
12/26/1993,0,,0,0,0,0,0,0,0,0,0,0,0,0,0,0,0,0,0,0,0,0
12/27/1993,0,,0,0,0,0,0,0,0,0,0,0,0,0,0,0,0,0,0,0,0,0
12/28/1993,0,,0,0,0,0,0,0,0,0,0,0,0,0,0,0,0,0,0,0,0,0
12/29/1993,0,,0,0,0,0,0,0,0,0,0,0,0,0,0,0,0,0,0,0,0,0
12/30/1993,0,,0,0,0,0,0,0,0,0,0,0,0,0,0,0,0,0,0,0,0,0
12/31/1993,0,,0,0,0,0,0,0,0,0,0,0,0,0,0,0,0,0,0,0,0,0
1/1/1994,0,,0,0,0,0,0,0,0,0,0,0,0,0,0,0,0,0,0,0,0,0
1/2/1994,0,,0,0,0,0,0,0,0,0,0,0,0,0,0,0,0,0,0,0,0,0
1/3/1994,0,,0,0,0,0,0,0,0,0,0,0,0,0,0,0,0,0,0,0,0,0
1/4/1994,0,,0,0,0,0,0,0,0,0,0,0,0,0,0,0,0,0,0,0,0,0
1/5/1994,0,,0,0,0,0,0,0,0,0,0,0,0,0,0,0,0,0,0,0,0,0
1/6/1994,0,,0,0,0,0,0,0,0,0,0,0,0,0,0,0,0,0,0,0,0,0
1/7/1994,0.5,,0,0,0,0,0,0,0,0,0,0,0,0,0,0,0,0,0,0,0,0
1/8/1994,0,,0,0,0,0,0,0,0,0,0.8,0,0,0,0,0,0,0,0,0,0,0
1/9/1994,0,,0,0,0,3.6,0,0,0,0,0,0,0,8.2,0,0,0,8.2,0,0,0,0
1/10/1994,0,,0,0,0,10.7,0,0,0,0,0,0,0,1,0,0,0,0,0,0,0,0
1/11/1994,0,,0,19.8,0,0,0,0,0,0,0,0,0,0,0,0,3.1,0,0,0,0,0
1/12/1994,0,,0,0,0,0,0,0,0,0,0,0,0,0,0,0,0,0,0,0,0,0
1/13/1994,0,,0,0,0,0,0,10.3,0,0,0,0,0,0,0,0,0,0,0,0,0,0
1/14/1994,0.4,,0,0,0,1.3,0,0,0,0,3.6,0,0,0,0,0,0,0,0,0,0,0
1/15/1994,0,,0,0,0,39.4,0,0,0,0,0,0,0,1.6,0,0,0,0,0,0,0,0
1/16/1994,0,,0,0,0,0,0,0,0,0,0,0,0,0,0,0,0,0,0,0,0,0
1/17/1994,0,,0,0,0,0,0,0,0,0,0,0,0,0,0,0,0,0,0,0,0,0
1/18/1994,0,,0,5,0,1.8,0,9.1,0,0,3.6,0,0,0,3.8,9.4,0,0,0,0,0,0
1/19/1994,0,,25.3,0,0,3.8,0,0,0,0,0,0,0,0,0,0,0,0,0,0,0,0
1/20/1994,0,,0,0.9,0,53.3,4.8,2.8,0,0,14.8,0,0,4,11.6,4.8,1.5,1.1,0,0,0,0
1/21/1994,0,,0.1,0,0,0,0,0,0,0,0,0,0,0,0,0,0,0,0,0,0,0
1/22/1994,0,,0,0,0,0,0,0,0,0,0,0,0,0,0,0,0,0,0,0,0,0
1/23/1994,0,,0,0,0,0,0,0,0,0,0,0,0,0,0,0,0,0,0,0,0,0
1/24/1994,0,,0,0,0,0,0,0,0,0,0,0,0,0,0,0,0,0,0,0,0,0
1/25/1994,0.2,,0,0,1.5,0.8,0,1.9,0,0,0.4,0,0,0,0,0,29.3,0,0,0,0,0
1/26/1994,0,,0.1,0,0,8.6,0,0,0,0,1.3,0,0,15.6,0,0,5.3,0,0,0,0,0
1/27/1994,0,,0,0,0,0,0,0,0,0,0,0,0,0,0,0,0,0,0,0,0,0
1/28/1994,0,,0,0,0,0,0,0,0,0,0,0,0,0,0,0,0,0,0,0,0,0
1/29/1994,0,,0,0,0,0,0,0,0,0,0,0,0,0,0,0,0,0,0,0,0,0
1/30/1994,0,,0,0,0,0,0,0,0,0,0,0,0,0,0,0,0,0,0,0,0,0
1/31/1994,0,,17.3,0,0,0,0,0,0,0,0,0,0,0,0,0,0,0,0,0,0,0
2/1/1994,0,,0,0,0,0,0,0,0,0,0,0,0,0,0,0,0,0,0,0,0,0
2/2/1994,0,,0,0,0,0,0,0,0,0,0,0,0,0,0,0,0,0,0,0,0,0
2/3/1994,0,,0,0,0,0,0,0,0,0,0,0,0,0,0,0,0,0,0,0,0,0
2/4/1994,0,,0,0,0,0,0,0,0,0,0,0,0,0,0,0,0,0,0,0,0,0
2/5/1994,0,,0,0,0,0,0,0,0,0,0,0,0,0,0,0,0,0,0,0,0,0
2/6/1994,0,,0,0,0,0,0,0,0,0,0,0,0,0,0,0,0,0,0,0,0,0
2/7/1994,0,,0,0,0,0,0,0,0,0,0,0,0,0,0,0,0,0,0,0,0,0
2/8/1994,0,,0,0,0,0,0,0,0,0,0,0,0,0,0,0,0,0,0,0,0,0
2/9/1994,0,,0,0,0,0,0,0,0,0,0,0,0,0,0,0,0,0,0,0,0,0
2/10/1994,0,,0,0,0,0,0,0,0,0,0,0,0,0,0,0,4.8,0,0,0,0,0
2/11/1994,0,,0,0,1.5,3.6,0,36.4,0,0,1.3,0,0,0,0,8.4,0,0,0,0,0,0
2/12/1994,0,,0,0,0,0,0,0,0,0,0,0,0,0,0,0,0,0,0,0,0,0
2/13/1994,0,,0,0,0,0,0,0,0,0,0,0,0,0,0,0,0,0,0,0,0,0
2/14/1994,0,,0,0,0,0,0,0,0,0,0,3.1,0,0,0,7.6,0,0,0,0,0,0
2/15/1994,0,,0,0,0,0,0,0,0,0,0,0,0,0,0,0,0,0,0,0,0,0
2/16/1994,0,,0,0,0,0,0,0,0,0,0,0,0,0,0,0,0,6,0,0,0,0
2/17/1994,0,,6,0,0,0,0,0,0,0,0,3.4,0,0,16.3,0,0,0,0,0,2,0
2/18/1994,0,,0,2.3,0,2,0,0,7.1,0,1.8,0,0,1.8,0,0,8.5,4.1,0,0,0,0
2/19/1994,0,,0,0,0,3.1,0,0,0,0,0,0,0,11.6,0,0,8.5,13.6,0,0,0,0
2/20/1994,0,,0,0,0,2,0,0,0,0,0,0,0,0,0,0,0,0,0,0,0,0
2/21/1994,0,,0,0,2,0,0,0,0,0,0,0,0,14.2,0,0,6.6,0,0,0,0,0
2/22/1994,0,,0,0,0,0.3,0,0,0,0,0,0,0,0,6,0,0,0,0,0,0,0
2/23/1994,0,,0,66.2,8.1,4.6,0,0,0,0,0,0,0,0,0,0,0,0,0,0,0,0
2/24/1994,2.7,,0,0,32.3,0.8,0,0,0,0,47.5,0.8,0,0,0,0,0,0,0,0,0,0
2/25/1994,0,,0,0,0,0,0,0,0,0,0,0,0,0,0,0,0,0,0,0,0,0
2/26/1994,0,,0,0,0,0.3,0,0,0,0,0,0,0,0,0,0,0,0,0,0,0,0
2/27/1994,0,,0,0,0,0,0,0,0,0,0,0,0,0,0,0,0.4,0,0,0,0,0
2/28/1994,0,,0,0,2.3,20.8,0,21.4,0,0,23,0,0,0,0.2,8.6,10.9,0,0,0,0,0
3/1/1994,3.9,,0,11,34,34.3,0,1.2,13.5,0,0.7,3.4,0,16.3,0,0.2,6.4,3.8,0,0,0,0
3/2/1994,0,,21.7,0,0,0,0,0,0,0,0,0,0,0,0,0,0,0,0,0,0,0
3/3/1994,0,,0,0,0,0,0,0,0,0,0,0,0,0,0,0,0,0,0,0,1.8,0.2
3/4/1994,3.1,,0,11.5,1.3,0.5,0,0,0,1.7,0,0,0,0,25,5.4,0.1,0,0,0,1.5,0.4
3/5/1994,0,,0,0,0,0,0,0,0,0,0,0,0,0,0,0,0,0,0,0,0,0
3/6/1994,0,,0,0,0,0,0,0,0,0,0,0,0,0,0,0,0.4,0,0,0,0,0
3/7/1994,0,,0,0,0,0,0,0,0,0,0,0,0,0,0,0,0,0,0,0,0,0
3/8/1994,0,,0,0.1,0,0,0,0,0,0,0,0,0,0,0,0,0,0,0,0,0,0
3/9/1994,46.8,,0,3.5,0,0,5.6,0,0,0,0,1.8,0,0.8,37.9,3.6,0,0,0,0,50.3,0
3/10/1994,6,,0,55.1,42.7,13.2,0,31.4,23.6,0,25.8,0.4,0,30.3,0,0,8.9,26.6,0,0,0,0
3/11/1994,0,,47.7,0,0,0,0,0,0,0,0,0,0,0,0,0,0,0,0,0,0,0
3/12/1994,0,,0,0,0,0,0,0,0,0,0,0,0,0,0,0,0,0,0,0,0,0
3/13/1994,0,,0,0.8,0,0.8,1,0,0,0,0,0,0,0,0,0,0,0,0,0,0,0
3/14/1994,0,,0,0.8,0,4.1,0,0,0,0,0,0,0,0,0,0,2.3,0,0,7.9,0,0
3/15/1994,0,,0,0,0,0,0.3,0,0,0,0,0,20,0,0,0,0,0,0,8.1,6.1,8.6
3/16/1994,0,,0,0,0,0,0,0,0,0,0,12.7,9.7,0,6,6.4,0,0,35.4,0,0,0
3/17/1994,0,,0,0,0,1.3,0,0,0,0,0.1,0,0,0,0,0,0,0,0,0,0,0
3/18/1994,0,,0,6.6,0,0,0,0,0,0,0,0,0,0,0,0,0,0,0,0,0,0
3/19/1994,0,,0,1,39.9,0.5,0,1,5,0,12.8,0,0,41.2,0,0,23.8,0,0,0,0,0
3/20/1994,5.5,,0,0.3,0,0,0,1.5,0,0,4.4,0,0,13.4,0.9,0,0,0,0,0,0,0
3/21/1994,0,,3.1,0,0.5,5.1,0,0,10.6,0,0,10.5,0,0,27.8,0.2,5.6,3.6,0,0,0,0.6
3/22/1994,0,,1.3,0,0,0,0,0,0,0,0,0,0,0,0,4.5,0,0,0,0,7.8,0
3/23/1994,0,,0,0,0,0,0.3,0,0,0,0,0,2.1,0,0,0,0,0,0,0,0.7,0
3/24/1994,0,,0,0.1,0,0,0,0,0,0,0,8.8,0,0,13.5,19,0,0,0,0,0,0
3/25/1994,0,,0,0,0,0,0,0,0,0,0,0,0.5,0,0,3.4,0,0,0,0,6.1,0
3/26/1994,0,,0,0,0,0,8.1,0,0,0,0,4.8,0,0,8,1.2,0,0,0,0,14.7,0
3/27/1994,0,,0,0,0,0,1.3,0,0,0,0,0,0,0,0,0,0,0,37.7,0,0.5,0.4
3/28/1994,0,,0,0,0,0,0,0,0,0,0.3,0.5,0,0,20.5,22.6,0,0,0,1.1,0.6,0
3/29/1994,0,,0,0,0,0,0,0,0,0,0,0,0,0,0,0.7,0,0,0,0,10.9,0
3/30/1994,0,,0,0,0,0,1.5,0,0,1.7,0,9.2,0,0,2.4,0,0,0,0,0,2.7,0
3/31/1994,19.5,,0,0,0,0,20.3,0,0,0,0,0,0,0,0,4.3,0,0,0,0,0,0
4/1/1994,0,,0,0,0,0.3,3.3,0,0,0,0,0,0,0,0,0,0,0,0,10.7,0,0
4/2/1994,0,,0,20,0,9.9,0,0,0,0,0,0,0,0,0,1.9,0,0,0,0,0,0
4/3/1994,34,,0,4,85.6,53.9,1.3,33.5,6.1,61.3,0.5,0.2,0,2.4,1.1,0,8.3,19.7,0,0,4.9,16.4
4/4/1994,2.4,,6.6,9.1,0,0,0,0.2,0,0,1.2,15.3,0,0,16,0.5,0,12.4,0,0,0,0
4/5/1994,0,,0,0,0,0,0,2.4,0,0,77.3,0,0,0,0,0,0,0,2.3,0,0,0.2
4/6/1994,0,,0,9.5,0,16.8,0,7.2,0,0,7.1,0,0,0,1.2,0.2,0,0,0,0,9.5,0
4/7/1994,0,,0,0,0,0,0,0,0,0,0,6,0,0,0,0.3,0,0.1,0,0,0,0
4/8/1994,8.3,,0,0,23.2,0,0,3.5,0,0,0.7,6.2,0,1.4,0,0.7,0.1,0.2,0,0,10.3,0
4/9/1994,0,,0.6,0,0,0,0,0,0,0,0,0,0,0,0,0,0,0,0,0,0,0
4/10/1994,0,,0,0,0,3.8,0,0,0,0,0,0,0,0,0,0,0.1,0,0,0,0,0
4/11/1994,0,,0,19,0,0,0,0,0,0,0,13.2,0,0,0,0,0,0,0,0,0,0
4/12/1994,0,,0,54.3,0,0.3,0,0,0,0,0,44,0,0,17.7,18.2,0.6,0,0,0.9,1.3,0
4/13/1994,0,,0,3,1,0,0,0,0,0,6.1,0,0,0,0,0,0,0,0,0,0,0
4/14/1994,1.3,,20.8,0,0,9.1,0.5,0.5,0,0,0,4.6,0,0,0.5,18.7,0,0,0,0.2,7.4,0
4/15/1994,0,,0,0,0,0,0,0,0,0,0,0,0,0,0,0,0,0,0,0,0,0
4/16/1994,0.4,,0,6.5,0,12.2,15,0,0,2.7,8.4,0,6.4,0,0,1.8,4.9,0,41,25,0,16.6
4/17/1994,3.5,,0.8,0,1,0,0.5,0,0,0,1.1,0,0,0,0,0,0,0,0,0.5,0,0
4/18/1994,1,,0,0,0,0,0,0,0,3.4,0,12.3,0,0,0,1.3,0,0,0,0,9.1,12
4/19/1994,0,,0,0,0,5.3,0,1.2,0,0,0,0,0,0,0,0,0,0,0,0,0,0
4/20/1994,0,,0,4.6,0,0,0,0,0,0,0,0,1,0,0,0,0,0,0,0.4,0,0
4/21/1994,0,,0,1.7,0,0,0,0,0,0,0,0,0,0,0,0,0,0,0,0,0,0
4/22/1994,23.6,,0,55.6,0,0,0,0,0,0,35.6,1.2,0,0.1,21.7,0,0,0,0,0,0,0
4/23/1994,31.6,,0,10.3,1.3,120.7,0,31.4,0,0,40.8,32.5,0,30.4,29.9,26,41.8,0,0,0,15,0
4/24/1994,2.1,,8.8,0.3,0,1.8,0,0,0,0,0,28.5,0,1,4.8,0,0,0,0,0,0,0
4/25/1994,0,,0,0,0,0,0,0,0,0,0,0,0,0,0,0,0,0,0,0.8,0,0
4/26/1994,12.9,,0,0.4,0.3,20.8,0,1.8,0,18.3,0,6.9,0,13.3,15.5,23.1,0.7,0,0,0,12.5,0
4/27/1994,0,,0.1,0,0,0,0,0,0,0,0,0,0,0,0,4.7,0,0,0,0,0.4,0
4/28/1994,10,,0,0,1.3,0,0,0.7,0,0,0,0,0,0,0,0,0,5.1,0,0,0,0
4/29/1994,0,,33.7,0,0,0,0,0,0,0,0,0,5.3,0,0,0,0,0,0,0,0,0
4/30/1994,27.3,,0,0,0,0,21.6,0,0,0,1,24,0,0,42.7,3.4,0,0,0,0.4,10.5,0
5/1/1994,0,,0,0,0,0.5,0,1.1,0,22.3,0.3,0,16.9,0,0,0,0,0,17,0,0,0
5/2/1994,7,,0,18.7,9.9,24.1,6.4,1.6,11.2,0,12.2,17,0,105.5,11.9,28.2,15.6,17.3,73,33.5,1.9,0
5/3/1994,6.8,,84.8,2.7,0,0,0,2.2,0,0,0,38.3,0,0,0,10.3,0,0,3.4,1.6,22.7,74.2
5/4/1994,0.3,,0,9.6,0,0,0,18,0,4.6,37.8,0,2.9,0,0.7,0,0,0,0,0.7,0,1
5/5/1994,0.5,,0,22.1,0,0,0,7,0,27.3,0,7,0,0,14.1,1,0,0,0,0,0,0
5/6/1994,8.9,,0,0,0,0,3.1,0.3,0,0,0,2.3,0,0,0,0.7,0,0,0,19.3,7,0
5/7/1994,0,,0,6.7,0,0,0,1.9,0,0,0,0,0.6,0,0.2,10,0,0,19.4,0,0,0
5/8/1994,0,,0,3.9,0,0,0,0,0,0,0,0,0,0,0,0,0,0,0,0,0,0
5/9/1994,0,,0.3,3.8,2.1,3.3,13.2,0,10.5,0,0,0,0,0,32.9,13.4,0,13.4,12.4,0,0,0
5/10/1994,0,,31.6,0,0,0,5.3,0,0,0,0,0,16.8,0,0,0,0,0,27.1,6.4,0,9.8
5/11/1994,4.3,,0,9.8,0,4.2,0,0,0,0,28.5,13.7,0,0.8,0,0,0,0,0,0,12.4,0
5/12/1994,39.1,,0,0.8,6.8,0,0,30.4,0,0,6.4,35.8,0,0,25.7,35.5,0,0,0,0,0.8,0
5/13/1994,0,,0.5,0,0,0,0.8,0,0,0,0,0,0,3.6,0,0,0.1,0,0,0,0,0
5/14/1994,0,,0,2.1,4.6,18,0,0.4,1.9,0,33.2,0,0,13.6,0,0,28.4,9.1,0,17.4,0,0
5/15/1994,0,,5.3,0,0,0,0,0,0,0,0,0,0,0,0,0,0,0,0,0,0,0
5/16/1994,0,,0,0,0,1.5,0,0,0,0,6.3,0,0,0,0,0,0,0,0,0,0,0
5/17/1994,0,,0,0,0,5.1,0,0,0,0,0,0,0,3.5,0,0,3,0,0,0,0,0.2
5/18/1994,0,,0,10.9,0,1,0,13.6,0,0,0.7,0,0,0.2,24.9,0.4,0.5,0,0,0,2.5,0
5/19/1994,0,,0.5,0,0,0,0,0.3,0,0,0.6,0,0,0,0,0,0,0,0,0,0.8,0
5/20/1994,4.4,,0,0,52.3,0,29.2,4.4,0,0,0.7,40,32,20.9,0,0,0,0,0.3,34.7,8.7,0
5/21/1994,38.1,,11.7,14.9,35.6,0,0,58.6,38.8,3.2,23.4,1,0,4.4,0,0.3,27,36.3,0,0,0,0
5/22/1994,0.1,,46.7,0.7,0,29,0,0,0.2,0,0,8.5,0,0,31.6,0,15.7,0,0,0,0,0.6
5/23/1994,0,,0,0,0,23.1,0,0,0,1.4,0,0,0,0,0,0,0.3,0,0,0,0,0
5/24/1994,0,,0,0,0,5.1,0,0,9.3,0,0,0,0,2.3,0,0,16.2,0,0.7,0,0,0
5/25/1994,2.9,,0,1.1,0,10.2,13.5,0,0,0,4.7,43.3,43.4,2,31.9,5,6.1,0,14.2,21.3,25.3,1.6
5/26/1994,8,,0,0,53.1,21.3,0,20.2,58.9,100.1,17.2,0,0,56.4,0,0,49.5,41.6,0.6,0,24.1,31.6
5/27/1994,2.2,,58,19.3,1,23.1,0,0,4.4,0,6.3,0,0,31.5,4.4,11.6,0.2,4.5,0,0,5.4,0
5/28/1994,1.3,,0.2,14.3,12.5,0,0,4.2,0,0,8.9,0,0,0,0.4,0,0,0,0,0,0,0
5/29/1994,37.4,,0.8,1.5,0,16.8,14.5,10.6,0,5.1,0.8,2,0.6,5,20.1,0.2,0,0,18.2,10.2,4.6,8.6
5/30/1994,3.6,,19.2,19.3,0,16.5,23.4,4.6,0,0,0.9,0,2.6,0,21.7,0,27,0,15.3,8.2,0,7.8
5/31/1994,3.5,,0,3.8,0,0,0.3,0,0,0,0,0,0,25.6,0,0,1.1,5.2,0,1,0,0
6/1/1994,0,,0,3.6,0,8.4,0,0,1.8,0,0,0.3,0,33.5,0,0,31.3,1.6,0,0,0,0
6/2/1994,25.5,,0.4,0.6,0,0.3,25.4,10.4,0,0,0,0,0.5,0,0.3,9.7,0.5,0,7.5,0,20.2,40.2
6/3/1994,0,,0,6.6,0,25.9,0,10.7,7.2,8.3,25,0,0,11.8,0.3,0,46.8,1.4,0,0,0,0
6/4/1994,26.4,,0.2,15.1,0,11.2,0,0,0,0.5,4.6,48.2,0,0,2.8,0,0,4.3,0,1.6,0.3,0
6/5/1994,49.3,,19.8,23.5,28.5,1.3,0,33.2,63.4,0.6,15.5,0,14.5,21,26.8,47.7,5.3,36.8,0,0,9.2,0
6/6/1994,0,,15.5,0.2,0,5.4,0,0,0,19.5,0,24.5,0,4.7,3.8,0,6.3,0,0.5,0,0,4
6/7/1994,8,,0,0.5,0,12.4,0,0,0,1.1,0,0,3.2,11.6,1,39,3.1,1.4,0,0,7.2,0
6/8/1994,0,,0,0,0.5,70.6,0,0,1.4,0,0,0,0,3.2,31,0,26.1,3.2,0,0,0,0
6/9/1994,4.9,,0,4.2,11.7,74.4,0,3.5,22.3,33.4,10.3,13.9,0,67.4,22.3,9.2,41.2,70.7,0,12,0.4,0
6/10/1994,3.7,,2.9,64.6,0,43.5,2,0,0,0,2.1,10.8,8.4,0,16.5,0,52.4,0,22.3,0,0,26.3
6/11/1994,0,,0,55.9,39.1,0,5.6,0.8,0,9.9,1.4,0,0,7,13.3,0,0,0,21.7,11.3,0,32
6/12/1994,12.1,,0,1,32.8,9.7,0,12.6,0,0,33.6,8.5,0,2.6,0.1,8.3,0,0,0,0,10.5,0
6/13/1994,0,,0,0,0,0,0,0,0,0,0,0,7.8,0,0,0,0,0,0,0,0,0
6/14/1994,0,,0,0,0,0,0,0,0,4.7,0,0,10.4,0,0,0,0,0,0,7.6,0,0
6/15/1994,0,,0,0,0,0,0,0,0,17.5,0,0,0,0,0,0,0,0,0,0,0,0
6/16/1994,0,,0,0,0,0,0,0,21.1,0,0,0,0,0,0,0,0,16.2,0,0,3.4,7.4
6/17/1994,1.1,,0,0.2,0,67.6,0,0,2.1,0,0,0,0,0,1.4,5.8,0.6,0,0,0,18.3,0
6/18/1994,0,,0,0,0,0,27.5,0,0,19.6,0,0,0,0,0,9.6,0,0,18.4,57.2,18,9.8
6/19/1994,0,,0,0,0,0,0,0,0,0,0,0,0,0,0,0,0,0,24.6,0,5.5,0
6/20/1994,0,,0,0,0,0,0,0,0,0,0,0,0,0,0,0,0,0,0,0,0,0
6/21/1994,0,,0,0,0,0,0,0,0,0,0,0,0,0,0,0,0,0,0,0,0,0
6/22/1994,0.5,,0,0,0,0,0,0,0,5.5,0,0,0,0,0,0,0,0,0,0,0,0
6/23/1994,7.7,,0,0,0,4.9,0,0,0,0.4,0.3,0,0,4,0,0,0,0,10.5,6.7,0,19.1
6/24/1994,1.1,,0,1.6,0,14.7,0,0,0,5.2,0,0.8,0,0.2,0.5,6.5,0,0,27.6,37.1,1.3,40.4
6/25/1994,15.5,,0,29.2,16.8,33,0,5.4,1,1.3,27.7,8.1,4.9,2,3.4,0.7,0.7,0,0,0,4,0
6/26/1994,0,,9.5,0,5.1,9.9,0,14.6,0,0,0,0,11.9,0.4,0,0,0,0,0.7,0,0,5.7
6/27/1994,10.2,,6.3,10.4,9.4,72.5,31.2,0.8,16,36.7,10.3,1,0.8,21.4,37.8,0,16.1,17.7,15,1,16.2,1
6/28/1994,0,,24.5,0,13.3,20.1,0,1.2,41.8,0,4.8,0,0,1.3,0,3.4,10.6,1.8,0,0,4.8,0
6/29/1994,0,,7.9,0,0,55.4,0,0,0,0,0,0,0,1.8,0,0,7.4,0,0,0,0,0
6/30/1994,0.4,,0,4.1,0,72.5,0,0,0,0,0.3,0,0,0.2,0,0,10.4,0,0,8,0,0
7/1/1994,0,,0,2.3,0,0,0,1.4,0.6,0,1,0,0,0.1,8.2,0,4,2.5,0,0,0,28.7
7/2/1994,0.4,,0,1.1,0,0,0,0,0.3,0.7,0,43.6,1.2,0,2.4,0,0.2,0,0,0,0,0
7/3/1994,0,,0,0,0,0,0,0,0,0,0,0,14.2,0,0,0.4,0,0,1.5,0,0,3.7
7/4/1994,10.9,,0,2.3,1.8,0,11.2,5.4,0,0,1.3,0,0,0,0,0,0.7,0,22.5,5.8,0,0
7/5/1994,0,,0,1.8,0,0,11.2,0,0,0,0,0,0,0,0,0.6,0,0,1.5,0,7.2,5.3
7/6/1994,0,,0,0,0,0,0,0,0,0,0,0,0,0,0.4,0,0,0,0,0,0,0
7/7/1994,0,,0,0,0,0,0,0,0,0,0,0,0,0,0,0,0.5,0,0,0,0,0
7/8/1994,0,,0,1.8,0,1.3,0,0,0,2.4,0.3,0,4.3,0,2.2,0,0,0,0,2.6,0,3.2
7/9/1994,0,,0,8.3,0,0,3.1,4.7,0,0,0,0,0,0,0,0,0,0,21.5,0,0,1.3
7/10/1994,0,,0,0,0,0,0,0,0,0,0,0,0,0,0,0,0,0,0,0,0,0
7/11/1994,1.6,,0,0,0,0.5,0,10.1,0,0,19.4,0,0,0,0,0.3,0,0,0,0,0,0
7/12/1994,0,,0.4,0.5,29.2,5.1,0,1.5,2.4,0,0,0,24.3,0.3,0,0,10.7,0.1,27.6,15.2,0,0
7/13/1994,0,,5.3,1.4,0,21.1,17.8,1.6,0.2,0,6,7.5,5.1,7.8,19.3,0,30,0,7.3,21.2,0,0
7/14/1994,0,,0,0,0,2.6,0,1.2,0,27.9,0.4,22.4,0,0,16.8,0,0,0,0,0,0,0
7/15/1994,0,,0,0,0,0,0,0,0,0,0,0,37.5,0,0,0,0,0,0,0,0,0
7/16/1994,0,,0,0,0,0,0,0,0.8,0,0,0,0,0,0,0,2.8,0,0,7.5,0,2.2
7/17/1994,3.9,,0,12.6,0,2.1,0.3,0,0,12.7,3.4,10.2,0,0,0.2,0,0.1,0,0,2.3,0,0
7/18/1994,0,,0,2.4,0,3.1,0,9.2,1.5,5.7,1.4,0,0,0,13.9,0,0,0,31.6,0,0,64
7/19/1994,9.3,,0,1.6,5.1,0,0,0,3.6,8.3,13.1,4.7,0,0,0,0,1.1,0.9,0,0,0,0
7/20/1994,0.5,,0,0.7,0,0,0,0.5,0.1,0,0.3,0,0,0.2,2.1,0,2.1,0,0,0,0,0
7/21/1994,0,,0,0,0,0,0,0,0,0,1.4,0,4.2,0,0,0.1,0,0,0,1.7,0,0.8
7/22/1994,0,,0,0,0,0,43,0.1,0,1,0,0,44.5,0,0,0.4,0,0,0.6,19.5,0,1.3
7/23/1994,0,,0,0,0,0,0.8,0,0,0,0,0,0,0,0,0,0,0,0,2.2,0,0
7/24/1994,0,,0,1,0,1,0,0,1,0,0.4,0,14.7,0,0.3,0,1.4,0,0,7.8,0,0
7/25/1994,1.2,,0,3.7,0,0,0,26.1,0,84.5,6.1,0.5,1.6,0,2.8,0,0.3,0,0,0,0,0
7/26/1994,0.6,,0,1.7,0,1.6,0,0,0,0.9,0,1.5,7.9,4.7,2.8,0.9,0,0,74.2,0.1,0,0
7/27/1994,1.4,,0,0.5,0,0,2.3,0,0,2.5,0,0,4.1,0,0,0.1,0,0,0,3.7,0,0.5
7/28/1994,0,,0,0,0,0,0,0,0,0,0,0,0,0,0,0,0,0,0,0,0,0
7/29/1994,0,,0,0,0,0,14.2,0,0,1.3,0,0,0.7,0.2,0,13.4,0,0,3.3,42.5,12.5,13.1
7/30/1994,0,,0,0.7,0,5.4,0,0,0.5,0,0,6.1,0,0,2.6,0,0,0,0,0,0,0
7/31/1994,0,,0,0.2,0,4.8,0,0,0,0,0,0,0,0.8,0.4,0,2.2,0.2,0,0,0,0
8/1/1994,0,,0,0,0,4.1,0,0,0.4,0,0,0,1.2,0,0.5,0.6,11.2,0,0,0,0,0
8/2/1994,0,,0,3.6,0,0.9,0,0,6.9,0,2.2,0,0,0.6,1.5,0,3.2,0.6,0,0,0,0
8/3/1994,0,,0,0.7,0,10.2,0,0,1.1,0,0.2,0,0,0,1.8,0.7,0,1.7,0,0,0,0
8/4/1994,0,,1.7,5.4,0,0.5,0,0,0.4,0,0.8,0.5,0,0.9,0.4,0,0,0,0,0,0,0.5
8/5/1994,0.5,,0,1.8,0,0,0,1.4,0,0,0,0,25.1,0,0.4,0.4,0,0,0,0.9,0,0.2
8/6/1994,0,,0,4,0,0,7.6,0,0,0,0,0,7.9,0,0,1.7,0,0,2.4,3.2,0,7.8
8/7/1994,0,,0,0,0,0,0,0,0,2.1,0,0,0,0,0,0,0,0,0,0,0,0
8/8/1994,0,,0,0,0,0,0,0,0,0,0,0,29,0,0,0,0,0,0,0.3,0,12.4
8/9/1994,0,,0,0,0,0,0,0,0,0,0,0,4.1,0,0,0,0,0,0,0,0,6.5
8/10/1994,0,,0,0,0,0,0,0,0,0,0,0,23.8,0,0,0,0,0,4,0.3,0,0.5
8/11/1994,0,,0,0,0,0,0,0,0,0,0,0,0,0,0,0,0,0,1.5,0,0,3.7
8/12/1994,0,,0,0,0,0,0,0,0,0.3,0,0,0,0,0,0,0.2,0,0,0.6,0,0
8/13/1994,0,,0,0,0,0,0,0,0,0,0,0,1.6,0,0,0,0.3,0,0,0,0,0
8/14/1994,1.3,,0,0,0,0.5,0,0,1.4,0.7,0.4,0,62.9,0,0.1,0,0,0.9,0,20.3,0,1.3
8/15/1994,0,,0,0,0,0,0,0.2,0,0,0,0,0,0,0,0,0,0,0,0,0,0.4
8/16/1994,0,,0,0,0.3,0.6,37.6,0.6,0,0,0,1.9,7,0,0,0,0,0,1.9,4,0,2.8
8/17/1994,0,,0,0,0,2,0.3,0,0,0,0,0,0,0,0,1,0,0,0,0,0,0.2
8/18/1994,0,,0,0,0,1.3,0,0,0,1.5,0,0,0,0,0,1.7,1.7,0,44.7,0,36.6,17.5
8/19/1994,13.1,,0,2.5,13.2,0.3,1.6,30.1,2.8,23.6,7.6,0.9,0.4,9.3,0.2,0.4,1.2,3.2,24.3,0,7.3,6.8
8/20/1994,3.1,,26.3,0.9,0,0.5,4.1,0,0,15.1,2.1,4.7,36,0.1,0.1,0,0.4,0,0.6,9.8,0.2,19
8/21/1994,0,,0,0.2,0,0,0,0,0,0,0,0,0,0,0.5,0,0,0,0,0,0,0
8/22/1994,0,,0,0,0,0,2,5.3,0.9,0,0,32,0,0,0.1,0,0,0,0,0,0,0.6
8/23/1994,1.3,,0.6,0,0,3.3,6.9,0.5,0,20.4,5.1,0,42.5,0.3,0.3,0,0,0,26.9,11.6,0.8,27.9
8/24/1994,0,,0,0.8,0,3.1,1.5,0.3,0,0.3,1.6,0,0.6,0.5,14.6,0,0,0,0,0.7,4.9,0.6
8/25/1994,0,,0,1.7,0,0,0,0,0,0,0,0,0.5,0,1.3,0,0,0,0,0,0,0
8/26/1994,0,,0,4.8,0,2,23.6,5.4,1.1,114.7,0,0.3,6.6,0,0,3.4,0,0.6,9.5,11,33,61.4
8/27/1994,48.3,,0,38.1,1,6.6,5.6,18.1,1,6.4,2.7,19.2,61.8,0,5.2,2.2,8.1,0,12.2,33.2,4.1,0
8/28/1994,0,,0.7,0,0,0,0,0,0,0,0,0,0.5,0,0.1,0,0,0,0,3.4,0,0.6
8/29/1994,0,,0.7,0,0,9.4,4.6,0,0,0.3,0.1,0,70.8,0,1.1,0,4.1,0,9.2,0.2,0,0
8/30/1994,0,,0.5,0.4,1.3,5.8,1,8.3,0.6,41.5,7.2,3.2,45.9,0,0,4.9,3.6,0,6.5,1.6,0.8,24.5
8/31/1994,0,,0,4.5,0,0,2.3,0,0,0,0.4,0.4,0,0,0.3,0,0,0,0,0,0,0
9/1/1994,39.3,,0.4,5,3.9,0.8,8.6,9.8,0,0.6,0.1,31.5,11.2,1.6,7.3,1.6,0,0,0.4,22.5,12,12.2
9/2/1994,6,,1.3,16.7,4.6,20.8,6.3,58.3,4,0.3,29.5,22.2,0,27.7,11.4,89.1,70.7,0.2,0,0,3.5,0.8
9/3/1994,0.8,,1.1,21.6,22.9,26.6,1.6,4.4,3.4,0,29.6,6.9,0,34.9,12.2,0.7,25.8,1.1,0,0,0,0
9/4/1994,0,,0,1.8,6.6,0.5,0,0.7,3.3,0,28.4,0,0,1.4,2,3.1,2.7,1.4,0,0,0,0
9/5/1994,0,,0,0,0,3.8,0,0.2,1,13.4,0.3,5.9,0,0,5.1,1.4,0,0,0,0,0,4.4
9/6/1994,4.7,,0,7.2,0,1,11.5,0,0.1,4,4.1,0.8,0.9,0,2,0,2.1,0,0,0,0,47.6
9/7/1994,0,,0,4.6,0,0.5,0,0,0,0,0,0.2,0,0,10.2,0.1,0.5,0,0,22.2,0,0
9/8/1994,0,,0,4.1,0,0,0,0,0,0,0,0,19,0,2.3,0.9,0,0,7.3,0,0,22.8
9/9/1994,0,,0,3.3,0,0.5,19.1,0,0,0,1.5,0,5,0.4,0,0.4,0.3,0,0,5,0,0
9/10/1994,0.6,,0,0,0.5,3.6,0,0,0,0,0.3,0,3.4,2.1,4.7,0,1,0,53.8,27,0,58.4
9/11/1994,3.9,,5.6,21.1,7.1,1,4.3,0.7,0,1.5,0.6,0,1,1.1,0.2,0.4,2.7,3.4,0,1.2,0.5,0
9/12/1994,0.1,,0.4,1.7,0,7.5,0,0,0,0,0,0,0,0.4,0,0,0,0,0,1.9,0,1.1
9/13/1994,0,,0.5,0,0,0.6,0.5,0,0.1,38.8,0,0,2.4,0,0,0,0.7,0.2,0,19,0,6
9/14/1994,0,,0,4.7,0,0,31.5,0,0.3,41,0,2.6,6.1,0,0.1,7,0.3,0,25.9,11.3,12.7,22.2
9/15/1994,0,,0,0.2,0,0,2.8,2.1,0,0,0,0.5,1.8,0,0.1,0,0,0,2.3,2.2,0,2.9
9/16/1994,0,,0,0,0,2,0,0.4,0,0.3,0,0,0.8,0,0,0,0,0,0,0,0,0
9/17/1994,0,,0,1.1,0,3.8,1.3,0,0,0,0,0,0,1,0,0,0,0,3.5,0.2,1.6,23.7
9/18/1994,0,,0,0,0,0,0,2.2,0,0,0,0,0.6,0.1,0,0,0,0,25.7,5.7,0,0
9/19/1994,35.7,,0.1,0,0,0.3,91.4,0,0,43.1,0,4.3,3.6,0,0,0,0.6,0,16.5,48.2,0,17.4
9/20/1994,19.6,,0,0,1.3,4.6,13,1.6,0,0.5,3.8,0,6.5,0,0.7,0,0.9,0,3.3,0.8,0,0.2
9/21/1994,0.2,,0,10.9,1.3,2.3,0,0,0,0.3,0.4,9,0,0,0,7.8,0.4,0,19.6,2.8,0.9,49.7
9/22/1994,1.1,,0,0,36.3,0,17.8,2.2,3.8,2.3,0.8,0,0,1.3,28.1,28,2.2,5.9,9.6,2.9,1.3,1.5
9/23/1994,10.9,,9.5,8.7,4.8,1.4,1.8,2.7,7.1,41.3,8.5,1.9,0.3,10.7,0.9,1.7,0.4,2.1,2.5,1.8,0.2,2.8
9/24/1994,12.6,,3.6,0,0.8,15.2,20.1,0,1,0,0.5,22.8,0,1.8,2.4,3.5,0,0.5,0.4,8.9,3.4,0
9/25/1994,0,,2.5,1.5,0,11.9,0,4.8,0.3,0,0.4,14.3,0,1,0,7.4,0,0,0,0,23.9,0
9/26/1994,8.2,,0,15,0.5,0.3,0,0,0,0,15.9,0,1,0,0.4,0.3,0.1,0,0,1,5,0
9/27/1994,0.5,,15.3,0,0,0.5,5.1,15.1,0,0,0,0,27.8,0,0,0,0,0,4.8,3,0,28.5
9/28/1994,2.7,,0,2,1.3,0,0,0,0.2,0,17.6,2.9,0,0,0,0,0.1,0,19.7,5.4,0.5,22.5
9/29/1994,0.1,,0,15.5,31,25.9,8.7,13,0,8.6,1.7,1.8,9.4,0,26.3,17,24.2,0,3.3,8.7,25.1,1.4
9/30/1994,0.6,,0.5,0,0,10.2,3.8,8,0,2.9,0,28.5,0,0,0.1,19.8,0.7,0,2.2,43.5,0.2,19.1
10/1/1994,2,,0,0,1.3,0,0,26.6,0,13.5,0,0,3.9,0.7,0,0.6,1.6,0,0,11.7,0.3,0.6
10/2/1994,15,,20,0.2,0,2,0,0,0.1,2.7,2.8,16.3,7.3,2.7,9.1,1.7,4.1,7.6,0,5.8,2,22.8
10/3/1994,14.5,,0,1.1,4.4,1.1,25.4,2.3,9,0.2,14.5,3.2,0,4.5,0.7,48,12.7,29.3,27.9,2.4,1.9,6.3
10/4/1994,0,,0,0,0,0,0,2.5,5.9,0,0,0.4,8.4,18.7,0,4.6,0,3.7,0.1,9.8,10.2,0
10/5/1994,0,,1.5,0,0,6.6,0,0.9,0,0,0,0,3.9,0.2,0,0,0,0,4.3,0,0,0
10/6/1994,0,,20.1,10.3,0,0.3,0,0,0,0,1,12.4,13.1,0,86,28.8,0,0,9.6,0,25.7,7.6
10/7/1994,8,,38,8.8,0.5,0.5,2.3,31.4,0,0,8.6,0,0,0,0.8,1.3,0.6,0,0,0,19.2,1.2
10/8/1994,9.7,,14.6,66.5,0,20.8,8.9,10,2,0,4.6,0,6.6,4.6,12.8,0,3.5,1.7,0,1.2,0.2,0
10/9/1994,4.1,,3.6,0,0.3,91.7,8.7,4.1,0,0,6.8,12,1.4,0.3,52.8,24,87.3,0.2,1.8,10.6,7.8,0.6
10/10/1994,0.6,,7.4,26,0,0.5,0,0,0,0,14,0,0,0,0,0,0,0,0,0,0.4,0
10/11/1994,32.3,,0,0,88.2,63.7,8.7,48,28.2,39.3,29.4,8.8,0,13,29.9,19.1,25.6,7.5,0.6,0,18.5,3.2
10/12/1994,0,,27.9,0,0,0,0,0,0.1,0,0,0,0,0,0.3,0,2.4,0,0,0,0,0
10/13/1994,2.6,,0,0,4.1,0.8,0,14.3,14,28.9,1.8,0,0,0,0,0,0.2,13.4,0,0,0,0
10/14/1994,3.2,,19.1,0,0,15,0,0,0,0,0,0,0,0.8,27.6,0,1.2,0.3,0,7.7,27.6,5.4
10/15/1994,2.5,,0,3.2,0,26.1,0,8.5,2.5,6.7,0,0,0,10,46,0,1.2,2.2,1.8,0,0,5.8
10/16/1994,0.2,,0.3,0,0,50.8,0,10.6,5.1,0,0,0,0.4,4.9,0,0,3.4,1.8,0,0,35.8,0
10/17/1994,18.6,,0,0,0,9.4,29.2,0,0,1.7,3.5,4.2,0,2.8,0,0.2,0.6,0,7.4,27.2,18.4,0
10/18/1994,1.1,,4,0,0,1.3,16.3,0.9,0,4.4,0.8,7.2,11.3,0,8,7.7,6.7,0,7.9,18.8,43.7,48.4
10/19/1994,0.4,,0.5,7.1,26.7,7.9,37.8,28.3,0,30.2,6.4,16.8,0,9.1,20.4,2.7,3.2,0,1.7,9.1,1.8,0.6
10/20/1994,0.2,,4.5,1.6,2.5,0.3,0,1,0,2,38,0,1.1,0,0,0,2.5,0,0,0,0.2,0
10/21/1994,0.8,,0,4.7,0.5,0.8,19.5,0,0,0,0.8,0,13,0.2,0,0,0,0,15.6,0,10.3,7.3
10/22/1994,0,,6.2,0,0,1,0,0,0,0,0,8.9,0,0,0.8,8.1,0,0,0,0,0,0
10/23/1994,1.8,,0,0.8,0,0,15,8.7,0,14.1,0,0,6.8,0,0,15.2,0,0,2.2,11.2,6.2,1.7
10/24/1994,0,,0,0,0,16,27.2,0.4,0,0,0,2.2,0,61.5,3.3,0,0.3,0,27.1,12.4,0,15.2
10/25/1994,0,,0,1.4,0,10.9,0,0.3,0,31.7,0,0.1,0.6,0,1.6,21.8,0,0,18.6,0,0,6.3
10/26/1994,3.1,,0,66,1.3,14.8,28.5,6.7,0.7,0.2,14,28.5,0,28.2,10.6,8.4,16.8,0.5,0,0,13.4,1.6
10/27/1994,0,,0.2,0.4,0,0.8,0,6.2,0,1.1,0,0,0,0,0,0,0.1,0,0,0,0,0
10/28/1994,42.6,,0,9.3,1.3,51.1,0,28.2,21.8,28.3,12.7,31.9,0,10.8,38.6,0,0.4,5.3,2.2,0,2.5,0
10/29/1994,0,,51.3,0,0,21.6,0,0,0.6,0,0.4,0.1,3.9,0,5.5,0,45.9,0,0,0,0,0
10/30/1994,0,,0,4.2,0,46,25.4,0,0,0,0,22.9,3,0,27.7,19.3,3.4,0,3.8,3.1,4.5,0
10/31/1994,0,,0,0,5.1,0,7.6,0,0,0,1.8,3.1,0,0,14,12.4,0,0,23.4,0,10,0.9
11/1/1994,0,,0,0,0,0,0,0,0,0,0.2,0,0,0,0,0,0,0,0,3.8,0,0
11/2/1994,0,,0,21.3,16.3,2.8,0,0,0,0,0,1.3,0,0,15.9,1.2,0,0,0,0,0,0.5
11/3/1994,2.3,,0,3.2,17.8,9.7,0,2.1,0,0,9.6,0,0,0,0,3.6,0,0,0,0,4.8,0
11/4/1994,0.6,,4.6,10.4,31,54.9,0,0.4,1.5,3.6,16.2,17.1,0,39.2,1.3,16.2,1.1,2.8,0,0,25.4,0
11/5/1994,0,,0,14.3,16.3,1.8,0,2.1,4.1,0,8.5,0,0,15.1,3,0,17.8,2.1,0,0,0,0
11/6/1994,0,,20.6,6.9,0,0,0,0,0,0,0,16,0,0,16.8,8.2,0,0,0,0,7.3,0
11/7/1994,0,,0,0,5.8,0.8,0,0,0,0,4.4,0,0,0,0,5.1,0,0,0,0,0,0
11/8/1994,0,,0.5,0,6.9,1.5,0,0,0,0,0.9,0,0,0,6.5,2.1,0,0,0,0,0,0
11/9/1994,0,,24.1,14.9,14.5,66.3,0,0,0,0,0,0.8,0,0,0,0,0,0,0,0,0,0
11/10/1994,0,,0,0,0,0,0,0,0,0,0,0,0,0,0,0,9.5,0,0,0,0,0
11/11/1994,0,,0,0,0,3.3,0,0,0,0,0,0,0,0,0,0,0,0,0,0,0,0
11/12/1994,0,,0,0.3,0.3,35.5,0,0,0,0,0,0,0,0,0,0,26.3,0,0,0,0,0
11/13/1994,0,,3.4,0,0,0,0,0,0,0,0,0,0,3.8,0,0,1.6,3.2,0,0,0,0
11/14/1994,0,,0.2,0,1,1.8,0,15.3,0,0,0,0,0,0,0.8,6.3,1.4,2.2,0,0,0,0
11/15/1994,0,,0,0,0,0,0,0,0,0,0,0,0,0,0,0.3,0,0,0,0,0,0
11/16/1994,0,,0,0,0,0.3,0,0,0,0,0,0,0,0,0,0,0,0,0,0,0,0
11/17/1994,19.3,,7.4,0,0,0,0,0,0.5,0,0,0,0,0,0,0,0.3,0,0,0,0,0
11/18/1994,0,,0,0,0,3.6,0,0,0,0,14.6,0,0,0,14.2,0,0,0,0,0,0.2,0
11/19/1994,0,,3.2,1.3,0,4.8,0,0,0,0,0,0,0,0,0,4.8,0.3,0,0,0,0,0
11/20/1994,0,,16.9,1.4,0,0,0,0,0,0,0,0,0,12.8,0,0,0,0,0,0,0,0
11/21/1994,0,,0,0,0,10.4,0,0,0,0,0,0,0,0,0,0,0,0,0,0,0,0
11/22/1994,0,,0,0,0,0,0,0,0,0,0,0,0,0,0,0,0,0,0,0,0,0
11/23/1994,0,,0,0,0,2.3,0,0,20.4,0,0,0,0,0,0,0,18.9,2.5,0,0,0,0
11/24/1994,0,,0,0,9.9,56.6,0,0,0,0,6.3,0,0,9.2,0,0,0,1.9,0,0,0,0
11/25/1994,0,,0.2,4.5,0.3,11.2,0,0,0,0,0,0,0,0,0,0,0,0,0,0,0,0
11/26/1994,0,,0,0,0,0,0,0,0,0,0,0,0,0,0,0,0,0,0,0,0,0
11/27/1994,0,,0,0,0,0,0,0,0,0,0,0,0,0,0,0,0,0,0,0,0,0
11/28/1994,0,,0,0,0,0,0,0,0,0,0,0,0,0,0,0,0,0,0,0,0,0
11/29/1994,0,,0,0,0,0,0,0,0,0,0,0,0,0,0,0,0,0,0,0,0,0
11/30/1994,0,,0,0,0,0.3,0,0,0,0,0,0,0,0,0,0,0,0,0,0,0,0
12/1/1994,0,,0,0,0,0,0,0,0,0,0,0,0,0,0,0,0,0,0,0,0,0
12/2/1994,0,,0,0,0,0,0,0,0,0,0,0,0,0,2.2,0,0,0,0,0,0,0
12/3/1994,0,,0,0,0,0,0,0,0,0,0,0,0,0,0,0,0,0,0,0,0,0
12/4/1994,0,,0,0,0,5.6,0,0,0,0,0,0,0,2.5,0,0,0,0,0,0,0,0
12/5/1994,0,,0,0,0,9.4,0,0,0,0,0,0,0,0,0,0,0,0.4,0,0,0,0
12/6/1994,0,,0,0,0,34,0,0,0,0,0,0,0,0,0,0,0,0,0,0,0,0
12/7/1994,0,,0,0,0,0,0,0,0,0,0,0,0,0,0,0,0,0,0,0,0,0
12/8/1994,0,,0,0,0,0,0,0,0,0,0,0,0,0,0,0,0,0,0,0,0,0
12/9/1994,0,,0,0,0,0,0,0,0,0,0,0,0,0,0,0,0,0,0,0,0,0
12/10/1994,0,,0,0,0,0,0,0,0,0,0,0,0,0,0,0,0,0,0,0,0,0
12/11/1994,0,,0,0,0,0,0,0,0,0,0,0,0,0,0,0,0,0,0,0,0,0
12/12/1994,0,,0,0,0,0,0,0,0,0,0,0,0,0,0,0,0,0,0,0,0,0
12/13/1994,0,,0,0,0,0,0,0,0,0,0,0,0,0,0,0,0,0,0,0,0,0
12/14/1994,0,,0,0,0,0,0,0,0,0,0,0,0,0,0,0,0,0,0,0,0,0
12/15/1994,0,,0,0,0,0,0,0,0,0,0,0,0,0,0,0,0,0,0,0,0,0
12/16/1994,0,,0,0,0,0,0,0,0,0,0,0,0,0,0,0,0,0,0,0,0,0
12/17/1994,0,,0,0,0,0,0,0,0,0,0,0,0,0,0,0,0,0,0,0,0,0
12/18/1994,0,,0,0,0,0,0,0,0,0,0,0,0,0,0,0,0,0,0,0,0,0
12/19/1994,0,,0,0,0,0,0,0,0,0,0,0,0,0,0,0,0,0,0,0,0,0
12/20/1994,0,,0,0,0,0,0,0,0,0,0,0,0,0,0,0,0,0,0,0,0,0
12/21/1994,0,,0,0,0,0,0,0,0,0,0,0,0,0,0,0,0,0,0,0,0,0
12/22/1994,0,,0,0,0,0,0,0,0,0,0,0,0,0,0,0,0,0,0,0,0,0
12/23/1994,0,,0,0,0,0,0,0,0,0,0,0,0,0,0,0,0,0,0,0,0,0
12/24/1994,0,,0,0,0,0,0,0,0,0,0,0,0,0,0,0,0,0,0,0,0,0
12/25/1994,0,,0,0,0,0,0,0,0,0,0,0,0,0,0,0,0,0,0,0,0,0
12/26/1994,0,,0,0,0,0,0,0,0,0,0,0,0,0,0,0,0,0,0,0,0,0
12/27/1994,0,,0,0,0,2.8,0,0,0,0,0,0,0,0,0,0,0,0,0,0,0,0
12/28/1994,0,,0,0,0,0,0,0,0,0,0,0,0,0,0,0,0,0,0,0,0,0
12/29/1994,0,,0,0,0,0,0,0,0,0,0,0,0,0,0,0,0,0,0,0,0,0
12/30/1994,0,,0,0,0,0,0,0,0,0,0,0,0,0,0,0,0,0,0,0,0,0
12/31/1994,0,,0,0,0,0,0,0,0,0,0,0,0,0,0,0,0,0,0,0,0,0
1/1/1995,0,,0,0,0,8.6,0,0,0,0,0,0,0,0,0,0,0,0,0,0,0,0
1/2/1995,0,,0,4.2,0,11.2,0,0,0,0,0,0,0,0,0,0,13.1,0,0,0,0,0
1/3/1995,0,,0,0,0,0,0,0,0,0,0,0,0,0,0,0,0,0,0,0,0,0
1/4/1995,0,,0,0,0,0,0,0,0,0,0,0,0,0,0,0,0,0,0,0,0,0
1/5/1995,0,,0,0,0,0,0,0,0,0,0,0,0,0,0,0,0,0,0,0,0,0
1/6/1995,0,,0,0,0,0,0,0,0,0,0,0,0,0,0,0,0,0,0,0,0,0
1/7/1995,0,,0,0,0,0,0,0,0,0,0,0,0,0,0,0,0,0,0,0,0,0
1/8/1995,0,,0,0,0,0,0,0,0,0,0,0,0,0,0,0,0,0,0,0,0,0
1/9/1995,0,,0,0,0,0,0,0,0,0,0,0,0,0,0,0,0,0,0,0,0,0
1/10/1995,0,,0,0,0,0,0,0,0,0,0,0,0,0,0,0,0,0,0,0,0,0
1/11/1995,0,,0,0,0,0,0,0,0,0,0,0,0,0,0,0,0,0,0,0,0,0
1/12/1995,0,,0,0,0,0,0,0,0,0,0,0,0,0,0,0,0,0,0,0,0,0
1/13/1995,0,,0,0,0,0,0,0,0,0,0,0,0,0,0,0,0,0,0,0,0,0
1/14/1995,0,,0,0,0,0,0,0,0,0,0,0,0,0,0,0,0,0,0,0,0,0
1/15/1995,0,,0,0,0,0,0,0,0,0,0,0,0,0,0,0,0,0,0,0,0,0
1/16/1995,0,,0,0,0,0,0,0,0,0,0,0,0,0,0,0,0,0,0,0,0,0
1/17/1995,0,,0,0,0,0,0,0,0,0,0,0,0,0,0,0,0,0,0,0,0,0
1/18/1995,0,,0,0,0,0,0,0,0,0,0,0,0,0,0,0,0,0,0,0,0,0
1/19/1995,0,,0,0,0,0,0,0,0,0,0,0,0,0,0,0,0,0,0,0,0,0
1/20/1995,0,,0,0,0,0,0,0,0,0,0,0,0,0,0,0,0,0,0,0,0,0
1/21/1995,0,,0,0,0,0,0,0,0,0,0,0,0,0,0,0,0,0,0,0,0,0
1/22/1995,0,,0,0,0,0,0,0,0,0,0,0,0,0,0,0,0,0,0,0,0,0
1/23/1995,0,,0,0,0,0,0,0,0,0,0,0,0,0,0,0,0,0,0,0,0,0
1/24/1995,0,,0,0,0,0,0,0,0,0,0,0,0,0,0,0,0,0,0,0,0,0
1/25/1995,0,,0,0,0,0,0,0,0,0,0,0,0,0,0,0,0,0,0,0,0,0
1/26/1995,0,,0,0,0,0,0,0,0,0,0,0,0,0,0,0,0,0,0,0,0,0
1/27/1995,0,,0,0,0,0,0,0,0,0,0,0,0,0,0,0,0,0,0,0,0,0
1/28/1995,0,,0,0,0,0,0,0,0,0,0,0,0,0,0,0,0,0,0,0,0,0
1/29/1995,0,,0,0,0,0,0,0,0,0,0,0,0,0,0,0,0,0,0,0,0,0
1/30/1995,0,,0,0,0,0,0,0,0,0,0,0,0,0,0,0,0,0,0,0,0,0
1/31/1995,0,,0,0,0,0,0,0,0,0,0,0,0,0,0,0,0,0,0,0,0,0
2/1/1995,0,,0,0,0,0,0,0,0,0,0,0,0,0,0,0,0,0,0,0,0,0
2/2/1995,0,,0,0,0,0,0,0,0,0,0,0,0,0,0,0,2,0,0,0,0,0
2/3/1995,0,,0,0,0,0,0,0,0,0,0,0,0,0,0,0,0,0,0,0,0,0
2/4/1995,0,,0,0,0,0,0,0,0,0,0,0,0,0,0,0,0,0,0,0,0,0
2/5/1995,0,,0,0,0,0,0,0,0,0,0,0,0,0,0,0,0,0,0,0,0,0
2/6/1995,0,,0,0,0,0,0,0,0,0,0,0,0,0,0,0,0,0,0,0,0,0
2/7/1995,0,,0,0,0,0,0,0,0,0,0,0,0,0,0,0,0,0,0,0,0,0
2/8/1995,0,,0,0,0,0,0,3.3,0,0,0,0,0,0,0,0,0,0,0,0,0,0
2/9/1995,0,,0,0,0,0,0,0,25.9,0,0,0,0,0,0,0,0,0,0,0,0,0
2/10/1995,0,,0,0,0,0,0,0,0,0,0,0,0,0,0,0,0,0,0,0,0,0
2/11/1995,0,,0,0.4,0,0,0,0,0,0,0,0,0,0,0,0,17.7,0,0,0,0,0
2/12/1995,0,,0,0,0,0,0,0,0,0,0,0,0,0,0,0,0,0,0,0,0,0
2/13/1995,0,,0,0,0,0,0,0,0,0,0,0,0,0,0,0,0,0,0,0,0,0
2/14/1995,0,,0,0,0,0,0,0,0,0,0,0,0,0,0,0,0,0,0,0,0,0
2/15/1995,0,,0,0,0,0,0,0,0,0,0,0,0,0,0,0,0,0,0,0,0,0
2/16/1995,0,,0,0,0,0,0,9,0,0,0,0,0,0,0,0,0,0,0,0,0,0
2/17/1995,0,,0,0,0,0,0,0,0,0,0,0,0,0,0,0,0,0,0,0,0,0
2/18/1995,0,,0,0,0,18.5,0,0,0,0,0,0,0,0,0,0,0,0,0,0,0,0
2/19/1995,0,,0,28.9,6.3,0,0,0,0,0,0,0,0,0,7.5,0,0,0,0,0,0,0
2/20/1995,0,,0,0.2,0,10.2,0,0,0,0,0,0,0,0,0,0,0,0,0,0,0,0
2/21/1995,0,,0,0,0,2,0,0,0,0,0,0,0,0,0,0,0,0,0,0,0,0
2/22/1995,0,,0,0,0,0,0,0,0,0,0,0,0,0,0,0,0,0,0,0,0,0
2/23/1995,0,,0,0,0,0,0,0,0,0,0,0,0,0,0,0,0,0,0,0,0,0
2/24/1995,0,,0,0,0,0,0,0,0,0,0,0,0,0,0,0,0,0,0,0,0,0
2/25/1995,0,,0,0,0,0,0,0,0,0,3.2,0,0,0,0,0,0,0,0,0,0,0
2/26/1995,0,,0,0,0,0,0,0,0,0,0,0,0,0,0,0,0,0,0,0,0,0
2/27/1995,0,,0,2.8,1.3,3.4,0,25.7,1.6,0,0,0,0,0,0,1.8,6.5,0.2,0,0,0,0
2/28/1995,0.5,,0,0,0,3.1,2.8,0,0,0,0,0.7,0,0,0.4,30.2,0,0,1.8,1.9,1.9,0
3/1/1995,0,,0,0,0,0,0.3,7.1,0,0,0,6.4,0.7,0,0.8,0,0,0,0,5.7,0,0
3/2/1995,0,,0,26.6,0,0,0,0,0,0,0,0,0,0,6.8,0,0,0,0,0,6.1,0
3/3/1995,0,,0,46.3,0,0,0,0,0,0,34.8,0,0,0.8,0,0,0,0,0,0,0,0
3/4/1995,15.1,,0,0,63.7,0,0,0,6.9,0,25.6,0.8,0,0,0,0,0,0,0,0,0,0
3/5/1995,0,,0,0,0,0,0,0,0,0,10.8,0,0,0.4,0,0,0,0,0,0,0,0
3/6/1995,0.8,,0,0,0.8,3.1,0,0.4,0,0,65,6.3,0,1.2,4,0,3.9,0,0,0,0,0
3/7/1995,0.5,,0,25.2,0,0,0,12.6,0,0,0,45,0,0,0,0,0,0,0,0,0,0
3/8/1995,29,,0,7.8,5.8,37.9,0,18.6,26.2,0,17.8,10.3,0,12,28.6,0,20.2,24.8,0,0,0,0
3/9/1995,0,,0,0,0,2.7,0,3,0,0,0,0,0,0.1,0,7.6,3.2,0,0,0,0,0
3/10/1995,18.1,,0,18.2,4.3,0,0,0,32.2,0.7,19.8,0.7,0,38.1,4.6,0,37.7,14.2,0,0,27,0
3/11/1995,2.1,,2.8,11.1,0,34.6,0,13.2,1.3,0,0.4,6.9,0,5.2,4.4,0,11.3,0.4,0,0,0.6,0
3/12/1995,0,,0,0,0,0,6.9,0,0,23.6,0,0,3.4,0,0,0,0,0,0,5.7,0,0.3
3/13/1995,0,,0,0,0,0,0,0,0,0,1.3,0,0,0,0,0,0,0,0,0,0,1.2
3/14/1995,0.8,,0,9.3,3.3,13.9,0,0,47.2,0,0,7.4,0,16.5,39.4,0,5.7,89.6,0,0,8.8,0
3/15/1995,0,,63.8,0,0,0,0,24,0,0,0,0,0,0,0,0,0,0,0,0,0,0
3/16/1995,0,,0,0,0,0,0,0,0,0,0,0,0,0,0,52.4,0,0,0,0,0,0
3/17/1995,15.4,,0,0,8.2,0.5,0,0,14.2,11.2,11.5,29.1,1.6,3.2,19.5,47.7,2.3,7.4,0,0,26,50.4
3/18/1995,0,,9.1,0,0.8,14.2,0,0.2,20.5,0,0,0,0,9.4,0,0,8.8,3.2,0,4.9,0,0
3/19/1995,0,,0.1,1.4,0,0,0,0,0,0,0,0,0,0,0,0.5,0,0,0,0,0,0
3/20/1995,0,,0,0,3.6,0,0,6.8,3.9,0,0,0,0,0,0,0,0,21.3,0,0,0,0
3/21/1995,0,,20.7,0,0.8,0,0,0,1.3,0,0,0,0,0,0,0,0.5,2.2,0,0,0,0
3/22/1995,0,,0.2,0,0,0,53.1,0,0,0,0,0,0,0.2,0,0,1.1,0,2.9,0,0,15.9
3/23/1995,22.5,,0,0,12.5,0,0,12.8,0.7,0,1.7,0,0,0,0,0,0,0.2,0,0.6,1.2,0
3/24/1995,0,,1.5,0,0,0,0,0,0,0,0,0,0,0,0,0.4,0,0,0,0,0,0
3/25/1995,0,,0,0,0,0,0,0,0,0,0,0,0,0,0,0,0,0,0,0,0,0
3/26/1995,0,,0,0,0,0,0,0,0,0,0,0,0,0,0,0,0,0,0,0,0,0
3/27/1995,0,,0,0,5.1,0,0,0,0,0,0,0,0,0,0,0,0,0,0,0,0,0
3/28/1995,1.8,,0,15.9,0,7.6,0,6.6,0.5,0,2.1,2.4,0,6.2,14.5,0,17.2,1.8,0,0,0.8,0
3/29/1995,0,,0,0,0,0,0,0,0,0,0,0,0,0,0,0,0,0,0,0,0,0
3/30/1995,0,,0,4.2,0,0,0,0,0,0,0,0,0,0,0,19,0,0,0,0,0.3,0
3/31/1995,0,,0,6.2,0,0,0,0,0,0,0,6.3,0,0,0,16.4,0,0,0,0.7,6,0
4/1/1995,27,,0,0,0,0,0,4,0,0,0,2.3,0,0,9.1,0,0,0,0,0,0,0
4/2/1995,0,,0,0.2,0,11.5,0,0,0.8,68.8,0.8,3.7,0,0,0,0,0,0,0,17.8,6.7,19.2
4/3/1995,7.6,,0,0,0,1.3,0,0,4.6,0.3,0,7,0,2.1,10.7,0,0,0,0,0,0,0
4/4/1995,0,,0,0,0,0,0,0,0,0,0,0.6,2.7,0,0,0,0,0,0,0,0,0
4/5/1995,12.8,,0,0,0,0,0.8,7.2,0,15.5,12.1,6.9,0,10.1,17.1,0,0,0,3.6,1.2,0,0
4/6/1995,0,,0,0,0,0,0,0,0,0,0,0,0,0,0,0,0,0,0,0,0,0
4/7/1995,2.2,,0,1,0,0,0,0,0,0,0.4,0,0,0,9,0,0,0,0,0,0,0
4/8/1995,20.1,,0,0,0,0,0,0,0,0.3,0,0.4,0,0,56.4,8.3,0,0,0,0,35.5,0
4/9/1995,0,,0,0,0,0,0,0,0,0,0,9,0,0,0,0,0,0,0,0,0,0
4/10/1995,15.2,,0,0,0,0,32.7,6.6,0,17.9,0.2,0,9.8,0,26.7,19,0,0,1,7.2,15.6,3.3
4/11/1995,0,,0,8.6,0,0,0,10.4,0,0,1.4,0,0,0,0,0,0,0,0,0,9.5,0
4/12/1995,30.9,,0,7.9,7.4,31,0,2.7,3.7,0,17.8,0.1,0,0.4,15.5,19.3,0,1,0,0,0,0
4/13/1995,9.8,,0,14.9,0,0,0,0,0,0.6,0,0,0,0,0.6,0,0,0,0,3.2,10.6,15.2
4/14/1995,0,,0,0,0,1.3,0,0,0,0,16.3,0,0,0,0,0,0,0,0,0,3.9,0
4/15/1995,0.2,,0,8.3,5.4,4.3,0,16.2,0,0,1.3,0.7,0,54.4,1.9,1.3,17.5,0.1,0,0,6.7,1.3
4/16/1995,12,,0,71.1,10.6,35.8,16.5,10.2,10.1,20.6,49.7,14.2,3.4,61.7,95.7,80.1,64.3,15,11.4,5.4,57.4,12.3
4/17/1995,0,,2.4,0,0,0,0,1.6,0,0,0,0.1,0,0,0.3,0,0,0,0,0.3,0,0
4/18/1995,0,,0,0,0,0,0,0,0,0,0,0,0,0,0,0,0,0,0,0,0,0
4/19/1995,3.8,,0,0.2,43.2,30.5,0,0.8,0,0,13.8,20.6,0,0,5.6,0,5.9,0,0,0,0,0
4/20/1995,0,,0.1,1.6,4.6,3.1,0,9.3,15.5,0,0,0,0,52.1,6.9,10.3,26.6,40.5,0,6,8.1,0
4/21/1995,0.4,,0.3,0.2,0,0.3,2,4.6,0.8,4.5,0,44.8,0,20.2,0,0,9.8,2.8,0,0.3,2.7,0
4/22/1995,0,,1.4,0,0,1.8,0,0,0,0,0,0,0,0,0,0,0,0,0,0,0,0
4/23/1995,30.9,,0,15.8,65.3,43.2,22.3,33.1,0.8,23.4,105.8,64,2.6,2.5,71.8,83.6,3.1,1,4,10.7,24.1,0
4/24/1995,4,,9,0.8,9.2,0,0,6,0,0,0,1.6,0,0,0.5,0.3,0,0,0,0,0,0
4/25/1995,0,,0,0,0,0,0,0,0,0,0,0,0,0,0,1.2,0,0,0,0,0,0
4/26/1995,0.4,,0,14.1,0,10.9,19.8,1.5,0,0,17.4,0,23.1,0,1.5,0,0,2,10.2,49.8,0,0
4/27/1995,0,,0,0,0,0,0,4.8,0,0,0,0,0,0,0,0,0,0,0,0,0,0
4/28/1995,3,,0,3.6,33.3,8.1,0,7.8,36.3,38,28.6,12.4,0,19.4,7.6,15.3,30.7,34.9,0,0,20.1,0
4/29/1995,0,,29.6,0,0,0,0,0,17.2,0,0,0,0,0,0.5,1.7,0.1,0,0,0,0,0
4/30/1995,2.1,,0,4.3,0,6.1,0,7,0,0,0,10.4,0,0,32.5,28.3,0.2,0,0,0,31.4,2.3
5/1/1995,0.1,,0,36.7,0,8.7,0,0.8,0,0,0,18,0,0,12.3,0,1.1,0,0.5,17.4,2.8,25.4
5/2/1995,3.2,,0,1.3,16.5,0,0,12.4,10.7,0,19,19.8,0,2.2,20.1,2.3,0,42.4,0,0.8,1,0
5/3/1995,0,,2.4,0,0,16.3,0,0,0,0,0,0,0,0,0,0,0,0,0,0,0,0
5/4/1995,0,,0,0,0,0,0.5,3.5,0,0,0,11.4,0,0,32.9,52.5,0,0,0,25.9,39.3,0
5/5/1995,0,,0,0,0,0.3,0,0,0,0,0,0,0,0,0,0,0,0,0,0,0,0
5/6/1995,39.4,,0,0,0,0,1.8,0,0,84.6,0,7,3,0,6.1,1.3,0,0,20.1,0,5.6,2.9
5/7/1995,0,,3.3,0,0,20.3,0,0,0,11.4,0,0,0,0,0,0,0,0.1,0,0,0,0
5/8/1995,0,,0,0,0.3,3.3,0,0,1.5,0,0,0,0,0,8.5,0,0,6,0,0,0,0
5/9/1995,6.1,,0,1.7,4.1,0,0,0,0,0,0,2.2,0,0,9.7,1.9,0,0.1,0,0,0,0
5/10/1995,3.4,,0,0,0,0,13.5,0,0,0,2.8,0,3.1,0,7.1,11.8,0,0,6,17.3,19.9,2.6
5/11/1995,16,,0,0,0,0.8,0,29.9,0,0.4,0,8.4,0,6.4,10.4,18.5,0,0,55.2,0.5,5.6,66.4
5/12/1995,0,,0,0,0,0,0,0,0,0,0,0,0,0,0,0,0,0,0,0,0,0
5/13/1995,0.5,,0,9.9,0.3,0,0,6.7,0,0,0,0.9,7.3,0,0,0,0,0,0,16.7,3.6,0
5/14/1995,8.6,,0,14.3,1.5,6.6,0,9,43.7,0,13.6,51.4,0,31.1,12.9,0,19.1,19.9,0,0,0,0
5/15/1995,0,,63.2,0,0,0,3.8,0,0,0,0,0,0.8,0,0,0,0,0,0,5.2,0,0
5/16/1995,1.1,,0,0,0,0.5,1.8,0,0,0.7,0,0,0,12.7,4.6,11,0.8,0,0,0,8.8,8.8
5/17/1995,0,,0,0.3,0,9.1,0,0,0,0,11.6,0,0,0,4.1,0,0,0,0,0,0,0
5/18/1995,45,,0,13.9,0,1.8,1,0,0,6.2,0,0,0,0,7.9,0.3,13,0,1.2,0,16.9,6.6
5/19/1995,14.9,,0.2,0,0,0,0,0,0,4.6,0,2.3,0,0,0.9,3.4,0,0,0,0,2.5,0
5/20/1995,0,,0,0,0,0.3,0,0,0,0,0,0,0,0,0.3,0,0,0,0,0,0,0
5/21/1995,0.8,,0,0,0,2.6,0,0,0,0,0,0,0,37.1,3.2,0,18.3,7,0,19.4,0,0
5/22/1995,2.3,,0,23.6,1,14.3,15.8,6.2,0,22.2,0.2,20.1,0,75.6,1.9,20.5,23.3,0,22.6,0,31.9,26.3
5/23/1995,5.6,,0,0,0,51.9,0.5,3.5,5,60.4,1.4,16.8,0,0,4.1,0.8,6.5,51.5,0,0,10,4.2
5/24/1995,1.6,,1.8,14,4,68.3,0,4.6,6.9,0.2,18.5,0.5,0,29.2,0,23,21.7,7.7,0,0,3.9,0
5/25/1995,0,,10.9,0,0,0,0,0,0,0,0,0,0,0,0,0,0,0,0,0,0,0
5/26/1995,17.8,,0,8.4,28.7,0,0,16.7,0,46.6,56.2,15.7,29.2,0.2,6.6,0.3,0,0.4,0,41.7,1.8,0
5/27/1995,0,,0.4,0,0,34.1,0,0,0,0,0,0,0,15.4,0,0,0,0,0,0.4,0,0
5/28/1995,7.8,,1.6,0,1.3,28.5,0,0,8.4,0,3.4,0,1.2,0,0.8,0,0.8,0.2,0,27.7,0,0
5/29/1995,0.6,,0,1.4,1,0.8,0,22.6,12.1,0,26,0,0,0,0,0,0,0.5,0,0.3,0,6.4
5/30/1995,7.7,,0.6,0,0,2,0,3.6,0.2,0.3,0,1.3,0,15.8,0.5,7.9,0,0,16.2,2.3,9.9,2
5/31/1995,0,,0,0,0,0,0,32.6,0,0,0,0,0,0,0,0,3.9,0,0,0,0,0
6/1/1995,0,,0,0,0,0,0,0,0,0,0,0,0,0,0,0.5,15.8,0,0,0,16.4,0
6/2/1995,9.3,,0,14,0.8,10.7,22.6,0.7,0,2,0,17.1,9.8,0,0.8,22.4,0,0.3,0,17,11.2,0
6/3/1995,25.7,,0,0,0,1.3,0,0,0,0,0,0.5,0,0,3.5,1.9,0.5,0,0,0,0,0
6/4/1995,0,,0,0,1,0,0,0,0,0,0,0,0,0,0,0,0.3,0.4,0,0,0,0
6/5/1995,14.9,,0,18.9,0,161,8.1,15.4,3.6,1,2.3,2.8,0,24.6,0,24.3,11.1,2.2,31.8,3.1,21.4,2.1
6/6/1995,17.8,,0,2.9,0,44.5,3.1,3.2,5,0.2,3.2,19.4,0,5.2,25,18,8.2,6.2,0,0,48,1.9
6/7/1995,10.1,,0,0,29,23.8,44.2,29,2.6,0.7,0,0,68,16.8,7.4,4.5,16.1,9.3,43.3,14.7,4.1,20.5
6/8/1995,0.4,,47.6,42.4,40.6,8,1.8,1.3,25.1,1,44.6,0,0,11.1,0,13.1,2.2,38.9,0,0,0.9,0
6/9/1995,21.3,,6.7,10.2,55.6,0,0,5.7,28,0,44.2,0,0,0,15,2.2,0.1,21.9,0,0,0,0
6/10/1995,0,,1.1,0,0,2.3,0,0,0,0,0,0,4.7,0.6,0,0,0.7,0,0,0,0,0
6/11/1995,0,,0,0,0,5.3,0,0,29.2,0,0,0,0,31.8,0,0,59.6,8.7,0,0,0,0
6/12/1995,4.7,,0,5.3,19.3,8.2,0,0,10.8,0,22.2,1.8,0,53.2,18,15.5,96,14.8,0,24.3,2.9,4.7
6/13/1995,12.6,,0,19.3,21.6,76,0,27.8,15.7,18.2,42,3,0,30.3,9.9,24.2,68,19.6,5.8,0,1,0
6/14/1995,0,,7.8,42.5,0,6.6,0,0,0,0,20.4,0,0,0.4,4.4,0,8.3,0,0,0,0,0
6/15/1995,0,,0,0.1,8.1,3.8,0,4.4,0,0,0.4,0,0,18.6,0,0,0.3,0.5,0,0,0,0
6/16/1995,0,,0,4,2,0,2.3,0,0,0,0,0,1.8,0,0,0,0.3,0.7,15,0,0.2,19.9
6/17/1995,17.4,,0.7,19.7,0,0,17,6.8,0.5,27.6,0,16.4,0.4,0,5.8,6.7,0.9,0,4.2,3.6,13,0
6/18/1995,0,,0.2,0,0,0.3,0,0,2.3,0,0,0,0,0.4,0.5,0,0.5,0.3,0,0,0,0
6/19/1995,24.2,,0,34.5,60.9,26.2,0,24.4,52,0.5,40.2,33.2,0,38.2,68.8,15.6,50.9,21.3,0,0,0,0
6/20/1995,0,,32.4,0.3,4.6,20.6,2.6,0.3,8.4,4.9,2,0,0,2.6,0.1,0,11.2,21.9,0.7,0,3.2,9.7
6/21/1995,0,,11.6,0,0,0,0,0.7,0,0,0.8,0,0,0,0,0,0,0,0,0,0,0
6/22/1995,0,,0,0,0,0,0.3,0,0,0.9,0,0,18.9,0,0,0,0,0,0,0.7,0,6.9
6/23/1995,0,,0,6.2,0,0,9.9,0,0,20.9,0.6,0,0,0,0,0.8,0,0,0,0,2.9,0.6
6/24/1995,50.3,,0,8.3,36.6,0,0.5,33.4,87.2,34,72.6,57.7,0,7.7,18.4,5.8,0,27.2,6.4,18.9,5.8,30.2
6/25/1995,0,,32.2,8.3,0,0,21.1,0,0.4,0,0,3.1,18.1,0,34.3,0,0,0.1,0,34.9,11.8,0
6/26/1995,0,,0,0,0.5,0,0,0,0,9.7,0.5,0,0,0,0,0.3,0,0,0,0,0,0
6/27/1995,0,,0,0,0,0,0,0,0,0.6,0,0,0,0,0,0,0,0,0,0,0,0.2
6/28/1995,0,,0,0,0,0,0,0,0,0,0,0,0,0,0,0,0,0,0,0,0,0
6/29/1995,0,,0,0,0,0,0,0,0,0,0,0,0,0.6,0,0,0,0,0,0,0,0
6/30/1995,2.2,,0,8.2,15,0,5.3,12,7.5,25,0.4,0.1,19.8,0,0,0.5,0,57.7,0,6.6,35.1,5.1
7/1/1995,0.1,,0.3,0.5,0,47.5,0,0,1,0.4,2.2,0,0,0,2.2,1.4,0,0,0,0,0,0
7/2/1995,0.1,,0,0,49.8,4.6,0,6,0,0.4,0.3,19.9,0,0,0,0,1,0,0,5.5,0,0
7/3/1995,48.5,,0,23.9,82,79.5,65.8,37.2,243.9,37.8,35.6,42.5,25.6,97.5,36.4,58.4,40.1,129.4,29.6,43.3,16,63.4
7/4/1995,0.2,,62.8,0.9,1.3,30,0,0,4.7,0.4,0.2,0.3,0,48.8,0.3,0,74.2,9.1,0.7,0.2,0,0.8
7/5/1995,0,,11.2,0,0,0,0,0,0,0,0,0,0,0,0,0,0,0,0,0,0,0
7/6/1995,0,,0,0,0,0,0,2.4,0,0,2,0,0,0,0,0,0,0,0,0,0,0
7/7/1995,0,,0,0,0,0,0,0,0,9.2,0,0,0,0,0,0,0,0,0,0,0,0
7/8/1995,12.9,,0,0,0,0.8,0,17.7,0,0,0,0,0,0,0.6,0,0,0,0,0,18.7,0
7/9/1995,0,,0,0,0,0,5.1,0,0,0.4,0,0,5,0,0,0.1,1.5,0,0.6,0,0.8,11.7
7/10/1995,0,,0,0,0,0,0,0,0,2.8,0,0,5.3,0,0,0,0.5,0,3.3,0,0,0.3
7/11/1995,2.1,,0,0,0,0,0,0.3,0,0,0.4,0,0,0,0.3,0,0,0,3,4.4,0,4.9
7/12/1995,0,,0,17.5,0,0,0,0,1.5,0,0.1,1.3,0,0,0.6,0,0.2,0,0,0,0,0
7/13/1995,0,,0,0.5,0,12.2,29,20.8,0,3.1,9,0,4.7,0,0,11,33.5,0,4.5,7.7,0,0
7/14/1995,0,,0,1.5,0,2.3,17.3,6.1,0,13.3,0,13.6,0,0,36.6,15,5.5,0,0,0,12.1,6.8
7/15/1995,5,,0,0,0,0,19.1,0,0,0,0,0,9.6,0,0,0,0.6,0,6.6,6.6,0,2.2
7/16/1995,5,,0,2.7,6.9,8.6,0,16.6,0,0,51.4,21.4,0,2.6,4.4,0,0.1,0,0,31.1,0.9,0
7/17/1995,7.8,,0,0,0,6.4,0,0,0.1,11.3,0,0,4.8,0,1,0.3,0,0,4.5,0,1.1,25.5
7/18/1995,0,,0,0,0,0,0,0,0,0,0,0.5,0,0,0,0,0,0,0,0,0,0
7/19/1995,4.4,,0,0,17.3,0,7.9,16.2,0,0,75.9,0.2,0,0,0,0.2,0,0.2,6.5,0.6,0,44
7/20/1995,4.6,,0.4,16.4,0,0,30.2,6.5,0.5,1.4,1.5,0,0,0,5.3,0.4,0.8,0,0,10.6,33,0
7/21/1995,0.9,,2.8,3.7,0,0,0,8.5,0,44.9,0.3,24.3,0,0,0.5,2.1,0,0,0.8,10.2,4.5,1.7
7/22/1995,0,,0,0,31.5,0,0,21.4,0,1,7.8,0,4.2,0,0,0,0.6,0,15.7,5.8,0,16
7/23/1995,0,,0,0.2,0,0,0.8,0,0,16.6,0,0.4,0,1.7,2.8,0.6,11.3,0.3,0,3,0,1.1
7/24/1995,0,,0,0.3,0,3.1,0,0,0,0,0,0.2,0,0.4,27.9,0.3,0,0,0,0,0,0
7/25/1995,0.8,,0,46.7,1.5,0,0,0,13.8,0,7.5,6.3,4.3,0.5,8,0,0.1,1.2,0,0,0,0
7/26/1995,1.3,,2.3,1.4,0.3,0.5,42.5,1,3.3,25,0.2,1.4,13.8,0,1.3,18.9,0,0,0,30.5,16.7,1
7/27/1995,0,,0.4,0.5,0,0.5,12.4,0.5,0,0,0,4.1,1.8,0,7.1,0,0,0,0,0,0,0.2
7/28/1995,0,,0,0,0,0,0,0,0,0,0,0,3.2,0,0,0,0,0,0,0,0,0.9
7/29/1995,0,,0,0.2,5.3,0,0,0.1,4.8,68,0.2,0.2,11.7,0,0.5,0,0.2,0,0,27.8,0,2.8
7/30/1995,8.4,,0,2.6,0,0,0,0.9,0,36.8,0.4,0,0,0,0,0,0,0,8,1.4,12,0
7/31/1995,0.7,,0,0,0,0,4.3,47.6,0.3,0.2,0.2,0,0,3.4,0,0,0,0,0,0,0,0.2
8/1/1995,1.8,,0.4,0.3,0,0.5,0,2,0,29.5,0.3,41.6,6.8,0.4,0.5,0,0,0,71.3,30.5,0,33.9
8/2/1995,0,,0,2.7,0.5,0,0.3,0,0,0.2,0,0,21.1,0,2.7,0,0,0,0,0,0.4,9.7
8/3/1995,0,,0,0,0,0,0,0,0,83.7,0,0.3,20.8,0,0,0,0.2,0,1,9.7,0,11.3
8/4/1995,0,,0,1.8,0,0,2.3,0.4,0.5,15.8,2.5,0.1,0,1,7.9,0.3,0.5,0.5,10.3,4.1,0,38.2
8/5/1995,2.3,,0,0.8,0,0,0.8,1,0.7,6.3,1.4,1.4,11.4,0.7,0,0,0.9,0,60.1,14.5,0.7,31.3
8/6/1995,1.5,,0,0.2,0,0,2.6,0,1,3.4,0.8,0.3,0,0.8,0,0,0,0,20.2,3.1,0,13.1
8/7/1995,0,,0.2,1.4,3.9,4.4,0,0.4,1.3,0,1.4,0,0,2.7,1.5,0,2.2,0.6,0,0,0,0
8/8/1995,7.1,,2.7,20.2,0.5,0,0.5,3.5,1.2,4.5,3.8,6.2,60.3,2.5,4.8,17.4,5,0.6,0.5,21.3,9.9,46.6
8/9/1995,0.4,,0,0,0,1.3,0,0.8,0,5.6,0.2,0.8,0.9,0,0.5,0.4,0.9,0,0.5,0.1,0,0
8/10/1995,1.1,,0,0,0,0,0,0,0,0,0.4,0,5.5,0,0,0,0,0,0,0,0,0
8/11/1995,0,,0,0,0,0,21.4,0,0,38.6,0,0,10.4,0,0,0,0,0.7,0.8,6.6,0,22.4
8/12/1995,0.7,,0,1.4,0,0,0,0,0,0,0,0.4,0,0,0.8,0,0,0,0,0,0,15.1
8/13/1995,0.1,,0,0,0,0,14,0.2,0,0,1.5,0,10.5,0,0,0,0,0,0,32.3,4.8,27.4
8/14/1995,0,,0,1.7,0,0,0.5,33.4,0.6,34.7,0,0.1,1.6,0.4,8.9,0.5,0,0,6.9,1.4,22.6,0
8/15/1995,0,,0,1.1,0,0,0,0,1.6,0,0,0,0.4,0,14.5,2.1,0,0,0,0.2,0.4,2.3
8/16/1995,31.5,,0,1.3,0,0,0,23.8,0,4.3,0.2,35.8,0,0,14,0,0,0,0,0,0,0
8/17/1995,18.8,,0,3.4,2,8.9,0.5,0.3,0.3,1.1,15.8,2.9,8.9,0.8,0,22,6.4,0.4,15.1,6.5,27.5,25.9
8/18/1995,0,,0.3,0,0,0,0,0,0,0,0,0,8.1,0,0,0,0,0,1.5,0,0,19.1
8/19/1995,1.2,,0,0.4,71.1,0,0,32,0,13.5,9,4.5,17.2,0,0,3.2,0.1,0,8.4,14.8,6.9,2
8/20/1995,9.5,,0,51.4,49.5,10,3.3,6.4,4.2,40.5,69.6,0.2,1.3,0,36.5,0.6,7.5,0.5,30,49,3.5,56.8
8/21/1995,0,,0,0,5.1,3.8,0.3,0,0,0,0.8,0,7.9,0,1.6,0,15.7,0.3,16.1,23.2,7.7,0
8/22/1995,0,,1.2,6.6,0,0.8,0,0.6,0,0.4,1.3,21,0,0,66.6,0.6,5.4,0,0,14.2,5.6,0.7
8/23/1995,0,,1.9,11.6,0,0,5.2,0.1,0,1.1,0.2,6.4,0.6,1.3,0.8,0,0.3,0,12.5,4,1,0.5
8/24/1995,0.5,,10.7,2.7,2.5,8.9,0.8,13.1,0.1,3.9,7,1.2,14.5,27.8,10.8,1.3,26.3,6.9,32.8,0,2.6,21.5
8/25/1995,15.2,,0,0,14.2,1,23.7,0,0,32.7,0,1.2,0,0.8,0,22.4,7.9,0.4,3,21,21.6,0.9
8/26/1995,10.8,,0.8,6.1,0,3.3,0,5.5,0,7.3,0,22.9,0,0,4.7,31.1,3.1,0,2.9,11,1.8,9.8
8/27/1995,0,,0,0.7,0,0.5,0,16,0,0,0,0.6,0.4,0,4.4,1.4,0,0,0,16.1,0,0
8/28/1995,0.3,,0,1.1,0,0,0,21.3,0,0,0.6,0,0,0,1.6,0,0.5,0,0,0,0,0
8/29/1995,2.3,,0,0,0,0,0,0,0,0,0,0,22.5,0,12,0,0.2,0,0,0,0,0
8/30/1995,0,,0,0.6,0,0.8,1.8,6,0,23.3,0,0,0,0,0.5,0,0,0,33.4,22,0.6,5.7
8/31/1995,0,,0,9.4,0,0,0,0,0,0,0,0.6,0,0,0,0,0,0,4.3,14,0,0
9/1/1995,5.6,,0,9.3,0,1.8,1.8,1.9,0,11,1.2,22.7,4.1,0,5.6,16.6,0.1,0.7,11.4,0,47.9,12.9
9/2/1995,1,,0.5,0,0,0,7.9,0,0.1,0,0,0.2,1.6,0,2.8,9,1.3,0,0.4,5.2,4.9,1.8
9/3/1995,0,,0,0,3.1,0,0,0,0,0,0,0,0,0,0,0,0,0,0,0,0,0
9/4/1995,0.1,,0,0,0,0,0,11.3,0,0,0.2,0,0,0,0,0,0,0,0,0,0,0
9/5/1995,0.3,,0,0,3.8,0,5.3,9.1,0,0,0,0.2,1.7,0,0,0,0,0,0,41.3,3.7,0
9/6/1995,0.5,,0,10.2,16.8,0,0,0,0,0,3,18,0,0,0,0,1.9,0.1,0,12.8,5.7,0
9/7/1995,2.5,,7,1.4,2.3,0.5,30,12,0,26.9,0,0.6,0,0.2,0.1,2.8,0,0,5.2,22.1,0,46.2
9/8/1995,6.4,,24.7,0,18,0,33,6.3,0,28.3,10.2,0.1,16.6,0,23.6,0.7,0,0,5.4,0,0,1.6
9/9/1995,0,,0.4,0,1.3,1.5,0,0,0,0,0,0,0,0,7.6,1,2,0,0,0,0,0
9/10/1995,1.5,,0,0,0,0,0,6.9,0,0,0.2,0,0,0,0,0,1,0,1.2,0.1,0,6
9/11/1995,0,,0,0,0,0,0.5,0,0,0,0,0,0,0,0,0,0,0,0,0,0,0
9/12/1995,30.8,,0,0.4,3.8,0,6.6,48,0,31.6,0,24.3,7.6,0,15.7,30.1,0,0.3,15.6,68.3,6.9,15.5
9/13/1995,1.6,,10.9,0.2,0,0,0,17.2,0,0.5,0.6,0,0,0,0,0,0,0,0,0,0,0
9/14/1995,0,,0.6,0,0,0,0,6.2,0,0,0,0.9,0,0,0,0,0,0,0.3,1,0,0
9/15/1995,0,,1.5,0.7,4.6,3.1,23.6,3.3,0,41.2,0.6,0,9.2,0.4,1.8,0.7,0,0,18.8,34.2,26.2,54.2
9/16/1995,2,,0.2,1.8,0,1.3,45,27.1,0,93.4,1.3,1,0,0,3.3,30.9,0,0,2.3,0.3,77.1,0
9/17/1995,0,,1.6,0,0,0,9.9,0,0,0,0,0,8.6,0,7.9,0,0.3,0,10.2,28.1,11.1,0.2
9/18/1995,0,,0,0,0,0,0,0,0,1.4,0,0,0.5,0,0,0,0,0,0,0,0,0
9/19/1995,7.5,,0,0.4,0,0,2,13.2,0,24.8,5.2,9.8,0,0,0,3.6,0,0,8.2,0,23.7,16.2
9/20/1995,0.2,,0,17.1,0,8.4,7.6,0,0,1,0,1,0,0,6.6,19.9,7.8,0,0,0,35.1,0
9/21/1995,12,,0,0,6.1,1,24.4,0,0,1.1,0.2,42.2,0,0,2,31.5,8,0,6.2,0,4.4,1.8
9/22/1995,0,,0,0,0,0,0,0,0,0,0,0,0,0,0,0,0,0,0,0,0,0
9/23/1995,42.7,,0,0,0,0,12.9,0.1,0,3.3,0,0,3.7,4,0.3,0,0.4,0,16.8,15.1,5.7,2.6
9/24/1995,0,,0,17.2,12.7,1.5,0,1.6,0,0,0,0,0,0,0,0,0.8,0,0,0.5,0,10.9
9/25/1995,0,,0,0,3.1,0,0,0.1,0,0,0,0,0,0,0.5,0,8.1,0,0,0,0,0.6
9/26/1995,30,,0,5.7,13.7,0,0,1.8,2.1,7.7,0,13.6,0,0.1,0.3,0,0,0,12.9,0,0,0
9/27/1995,7.7,,1.2,5,21.9,2.3,0,6.5,0,2.7,11.4,4.2,0,11,0,4.7,49,0,1.4,0,11.7,0
9/28/1995,13,,0,12.4,0,21.6,13.7,1.8,0,0,4.4,0,0,6.2,5.8,2.9,27.7,0,16.4,0.6,17.7,12.3
9/29/1995,0,,5.2,0.6,2,0,3.8,0,0,0,0,0,2.1,1,0.5,3.9,0,0,7.4,0,6.2,7.4
9/30/1995,5.3,,11.7,36.3,0,1,0,17,0,0,5.3,0,0,0,2.5,42.8,0,0,0,0,2.6,0
10/1/1995,21,,0,0,0,0,0,0,0,1,0,9.6,1.4,0.7,9.4,0.7,0.1,0,0,0,8,0
10/2/1995,25.9,,0,0,0,3.9,51.8,33.2,0,0,2.9,0.4,42.6,1.6,0.3,1.7,4.5,0,60,11.7,26.1,18.1
10/3/1995,0,,0,0,6.3,0,0.3,0.2,0,0.7,0,0.1,0,0,0.8,2.5,0,0,0,0,2.6,0
10/4/1995,0,,0,0,0,0,0,0,0,0,0,0,0,0,0,0,0,0,0,0,0.6,0
10/5/1995,0,,0,0,0,0,23.1,0,0,14.5,0,0,0,0.2,0,0,0,0,12,5.6,0,7.4
10/6/1995,7.4,,0,0,4.3,0,0,13.9,0,0.2,8.6,1.5,0,0,0,0,0,0,4.1,5.2,0,2.8
10/7/1995,7.3,,0,0,0.3,0,0,12.6,0,20.7,1,2.2,12.7,0,0,25.2,0,0,7.7,16.9,27,27.9
10/8/1995,0,,0,0,0,1,0,0,0,0,0,0,6.3,0,0,0,0,0,19.7,0,1.1,0.3
10/9/1995,0,,0,0.6,0.8,0,0,0,0,0.2,0,0,0,0,0,1.2,0,0,1.2,0,3.1,5.6
10/10/1995,0,,0,0,0,0,0,0.5,0,8.8,0,1.2,0,0,0,11.1,0,0,0,0,0,0
10/11/1995,0,,0,13.7,0,0,0,0,0,2.4,0,0,0,0,2,9.5,0,0,0,3,21.2,0
10/12/1995,0,,0,0.4,0,0,0,0,0,0,6,0,0,0,11.4,4.8,0,0,0,0,0,0.8
10/13/1995,0.2,,0,14.3,17,0,0.3,2.2,0,6.7,1.6,3.1,0,0,8.1,8.4,0,0,0,0,32.2,0
10/14/1995,0,,0,32.2,3.8,0,0,0,0,0,9.6,29.3,0,0,1.9,1,0,0,0,0,0,0
10/15/1995,0,,0,0,9.7,0,0,0,0,0,0,0,0,0,0,5.7,0,0,0,0,1.2,0
10/16/1995,0,,0,0,32.8,0,0,0,0,0,13.9,2.7,0,0,1.8,0,0,0,0,1,2.3,0
10/17/1995,4.9,,0,0,0,0,0,0,0,0,0.4,0,0,0,0,0,0,0,0,0,0,0
10/18/1995,0,,0,45.7,39.4,4.6,0,0,0,2.3,16.2,0,0,0,0,0,0,0,0,0,1.9,0
10/19/1995,2.7,,0,0,0,0,25.4,0.3,0,0,0,2.2,0.7,0,23.6,0.2,0,0,0,12.1,1.6,7
10/20/1995,2.1,,0,0,1.3,5.1,14,2,0,0,6,0,0,0,0,0,0,0,47.8,0,9.7,46.9
10/21/1995,0,,0,11.5,0.8,16.8,0,18.2,2.8,0,0,0,0,0.4,18.5,8.7,0,0.5,1.4,0,0,0
10/22/1995,0.2,,10.8,2.4,0,1,0,3,0,0.6,0,0,8.8,0,0,0,0.4,0,16.6,4.8,0,14.7
10/23/1995,0,,0,0,2.5,3.1,0,0,0,0,1,0,0,0,0,26.1,0,0,0,0,1.7,0
10/24/1995,7.6,,17.8,9,12.7,20.3,0,10,1.3,0.8,11,17.3,0,5.4,19.6,1.2,9.7,0.9,0,0,0,0
10/25/1995,15.6,,14.5,3.9,0,0,0,0,0,57.9,0,0,0,0,0,0,0,0,1.2,8.2,2,0
10/26/1995,0.1,,1.9,0.8,0,12.8,4.1,0,0,11.1,0,4.6,0,0,0,21.2,0,0,0.4,0,2.8,0
10/27/1995,4.4,,0,3,0,0,0,0,0,0,12.5,9,0,0,12.2,14.5,0,0,0,0,0,0
10/28/1995,6.2,,0,0,0.5,3.6,0,0,0,16.1,0,0,0,0,0,0,0,0,0,0,0.2,0
10/29/1995,7.5,,3.5,17.8,26.5,8.6,0,2.7,35.1,0,9.6,1,0,15.2,7.1,0,11.8,3.1,0,0,0,0
10/30/1995,0,,15.1,0,0,0,0,0,0,0,0,11.5,0,0,0,2.5,0,0,0,0,0.3,0
10/31/1995,5.9,,0,9.2,0,0,0,0.3,0,0,3,0,0,0,6.6,4.4,0,0,0,0,0,0
11/1/1995,20.4,,0,21.3,22.1,68.9,0,13,54.3,0,10.4,29.4,0,35.5,27.7,2.9,23.4,21.9,0,0,0,0
11/2/1995,0,,48.7,1.1,0,0.8,0,1.6,0,0,0,0,0,0,0,0,0,0,0,0,2.3,0
11/3/1995,0,,0,1,0.5,55.9,0,0.2,0,0,0,1.3,0,0,0,0,0,0,0,0,1.2,0
11/4/1995,8.6,,3,0,0,66.9,0,7.7,0,7.4,0,0.4,0,7.4,42.2,0,7.3,0,0,0,0.8,0
11/5/1995,18.9,,0,1.8,26.7,0,13.2,7.1,0,4,5.5,1.3,0,0.6,22.6,5.7,1.4,4.2,3.2,2,1.6,0
11/6/1995,0,,0.2,1.6,0,0,9.4,0,0,0,6.6,0.1,0,0,15.5,0,0,0,0,6.6,0,0
11/7/1995,0,,0,17.6,0,0,0,0,0,1,0.8,7,0,0,0,5.4,0,0,0,0,0,0
11/8/1995,0,,0,0,4.8,0,3.6,0,0,0,3.1,0,0,0,0,25.5,0,0,0,0,0.2,0
11/9/1995,0,,0,0,0,0,0,0,0,0,3.6,0,0,0,0,0,0,0,0,0,10.8,5.6
11/10/1995,0,,0,0,0,3.3,0,0.2,0,0,2.6,0.5,0,0,0.3,0,0,0,0,0,0,0
11/11/1995,0,,0,2.1,4.8,21.1,0,0,0,0,0,0,0,0,0,0,0,0,0,0,0,0
11/12/1995,0,,0,10.5,0,0,0,0,0,0,0,0,0,0,0,0,0,0,0,0,0,0
11/13/1995,7,,0,0,0,0,0,0,0,0,0,0,0,0,0,0,0,0,0,0,0,0
11/14/1995,0,,0,0,0,4.1,0,0,0,0,0,0,0,0,0,0,0,0,0,0,0,0
11/15/1995,0,,0,0,0,0,0,0,0,0,0,0,0,0,0,0,0,0,0,0,0,0
11/16/1995,0,,0,0,0,0,0,0,0,0,0,0,0,0,0,0,0,0,0,0,0,0
11/17/1995,0,,0.8,0,0,0,0,0,0,0,0,0,0,0,0,0,0,0,0,0,0,0
11/18/1995,0,,0,0,0,12,0,0,8.4,0,0,0,0,0,0,0,0,6,0,0,0,0
11/19/1995,0,,0,0,0,0,0,0,0,0,0,0,0,0,0,0,1.3,0,0,0,0,0
11/20/1995,0,,0,0,0,0,0,0,0,0,0,0,0,0,0,0,0,0,0,0,0,0
11/21/1995,0,,0,0,0,0,0,0,0,0,0,0,0,0,0,0,0,0,0,0,0,0
11/22/1995,0,,0,0,0,0,0,0,0,0,0,0,0,0,0,0,0,0,0,0,0,0
11/23/1995,0,,0,0,0,0,0,0,0,0,0,0,0,0,0,0,0,0,0,0,0,0
11/24/1995,0,,0,0,0,0,0,0,0,0,0,0,0,0,0,0,0,0,0,0,0,0
11/25/1995,0,,0,7.7,0,10.4,0,0,0,0,0,0,0,0,0,0,0,0,0,0,0,0
11/26/1995,0,,9.1,0,0,0,0,0,0,0,0,0,0,0,0,0,0,0,0,0,0,0
11/27/1995,0,,0,13.3,0,0,0,0,0,0,0,0,0,0,20.3,0,0,0,0,0,0,0
11/28/1995,0,,0,0,0,0,0,0,0,0,0,0,0,0,0,0,0,0,0,0,0,0
11/29/1995,0,,0.2,0,0.3,0,0,0,0,0,0,0,0,0,0,0,0,0,0,0,0,0
11/30/1995,0,,0,0,0,0,0,0,0,0,0,0,0,0,0,0,0,0,0,0,0,0
12/1/1995,4.9,,0,0,0,23.9,0,0,0,0,0,0,0,0,0,0,0.1,0,0,0,0,0
12/2/1995,0,,0,0,0,0,7.1,0.2,0,10,0,17.8,0,0,0,0,0,0,1.4,0.3,16.1,0
12/3/1995,0,,4.4,0,0,0.8,0,0,0,0,0,0,0,1.4,0,21.3,0.2,1.8,0,0,0,0
12/4/1995,0,,0.2,0,0,0,0,0,0,0,0,0,0,0,0,0,0,0,0,0,0,0
12/5/1995,0,,0,0,0,0,0,0,0,0,0,0,0,0,0,0,1.3,0,0,0,0,0
12/6/1995,0,,0,0,0,0,0,0,0,0,12,0,0,0,2,0,0,0,0,0,11.5,0
12/7/1995,21.1,,0,0.3,0,0,0,15.7,0,0,5,0,0,0,0,0.5,0,0,0,0,0.5,0
12/8/1995,0,,0,0,0,0,0,0,0,0,0,0,0,0,0,0,0,0,0,0,0,0
12/9/1995,0,,0,0,0,0,0,0,0,0,0,0,0,1,0,0,0,0,0,0,0,0
12/10/1995,0,,0,0,0,0,0,0,0,0,0,8.3,0,0,0,7.5,0,0,0,0,2.5,0
12/11/1995,12.6,,0,9.7,0,0,0,19.1,0,0,0,0,0,0,10.4,7.1,0,0,0,0,0,0
12/12/1995,3.4,,0,0.4,0,0,0,0.5,0,0,0,0,0,0,0,0,0,0,0,0,0,0
12/13/1995,0,,0,0,0,0,0,0,0,0,0,0,0,1,0,0,0.6,0,0,0,0,0
12/14/1995,0,,0,3.6,0,0,0,0,0,0,0,0,0,0,0,4.5,0,0,0,0,0,0
12/15/1995,0,,0,0,0,0,0.3,0,0,0,0,0,0.9,0,5.8,0.5,0,0,0,8,3.1,0
12/16/1995,0,,0,0,0,0,0,0,0,0,0,0,0,0,0.3,0,0,0,0,0,0,0
12/17/1995,0,,0,0,0,0.3,0,0,0,0,0,0,0,0,0,0,0,0,0,0,0,0
12/18/1995,0,,0,0,0,0,0,0,0,0,0,0,0,0.9,0,0,0,0,0,0,0,0
12/19/1995,0,,0,0,0,0,0,0,0,0,0,0,0,0,0,0,0,0,0,0,0,0
12/20/1995,12.3,,0,0.7,0,0,0,0,0,0,0,0.4,0,0,0,0,0,0,0,0,0,0
12/21/1995,0,,0,4.5,0,0,0,0,0,0,0.8,42.1,0,0,0,0,0,0,0,0,0,0
12/22/1995,8.6,,0,0,21.3,0,0,0,1.3,4.6,0,0,0,0,0,0,0,54,0,0,0,0
12/23/1995,32,,0,4.8,58.7,0,0,1.1,0,1.3,0,47,0,0,38.2,0.5,0,0,0,0,0,0
12/24/1995,0,,0.2,0,0,0,0,4,0,0,0,0,0,0,0,0,0,0,0,0,0,0
12/25/1995,0,,0,0,0,0,0,0,0,0,0,0,0,0,0,0,0,0,0,0,0,0
12/26/1995,0,,0,0,0,0,0,0,0,0,0,0,0,0,0,0,0,0,0,0,0,0
12/27/1995,0,,0,0,0,0,0,0,0,0,0,0,0,0,0,0,0,0,0,0,0,0
12/28/1995,0,,0,0,0,0,0,0,0,0,0,0,0,0,0,0,0,0,0,0,0,0
12/29/1995,0,,0,0,0,0,0,0,0,0,0,0,0,0,0,0,0,0,0,0,0,0
12/30/1995,0,,0,0,0,0,0,0,0,0,0,0,0,0,0,0,0,0,0,0,0,0
12/31/1995,0,,0,0,0,0,0,0,0,0,0,0,0,0,0,0,0,0,0,0,0,0
1/1/1996,0,,0,0,0,0,0,0,0,0,0,0,0,0,0,0,0,0,0,0,0,0
1/2/1996,0,,0,0,0,0,0,0,0,0,0,0,0,0,0,0,0,0,0,0,0,0
1/3/1996,0,,0,0,0,0,0,0,0,0,2.6,0,0,0,0,0,0,0,0,0,0,0
1/4/1996,0,,0,0,0,0,0,0,0,0,0,0,0,0,0,0,0,0,0,0,0,0
1/5/1996,0,,0,0,0,0,0,0,0,0,1,0,0,0,0,0,0,0,0,0,0,0
1/6/1996,0,,0,59.1,0,0,0,0.8,0,0,0,0,0,0,0,0,0,0,0,0,0,0
1/7/1996,0,,0,0,0,0,0,0,0,0,0,2.1,0,0,0,0,0,0,0,0,0,0
1/8/1996,0,,0,0,1.3,0,0,0,0,0,17.4,0,0,3.2,6.6,0,0,0,0,0,0,0
1/9/1996,0,,0,0,0,0,0,0,0,0,0,0,0,0,0,0,0,0,0,0,0,0
1/10/1996,0,,0,0,0,3.3,0,0,0,0,0,0,0,0,0,0,0,0,0,0,0,0
1/11/1996,0,,0,0,0,0,0,0,0,0,0,0,0,0,0,0,0,0,0,0,0,0
1/12/1996,0,,0,0,0,0,0,0,0,0,0.3,0,0,0,0,0,0,0,0,0,0,0
1/13/1996,0,,0,0,0,0,0,0,0,0,0,0,0,0,0,0,0,0,0,0,0,0
1/14/1996,0,,0,0,0,0,0,0,0,0,0,0,0,0,0,0,2.9,0,0,0,0,0
1/15/1996,1.7,,0,10.3,0,0,0,4.3,0,0,0,0,0,0,0,0,0,0,0,0,0,0
1/16/1996,0.5,,0,0,0,0,0,0,0,0,0,0,0,0,0,0,0,0,0,0,0,0
1/17/1996,0,,0,0,0,0,0,0,0,0,0,0,0,0,0,0,0,0,0,0,0,0
1/18/1996,0,,0,0,0,0.8,0.5,0,0,0,0,0,0,0,0,0,0.6,0,0,0,0,0
1/19/1996,0,,0,0,0,0,0,0,0,0,18.6,0,0,2.6,0,0,10.6,0,0,0,0,0
1/20/1996,0,,0,0,0,0,0,0,0,0,0,0,0,0,0,0,0,0,0,0,0,0
1/21/1996,0,,0,0,0,0,0,0,0,0,0,0,0,0,0,0,0,0,0,0,0,0
1/22/1996,0,,0,0,0,0,0,0,0,0,0,0,0,0,0,0,0,0,0,0,0,0
1/23/1996,0,,0,0,0,0,0,0,0,0,0,0,0,0,0,0,0,0,0,0,0,0
1/24/1996,0,,0,0,0,0,0,0,0,0,0,0,0,0,0,0,0,0,0,0,0,0
1/25/1996,0,,0,0,0,0,0,0,0,0,0,0,0,0,0,0,0,0,0,0,0,0
1/26/1996,8.2,,0,0,0,0,0,0,0,0.7,0,1.6,0,0,7.1,0,0,0,0,0,0,0
1/27/1996,0,,0,0,0,0,0,0,0,0,0,0,0,0,0,0,0,0,0,0,0,0
1/28/1996,0,,0,0,0,0,0,0,0,0,0,0,0,0,0,0,0,0,0,0,0,0
1/29/1996,0,,0,0,0,0,0,0,0,0,0,0,0,0,0,0,0,0,0,0,0,0
1/30/1996,0,,0,0,0,0,0,0,0,0,0,0,0,0,0,0,0,0,0,0,0,0
1/31/1996,0,,0,0,0,0,0,0,0,0,0,0,0,0,0,0,0,0,0,0,0,0
2/1/1996,0,,0,0,0,0,0,0,0,0,28,0,0,0,0,0,0,0,0,0,0,0
2/2/1996,0,,0,0,0,0,1.5,0,0,0,0,4.2,0,0,0,10.8,0,0,0,0,5.2,0
2/3/1996,0,,0,10.5,15.2,0,0,0.9,0,0,2.1,1.1,0,1,18,0,5.2,0,0,0,0,0
2/4/1996,0,,0,0,0,0,0,2,0,0,0,0,0,0,0,0,0,0,0,0,0,0
2/5/1996,0,,0,0,0,0,0.5,0,0,0,0,0.2,0,0,0.5,0,0,0,0,0,12.2,0
2/6/1996,0,,0,0,0,0,0,0,0,0,0,0,0,0,0,0,0,0,0,0,0,0
2/7/1996,1.6,,0,0,0,0,0,0,0,0,0,0,0,0,0,0,0,0,0,0,0,0
2/8/1996,12,,0,8.1,2.6,0,0,0,28.2,0,33.8,13.8,0,7.8,0,0,1.1,0,0,0,0,0
2/9/1996,0,,19,0,0,0,0,12.3,0,0,0,0,0,0,0,0,9.1,0,0,0,0,0
2/10/1996,0,,0,14.4,0,1,0,0,0,0,3.3,21.5,0,0,0,0,0,0,0,0,17.4,0
2/11/1996,0,,0,0,0,0,0,0,0,0,28,0,0,0,0,0,0,0,0,0,0,0
2/12/1996,0,,0,1.4,2,0,37.9,0,0,0.2,0,0,0,0,0,3.1,0,0,22.5,0,0,0
2/13/1996,72.6,,0,0,0,0,0,5.5,0,0,0,3,0,0,0,28.2,0,0,0,0,7.2,0.7
2/14/1996,0.4,,1.9,21.1,0,0,0,0,0,0,0,0,0,0,4.1,0,0,0,0,0,0.5,0
2/15/1996,8.3,,0,1,34.6,0,0,7.6,22.1,0,3.8,0,0,7.8,12.9,1.3,0,54.4,0,0,24,0
2/16/1996,0,,9.8,0,0,0,0,0,0,0,0,1.4,0,0,0.8,0,0,0,0,0,0,0
2/17/1996,0,,0,0,0.3,0,0,2.1,0,0,3.4,0.3,0,0,0.3,6.3,0,0,0,0,15.8,0
2/18/1996,0,,0.2,0,0,0,0,0,0,1.6,0,0,0,0,0,24.4,0,0,0,0,0,0
2/19/1996,0,,0,0,0,0,0,0,0,0,0,0,0,0,0,0,0,0,0,0,0,0
2/20/1996,0,,0,0,0,0,0,0,0,0,0,0,0,0,1.3,0,0,0,0,0,0,0
2/21/1996,0,,0,0,0,0,0,0,0,0,0,0,0,0,0,0,0,0,0,0,0,0
2/22/1996,0,,0,0,0,0,0,0,0,0,0,0,0,0,0,0,0.3,0,0,0,0,0
2/23/1996,0,,0,0,0,0,0,0,0,0,0,0,0,0,0,0,0,0,0,0,0,0
2/24/1996,0,,0,0,0,0,0,0,0,0,0,0,0,0,0,0,0,0,0,0,0,0
2/25/1996,0,,0,2.1,0,0,0,0,0,0,0,0,0,0,0.3,0,0,0,0,0,0,0
2/26/1996,0,,0,34.7,0.8,0,0,0.2,0,0,15.2,0,0,0.6,32,15.6,0,0,0,0,10.9,2.6
2/27/1996,0,,0,0,0,0,0,0,0,0,0,0,0,0,0,0,0,0,0,0,0,0
2/28/1996,1.7,,0,0,0,27.9,0,13.4,0,0.6,2.2,34.7,0,0,55.6,0,0,0,0,0,1.2,0
2/29/1996,1.4,,0,0,0,0,0,0,0,0,0,0,0,0,0,70.1,0,6.3,0,0,0,0
3/1/1996,0,,0.4,0,0,3.8,0,0,0,0,0,13.3,0,0,8.4,1.3,9.1,0,0,0,0,0
3/2/1996,0,,0,0,0,0,0,0,0,0,0,0,0,0,0,0,0,1.7,0,0,0,0
3/3/1996,32.3,,0,14.8,25.7,0,0,21,0.8,0,22.8,22,0,0,5.8,4.1,0,2.9,0,0,8.1,0
3/4/1996,0,,0,0,0,0,0,0,0,0,0,8.6,0,0,0,0,0,0,0,0,0,0
3/5/1996,0,,0,0,0,0,0,0,0,0,0,2.6,0,0,0,0,0,0,0,0.5,0,0
3/6/1996,0,,0,0,0,0,1.5,0,0,0,0,0,0,0,0,0,0,0,5.1,0,0,0
3/7/1996,0,,0,0,0,0,0,0,0,0,0,0,0,0,0,0,0,0,0,1,0,0
3/8/1996,5.9,,0,0.5,0,0,18.8,15.1,0,0,0,4.6,0,0,0,0,0,0,0.9,10.5,0,0
3/9/1996,0,,0,0,0,0,4.6,0,0,0,0,0,0,0,26.2,6.9,0,0,1,0,16,0
3/10/1996,19.8,,0,42.1,2.8,36.1,0,47.5,0,0,6.8,4.6,0,0,6.9,0,0,0,0,0,0,0
3/11/1996,0,,41.5,0,0,0,0,0,0,0,0,0,0,0,0,0,0,0,0,0,0,0
3/12/1996,0,,0,0,0,0,0,0,0,0,0,0,0,0,0,0,0,0,0,0,0,0
3/13/1996,41.9,,0,45.8,32,0,0,2.5,21.1,1.7,25.8,0.3,0,0,2.3,16.1,0,50.1,0,0,0.9,0
3/14/1996,0,,1.5,0.7,0,0,0,0,0,0,7,0,0,0,0,0,0,0,0,0,0,0
3/15/1996,0.6,,0,14.1,0,0,0,29,0,0,0.2,15.6,0,0,30.3,3.2,0,0,0,0,0,0
3/16/1996,0,,0,1.1,12.9,0,0,0,0,0,0,0,0,0,2.5,0,0,0,0,0,0,0
3/17/1996,0,,0,0,0,0,0,0,0,0,0,0,0,0,0,0,8.3,0,0,0,0,0
3/18/1996,0,,0,0,0,0,0,0,0,0,0,0,0,0,0,0,0,0,0,0,0,0
3/19/1996,0,,12,6.4,5.1,91.2,0,0,0,0,0,0.2,0,0,0,33.3,0,0,0,0,0.2,0
3/20/1996,28.1,,42.3,7.3,1,0,0,7.6,0,0,10,0.4,0,0,30.2,0.6,0,0,0,0,0,0
3/21/1996,8.6,,3.5,13.8,30.7,52.6,0,0,32.8,0,56.8,0,0,26.4,26.2,0,32.2,41.5,0,0,1,0
3/22/1996,0,,25,0,0,0,0,0,0,0,0,0,0,0,0,0,0,0,0,0,0,0
3/23/1996,2,,0,0,0,0,0,0,0,0,0,0,0,0,0,0,0,0,0,0,0,0
3/24/1996,0,,0,0,0,0,0,0,0,0,0,0,1.1,0,7.6,0,0,0,0,4.5,0,1.5
3/25/1996,0,,0,0,4.6,0,0,1.6,0,0,0,0,0,0,0,0,0,0,0,9.9,0,0
3/26/1996,0,,0,0,0,0,0,0,0,0,0,0,0,0,0,0,0,0,0,0,0,0
3/27/1996,0,,0,0,0,0,0,0,0,0,0,0,0,0,0,0,0,0,0,0,0,0
3/28/1996,0,,0,1.3,11.2,0,8.6,0,0,0,31.3,0,0,0,0,22.6,0,0,0,0,39.3,0
3/29/1996,0,,43.4,9,18.3,0,0,0.7,4.3,0,0.2,0,0,0,0,0,0,5,0,0,0,0
3/30/1996,0,,0,0,0,0,0,0,0,0,0,0,0,2,0,0,0,0,0,0,0,0
3/31/1996,0,,0,0,0,0,0,0,0,0,0,0,0,0,17.3,8,0,0,0,0,1.3,0
4/1/1996,2,,0,0,0,0,1.3,0,0,0,0,19.6,0,0,35.6,13.6,0,0,0,0,1.1,0
4/2/1996,0,,0,0,0,0,9.4,11.8,0,0,0,13.2,0,0,3.1,6.4,0,0,0.5,0,0,0
4/3/1996,0,,0,17.2,0.5,0,0,3.7,0,0,0.8,0,0,0,0,0,0,0,0,0,0,1.6
4/4/1996,0,,1.5,0,0,0,1.5,0,0,0,0,0,0,0,0,0,0,0,0,1.5,0,0
4/5/1996,0,,0,1.8,7.1,0,0,23.4,20.1,0,3,0,0,0,9.2,1.8,0,53.8,0,0,9.8,0
4/6/1996,0,,73,0,0,30.5,0,0,0,0,0.6,0,0,2.2,0,0,1.1,0,1.8,0,0,0
4/7/1996,0,,0,0,0,0,0,0,0,0,0,0,0,14.3,0,0,0,0,4.5,0,0,0
4/8/1996,12.6,,0,7.9,0,0,63.8,0,0,43.5,0,21,0.1,0,60.2,8.3,0,0,38.6,7.2,118,17.5
4/9/1996,0,,0,0,0,8.9,0,0,0,0,0,0,0,0,0.8,0,2.5,0,0,0,0,0
4/10/1996,17.8,,0,69.8,50.8,23.9,0,58.9,1.1,8.6,5.3,0.6,3.7,41,0,0,23.4,2.4,0,0,0,0
4/11/1996,10.4,,23.1,0,3.3,0,0,11.5,18.3,0,0,0.5,0,9.7,11.7,1.5,0,116.7,0,0,0,0
4/12/1996,0,,8,0,0,0,0,0,0,34,0,0,0,0,2,4.8,0,0.1,0,0,0,0
4/13/1996,0,,0,0,0,0,0,0,0,0,0,0,0,0,0,0,0,0,0,0,0,0
4/14/1996,0,,0,0,0,1.3,25.1,0,0,0,0,4.1,17.1,8.6,0,10.2,4.9,0,1.8,23,31.7,8.6
4/15/1996,2,,0,5.9,0,0,0,0,0,0,0.6,0,0,0,2.3,0,0,0,0,0,0,0
4/16/1996,10.7,,0,42.1,47.7,51,0,64.7,37.6,23.7,37.6,16.1,0,20.8,0,17.7,30.6,53.9,4.1,0,0,0.4
4/17/1996,0,,34.4,0,0,0,0,0,0,0,0,0,0,0,5.9,0,0.5,0,0,0,0,0
4/18/1996,0,,0,0,0,0,0,7.7,0,0,0,0,0,0,0,0,0,0.6,29.6,0,0,29.2
4/19/1996,1.4,,0,12.5,37.9,3.6,1.8,54.9,8.4,94.4,7.8,8.9,0,13.3,1.8,16.7,23,53.5,0.8,0,14,0.1
4/20/1996,0.2,,10.7,0,0,0.8,0,0,0,0,0,2.1,0,0,1,0,0.9,0,0,0,0,0
4/21/1996,0.5,,0,0,0,3.6,7.6,0,0,0,0,0,7,0,0,0,0,0,0,10,1,0.4
4/22/1996,3.7,,0.4,0,2,0,0.3,0,0,8,3.2,0,0,0,10.9,0,0,0,0,0,1,0
4/23/1996,0,,9.5,7.5,0,0,0,0.4,0,0,0,13.2,0,0,1.8,13.6,0,0,0,0,0,0
4/24/1996,0,,0,0,0,20.8,0,0,0,0,0,0,0,0,0,0,0,0,0,0,0,0
4/25/1996,0.1,,0,0,0,2.8,0,0,0.4,0,0,0,0,0.6,0,0,0.2,8.5,0,0,0,0
4/26/1996,0,,0,0,0,0,0,0,0,0,0,3.4,0,0,0,0,0,0,0,0,0,0
4/27/1996,20.6,,0,9.5,11.9,38.3,14.8,11.1,0.3,1.9,16,7,19.5,9.8,31.2,39.8,9.3,1.5,29.8,2.5,25.8,0
4/28/1996,0,,1,0,0,0,0,0,0,0,0,0,0,0,0,0,0,0,0,0,0,0
4/29/1996,0,,0,0,0,2.3,0,7.5,0,17.2,0,2.1,0,0,10.7,0,0,0,0,0,0,0
4/30/1996,0,,1,0,0,0,0,0,0,0,3.6,0,0,0,0,0.7,0,0,0,0,0,3
5/1/1996,0,,0,0,8.4,0,0,18.1,23.9,0,0,2.8,0,0,0,0,0,0.5,0,0,21.2,0
5/2/1996,0,,13.8,0,0.8,16.8,0,0,0.5,0,8,0,0,4.2,0,0,4.2,0,0,0,0,0
5/3/1996,0,,0,0,0,0,0,0,0,0,0,0,0,0,6.3,0,0,0,0,0,1.5,0
5/4/1996,57.9,,0,46.5,0,9.7,0,5.2,0,1,8.4,0,0,0.2,4.1,0,0.2,0,0,0,0,0
5/5/1996,22.6,,0,56.8,71.1,49,0,25.5,24.2,6.6,34.8,5.7,0,34.6,16.8,13.4,29.3,13.8,0,0,0,0
5/6/1996,0,,35.3,0,0,1.5,0,0,0.4,0,0,0.1,0,0,0,0,0,0,0,0,0,0
5/7/1996,12.8,,0,0,0,0,0,0,0,0,0,0,4.9,0,0.8,0,2.2,0,0,0,0,1.1
5/8/1996,0,,0,0,0,0,7.6,0,9.5,0,0,1,6.8,0,0,0,0.1,0,0,10.6,0,0
5/9/1996,0,,0,9,0,1.8,0,0,0,0,0,0,1.7,0,4.3,0,0.2,0,0,31.9,0.2,21.1
5/10/1996,4,,0,19.8,58.2,0,1.3,6.4,23.2,5.4,27,12.6,0,1.2,44.5,19.7,2.4,21.2,8,0,4.3,0
5/11/1996,0,,34.2,0,0,0,0,0,0,0,0,0,0,4.9,0,0,0,0,0,0,0,0
5/12/1996,0,,0.8,0,0,0,0,0,0,0,0,0,0,0,0,0,0,0,0,0,1.7,0
5/13/1996,0,,0,0,0,1.3,0,0,1.6,0,0,0,27.1,0,0,0,0.5,0.1,0,2.4,0,0
5/14/1996,0,,0,0,1.5,5.1,51.6,2.1,0,0,5,3.6,12.6,0,0,0,0.6,0,35.9,2.2,0,17.7
5/15/1996,15.2,,3.5,0.5,52.1,9.1,0.8,3.3,48.1,0,50,0.8,0,10.6,13,18.2,16.8,3.3,0,3.6,0,0
5/16/1996,0,,22,0,0,0,0,0,0.5,0,0,0,6.5,0,0,0,0,0,0.3,0.3,0,0
5/17/1996,0,,0,0,0,0,0,0,0,0,0,0,0,0,0,0,0,0,0,2.8,0,0
5/18/1996,0,,0,0,0,15.3,0,0,0,0,0,0,0,0,0,0,67.1,0,0,0,0,0
5/19/1996,0.3,,0,0,0,3.1,51.6,0,0,4.9,0,0,18.3,0,0,12.8,0,0,12.6,29.3,30.8,5.8
5/20/1996,0,,0,0,0,24.4,0,0,15,14.5,0,0.5,0,0,0,0,1.2,36.8,0,0,0,17
5/21/1996,0,,4.4,0,0,73.4,0,0,5.4,7.2,0,3.2,0,30.1,0,0,7.6,3.3,0,0,10.7,0
5/22/1996,9.6,,0,2.7,0,0,0,0,0,0,2,46.8,23.8,0,1.3,0,10.4,0.5,0,3.6,1,1.6
5/23/1996,5.4,,26.8,2.1,2.3,17.3,0,3.4,0,0,0.8,2.9,0,26.6,55.3,26.8,56.1,4.3,34.5,0,31,14.9
5/24/1996,4.2,,0,33.6,20.6,8.1,0.5,0.5,30.4,0.2,7.9,1.2,0,20.3,4.9,0.8,38.7,6.3,7.7,0,1,8
5/25/1996,0,,0.4,53.7,3.8,0,0,0,0,0,1,0,0,0,67.3,0,0,0,0,0,2.8,0.4
5/26/1996,18.6,,8.4,0,0,11.7,18.5,0,0,68.2,0,0.1,38.1,0,0,0,0.4,0,0,1.7,35.6,0
5/27/1996,0.6,,0,29.3,112,11.9,48.3,9.1,50.8,0.7,58.6,2.7,0,29.2,1.1,0,37.9,55.9,0,0,1.5,0
5/28/1996,5.4,,32.2,1,0,9.1,0,0,0,0.3,1,0,0,17,7.9,16.8,42.8,0,0,0,54.1,0
5/29/1996,69.6,,0,46.3,4.8,0,3.6,6,9.1,2.4,22.2,58.6,19.1,3.7,10.7,4.2,0.7,24.5,0,5.3,0,0
5/30/1996,0.4,,38,0,0.3,55.1,0,2.3,0.3,0.7,0.4,3,0,73.3,26.1,0.7,115.1,1,0,0,0,0
5/31/1996,0,,5.9,0,2.3,9.9,3.6,0,3.2,0,0.2,0.1,35.7,0,0.3,0,0.5,3.7,2.5,39.5,0.7,0
6/1/1996,0,,2.8,2.2,0,8.7,0,0.3,0,0,0,0,0,4.4,0.3,2,16.9,0,0,0,0,0
6/2/1996,0,,16.2,0,0,11.7,0.5,0,0,36.6,0.6,0,31.8,0,0,0,1.1,0.2,41.7,2,0,44
6/3/1996,23.4,,0,0,2.5,0,0,0,3.8,3.8,5.7,0.2,0,2.1,1.1,2.4,24,54.7,0,0,7,4.1
6/4/1996,0.8,,27.7,0,5.1,17.3,0,45.5,6.2,15.4,1.7,5.1,14.1,54.6,15.2,38.3,3.1,26.8,12.9,0,0.5,20.6
6/5/1996,0.4,,14.7,0.2,0,0.5,0,6.6,3.1,0,5.4,0.3,0,0,0,2.4,0,2,0,0,0,0
6/6/1996,1,,0,3.7,0,0,11.9,0,75.3,17.9,0.4,6.2,9.3,6.8,5.1,40.5,26.4,38.9,0,3.2,36.6,0
6/7/1996,0.3,,0.5,21.8,0,3.1,0,0,1.7,0.9,0,0,0,5.4,4.6,2.4,7.4,1.8,0,3.6,0,5.1
6/8/1996,0,,0,0,0,1.8,0,0,0,0,0,0,0,0,0,0,0,0,0,5,0,0
6/9/1996,10.4,,0,0,0,32.3,34.8,52.7,0,0.3,20.6,41.5,0.5,4.2,18.8,45.5,1.1,0.7,46.2,3.5,6.7,13.2
6/10/1996,0,,2.3,5.1,0,2.3,0,1.4,0.9,0,9.4,0,0,2.6,0,0,0.3,0.3,0,0,0,0
6/11/1996,0,,0,7.9,0,40.8,0,15.3,0.9,2.4,0,1.1,24.7,1.3,29.2,4.2,29.4,1,23.2,16.9,20.8,70.9
6/12/1996,18.8,,3.6,8.9,14.7,16,12.9,110.3,0,37.5,9.6,1.7,0,0.3,4.3,2.4,0.8,0.4,6.2,0.3,29.7,0
6/13/1996,2.9,,1.8,11.5,0,1.5,0,0,0,0,1.2,0,0,3.3,0,0,15.5,0,0,0,3.9,0
6/14/1996,6.8,,1.5,0,0,2.5,0,7.2,0,16.3,0,0.2,16.1,0,5.3,0,37.1,0,20.9,0,5.6,10.1
6/15/1996,27.7,,0.3,0.3,0.8,59.1,5.1,0,0,1.6,0,16.6,0,29.9,43.7,26.8,69.3,0,2.3,10.7,8.6,0.3
6/16/1996,33.6,,0,38.6,10.5,39.6,0,0,6.1,0,5.2,8.3,0,106.3,8.7,36.1,104.5,1.1,0,0,1.2,5.3
6/17/1996,12.7,,4.7,0,0,0,0,2.3,0,0,0,3.7,0,0,6.3,0,0,0,0,0,0,0
6/18/1996,0,,1.7,0,0,0,0,0,0,0,0,0,0,0,0,0.1,0,0,0,0,0,0
6/19/1996,0,,0,0,0,0,0,0,0,0,0,0,0,0,0,0,0,0,0,0,0,0
6/20/1996,0,,0,0,0,0,0,0,0,0,0,0,34.5,0,0,0,0,0,29.1,0,0,44.5
6/21/1996,0,,0,8,0,0,34.3,1.3,0,1.2,0.1,0,2.1,0.9,0.8,0,0,0,5,12.5,20.2,0.3
6/22/1996,0,,0,0,0,0,0,0.4,0,40.4,0,0,0,0,11.2,0,0,0,0,0,0,0
6/23/1996,10.3,,0,16.6,0,16.8,0,3,6.5,56.5,37.6,1,19.8,1.9,7.1,0.1,1.4,10,0,1.7,0,0
6/24/1996,0,,18,0,0,2.3,0,0,0,0,0,0,0,0,18,0,0,0,0,0,0,0
6/25/1996,0,,0,0,0,3.1,0,0,0,0,0,0,5.9,0,0,0,6.2,0,0,4.5,0,0
6/26/1996,22.2,,0,0,84,96.5,8.9,23.9,19.6,9.9,78.8,0,33.8,0.2,0,12.1,109.4,19.1,0.6,13.7,34.5,9.7
6/27/1996,17.9,,82.2,4.6,0,115.6,0,0,0,0.2,1.4,0,9.3,0.4,2.6,1.4,42.1,0,0,1.2,0,0
6/28/1996,0,,0,0,0,0,0,0,0,0,0,3.3,0,0,2.8,1.8,0,0,0,0,1.6,0
6/29/1996,8.5,,1.2,3.7,3.6,11.1,0,12.7,0,8.5,3.9,12.4,5.3,107,3.6,4.5,4.7,1.2,17.8,14.1,0.9,16.1
6/30/1996,1,,0,0,0,9.6,14.8,0,2.2,25.2,0.1,4.4,0,8.8,2.3,1.5,5.8,7.2,14.1,1.9,0,43.4
7/1/1996,0.6,,3.1,40.2,32.6,40.9,22.9,4.4,3.4,0,36.5,0,7.2,3.5,9.6,9.1,41,0,8.3,0,11.3,6.2
7/2/1996,16.3,,31,17.6,21.6,4.1,0,29.7,20.1,0,29.6,0,0,7.9,0.8,0,0.3,35.8,0,0,0,0
7/3/1996,3.5,,0,0,0,1.8,0,0,0,0,0,0,0,1.2,0.5,0,2.3,0,0,0,0.3,0
7/4/1996,13.7,,0,0,0,0,4.9,0,0,0,0,1.1,0,0,0,1.4,0,0,3.8,0,0.9,0
7/5/1996,0.7,,0.9,1.4,35.1,13.3,0,0,14.5,0,1.2,2.9,0,0.8,7.1,1.6,0,0,0,0,4.6,4.9
7/6/1996,27.3,,0,17.2,0.8,66.8,0,11.9,0,0.2,47.6,90,0,0.9,37.8,4.5,30.5,0,0,0,31.4,0
7/7/1996,26.4,,0,0,1.5,5.1,0,0,0,0,16,0,7.2,0,0,0,0,0,4.9,14.1,0,4.2
7/8/1996,2.4,,0,11.7,0,71.1,0,0,0,0,0,0,0,0,0,0,0.6,0,0,0,0,0.7
7/9/1996,10.7,,7.3,3.9,67.3,13,24.6,5.4,15.9,9.8,4.6,48.8,0,9.2,32,55,15.7,16.5,5,38,12.6,19.8
7/10/1996,1.4,,1.5,0.6,0,5.6,0,0,0.5,3,0,2.5,0,0,27.2,0.9,0.2,5,0,0,0,0
7/11/1996,0,,20,0,0,0.4,0,22.3,0,0,0.1,0,21.3,0,0,0,0,0,0.7,0,0,0
7/12/1996,0,,53.3,0.4,19.3,0,0,20.3,4.2,0,6,0,0,0,0.8,0,1.2,0.6,0,0,0,0
7/13/1996,0,,0,9.1,0,17.5,2.3,26.5,0,6.9,0.6,5,18.3,0,0,33.5,1.2,0.3,42.8,14.8,23.2,47.2
7/14/1996,0,,3.9,7.3,1,160.9,0.3,1.7,8.2,0,1,17.9,1.2,3,45.8,0.9,21.1,14.2,4.4,15.8,0.8,2.7
7/15/1996,0,,0.3,0,0,4,20.1,0,0,28.7,0.2,0.2,0,0,6.9,8.8,0,0.9,0,15.8,4.9,3.8
7/16/1996,38.6,,0.6,21.2,0.3,4.4,12.2,18.6,0,0,20.5,32.4,0,5.3,8.4,0,9.9,0,0,0,0,4.6
7/17/1996,3.1,,1.9,1.7,0,14.8,12.7,0,0.8,0,0.4,0,0,3,0.5,0.7,5.6,4.4,2.2,0,0.2,11.8
7/18/1996,0.1,,0,0,0,36.1,0,0,0.6,0,0.3,0,0,1.2,10.9,0.2,0.4,0.1,0,0,0,2.8
7/19/1996,0,,0,0,0,0,0,0,0,9.8,1.1,0.8,0,0,0.3,11.6,0,0,0,0,0.6,0
7/20/1996,0,,0,0,0,0,6.9,0,0,0,0.4,0.1,37.4,0,0.3,0,0,0.2,0,0,0,0
7/21/1996,0,,0,0,0,0,16.3,0,0,0,0,0,0,0,0,0,0,0,0,0,0,0
7/22/1996,0,,0,0,0,0,0,0,0,0,0,0,0,0,0,0,0,0,0,0,0,0
7/23/1996,0,,0,0,0,0,7.2,0,0,16.2,0,0,0.7,0,0,0,0,0,14,3.4,0,15.4
7/24/1996,0,,0,0,0,0,0,0,0,146.8,0,0,0,0,0,0,0,0,0,6.5,0,0
7/25/1996,0,,0,0,0,0,0,0,0,0,0,0,7,0,0,0,0,0,0,8.6,0,0
7/26/1996,0,,0,0,0,0,0,0,0,9.5,0,0,7.5,0,0,0.4,0,0,0,3.5,0,0
7/27/1996,0,,0,0,0,0,0,0,0,0,0,0,0.4,0,0,0,0,0,0,0,0,0
7/28/1996,0,,0,0,0,0,0,0,0,0,0,0,0,0,0,0,0,0,0,0,0,0
7/29/1996,0,,0,2.6,0,0,0,0,0,0,0,0,0,0,0,0,0,0,0,0,0,0
7/30/1996,0,,0,0.6,38.1,0,0,0,0,0,0.4,0,0,2,0,0,1.4,0,0,0,0,0
7/31/1996,0.9,,0,1.4,0,3.5,0,0.4,0.5,0.3,0,1,0,0,1,0,0.4,0.8,0,15.3,0,0
8/1/1996,0,,0.7,0.6,0,1.1,0,3,5.1,10,4.7,11.4,2.6,0,2,31,0.2,0.4,0,4.5,0,8.2
8/2/1996,2.9,,0,0,0,15.2,0,0,0,0.4,0.1,2.2,0,1.8,10.5,0,7.5,0,0.3,0,0,0.3
8/3/1996,3.5,,0,0.3,0,9.3,52.1,0.5,3.3,16.7,2.7,14.9,56.7,0.8,25.1,8.5,5.4,2,18.4,0,43.4,15.4
8/4/1996,2.7,,2.6,3.3,1.3,11.6,2.1,1.2,3.8,2.4,6.2,1.8,9.5,6.2,5.6,24.8,3.8,0.6,3.6,8.4,34.2,14
8/5/1996,0,,0,0.4,0,0,0.3,0.3,0,0,0,0,0,0,1.1,0,1.6,0.2,0,0,0,0
8/6/1996,0,,0.2,0,0.3,11.2,19.6,0,0,0.3,0.7,0,19.2,0.7,0,0,4,0,35.4,75.7,1.7,20.9
8/7/1996,0,,0,0,0,7.3,0.3,0,0,0.2,2.4,0.1,0,0,0.3,9.7,0,0,0,1.2,5.9,0
8/8/1996,0,,0,0,0,0.5,0,0,0.6,0,0,0.1,0,0.4,3.8,3.4,0,0,0,0,2.2,0
8/9/1996,0,,0,0.5,0,0,0,0,0,0,0,0,0,0,2.8,0,0,0,0,0,0,0
8/10/1996,0,,0,0.2,0,4.9,0,0,0,9.5,0,0,12.7,0,0.3,0,0.2,0,4.1,1,0,4.3
8/11/1996,0,,0,0,0,0,0,0,0,0,0,0,0,0,0,0,0,0,0,0,0,0
8/12/1996,0,,0,0,0,0,51,6.2,0,0,0,0,18,0,0,0,0,0,0,14.4,0,0
8/13/1996,1.6,,1.1,3.2,0,1.1,2.3,0,2.1,0,1.7,10.9,0,1.6,5.4,1.7,1.8,2,64.4,0.1,15.7,1.6
8/14/1996,0,,0,0,0,3,0,0,0,0.4,2,2.7,3,0.4,1.6,0,9.9,0,0,0,0,3.3
8/15/1996,0,,0,0.8,0,0,0,0,0,0,0,0,0,1.8,0.8,0,1.9,0,0,0,0,0
8/16/1996,6,,0.9,0,2.3,0,0,19.1,0,36.4,0.1,7.2,50,0,0.3,0,1.2,0.5,47.9,32.3,6.3,0
8/17/1996,2.3,,0.1,2.5,1.3,0,0,2.7,2.2,80.6,2.1,0.1,0,0,3.6,2.5,0,0.4,1.9,0,0.2,1.7
8/18/1996,4.2,,0,0.3,0,1.5,0,0.7,1,4.9,1.4,8.6,2.5,1.2,14.8,0.1,4.9,0.1,0.5,0,2,0
8/19/1996,0,,0,0.5,0,0,1.8,0,0,0.5,0,0,0,0,1,0,0,0,3,0,0,2.2
8/20/1996,0.3,,0,0.1,0,0.9,0.3,0,0,0.9,0.5,0.5,25.1,0.4,0,0,7.1,0,0,0.9,0,36.9
8/21/1996,0,,0,2,12.7,16.8,0.3,1.3,0,9.6,9.3,0,6.2,16.2,1,33.5,4.5,0,0.6,15.4,3.6,0.3
8/22/1996,0.4,,0.7,5.2,0.3,0.9,0,0,0,0,8.3,29.3,1.1,0,0.8,0,0,0,10.7,0,7.5,0
8/23/1996,0,,0,0,3.8,0,0,27.6,0,0,1.4,0.1,0,1.2,0,0.2,45.4,0,0,0,0,16
8/24/1996,14.1,,17.4,21,57.2,3.1,5.1,22.5,11.4,34.8,38.4,7.8,28.1,14.5,41.1,0.1,33.8,18.4,2.3,27.7,0,1.1
8/25/1996,7.4,,1.6,14.6,0.8,3.2,4,0.6,8,0,3.1,8.9,0.3,31,9.1,2,0.2,11.8,18.1,22.2,11.5,19.2
8/26/1996,1,,0,2.3,0.5,0,0,0.9,0,0,1.4,1.4,0,2.1,1.8,0,2,0,0,0,0,0
8/27/1996,0,,0,0,2.5,0,1.5,1,0,0.2,0.4,0,11.1,0,0,0,2,2.6,2.5,12.8,1.7,6.6
8/28/1996,2.5,,0,0.9,3.1,0,1,0,0.6,1.1,9.9,0,0,0,1.1,0,0,0.4,0.5,0,0,0
8/29/1996,4.2,,0,0.2,0,0,0,0,0,17.8,0,0,24.3,0,0,0,0,0,8.7,0,0,46.2
8/30/1996,0,,0,0.3,0,0.6,0,2,0.7,29.8,0,0,3.6,0.2,0,0,1,0,0,0,2.1,28.8
8/31/1996,10.9,,0.7,31.2,0.5,0.7,1.8,1.3,0,9,0,1.6,25.7,0,3.6,8.1,1.4,0,1.6,46.4,0.6,0
9/1/1996,1,,0,0,0,1.6,0,6.9,0,0,0,0,0,0,0.3,0,1,0,1.5,0,0,6.4
9/2/1996,0,,6.7,0,1,7.4,0,3.8,0,0.5,0,0,24.5,3.3,0,0.5,0,0,6.1,0.1,0,8.8
9/3/1996,0,,0,0,0.3,4.6,1.8,3.3,11.9,0,0.1,0.2,0,0.3,0.8,1.5,9.8,3.8,3.3,16.2,8,2.6
9/4/1996,0,,0,11.3,0,0.9,2.5,0,0,42.7,1.8,0,34.8,0.2,0.3,1,1.3,0,11,11.8,1.6,6.8
9/5/1996,0.2,,0,0.7,0,2.5,23.1,1,0.5,0,3.7,0,1.6,0.3,2.3,0,3,0,18.8,12.6,0,47.2
9/6/1996,0,,0,6.2,0,4.3,14.2,0.5,0,0,0,0,0,0,8.1,3.9,0.4,0,0,0,1.9,0
9/7/1996,26,,0,1.5,0,0,17,0.4,0,19.2,0,26.5,0,0,14.2,22.6,0,1.2,27.6,20.5,24.1,24.5
9/8/1996,0,,0,0,0,0,1.5,0,0,1.4,0,0,24,0,11.7,0,0,0,1.1,19.9,0.6,0.8
9/9/1996,0,,0,0,0,0,0,0,0,0,0,0,0,0,0,0,0,0,0,0,0,0
9/10/1996,0,,0,0,0,0,0,0,0,0,0,0,2.9,0,0,0,0,0,0,0,0,30.1
9/11/1996,0,,0,0,49,0,7.9,0,0.5,1.8,0,0.3,4.2,0,1.6,1.1,0.4,0,73.2,17.4,0,58.6
9/12/1996,0,,0,1.8,0.5,0,1.3,0.9,0.7,8.5,0.3,6,1.5,0,7.1,8.3,2,5.7,0,14.6,0,0
9/13/1996,0,,0,0.8,0,14.6,0,0,0,0.1,0.4,0.2,0,0,2.3,0,0.2,0.2,0,0,0,0
9/14/1996,0.3,,0,0,0,0,0,0.4,0,39.7,0.6,0,16.9,0,0,0,1.1,0,3,6.1,0,24
9/15/1996,0,,0,0,0,0,0,0,0.5,8.5,0,0,0,0,0.5,0,0,0,0,0,4.7,0
9/16/1996,0,,0,0,0,0.2,3.6,0,0,5.4,0.3,0,13.8,0.5,0,0,0,0,15.6,1.1,0,2.9
9/17/1996,0,,0,0,0,4.9,0,0,0,0,0,1.1,0,1,0,0,0,0,0,0,0,0
9/18/1996,1.4,,0,0,0,2.5,15,0.6,0,22.1,0,1.6,0.9,3.1,0,0,0,0,14.8,18.2,1.8,2.4
9/19/1996,0,,0,1.4,0,0,15.8,0,0,7.7,0,0.2,2.6,0,0,0,0,0,0,2.8,0,0.2
9/20/1996,0,,0,0,0,0,0,0,0,4.2,0,0,0,0,1.8,0,0,0,0,0,0,1.8
9/21/1996,17.3,,0,0,0,1.1,0,36.3,0,6.7,0,3.3,28.8,0,0,0,0,0,0,15.7,1.8,0
9/22/1996,0,,0,0,0,2,0,0,0,0,0,0,0.8,0.8,0.5,1.6,0,0,0,0.4,0,0
9/23/1996,0,,0,0,0,0.6,0,0,0,0,0,0,6,0,0,0,0,0,0,0,0,0
9/24/1996,0,,0,0,0,0,0.5,0,0,1.6,4.8,0,1,0,0,0,0,0,0.4,0,0,0
9/25/1996,34.8,,0,0,0,0.5,4.6,13,0,8,0,10.6,38.1,0,0,10.7,0,0,1.6,3.6,13,2.7
9/26/1996,0,,0,0,0,0,0.8,0,0.9,1.5,0,9.1,0,0,0,0,0,0,0,0,0,0
9/27/1996,12.7,,0,0,0,0.7,12,0,0,2.3,0,5.5,0,0,0,9.9,0,0,28.6,0,0,23
9/28/1996,0.8,,3.3,0.5,0,4.7,14.8,0,0,3.6,39,2.3,3.1,2.8,3.3,0,1.7,0,20.1,30.9,24.2,6.4
9/29/1996,0,,0,0.6,0,0,0,0,0,0.6,0,5.6,1.1,1.3,0,1,0,0,0,0,0.8,2.5
9/30/1996,0,,0,0,0,0,0,0,0,0,0,0,0,0,0,0,0,0,0,4.2,0,0
10/1/1996,0,,0.1,0,0,0.8,7.4,0,0,0,0,0,0,0,0,0,0,0,4.5,26.7,0,26.4
10/2/1996,52.4,,0,0,6,0,14,1,0,34,9.2,41.6,0,0.4,40.7,11.5,0,0,28.3,5.3,12.8,7.9
10/3/1996,2.9,,0.6,35.4,1.7,29.5,1,0,0,46.6,1.2,8.3,0,0.4,5.6,29.6,0,0.2,0.7,7.3,8.5,0
10/4/1996,0,,0,0.4,0,1,0,0,0,0,0,0,0,0,0,1.3,0,0,0,0,0,7.7
10/5/1996,0,,0,8.5,0,1.1,14.7,0,0,8.6,0,4.5,10.7,0,0,9.4,2.5,0,21.7,10.6,6.5,2.7
10/6/1996,0,,0,6.9,4.1,0.1,17.8,4.2,0,0.4,0.6,1.1,0,1.1,2.6,0,6.1,0,0,0,0,0
10/7/1996,10.5,,0,5.4,0,0,0,8.4,0,0.7,25.6,0,10.6,0,0,0,0,0,11.3,0,3.8,7.9
10/8/1996,0.5,,0,9.7,0,0,9.9,2.4,0,0,5.2,0,0.6,0,11.2,0,0,0,0,38.7,0,0
10/9/1996,0,,0,0,0,0,0,0,0,12.4,0,0,0,0,0,22.6,0,0,0,0,11,0
10/10/1996,7.8,,0,0.5,0,0,4.1,21,0,0,0,3.3,0,0,0,18.8,0,0,0,0.5,3.3,9.4
10/11/1996,0,,0,0,0,0,0,0,0,22.2,0,2.1,3.8,1.3,0,0,0,0,0,0,0,0
10/12/1996,2.4,,0,6.3,95.8,0.1,8.9,50.9,0,36,0.6,6.8,12.9,0,0,12.6,0.5,0,22.4,1.3,0,0.6
10/13/1996,12.6,,1.1,0,0,0,11.7,22.8,0,4.9,0,0.2,0,0,0,5.5,0,0,11,17.8,4.8,6.9
10/14/1996,0,,0,0,0,0,0,0,0,26,0,0,0,0,0,0,0,0,0,0,0,0
10/15/1996,27.8,,0,23,2.4,0,1.5,0,0,1.8,0,0.5,0,0,54.8,27.3,0,0,0,0,4.5,0
10/16/1996,0,,1.5,1.2,35.3,0,2.5,0,0,2.9,0.4,0,0,0,0,0,0,0,0.3,0,0.4,0
10/17/1996,7.3,,4,15.6,8,6.7,5.6,1.7,7,0.4,2,2.4,0,63.1,2.8,7.6,9.4,0.6,22.7,0,5.5,0
10/18/1996,0,,0,0,0,0,0,0,0,0,0,0,0,0,0,0,0,0,0,0,0,0
10/19/1996,1,,0,5.9,0,4.8,3.3,0.3,0,0,1.6,1.1,0,0,3.3,13.7,0,0,14.4,0,9.2,0
10/20/1996,0,,0,0,0,0,0,7.5,0,0,0,0,0,0,15,0,0,0,0,0,0,0.8
10/21/1996,0,,0,41.9,0,0,5.6,14.1,0,0,3.6,0,0,0,5.1,12.2,0,0,2.3,0,0,1.8
10/22/1996,0,,0,18,18.6,0,1.3,0,0,12.1,0,5.8,0,0,0,1.6,0,0,0,0,3.2,0
10/23/1996,0,,0,0,0,0,0,1.1,0,0,0,0,0,0,0,2.2,0,0,0,0,0,0
10/24/1996,0,,0,24.5,0,0,0,0,0,5.6,0,0,0,0,6.9,10.3,0,0,0,0,0,0
10/25/1996,0,,0,9.8,0,0,0,5.6,0,0,0,0,0,0,0,0,0,0,0,0,1,0
10/26/1996,0,,0,0,0.5,3.1,0,4.1,0,0,21,4.1,0,0,11.4,0,0,0,0,0,0,0
10/27/1996,6.9,,0,0,0.6,34,0.3,0.2,0,23.4,10.6,0,0,0,0,0,0,0,0,0,0,0
10/28/1996,2,,0,0,0,0,0,10.8,0,0,0,0,0,0,0,0,0,0,0,0,0,0
10/29/1996,0,,6.1,0,2.1,0,0,0,0,0,0,0,0,0,0.3,0,0,0,0,0,0,0
10/30/1996,0,,25.5,0,0,0,0,0,0,0,0,0,0,0,0,0,0,0,0,0,0,0
10/31/1996,0,,0.1,30.4,30,1.8,0,0,0,0,0,0,0,0,0,0,0,0,0,0,0,0
11/1/1996,0,,0,0,0,6.7,0,0,0,0,0,0,0,0,0,0,3.2,0,0,0,0,0
11/2/1996,0,,0,0,1.4,12.4,0,0,0,0,0,0,0,0,0,0,0,0,0,0,0,0
11/3/1996,0,,0.6,0,1.6,5,0,0,0,0,0,0,0,0,0,0,0,0,0,0,0,0
11/4/1996,0,,0,0,0,0.6,0,0,0,0,0,0,0,0,0,0,0,0,0,0,0,0
11/5/1996,0,,0,0,0,4.7,0,0,0,0,0,0,0,0,0,0,0,0,0,0,0,0
11/6/1996,0,,0,0,18.7,6,0,0,0,0,0,0,0,0,0,0,0,0,0,0,0,0
11/7/1996,0,,0,0,0,0.9,0,0,0,0,0,0,0,0,0,0,0,0,0,0,0,0
11/8/1996,0,,0,0,0,0.6,0,0,0,0,0,0,0,0,0,0,0,0,0,0,0,0
11/9/1996,0,,0,0,0,0,0,0,0,0,0,0,0,0,0,0,0,0,0,0,0,0
11/10/1996,0,,0,0,0,0,0,0,0,0,0,0,0,0,0,0,0,0,0,0,0,0
11/11/1996,0,,0,0,0,0,0,0,0,0,0,0,0,2.6,0,0,0,0,0,0,0,0
11/12/1996,0,,0,5.9,0,2,0,0,0,0,0,0,0,0,0,0,0,0,0,0,0,0
11/13/1996,0,,0,0,0,0,0,0,0,0,1.3,0,0,0,0,0,0,0,0,0,0,0
11/14/1996,0,,0,0.1,1,0,0,0,12.3,0,0,0,0,24.1,28.9,0,3.3,0,0,0,0,0
11/15/1996,0,,0,0,0,33.7,0,0,0,0,0,0,0,1.2,0,0,31.9,0,0,0,0,0
11/16/1996,0,,0,13.1,0,37.5,0,0,0,0,0,0,0,0,0,0,0,0,0,0,0,0
11/17/1996,0,,10.1,1,0,25.2,0,0,0.6,0,0,0,0,28.4,0,0,0,27.8,0,0,0,0
11/18/1996,0,,0,0,0.4,1.8,0,0,0,0,0,0,0,0,0,0,0,0,0,0,0,0
11/19/1996,0,,0,0,0,3,0,0,0,0,0,0,0,0,0,0,0,0,0,0,0,0
11/20/1996,0,,0,2,0,0,0,0,1,0,0,0,0,0,0,0,0,0,0,0,0,0
11/21/1996,0,,7.7,0,0,0,0,0,0,0,3.4,0,0,7,0,0,0,0,0,0,0,0
11/22/1996,0,,0,1.4,0,0,0,0,0,0,3.4,0.2,0,0,14.2,0,0,0,0,0,0,0
11/23/1996,0,,0,20,0,0,0,0,0,0,0,0,0,0,0,0,0,0,0,0,0,0
11/24/1996,0,,0,0,0.6,0,0,0,0,0,0,0,0,0,0,0,0,0,0,0,0,0
11/25/1996,0,,0,0,0,12.6,0,0,0,0,0,2.3,0,18.5,0,0,0.1,0,0,0,0,0
11/26/1996,13.8,,0,0,0,26.5,0,0,0,0,0,0,0,0,0,0,24.1,0,0,0,0,0
11/27/1996,4.9,,1.6,69.4,0,0,0,2.4,0,0,9,0,0,0,2.8,10.9,0,0,0,0,1.8,0
11/28/1996,0,,0,0,0.4,0,0,6.9,0,0,0,0,0,0,8.6,2.5,0,0,0,0,0,0
11/29/1996,33.9,,29,20.7,0.3,0,0,12.8,1.6,0,2.4,0.3,0,4.5,42.4,0,5,3.6,0,0,0,0
11/30/1996,0,,0,0,0,25,0,0,0,0,0,0,0,54.2,0,1.4,0,0,0,0,0,0
12/1/1996,29.2,,1.8,25,0.8,5.6,0,19.3,3.7,0,1.2,51.7,0,19.6,12.2,0,3.1,0,0,0,0,0
12/2/1996,0,,0.3,6.9,0,0,0,0,0,0,0,0,0,0,0,0,0,0,0,0,0,0
12/3/1996,0,,0,0,0,18.1,0,0,0,0,0,0,0,0,0,0,0,0,0,0,0,0
12/4/1996,0,,0,0,0,0.7,0,0,0,0,0,0,0,0,0,0,0,0,0,0,0,0
12/5/1996,0,,0,0,0,8.9,0,1.1,0,0,0,0,0,0.6,0,0,0,0,0,0,0,0
12/6/1996,0,,0,0,0.4,0,0,2.9,0,0,1.8,0,0,0,0,0,0.7,0,0,0,0,0
12/7/1996,0,,0,17.2,0.9,1.2,0,0,0,0,0,0,0,0,0,0,0,0,0,0,0,0
12/8/1996,0,,0,0,0,0,0,0,0,0,0,0.1,0,0,0,0,0,0,11.3,0,0,0
12/9/1996,0,,0,0,0,0,0,9.7,0,0,0,0.1,0,0,0,11.6,0,0,0,0,28,0
12/10/1996,0,,0,11.1,0,0,0,0,0,0,0,0,0,0,0,0,0,0,0,0,0,0
12/11/1996,4.4,,0,0,0,0,0,0,0,0,0,0,0,0,0,0,0,0,0,0,0,0
12/12/1996,0,,0,0,0,0,0,0,0,0,0,0,0,0,0,0,0,0,0,0,0,0
12/13/1996,0,,0,0,0,0,0,0,0,0,0,0,0,0,0,0,0,0,0,0,0,0
12/14/1996,0,,0,0,0,0,0,0,0,0,0,0,0,0,0,0,0,0,0,0,0,0
12/15/1996,0,,0,0,0,0,0,0,0,0,0,0,0,0,0,0,0,0,0,0,0,0
12/16/1996,0,,0,0,0,0,0,0,0,0,0,0,0,0,0,0,0,0,0,0,0,0
12/17/1996,0,,0,0,0,0,0,21,0,0,0,0,0,0,0,0,0,0,0,0,0,0
12/18/1996,0,,0,0,0,0,0,0,0,0,0,0,0,0,0,0,0,0,0,0,0,0
12/19/1996,0,,0,0,0,0,0,0,0,0,0,0,0,0,0,0,0,0,0,0,0,0
12/20/1996,0,,0,0,0,0,0,0,0,0,5,0,0,0,0,0,0,0,0,0,0,0
12/21/1996,0,,0,3,0,0,0,0,0,0,0,0,0,0,0,0,0,0,0,0,0,0
12/22/1996,0,,0,0,0,0,0,0,0,0,0,0,0,0,0,0,0,0,0,0,0,0
12/23/1996,0,,0,0,0,0,0,0,0,0,0,0,0,0,0,0,0,0,0,0,0,0
12/24/1996,0,,0,0,0,0,0,0,0,0,0,0,0,0,0,0,0,0,0,0,0,0
12/25/1996,0,,0,0,0,0,0,0,0,0,0,0,0,0,0,0,0,0,0,0,0,0
12/26/1996,0,,0,0,0,0,0,0,0,0,0,0,0,0,0,0,0,0,0,0,0,0
12/27/1996,0,,0,0,0,0,0,0,0,0,0,0,0,0,0,0,0,0,0,0,0,0
12/28/1996,0,,0,0,0,0,0,0,0,0,0,0,0,0,0,0,0,0,0,0,0,0
12/29/1996,0,,0,2.1,0,0,0,7.9,0,0,3.6,0,0,0,0,0,5.9,0,0,0,0,0
12/30/1996,0,,0,0,0,0,0,0,0,0,0,0,0,0,0,0,0,0,0,0,0,0
12/31/1996,0,,0,0,0,0,0,0,0,1.8,0,0,0,0,0,0,0,0,0,0,0,0
1/1/1997,0,,0,0,0,0,0,0,0,0.6,0,0,0,0,0,0,0,0,0,0,0,0
1/2/1997,0,,0,0,0,0,0,0,0,0,0,0,0,0,0,0,0,0,0,0,0,0
1/3/1997,0,,0,0,0,0,0,0,0,0,0,0,0,0,0,0,0,0,0,0,0,0
1/4/1997,0,,0,0,0,0,0,0,0,0,0,0,0,0,0,0,0,0,0,0,0,0
1/5/1997,0,,0,0,0,0,0,0,0,0,0,0,0,0,0,0,0,0,0,0,0,0
1/6/1997,0,,0,0,0,0,0,0,0,0,0,0,0,0,0,0,0,0,0,0,0,0
1/7/1997,0,,0,0,0,0,0,0,0,0,0,0,0,0,0,0,0,0,0,0,0,0
1/8/1997,0,,0,0,0,0,0,0,0,0,0,0,0,0,0,0,0,0,0,0,0,0
1/9/1997,0,,0,0,0,0.2,0,0,0,0,0,0,0,0,0,0,0,0,0,0,0,0
1/10/1997,0,,0,0,0,0,0,16.1,0,0.8,0,0,0,0,0,0,0,0,0,0,0,23.4
1/11/1997,0,,0,0,0,0,0,0,0,0,0,0,0,0,0,0,0,0,0,0,0,0
1/12/1997,0,,0,0,0,0,0,0,0,0,0,12.1,0,0,0,0,10.3,0,0,0,0,0
1/13/1997,5.7,,0,0,0,0,0,0.2,0,0,0,0,0,0,0,0,0,0,0,0,0.3,0
1/14/1997,0,,0,3.7,0,0,0,9.5,0,0,0,0,0,0,0,0,0,0,0,0,0,0
1/15/1997,3.5,,0,0,0,5.6,0,0,0,0,0,22.2,0,0,7.4,24.5,0,0,0,0,0,0
1/16/1997,0,,0,0.4,0,0,0,0,0,0,23,0,0,0,0,0,0,0,0,0,0,0
1/17/1997,0,,0,1,0,0,0,0,0,0,0,0,0,0,0,0,0,0,0,0,0,0
1/18/1997,0,,0,0,0,0,0,0,0,0,0,0,0,0,0,0,0,0,0,0,0,0
1/19/1997,0,,0,0,0,0,0,0,0,0,0,19.4,0,0,0,0,0,0,0,0,0,0
1/20/1997,21,,0.2,3.1,5.6,0,0,0,0,29.8,12.8,0,0,0,9.4,0,0,0,0,0,0,0
1/21/1997,0,,0,0,0,0,0,0,0,0,0,0,0,0,0,0,0,0,0,0,0,0
1/22/1997,0,,0,0,0,0,0,0,0,0,0,0,0,0,0,0,0,0,0,0,0,0
1/23/1997,0,,0,0,0,0,0,0,0,0,0,0,0,0,0,0,0,0,0,0,0,0
1/24/1997,0,,0,0,0,3.4,0,0,0,0,0,0,0,0,0,0,0,0,0,0,0,0
1/25/1997,0,,0,0,0,0,0,0,0,0,0,0,0,0,0,0,0,0,0,0,0,0
1/26/1997,0,,0,0,0,0,0,0,0,0,0,0,0,0,0,0,0,0,0,0,0,0
1/27/1997,0,,0,0,0,0,0,0,0,0,0,0,0,0,0,0,0,0,0,0,0,0
1/28/1997,0,,0,0,0,0,0,0,0,0,8.4,0,0,0,0,0,0,0,0,0,0,0
1/29/1997,0,,0,0,0,0,0,0,2.8,0,0,0,0,8.5,0,0,0,0,0,0,0,0
1/30/1997,0,,0,0,0,0,0,0,0,0,0,0,0,0,0,0,0,0,0,0,0,0
1/31/1997,0,,0,0,0,5.6,0,0,0,0,0,0,0,0,0,0,0,0,0,0,0,0
2/1/1997,0,,0,0,0,0,0,0,0,0,0,0,0,0,0,0,0,0,0,0,0,0
2/2/1997,0,,0,0,0,0,0,0,0,0,0,0,0,0,0,0,0,0,0,0,0,0
2/3/1997,0,,0,0,0,0,0,0,0,0,0,0,0,0,0,0,0,0,0,0,0,0
2/4/1997,0,,0,0,0,0,0,0,0,0,0,0,0,0,0,0,0,0,0,0,0,0
2/5/1997,0,,0,0,0,0,0,0,0,0,0,0,0,0,0,0,0,0,0,0,0,0
2/6/1997,0,,0,0,0,0,0,0,0,0,0,0,0,0,0,0,0,0,0,0,0,0
2/7/1997,0,,0,0,0,0,0,0,0,0,0,0,0,0,0,0,0,0,0,0,0,0
2/8/1997,0,,0,0,0,0,0,0,0,0,0,0,0,0,0,0,0,0,0,0,0,0
2/9/1997,0,,0,0,0,0.2,0,0,0,0,0,0,0,0,0,0,0,0,0,0,0,0
2/10/1997,0,,0,0,0,0,0,0,0,0,0,0,0,0,0,0,0,0,0,0,0,0
2/11/1997,0,,0,0,0,0,0,0,0,0,0,0,0,0,0,0,0,0,0,0,0,0
2/12/1997,0,,0,0,0,0,0,0,0,0,0,0,0,0,0,0,0,0,0,0,0,0
2/13/1997,0,,0,0,0,0,0,0,0,0,0,0,0,0,0,0,0,0,0,0,0,0
2/14/1997,0,,0,0,0,0,0,0,0,0,0,0,0,0,0,0,0,0,0,0,0,0
2/15/1997,0,,0,0,0,0,0,0,0,0,0,0,0,0,0,0,0,0,0,0,0,0
2/16/1997,0,,0,0,0,0,0,0,0,0,0,0,0,0,0,0,0,0,0,0,0,0
2/17/1997,0,,0,0,0,2.3,0,0,0,0,0,0,0,0,0,0,0,0,0,0,0,0
2/18/1997,0,,0,0,0,0,0,0,0,0,0,0,0,0,0,0,0,0,0,0,0,0
2/19/1997,0,,0,0,0,32.8,0,0,0,0,0,0,0,0,0,0,0,0,0,0,0,0
2/20/1997,0,,0,0,0,0.1,0,0,0,0,0,0,0,0,0,0,0,0,0,0,0,0
2/21/1997,0,,0,0,0,0,0,0,0,0,0,0,0,9.6,0,0,0,0,0,0,0,0
2/22/1997,0,,0,0,0,0,0,0,0,0,0,0,0,0,0,0,0,0,0,0,0,0
2/23/1997,0,,0,0,0,0,0,0,0,0,0,0,0,0,0,0,0,0,0,0,0,0
2/24/1997,0,,0,0,0,0,0,0,0,0,0,0,0,0,0,0,0,0,0,0,0,0
2/25/1997,0,,0,0,0,0,0,3,0,0,28,0,0,0,0,0,0,0,0,0,0,0
2/26/1997,0,,0,0,1.5,6.9,0,0,0,0,0.2,0,0,0,0,0,0,0,0,0,0,0
2/27/1997,1.8,,0,21,0,0.5,0,22.5,0,0,0,33,0,0,18,0,0,0,0,0,0,0
2/28/1997,0,,0,0.4,0,7.1,0,17.2,0,0,20.8,0,0,0,16.5,0,0,0,0,0,0,0
3/1/1997,10.3,,41.9,0.6,15.8,3.5,0,4.7,35,0,8.7,0,0,54.3,0.5,0,20.1,22.4,0,0,4.4,0
3/2/1997,0,,0,0,0,0,0,0,0,0,0,0,0,0,0,0,0,0,0,0,0,0
3/3/1997,0,,0,0,0,0,0,0,0,0,0,0,0,0,0,0,0,0,0,0,0,0
3/4/1997,0,,0,0,0,0,0,0,0,0,0,0,0,0,0,0,0,0,0,0,0,0
3/5/1997,0,,0,0,0,0,0,0,0,0,0,0,0,0,0,0,0,0,0,0,0,0
3/6/1997,0,,0,0,0,0,0,0,0,0,0,0,0,0,0,0,0,0,0,0,0,0
3/7/1997,0,,0,0,0,0,0,0,0,0,0,0,0,0,0,0,0,0,0,0,0,0
3/8/1997,0,,0,0,0,0,0,0,0,0,0,0,0,0,0,0,0,0,0,0,0,0
3/9/1997,0,,0,0,0,0,0,0,0,0,0,0,0,0,0,0,0,0,0,0,0,0
3/10/1997,0,,0,0,0,7.4,0,0,0,0,0,0,0,0,0,0,0,0,0,0,0,0
3/11/1997,0,,0,0,0,0,0,0,0,0,0,0,0,0,0,0,73.3,0,0,0,0,0
3/12/1997,9.4,,0,19.4,17.7,3.8,0,0.4,1.1,0,13.6,0,0,27,0,0,3.1,0.1,0,0,0,0
3/13/1997,0,,17.8,0,0,0,0,0,0,26.8,0,0,0,0,0,0,0,0,0,0,0,0
3/14/1997,0,,1,0,0,4.4,0,0,0,0,9.4,0,0,8,0,0,9.6,0,0,0,0,0
3/15/1997,0,,0,0,0,0,0,0,0,0,0,0,0,0,0,0,0,0,0,0,0,0
3/16/1997,0,,0,0,0,0,0,0,0,0,0,0,0,0,0,0,0,0,0,0,0,0
3/17/1997,20.5,,37,0,1.1,0,0,0,26,0.7,19,0,0,0,0,0,0,5,0,0,0,0
3/18/1997,0,,0,19.8,0,7.8,0,0,4.3,0,0.3,0,0,39.8,0,0,0,2.6,0,0,0,0
3/19/1997,1.1,,0.9,0,0.5,2.4,0,0.2,0,0,0.6,2,0,0,33.8,5.3,12.7,0,0,0,0,0
3/20/1997,1.6,,0,2,0,0,0,0.2,0.4,0,0.9,0,0,0,0,0,0,0.2,0,0,0,0
3/21/1997,0,,0,0,0,0.5,0,0,0,0,0,41.7,0,0,21.3,46.1,0,0,0,0,85.7,0
3/22/1997,13.8,,17.7,0,13,2,0,2.2,26,0,11.6,45.9,0,45.5,3.6,0.1,0.7,27.2,0,0,0,0
3/23/1997,16.2,,0,0.5,0,49.5,0,0,3,0,1.4,10.7,0,24.6,6.9,0,6.8,2.8,0,0,0,0
3/24/1997,0,,0,0,0,0,0,0,0,0,0,0,0,0,0,0,0,0,0,0,0,0
3/25/1997,26.2,,38.1,0,38.3,0,5.1,48.2,30,43.6,26.6,29.3,0.5,22,0,0,0,7.6,0,0,0,8.7
3/26/1997,0,,2,4.8,40.6,11.3,0,3.4,9,0,11.2,8.4,0,14.1,57.2,0,30,5.1,0,0,0,0
3/27/1997,0,,0,0,0,0,0,0,0,0,0,0,0,0,0,0,0,0,0,0,0,0
3/28/1997,0,,0,0,0,0,0.3,0,0,0,0,0,0,0,0,0,0,0,0,8.8,1.8,0
3/29/1997,0,,0,0,0,0.2,0,0,0,46.2,0,0,3.8,0,0,4.3,0,0,61.1,27.7,29.9,5.1
3/30/1997,0,,0,2,12.5,0,0,0.9,50.4,0,0.1,0,3.2,3.7,16.8,2,0.8,49.5,0.9,2.7,0,0
3/31/1997,0,,0,0,0,0,0,0,0,0,0,0,0,0,0,0,0,0,0,0,0,0
4/1/1997,0,,0,0,0,1,46.5,0,0,0,0,0,0,0,0,26.7,0.3,0,0,0,29,0.9
4/2/1997,7.4,,0.3,42,0,0,0,0,4.8,4.3,0,93.4,0,0,6.1,0,0,0.5,0,0,0,0
4/3/1997,0,,0,73.2,0,0,0,0,0,0,25.2,0,0,0,0,0,0,0,0,0,20.5,0
4/4/1997,4.2,,0,8.9,28.8,1.2,51.1,0,0,0,3.8,22.1,0,0.1,28.5,0,0,0,20.1,17.5,0,0
4/5/1997,0,,0,0,0,0,0,0,0,0,0,0,0,0,0,0,0,0,0,0,0,0
4/6/1997,0,,0,18.4,0,0,0,0,0,0,0,0,0,0,0,0,0,0,0,0,0,0
4/7/1997,0,,0,0,0,0,0,0.5,0,0,0,16.3,0,0,18.8,1,0,0,0,0,14,0
4/8/1997,0.4,,0,0,0,0,0,0.7,0,0,0,0,0,0,0,0,0,0,0,0,0,0
4/9/1997,12.5,,0,0.1,0,0.3,0,0,0,0,0,0,0,0,0,0,0,0,0,0,0,0
4/10/1997,0,,0,0,0,0,0,0,0,0,0,0,15,0,2.5,0,0,0,0,4,0,0
4/11/1997,7.9,,6.3,22.1,35.7,4.1,0,27.2,56.4,0,48,0,1.6,9.6,4.6,0.7,0.2,79.6,15,14.8,5,4.5
4/12/1997,0,,0,0,0,0.5,0,0,2.5,0,0,0,0,19,1.3,0,3.7,2,0,0,0,0
4/13/1997,0,,0,0,0,0,0.5,0,0,0,0,0,0,0,0,0,0,0,0,0,0,0
4/14/1997,0,,0,0,0,0,4.6,0,0,0,0,19.9,0,0,0.8,0,0,0,0,0,0,0
4/15/1997,23.7,,0,78.3,5.9,74.3,1,0,1.8,0,28.5,0,0,22.1,0.8,7.3,20.4,1.4,0,0,18.6,0
4/16/1997,0,,0,0,0,8.1,0,0,0,0,0,0,0,0,0,0,0,0,0,0,0,0
4/17/1997,0,,0,0,0,3.6,9.4,23,0,0,0,0,0,0,0,0,0,0,0,25.9,0,1.9
4/18/1997,0,,0,0,0,0,0,0,0,0,0,0,0,0,0,0,0.6,0,0,0,0,0
4/19/1997,20.5,,1.6,0,0.3,13.5,56.9,28,7.6,0.2,0.3,40.4,4,8.2,6.9,8,12.7,1.4,0,0,1.3,0
4/20/1997,0,,0,0,0,1.4,0,0,0,0,0,0,0,3.8,0,0,0.1,0,0,0,0,0
4/21/1997,3.4,,0,0,0,19.6,0,3.2,0,0,1.5,5.2,13.8,24.7,0,0,0.9,0.2,143,0.7,0,49.5
4/22/1997,9,,0,20,1.6,12.5,5.1,51.3,63.3,15.8,16.6,21.3,0.4,10.2,85.6,0,25.6,0.2,0,30.5,0,2
4/23/1997,0,,0,0,0,0,0,0,0,0,0,0,0,0,0,0,0,0,0,0,0,0
4/24/1997,1.6,,0,0,1.7,0,0,29.4,0,0,5.6,0,0,0,0,0,0,0,0,0,0,0
4/25/1997,0,,0,0,0,0.7,0,0,0,0,0,0,0,0,0,0,0,0,0,0,0,0
4/26/1997,7.5,,0,0,0,0,0,0,8.9,5.1,5.4,27.1,0,25.6,2.5,0,1.9,0.5,48.4,0,0,0
4/27/1997,59,,18.4,7.3,0,0,0,0,0,0,0,36.3,0,0,78.2,0,0,16.4,0,0,0,0
4/28/1997,0,,3.6,0,0,2.3,0,0,124.1,0,0,0,0,0,0,0,0,74.1,0,4.6,0,75.3
4/29/1997,11.2,,0,2.4,73,0,0,12.9,0,26.8,10.6,14.7,0,0,0,15.5,1.5,0,0,0,4.2,0.3
4/30/1997,0,,0,0,0,4.8,0,0,0,0,0,0,0,0,0,0,8.8,0.7,0,0,0.6,0
5/1/1997,3.2,,39.2,0,3.6,11.1,0,9.1,2.6,0,1.6,17.2,0,0,56.1,0,0,25.4,0,0,0,0
5/2/1997,0,,0,0,0,0,0,0,0,0,0,0,0,0,0,0,0,0,72.6,0,0,39.1
5/3/1997,0.5,,21.1,5,23.3,4.5,0,7.3,7.8,3.8,56,0.2,0,0.9,10.9,12.4,2.2,27.3,2.4,0,0,1.9
5/4/1997,0,,0.2,0,0,0.7,7.9,0,0,0,0,0,0,0,0,0,0,0,0,0,2.5,0.9
5/5/1997,0.8,,0.9,0,15,0,0,0,0,0,0.2,125.2,0,0,0,15.8,0.2,0,2.6,0,2,0
5/6/1997,0,,0,0,10.5,0,15,5.3,0,0,1.8,0.8,37.1,0,0,13.5,0,0,2,2.1,12,1.1
5/7/1997,0.5,,0,0,0,0,0.8,10.5,0,2.2,0.4,0,0,0,0.6,35.7,0,0,8.6,0.7,13.5,11.4
5/8/1997,3.2,,0,0,0,6.1,13.8,0,0,0,0,13.8,0,0,0,0.9,0,0,1,0,31.5,0
5/9/1997,0.4,,0,0,0,1,0,0,0,0,9.5,0,0,0,0,0,0,0,0,0,0,0
5/10/1997,0,,0,0.5,0,1.8,0,0,0,0,0,0,3.3,0,0,0,0,0,0,5.2,0,0
5/11/1997,0,,0,0,0,0.3,0,0,3.7,0,0,0,0,0,0,0,0,0,0,0,0,0
5/12/1997,2.9,,19.2,32.1,53,0.8,0,0,0,0,0,0,16,0,0,3.8,0,0,10.4,6.5,0.4,0
5/13/1997,0,,0,0,0,0,0,0,0,0,0,0,0,0,0,0,0,0,0,0,0,0
5/14/1997,0,,0,3.1,0,0,0,3.3,0,0,0,0,0,0,0,0,0,0,0,0,0,0
5/15/1997,0,,0,7.9,2.7,0,0,0,0,0,0,0,0,0.4,0,0,0,0,0,0,0,2.1
5/16/1997,0,,8.2,15.6,3,11.9,0,0,0,0,0,0,6.8,0,0,0,7.3,3.9,0,6.6,0,0
5/17/1997,0.5,,17.6,1.1,29.3,0,0,13.4,8.4,36.6,4,0,0,0,0,10.8,0,5.4,7.5,25.5,56,0.4
5/18/1997,1.2,,0,4.5,0,10.4,0,0,14,0,0.4,6.3,0,13.7,17.5,0,24,12.6,0,0,0,0
5/19/1997,14.7,,1.1,0.7,1.8,29.2,0,0,0,0,0.7,0,0,26.9,0.5,0,6.1,5.2,0,0,0,0
5/20/1997,1.5,,35.4,30.9,3.9,19.7,24.7,21.5,10.2,0,32,15.1,0,41.2,17,5.2,25.2,5.2,13.4,12.3,8,23.2
5/21/1997,0,,0,0,0,0,0.3,0,0,0,0,0,0,0,0,0,0,0,0,0,0,0
5/22/1997,15.5,,11.7,20.4,48,25,0.8,7.7,12.6,1.9,21.9,18.2,0,38.8,27.2,16.7,39.7,11.6,0,11.5,4,0
5/23/1997,0,,0,0,0,0.1,0,0,0,0,0,0,0,0.2,0,0,8.3,0,0,0,0,0
5/24/1997,0,,0,0,16.2,1.2,0.5,17.8,0,0,2,0.1,2.7,0,37.6,3.9,1.4,0,0,1.1,0,6.7
5/25/1997,0,,0,0,0,6.2,0,0.7,0.3,0,0,0,0,3.8,0,0,1.1,0.5,18.4,0,0,33.7
5/26/1997,0.3,,0.9,16.4,0,34.4,7.6,0,15.7,0,0,0,0,43,0,0,42.7,3.1,0.3,0,0,0
5/27/1997,1.4,,3,8.1,1.9,46.5,0,7.6,38.8,1.2,2.6,21.5,0,81.1,5.1,5.1,36.8,37.1,1.5,1.5,16.5,1.9
5/28/1997,4.8,,0,0,0,66.8,0,0.7,0,0,0,0.1,0,0,8.8,0,0.8,0,3.9,6.7,0,6.4
5/29/1997,20,,78,1,1.3,0.5,0,0.5,7.6,0,1.2,0,0,0,0.5,0,1.6,118.2,0,61.9,17.8,0
5/30/1997,0,,20.9,0.3,0.2,34,0,0,0.5,3,0,0,0,0.6,6.3,6.4,6.2,0.8,0,0.1,17.5,0
5/31/1997,21.3,,4.3,5.9,0.3,182.2,2,49.2,13.5,1.2,2,0.2,89.6,89.4,0,0,5.2,6,3,46.9,2,27.5
6/1/1997,15.5,,1.6,17.4,2.1,13.1,0,3.3,0.8,2.3,4.2,41.6,0,6.2,1,0,1.1,1.2,0,0,9.4,0
6/2/1997,31.1,,1.1,2.7,19,1.7,4.3,1.9,2.3,29.1,20.4,0.2,0,3.6,12.8,16.8,24.4,0,0,0,5.2,0
6/3/1997,12.5,,2.7,54.5,27.7,105.6,0,2.8,2.9,0,47.9,14.9,0,67.7,17.8,42.1,50.1,0,0,0,2.7,0
6/4/1997,17.6,,5.4,51.9,82.6,9.4,7.4,10.3,33.4,7.7,48.5,25.7,21.5,30.2,0.5,25.6,8.6,24.4,2.6,46.2,35.8,5.2
6/5/1997,51.9,,9.4,6.3,2.8,0,6.3,0.2,1.3,6.2,0,8,1.1,0.1,1.3,0.9,0,1.3,0.8,6.3,7.7,11.4
6/6/1997,0,,0,21.6,0,0,0,0,0,9.3,0,2.1,0,0,1.8,0,0,0,11.1,0,0,0.8
6/7/1997,0,,0,0,0,0,0,4.5,0,1.5,0,1.6,0,0.5,2.6,2.5,0,0,0,0.3,0,0
6/8/1997,0,,0,0,0,3.4,7.9,4.6,0,0,0,2.1,0,0,0,0,0.8,0,0,0,0,9
6/9/1997,8.9,,6.8,0.2,0,23.1,25.4,19.8,0.9,0,12.8,5.6,4,2,1.3,2,0,0.4,0.4,36,1.3,0.9
6/10/1997,0.1,,0,0,0,10.9,0,0,0,4.8,1.2,0,6.1,65.4,12.2,0,34.8,0,17,0,0,22.9
6/11/1997,25,,17.6,85.3,35.7,117.9,21.6,3.3,38.4,11.6,28.3,12.5,0,24.7,38.1,5.2,64.5,63.5,10.7,15,3.7,4.7
6/12/1997,0,,25.4,2.9,15.4,195.5,0,17.2,113.7,0,13,0,0,87.3,0,0,69.6,119.7,0,0,0,0.2
6/13/1997,0,,0.4,0,0,0,1,0.7,14.2,16.1,0,2.5,1.6,20.6,17.6,19.2,0.3,26.8,102.2,9.9,0,16.3
6/14/1997,30.2,,30.1,26.8,6.1,0,34,66.4,81.7,0.5,31.1,29.8,14.2,3.1,2.1,27.1,0,88.9,0.5,9.9,32.6,22.6
6/15/1997,23.6,,0,2.1,0.4,0,0.3,15.9,4.8,0,52,0.2,0,59.3,0.8,0.5,0,7.4,0,0,0.4,0
6/16/1997,45.8,,22,14.5,44,74.5,16.3,10.5,13,18.4,3.1,47.7,7.9,5.3,39.6,1.8,0,44.5,7.5,33.5,15.1,20
6/17/1997,0.4,,1.8,2.3,4.3,0,0,2.2,8.4,0,11.3,7.6,0,2.3,10.2,4.1,1.1,8.9,0,0,0,0
6/18/1997,0,,0,17.2,0,70.9,0,0,0,0,0,0,0,49.2,1.9,0,8.6,0,0,0,0,0
6/19/1997,10.5,,30.1,25.8,58.3,8.2,11.4,8.8,21.7,42.2,28.6,39.5,0,25,49,7.2,22.5,21.3,13.7,8,21.9,24.2
6/20/1997,0,,0.1,0,0,0,0,0,0,10.1,0,0.5,0,0,9.9,0,0.2,0,0,0,0,0
6/21/1997,2.5,,0.3,0,0,0,0,0,0,0,0,0,0,0,0,0,0,1.2,0,0,0,0
6/22/1997,0.2,,0,0,38.1,44.7,0,0,15.3,0,7.4,0.9,0,11.1,28.7,6.5,3.1,39.9,8.9,0,0.5,28.4
6/23/1997,2.5,,3.5,2.2,0.7,1.8,26.2,10.7,0.5,16.4,1.8,0.3,0,4.3,3.1,20.5,0.4,0.7,7.6,12.7,13.8,8.2
6/24/1997,0,,0.3,0,0,0,0.3,0,0,0,0,0,21.5,0,0,1,0,0,0,0,0.2,2.9
6/25/1997,10.8,,0.5,6.2,3.2,0,0,2.8,0,25.5,5,0.5,0,0,0,0,0,0,0,0,0,0
6/26/1997,11.9,,0,0,0,15,3.6,0,0,17.5,11.6,5,0,0,11.5,0,1.9,0,0,0.8,0.2,0
6/27/1997,0.2,,0,0,0,61,0,0,0,0,0,0,0,0,0,0,18.7,0,0,0,0,0
6/28/1997,7.9,,0,0.5,0,63.1,34.6,4.7,0,8.4,0,0.4,41.8,0.8,0.8,0,6.3,0,12.3,2.4,0.2,4.8
6/29/1997,1.9,,0,7.2,0,0,0,6,0,8.2,0,1,0,3.1,1,33.9,1.5,0,0,0,2.3,0
6/30/1997,0,,0,0,20,3.1,10.7,10.2,0,24.4,1.3,0,5.3,0,0,2.2,1.3,0,7.7,6,0,18.9
7/1/1997,4.5,,47.5,0,28.1,2.6,0,17.8,15.3,34.1,16.2,0,0,0,17.3,0,2.3,10.3,0,0,0,0
7/2/1997,0,,0.4,4.3,0.4,7.6,11.2,0,1.1,1.2,3,19.8,25.9,21.4,16.5,32.3,20.7,4.4,21.3,14,15.6,10.6
7/3/1997,0.8,,0,0.3,1.2,0,0,6.1,0,0,2,0,0.6,0,0,0,0,0,0,0,0,0
7/4/1997,0,,0,0,0,4.4,0,0.1,0,0,0,0,0,0,0,0,0.1,0,0,0,0,0
7/5/1997,10.1,,0,0,0,0,0,0,0,7.4,0,0,0,0,4.3,5,0,0,0,0,0,0
7/6/1997,0,,0,0,0,0,0,0,0,0,0,0,0,0,0,0,0,0,0,0,0,0
7/7/1997,0,,0,0,0,0,0,0,0,0,0,0,0,0,0,0,0,0,0,0,0,0
7/8/1997,1.3,,0,0,0,0,0,0,0,0,0,0,0,0,0,0,0,0,0,1.2,0,0
7/9/1997,0.5,,0,0,0,0,0,0,0,0.7,0,0,0,0,0,0,0,0,12.3,0,0,18.2
7/10/1997,45.2,,0,0.3,24.1,0.9,0,0.8,0,33.9,0.1,20.3,0,0.3,0,0,0,0,2.7,1.5,30.5,0.4
7/11/1997,25.4,,33.5,14.6,48.2,0.5,0,55.4,7.3,17.3,24,0.3,0,11.7,0.3,0,0,15.8,0,0,0,0
7/12/1997,0,,0,0,0,6.6,17.3,0.1,0.2,0,0,0,0,0,0,0,7,0,5.3,6.4,0,0
7/13/1997,0,,0,0,0,0,0,0,0,0,0,0,0,0,0.5,0,0,0,0,0,0,0
7/14/1997,3.3,,0,4.7,0,0,4.1,0,0,28.3,0,0.5,10.9,0.4,0.5,0,0,0,25.3,2.7,0,62.2
7/15/1997,2.3,,0,24.9,13.2,0,33,17.1,0,31.3,0,0.1,1.8,0,2.8,0.5,0.1,0,23.5,23.5,1.7,38.7
7/16/1997,0,,0,0,0,0,2.6,1.5,0,1.4,0,0.2,0,0,0,3.7,0,0,2.6,0.4,2.8,4.9
7/17/1997,0,,0,0,0,0,0,0,0,0,0,0,0,0,0,0,0,0,0,0,0,0
7/18/1997,0,,0,0,0,0,0,0,0,0,0,0,0,0,0,0,0,0,0,0,0,0
7/19/1997,0,,0,0,0,0,0,0,0,0.3,0,0,0,0,0,0,0,0,0,0,0,0
7/20/1997,0.2,,0,0.2,0.3,0,5.4,0,0,0,0,0.3,11.8,0,0,0,0,0,6.6,4.9,0,7.1
7/21/1997,0,,0,4,0.5,0,0,1.7,0,0,1.8,0,0,0,0.3,0,0,0,0,0,0,0.4
7/22/1997,0,,0,0,0,0,0,0,0,0,0,0,0,0,0.8,0,0,0,0,0,0,0
7/23/1997,0,,1.6,0,0,0.9,0,0.8,0.2,8.8,0,0,0,1,0,0,5.8,0.5,18.5,0,0,11.2
7/24/1997,0,,0,0,0,0,11.5,0,0,16.5,0.2,0.2,0,0,0,0,4.1,0,3.7,20.8,0,0
7/25/1997,0,,0.3,14.2,4,2.5,0,0,0,0.2,0.6,1.7,2.8,0,0.6,0,0.6,0,0,2.6,0,0.8
7/26/1997,0,,0,0,0,0,0,0,0.3,0,0,0,0,1.8,0,0,1.2,0,0,0,0,0
7/27/1997,0,,0,0,0,2.7,0,0,0,0,0,0,0,0.2,0,0,0,0,0,0,0,0
7/28/1997,0,,0,0,0,0,0,0,0.3,3.8,0,0,0,0,0,0,0,0.6,0,0,0.2,0
7/29/1997,0.1,,21.3,1.7,2.7,2.7,14.5,0,9.6,0,1.6,0.6,30.6,3.4,0,0,0.9,8.3,24.8,8.6,0,3.2
7/30/1997,30.5,,1.1,9.8,4.8,1.9,0,10.5,3.1,18.7,11.3,28.7,4.4,1.3,3.9,51.8,1.5,0.5,1.6,3.1,21.6,0.1
7/31/1997,1,,0.6,0.1,1,1,15.3,2.8,0.4,0.3,0,0.7,2.5,0,0.3,1.6,0.1,0.1,0.4,35.1,1.8,0
8/1/1997,13.3,,1.9,1.3,0.8,0,24.4,17.1,0.6,32.7,0.8,0.1,0,0,1.3,0.6,0,4.4,2.5,0,1.4,0.8
8/2/1997,0.3,,0,0,0.3,0,0,0,0,0,0,12.1,0,0,0.3,0.5,0,0,0,0,0.4,0
8/3/1997,0,,0,1,0,2.6,14.7,0,0,0,0,0,0,0.2,0,0,0.7,0,0,0,0.2,0
8/4/1997,0.4,,0,0.1,0,2.5,0,0,0,13,0.4,0.1,0,0,0.3,0,0,0,0,0,0,0
8/5/1997,1.6,,0,0.2,0,0,0,0.1,0,0,0,0.1,42,0,0,0,0,0,22.4,9.7,0,6
8/6/1997,0,,0,0,0,0,0,0,0,0,0,0,0,0,0,0,0,0,0,0,0,0
8/7/1997,0,,0,0,0,0,0,0,0,0,0,0,0,0,0,0,0,0,0,0,0,0
8/8/1997,0,,0,0,0,0,0,0,0,0,0,0,0,0,0,0,0,0,0,0,0,0
8/9/1997,0,,0,0,0,0,1,0,0,0,0,0,41.2,0,0,0,0,0,0,0,0,0
8/10/1997,0,,0,0,0,0,0,0,0,0,0,0,0,0,0,0,0,0,0,0,0,0
8/11/1997,0,,0,0,0,0,0,0,0,0,0,0,45.8,0,0,0,0,0,0,0,0,0
8/12/1997,0,,0,0,0,0,0.5,0,0,0,0,0,0,0,0,0,0,0,0.9,0,0,0.4
8/13/1997,0,,0,0,0,0,0,0,0,0,0,0,0,0,0,0,0,0,0,0.4,0,1.9
8/14/1997,0,,0,0,0,0,0,0,0,0,0,0,0,0,0,0,0,0,0,0,0,28.2
8/15/1997,0,,0,0,0.8,0,0,1.2,0,0,7.8,0,20.5,0,0,0,0,0,0,14.6,0,21.9
8/16/1997,0,,0,0.1,0,0,0,0,1.6,36.2,0,0,0,0.4,0,0,0.3,0,0,0,0,0
8/17/1997,0,,0,1.5,0,0.6,0.3,4.3,2.2,0.2,0.6,0,0.8,0,0,0,0,0,0,0,0,0.2
8/18/1997,0,,0,4.7,0,3.7,0,4.8,0.2,29.7,0,0.1,8.7,0,2.1,0,0.1,0,72.6,23.9,0,11.8
8/19/1997,0,,0,4.4,0,2.2,0,0,0,9.1,0,1.4,6.4,0,1.8,3.2,0,0,0,9.3,1,0
8/20/1997,5.5,,1,0,0,0,0,0,0,0.4,0,0,0,0,0.3,0,0,0,0,1.4,0,0
8/21/1997,7.4,,0,0,0,0,12.7,0,0,1.4,0.1,25.7,7.8,0,10.9,1.9,0.1,0,2.7,0,3.2,13.4
8/22/1997,1.2,,0,0,0,0,8.6,0,0,19,0,2.2,5.7,0,3.6,22.1,0,0,0,8.8,28.8,2.2
8/23/1997,0,,0,0,0,0,0,0,0,53.4,31,0,0,0,0,0,0,0,0,0,0,1.2
8/24/1997,11.2,,1,0.4,4.4,0,0,42.7,0,39.1,3.2,4,10.4,0,0,0,1.1,0,5.4,16.4,0.2,0
8/25/1997,0.8,,0,0,0,0,19.6,3.6,0,0,0,12.1,0,0,7.4,15.9,0.1,0,1.7,0,0,0.5
8/26/1997,0,,0,0,0,0,0,0,0,1.7,0,0,0,0,0.3,0,0,0,0,6.5,0,0
8/27/1997,0,,1.8,0,0,0,0,1.4,0,32.8,0,0,0,0,0,0,0,0,4.3,0,0,58.9
8/28/1997,9,,0,11.8,2.9,2.6,0,0,0,1.3,0.1,0,0,1.7,0.5,7,1.2,0,0,32.2,38.7,0
8/29/1997,3.9,,0.8,2.8,0.3,3.8,46.2,1.7,0,6,0,1.1,0,0,6.4,0,0,1,8,4.7,4.1,0
8/30/1997,0,,0,8.4,0,0,0,0.2,0,0,0,0,0,0,4.3,2.5,0,0,0,0,0,3.4
8/31/1997,0,,0,0,0,0,0,0,0,1.2,0,0,5.4,0,0,0,0,0,1.8,1,0,0.3
9/1/1997,0,,0,0,0,0,0,0,0,0,0,0,0,0,0.8,0,0,0,0.3,0,0,12.8
9/2/1997,0,,0,0,0,0,0,0,0,31.7,0,0,41.9,0,0,0,0,0,0,0,0,13
9/3/1997,0,,0,0,0,0,0,0,0,0.4,0,0,20,0,0,0,0,0,0,7,0,55.9
9/4/1997,1.6,,0,0.1,0,0,54.4,0.1,0,30.2,0,0.1,20.2,0,0,0,0,0,28,23.4,1.3,0.1
9/5/1997,0.2,,0,0,0,0,41.9,10.2,0,0.5,0.3,2,22.7,0,0,0,0,0,21,12.7,0,11.1
9/6/1997,0.1,,0,0,0,0,0,0.5,0,0,52.2,0,0,0,0,0,0.9,0,0,0,0,3.3
9/7/1997,0,,50.2,0,0,0,1,3.5,0,0.3,10.8,0.3,3.6,0,0,4.1,0,0,0,28.9,0,0
9/8/1997,0,,0,0,0,0,10.1,1.6,0,13.4,0,0,0,0,0,0,0,0,8.4,74.1,0,42.2
9/9/1997,0,,0,0,0,1.5,5.3,0,0,14.5,0,0,0.2,0,0,0,0,0,0,1.1,0.6,30.6
9/10/1997,18.6,,0,0,0,0,0,11.1,0,44.2,20.5,0.7,0,0,1.8,1.6,0,0,1.5,0.1,0.2,14.4
9/11/1997,0,,9.8,3,6.6,0.6,2,0,0.8,2.3,1,0,0,0,0,2,0.5,0,0,3.7,0.8,0
9/12/1997,0,,0,0,0.4,0,0,3.3,0,0,0,0,0,0,0,6.6,0,0,0,0,0,0
9/13/1997,41.4,,0,6.8,0,0.6,11.8,2.2,0,10,0.8,1.6,9.1,0,5.8,15.5,0,0,10.9,16.7,15.8,9.5
9/14/1997,0,,0,1.6,2.7,0.6,0,0,0,0,0,0,1.8,0,0,17.6,0.3,0,0,0,7.3,0
9/15/1997,6.2,,0,0,0,0,5.6,0,0,42.3,1,27.4,0,0,0,0,0.1,0,25.8,2.1,0,5
9/16/1997,5,,0,0,0,0.5,23.6,0,0,1.2,0,17.4,1.2,0,0.5,7.2,0,0,0,28.6,2.8,12.9
9/17/1997,0,,0,0.5,0,0.3,0.3,40.9,0,24.2,1,0.1,12.6,0,0,0,1.3,0,20.3,7.2,1.6,60.4
9/18/1997,0.4,,9.2,0,0,0,29.8,0,0,13.4,0,0,0,0,0.5,0,0.2,0,0,0,18.6,7.9
9/19/1997,0,,0,0,0,0,0,0,0,11,0.2,5,0,0,0,1.2,0,0,0,0,0,0
9/20/1997,0,,0,0,0,0,0,0,0,0,0,0,0,0,0,0,0,0,0,0,0,0
9/21/1997,0,,0,5.4,0,0,0,0,0,0,0,0,0,0,0.5,0,0,0,0,0,1.5,0
9/22/1997,0,,0,0,0,0.3,6.9,0,0,0.2,0,15,28.5,0,0,6,0,0,25.3,20.1,4,8.7
9/23/1997,0,,0,0,5.3,0,0,21.5,0,0,32.4,0,5.4,5.1,0.3,14.1,4.8,0,0,0,24.1,0.2
9/24/1997,9.2,,0.2,1.7,3.7,4.1,38.1,42.2,7.8,4.7,26.9,10.4,0,1.8,44.5,0.6,0.9,0,8.5,5.7,2.4,11.2
9/25/1997,1.4,,2.8,0,0,0,13,0,0,4.1,10.2,2.4,0,0,0,0.4,1.6,0,0.3,1,1.1,0
9/26/1997,0,,0,2.1,0,0,0,0,0,0,0,0,0,0,21.3,6.3,0,0,0,0,7.2,0
9/27/1997,6.3,,0,22.6,1.8,0.2,0,20,0.9,0,21.9,13.3,0,4.6,15.7,0,0.8,0,49,45.1,0,2.5
9/28/1997,0,,0,0,0,0,0,9.6,0,0,0,0,0,0.8,0.3,0,0,0,0,0,0,0
9/29/1997,1.8,,0,1.2,0,0,12.8,4.7,0,0,8.4,0.4,11.7,0.3,0,0,0,0,0.3,0.6,0,12.2
9/30/1997,0,,38.1,0.7,1.7,13.8,0,0,0,0,0.6,0.2,0,0,0,0,0,0,0,0,10.4,0
10/1/1997,0,,0,0,0,2.2,0,0,0,0,0,0,0,0,0,0,0,0,0,0,0,0
10/2/1997,0,,0,0,0,0,0,0,0,0,0,0,0,0,0,3.4,0,0,29.5,1,12,27.8
10/3/1997,24.3,,0,0,0,3,2.5,12,1.8,0,0,0,7.8,0,0.5,4.8,6.2,0,0,0,8.7,1.1
10/4/1997,32.1,,2.6,2.9,0,7.2,1.3,8.7,8.7,21.7,0,84.7,0,28.7,13.2,5.7,2,10.4,2.5,26.7,26.9,9.3
10/5/1997,0,,1.7,1.2,1.4,0,0,6.4,0,0,33.1,0.4,0.6,0,1,0.6,0,0,0,0,2.1,0
10/6/1997,0,,5.4,5.8,4.4,0,1.5,11.8,3,0,3.1,12.8,0,8.6,19.6,10,2.9,0.8,12.1,24.3,26.5,7.7
10/7/1997,0,,0,0,0,0,0,0.4,0,0,0,0,0,0,0,0,0,0,0,0,0,1.1
10/8/1997,0,,0,1,4.8,0,0,0,0,19.9,0,0,0,0.2,45,8.6,3.6,0,0,0,0,0
10/9/1997,0,,0,7.7,0,0.3,0,12.7,0,0,2.6,0,0,0,0,7.3,0,0,0,0,0.3,0
10/10/1997,0,,12.4,0.4,0,8.4,0,21.8,0.3,6.6,0,0,0,45.2,0,0,42.1,7.2,0,0,76.5,1.7
10/11/1997,2.9,,0,0,0,0,0,0,0,0,0,0,0,0,0,0,0,0,0,0,0,0
10/12/1997,0,,0,0.2,0,0,0,33.7,0,0,0,0,0,0,0,0.2,0,0,0,0,22.4,0
10/13/1997,16,,23.3,6.9,14.6,0,0,1.1,6,5.7,4.2,1.1,1.2,0,51.5,0.5,0,60.8,0,0,0,0
10/14/1997,0,,0,0.7,0,3.8,6.3,0,0,1,0,0,0.8,0,0.5,2.1,1.8,0,1.2,41.4,30.7,17.7
10/15/1997,0,,0.3,1.5,0,1.2,0,0,0,0,0,0,0,4.3,0,0,0,0.2,5.7,0,6.6,21
10/16/1997,0,,0,0,13.6,0,0,0.1,0,0,0,0,0,10.2,0.3,1,0,6.5,0,0,1.2,0
10/17/1997,14.2,,0,0.6,0,91.1,0.5,2.9,0,1.5,0,0,15.6,0,0,0,45.9,0,10,5.6,3.4,0
10/18/1997,41,,12.9,18.7,2.6,0.9,17.5,18.7,0,0.7,2.6,0.9,0,0.8,1.3,63.2,0.5,0,20.7,12,8.6,13
10/19/1997,0,,0,0,0,0.6,0,0,0,0,0,0,0,0,0,0,14.5,0,0,0,0,0
10/20/1997,32.8,,24.2,0,22.6,33.2,11.2,26.2,0,0,0.1,0,0,0,6.3,0,0.2,0,0,0,0.7,0
10/21/1997,0,,0,0,0,0,0,0,0,28.3,0,0,0,0,0,0,0,0,0,0,0,0
10/22/1997,0,,58.4,18.8,23.2,0,0,23.6,23.5,0.7,14,0,27.7,1.3,13.2,8,0,15.4,6.3,26.2,16.7,0
10/23/1997,1.6,,0,7,2.6,1.7,0,0,0,0,6.5,0,0,0,0,0,0.2,0,0,0,4,0
10/24/1997,0,,0,3.8,0,8.5,0,6.9,1.5,0,0.4,6.1,0,5.1,4.6,21.2,21.4,0,0.8,19.3,0.7,1
10/25/1997,0,,0,0,0,0.8,0,0,0,0,0,0,0,0,0,0,0,0,0,0,0,0
10/26/1997,17.4,,36.4,15,2.3,0,3.3,11,58.6,4.3,13.2,12.5,0,2.5,3.6,13.1,21.1,47.3,20,0,11.2,1.1
10/27/1997,0,,0,0,0,0.2,0,0,0,1,0,0,0,0,0.3,0,1.2,0,0,0,3.3,0
10/28/1997,0,,9.1,0,0,3.4,0,0,1.5,0,0,0,0,19.5,0,0,7.8,0.8,0,0,7.7,0
10/29/1997,1.4,,2.8,0.7,3.6,5.8,0,2.1,3.8,0,18.8,0,19.6,3.8,1.8,2.7,5.2,4.1,0,0,0,0
10/30/1997,1.1,,0,11,0,1.6,0,0,0,51.8,0,28.7,0,8.8,6.4,12.7,5.2,0,10.5,34.7,3.9,2.4
10/31/1997,0.4,,20.5,7,12.6,17.8,0,48.5,3.3,0,2.1,0,0,0,0,0,3.5,4.7,0,0,0,0
11/1/1997,16.3,,1.7,11.6,5,13,22.6,1.5,0.2,0,2.4,0,0,17.9,0.8,0,4.6,1.7,0,0,0,0
11/2/1997,0,,0,7.2,0,0,0,0,0,0.5,0,0,0,0,0,0,0,0,0,0,0,0
11/3/1997,0,,0,6.1,0,0,28.9,0,0,0,0,0,0,0,0,0,0,0,0,0,0,0
11/4/1997,0,,0,0,0,0,1.5,0,0,0,0,0.9,0,0,25.4,0.5,0,0,0,0,0,0
11/5/1997,0,,0,0,0,0,0,0,0,0,0,0,0,0,0,0,0,0,0,0,0,0
11/6/1997,0,,0,0,0,0,2,0,0.4,0,39,0,0,0,0,0,0,0,0,0,0,0
11/7/1997,0,,6.5,3.7,0,0.2,0,0,5,0,0,0.1,0,0,9.9,0,10.5,0,0,0,0.5,0
11/8/1997,0,,0,22.3,5,10,0,0,0,3.4,10.6,1.4,0,0,17.3,17.1,0,0,0,18.4,6.6,1
11/9/1997,0,,0,0,0,0,0,0,0,0,0,0,0,0,0,0,0,0,0,0,0,0
11/10/1997,0,,0,0,0,22.2,0,0,0,0,0,0,0,0,0,0,0,0,0,0,0,0
11/11/1997,0,,0,0,0,10.6,0,0,0,0,0,0,0,0,0,0,0.3,0,0,0,0,0
11/12/1997,0,,10.7,0,0,0,0,0,0,0,0,0.1,0,0,0,0,0,0,0,0,0,0
11/13/1997,0,,0,46.4,0,1.7,0,0,0,0,0,0,0,3.3,0.3,0,17.6,0,0,0,11.2,0
11/14/1997,12.6,,0,39.6,0.3,0,0,0,0,0,4.5,0,0,0,0,0,0,0,0,0,0,0
11/15/1997,0,,0,0,0,0,0,0,0,0,0,0,0,0,0,0,0,0,0,0,0,0
11/16/1997,0,,0,49.8,0,0,0,0,0,0,0,0,0,0,0,0,0,0,0,0,0,0
11/17/1997,0,,0,0,0,4.4,0,0,0,0,0,0,0,0,0,0,0,0,0,0,0,0
11/18/1997,0,,0,0,0,0,0,0,0,0,0,0,0,0,0,0,0,0,0,0,0,0
11/19/1997,1.6,,0,11.6,17.7,15.5,0,27.8,0,0,1.6,0.5,0,0,0,0,0,0,0,0,0,0
11/20/1997,0.2,,0,1,20.5,0,0,0,0,0,0,2.7,0,0,15.7,0,0,0,0,0,0,0
11/21/1997,0,,0,24.4,22.1,0,0,0,0,0,33.5,0,0,0,0,0,0,0,0,0,0,0
11/22/1997,0,,16.6,0,0.3,1.2,0,0,0,0,0,0,0,0,0,0,0,0,0,0,0,0
11/23/1997,0,,0,0,0,0,0,0,0,0,0,0,0,0,0,0,0,0,0,0,0,0
11/24/1997,0,,0,0,0,0,0,0,0,0,0,0,0,0,0,0,0,0,0,0,0,0
11/25/1997,0,,0,0,0,0,0,0,0,0,0,0,0,0,0,0,0,0,0,0,0,0
11/26/1997,0.6,,7.4,0.5,22.5,1.6,0,1,40.6,0,11.5,0,0,30.6,4.1,0,4,29.4,0,0,0,0
11/27/1997,0,,0,0,0.5,6.4,0,0,2.5,0,2.4,0,0,5.3,0,0,29.8,1.4,0,0,0,0
11/28/1997,0,,0,0,0,0,0,0,0,0,0,0,0,0,0,0,0,0,0,0,0,44.6
11/29/1997,0,,0,0.2,0,0.6,0,0,0,0,0.4,5.4,0,0,0.8,0,0,0,0,0,0,0
11/30/1997,3.5,,0,0,0,0,0,0.6,0,0,0,0,0,0,0,0,1.9,0,0,0,0,0
12/1/1997,0,,0,0.8,0,0,0,0,0,0,0,0,0,13.8,0,0,0,0,0,0,0,0
12/2/1997,0,,0,0,6.1,0,0,0,0,0,0,0,0,0,0,0,0,0,0,0,0,0
12/3/1997,0,,0,2.5,0,0,0,0,0,0,0,0,0,0,0,0,0,0,0,0,0,0
12/4/1997,0,,0,0,0,0,0,0,0,0,0,0,0,0,0,0,0,0,0,0,0,0
12/5/1997,0,,0,0,0,0,0,0,0,0,0,0,0,0,0,0,0,0,0,0,0,0
12/6/1997,0,,0,0,0,0.7,0,0,0,0,0,0,0,0,0,0,0.5,0,0,0,0,0
12/7/1997,7,,0,8.3,0,6.8,0,0,0,0,4.5,0,0,0.5,0,0,0,0,0,0,0,0
12/8/1997,0,,2,0,31.5,1.7,0,8,22.9,0,5.7,0,0,25.8,0,0,11.1,40,0,0,0,0
12/9/1997,0,,0,45,0,7.6,0,0,0,0,7,0,0,0.6,0,0,0,0,0,0,0,0
12/10/1997,29.3,,29.8,9.6,0.6,4.4,0,2.2,32.3,0,20.1,4.8,0,37.5,8.4,0,24.9,3.1,0,0,0,0
12/11/1997,15.9,,21,0,0,0,0,3.5,0,0,0,3,0,3.6,0,0,0,0,0,0,0,0
12/12/1997,1.7,,0.2,0,0,0,0,0,0,0,0,0,0,0,6.6,0,0,0,0,0,0,0
12/13/1997,0,,0,24.2,0,13.7,0,0,3.5,0,3.2,0,0,2.5,3.3,18.6,0.9,0.5,0,0,0,0
12/14/1997,0,,0,1.4,0,14.5,0,0,0,0,0,3.5,0,0,29.2,0,0,0,0,0,0,0
12/15/1997,0,,0,0,0,0,0,0,0,0,0,0,0,0,0,0,0,0,0,0,0,0
12/16/1997,0,,0,0,0,0,0,0,0,0,0,0,0,0,0,0,0,0,0,0,0,0
12/17/1997,0,,0,0,0,0,0,0,0,0,0,0,0,0,0,0,0,0,0,0,0,0
12/18/1997,0,,0,0,0,0,0,0,0,0,0,0,0,0,0,0,0,0,0,0,0,0
12/19/1997,0,,0,0,0,0,0,0,0,0,0,0,0,0,0,0,0,0,0,0,0,0
12/20/1997,0,,0,0,0,0,0,0,0,0,0,0,0,0,0,0,0,0,0,0,0,0
12/21/1997,0,,0,0,0,0,0,0,0,0,0,0,0,0,0,0,0,0,0,0,0,0
12/22/1997,0,,0,0,0,0,0,0,0,0,0,0,0,0,0,0,0,0,0,0,0,0
12/23/1997,0,,0,0,0,4.3,0,0,0,0,0,0,0,0,0,0,0,1.3,0,0,0,0
12/24/1997,0,,0,0,0,0,0,0,0,0,0,0,0,0,0,0,0,0,0,0,0,0
12/25/1997,0,,0,0,0,1,0,0,5.8,0,0,0,0,11.8,0,0,0,1.4,0,0,0,0
12/26/1997,0,,0,0,0,0,0,0,0,0,0,0,0,0,0,0,0,0,0,0,0,0
12/27/1997,0,,0,0,0,0,0,0,0,0,0,0,0,0,0,0,0,0,0,0,0,0
12/28/1997,0,,0,0,0,0,0,0,0,0,0,0,0,0,0,0,0,0,0,0,0,0
12/29/1997,0,,0,0,0,0,0,0,0,0,0,0,0,0,0,0,0,0,0,0,0,0
12/30/1997,0,,0,0,0,0,0,0,0,0,0,0,0,0,0,0,0,0,0,0,0,0
12/31/1997,0,,0,0,0,0,0,0,0,0,0,0,0,0,0,0,0,0,0,0,0,0
1/1/1998,0,,0,0,0,0,0,0,0,19.3,0,0,0,0,0,0,0,0,0,0,0,0
1/2/1998,0,,0,0,0,0,0,0,0,0,0,0,0,0,0,0,0,0,0,0,0,0
1/3/1998,0,,0,0,0,0,0,0,0,0,0,0,0,0,0,0,0,0,0,0,0,0
1/4/1998,0,,0,0,0,0,0,0,0,2.6,0,0,0,0,0,0,0,0,0,0,0,0
1/5/1998,36.5,,2,7.8,0,0,0,0.3,0,0,0.1,10.5,0,21.5,17.2,0,7.3,0,0,0,0,0
1/6/1998,0,,0,0,0,1.9,0,0,0,0,0,0,0,0,0,0,0.1,0,0,0,0,0
1/7/1998,0,,0,0,0,0,0,0,0,0,0,0,0,0,0,0,0,0,0,0,0,0
1/8/1998,0,,0,0,0,0,0,0,0,0,0,0,0,0,0,0,0,0,0,0,0,0
1/9/1998,0,,0,0,0,0,0,0,0,0,0,0,0,0,0,0,0,0,0,0,0,0
1/10/1998,0,,0,0,0,0,0,0,0,0,0,0,0,0,0,0,0,0,0,0,0,0
1/11/1998,0,,0,0,0,0,0,0,0,0,0,0,0,0,0,0,0,0,0,0,0,0
1/12/1998,0,,0,0,0,0,0,0,0,0,0,0,0,0,0,0,0,0,0,0,0,0
1/13/1998,0,,0,0,0,0,0,0,0,0,0,0,0,0,0,0,5.1,0,0,0,0,0
1/14/1998,0,,0,0,0,0,0,0,0,0,0,0,0,0,0,0,0,0,0,0,0,0
1/15/1998,0,,0,0,0,0,0,0,0,0,0,0,0,0,0,0,0,0,0,0,0,0
1/16/1998,0,,0,0,0,0,0,0,0,0,0,0,0,0,0,0,0,0,0,0,0,0
1/17/1998,0,,0,0,0,0,0,0,0,0,0,0,0,0,0,0,0,0,0,0,0,0
1/18/1998,0,,0,0,0,0,0,0,0,0,0,0,0,0,0,0,0,0,0,0,0,0
1/19/1998,0,,0,0,0,0,0,0,0,0,0,0,0,0,0,0,0,0,0,0,0,0
1/20/1998,0,,0,0,0,0,0,0,0,0,0,0,0,0,0,0,0,0,0,0,0,0
1/21/1998,0,,0,0,0,0,0,0,0,0,0,0,0,0,0,0,0,0,0,0,0,0
1/22/1998,0,,0,0,0,0,0,0,0,0,0,0,0,0,0,0,0,0,0,0,0,0
1/23/1998,0,,0,0,0,0,0,0,0,0,0,0,0,0,0,0,0,0,0,0,0,0
1/24/1998,0,,0,0,0,0,0,0,0,0,0,0,0,0,0,0,0,0,0,0,0,0
1/25/1998,0,,0,0,0,0,0,0,0,0,0,0,0,0,0,0,0,0,0,0,0,0
1/26/1998,0,,0,0,0,0,0,0,0,0,0,0,0,0,0,0,0,0,0,0,0,0
1/27/1998,0,,0,0,10,0,0,0,0,0,0,0,0,0,0,0,0,0,0,0,0,0
1/28/1998,0,,0,0,0,0,0,0,0,0,0,0,0,0,0,0,0,0,0,0,0,0
1/29/1998,5.6,,0,33.7,0,45,0,0,0,0,12.9,41.3,0,0.8,34.8,0,0,0,0,0,0,0
1/30/1998,0,,0,0,0,0,0,0,0,10.7,0,0,0,0,0,0,0,0,0,0,0,0
1/31/1998,6.6,,0,0,0,0,0,0,0,0,0,0,0,0,0,5.6,0,0,0,0,2.1,0
2/1/1998,0.6,,0,0,0,0,0,0,0,0,0,1.3,0,0,1.5,3.9,0,0,0,0,7.8,0
2/2/1998,0,,0,0,0,0,0,0,0,0,0,0,0,0,0,1,0,0,0,0,0,0
2/3/1998,0,,0,0,0,0,0,0,0,0,0,0,0,0,0,0,0,0,0,0,0,0
2/4/1998,0,,0,0,0,0,0,0,0,0,0,0,0,0,0,0,0,0,0,0,0,0
2/5/1998,0,,0,32,0,0,0,0,0,0,0.9,0,0,0,0,0,0,0,0,0,0,0
2/6/1998,0.3,,0,0,0,0,0,0.3,0,0,0,0,0,0,0,0,0,0,0,0,1.6,0
2/7/1998,0,,0,0,0,0,0,0,0,0,0,0,0,0,0,0,0,0,0,0,0,0
2/8/1998,0,,0,0,0,0,0,0,0,0,0,0.3,0,0,0,0,0,0,0,0,0,0
2/9/1998,0,,0,0,0,0,0,0,0,0,15.2,0,0,0,3.3,0,0,0,0,0,0,0
2/10/1998,7,,0,79.8,0,2.1,0,21.7,8.7,0,5.4,9.5,0,0,7.4,0,1.5,7.2,0,0,0,1.2
2/11/1998,0,,26.8,0,0,1.3,59.7,21.3,0,0,0,0,19.7,0,0,0,0,0,3.1,11.4,0,0
2/12/1998,7.2,,6,57.5,8.8,1.7,0,3.7,0,0,4.8,15.5,0,0,14.5,0,6.1,5.4,0,0,1,0
2/13/1998,0,,0,0,0,0,0,0,0,0,0,0,0,0,0,0,0,0,0,0,0,0
2/14/1998,0,,0,0,0,0,0,0,0,0,0,0,0,0,0,0,0,0,0,0,0,0
2/15/1998,0,,0,0,0,0,0,0,0,0,0,0,0,0,0,0,0,0,0,0,0,0
2/16/1998,0,,0,0,0,0,0,0,0,0,0,0,0,0,0,0,0,0,0,0,0,0
2/17/1998,0,,0,0,0,0,0,0,0,0,0,0,0,0,0,0,0,0,0,0,0,0
2/18/1998,0,,0,0,0,0,0,0,0,0,0,0,0,0,0,0,0,0,0,0,0,0
2/19/1998,0,,0,0,0,0,0,0,0,0,0,0,0,0,0,0,0,0,0,0,0,0
2/20/1998,0,,0,0,0,0,0,0,0,0,0,0,0,0,0,0,0,0,0,0,0,0
2/21/1998,0,,0,0,0,0,0,0,0,0,0,0,0,0,0,0,0,0,0,0,0,0
2/22/1998,0,,0,0,0,0.8,0,0,0,0,0,0,0,0,0,0,0,0,0,0,0,0
2/23/1998,0,,0,0,0,0,0,0,0,0,0,0,0,0,0,0,0,0,0,0,0,0
2/24/1998,0,,0,0,0,0,0,0,0,0,0,0,0,0,0,0,0,0,0,0,0,0
2/25/1998,0,,0,0,0,0,0,0,0,0,0,0,0,0,0,0,0,0,0,0,0,0
2/26/1998,0,,0,0,0,0,0,0,0,0,0,0,0,0,0,0,0,0,0,0,0,0
2/27/1998,0,,0,0,0,0,0,0,0,0,0,0,0,0,0,0,0,0,0,0,0,0
2/28/1998,0,,0,0,0,0,0,0,0,0,0,0,0,0,0,0,0,0,0,0,0,0
3/1/1998,0,,0,0,0,0,0,0,0,0,0,0,0,0,0,0,0,0,0,0,0,0
3/2/1998,1.6,,39.6,7.2,10.4,0.9,0,0,0,0,0,6.2,0,0,0,0,4,0,0,0,0,0
3/3/1998,11.5,,2.1,1.3,0,2.1,0,0,0,0,0,0.2,0,0,12.5,0,5.4,0,0,0,0,0
3/4/1998,0,,0,0,0,0,0,0,0,0,0,0,0,0,0,0,0,0,0,0,0,0
3/5/1998,0,,0,0,0,0,0,0,0,0,0,0,0,0,0,0,0,0,0,0,0,0
3/6/1998,0,,0,0,0,0,0,0,0,0,0,0,0,0,0,0,0,0,0,0,0,0
3/7/1998,0,,0,0,0,0,0,0,0,0,0,0,0,0,0,0,0,0,0,0,0,0
3/8/1998,0,,0,0,0,0,0,0,0,0,0,0,0,0,0,0,0,0,0,0,0,0
3/9/1998,0,,0,0,0,0,0,0,0,0,0,0,0,0,0,0,0,0,0,0,0,0
3/10/1998,0,,0,0,0,0,0,0,0,0,0,0,0,0,0,0,0,0,0,0,0,0
3/11/1998,0.5,,0,0,0,0,0,0,0,0,0,0,0,0,0,0,0,0,0,0,0,0
3/12/1998,11.3,,0,0,0,0,0,0,0,0,0.4,0,0,0,0,0,0,0,0,0,0,0
3/13/1998,7.8,,0,0,0,2.9,0,0.8,0,0,4.4,21.5,0,14.1,9.7,12.5,6.1,0,0,0,1.8,0
3/14/1998,0,,0,0,0,0,0,0,0,0,0,0,0,0,0,0,0,0,0,0,0,0
3/15/1998,1.7,,0,0.4,0,0,0,0,0,0,0,0,0,0,0,0,0,0,0,0,0,0
3/16/1998,0,,0,0.7,0,6.7,0,0,0,0,3.6,0,0,0,0,0,0,0,0,0,0,0
3/17/1998,0,,0,0,0,0,0,0,0,0,0,0,0,0,0,0,0,0,0,0,0,0
3/18/1998,0,,0,0,0,0,0,0,0,0,0,0,0,0,0,0,0,0,0,0,0,0
3/19/1998,0,,0,0.8,3.3,0,0,0.5,0,0,0,0,0,0,6.9,0,0,0,0,0,0,0
3/20/1998,4.2,,5.7,67.2,18.1,2,0,0,0,0,18.1,0.8,0,0,0,1.2,0,0,0,0,0,0
3/21/1998,0,,0,0,0,0,0,0,0,0,0,0,0,0,0,0,0,0,0,0,0,0
3/22/1998,0,,0,1.5,0,0.5,0,0,0,0,0,0,0,0,0,0,0,0,0,0,0,0
3/23/1998,0,,0,0,0,2.4,0,0,0,0,0,0,0,0,0,0,0,0,0,0,0,0
3/24/1998,0,,0,0,0,0,0,0,0,0,0,0,0,0,0,0,0,0,0,0,0,0
3/25/1998,0,,0,0,0,0,0,0,0,0,0,0,0,0,0,0,0,0,0,0,0,0
3/26/1998,0,,5.7,1.9,0.4,29.8,0,2.3,1.5,0,1.2,0,0,0,15.2,0,12.2,0,0,0,0,0
3/27/1998,1,,0,0,0,0,0,13.3,0,0,54,0.2,0,0,0,3,0,0,0,0,0,0
3/28/1998,8.4,,0,0,1.2,0,0,0.7,0,0,5.1,0,0,0,0,0,0,0,0,0,0,0
3/29/1998,0,,0,0,0.3,0,0,0,0,0,0,0,0,0,0,0,0,0,0,0,0,0
3/30/1998,6.2,,0,11.9,0,0,0,19.5,0,0,7,2,0,0,0,11.9,0,0,0,0,0.2,0.1
3/31/1998,0,,0,0,0,0,0,3.2,0,0,0,5,0,0,16.8,6,0,0,0,0,0,0
4/1/1998,0,,0,0,0,0,0,0,0,0,1.2,0.2,0,0,17,1.8,0,0,0,0,7.5,0
4/2/1998,0,,0.3,31.4,0.5,0,0,8.2,11.3,0,39.8,0,0,0,0.5,0,0,0,0,0,0,0
4/3/1998,0,,0,0,0,0.4,0,0,0,0,0,0,0,0,0,0,0,0,0,0,0,0
4/4/1998,0,,0,0,0,0,28.9,0,0,0,0,11.5,0,0,0,0,0,0,0,3,10.4,3.9
4/5/1998,0,,0,0,0,0,0,0,0,0,0,0,0,0,0,8.6,0,0,2.2,0,2,0
4/6/1998,0,,0,0,0,0,0,0,0,5.1,0,0,0,0,0,12.5,0,0,0,0,5.2,0
4/7/1998,0,,0,0,0,0,5.1,0,0,0,0,0,0,0,0,21.8,0,0,0,0,44.5,0
4/8/1998,1.5,,0,0,0,0,0,0,0,0,0,12.9,0,0,0,9.3,0,0,0,0,2.5,0
4/9/1998,31.3,,0,0,0,0,0,0,0,0,0,4,0,0,1.3,1.2,0,0,0,7.2,7,0
4/10/1998,11.8,,0,0,0,3.1,0,0,0,0,0.8,0,0,0,0,0,0,0,0,0,0,0
4/11/1998,11.7,,0,0,0,13.1,17.3,0,0,0,0,0,0,0,6.1,0,0,0,6.2,2.5,0,27.3
4/12/1998,8.8,,0.6,1.6,0,0.3,0,62,0,0,18.4,0,0,4.4,0,0,15.7,0,0,0,0,0
4/13/1998,10.6,,0,0.6,0,0,0,28,0,1.4,0,1.3,0,0,0.3,23,0,0,0,0,48,0
4/14/1998,0,,0,1.5,0,0,0,0,0,0,0,0,0,0,4.1,0,0,0,0,0,0,0
4/15/1998,0,,0,0.8,0,0,0,0,0,0,0,0,0,0,24.9,0,0,0,0,0,0,2.4
4/16/1998,0,,0,0,0,0,0,0,0,0,0,0,0,0,0,0,0,0,0,8.8,0,10.4
4/17/1998,0,,0,0,0,0,0,0,0,0,0,0,0,0,0,0,0,0,0,0,0,0
4/18/1998,0,,0,0,0,0,0,0,0,1.6,0,48.5,15,0,0,0,0.3,0,0,0,0,1.5
4/19/1998,0,,0,15,0,8.2,0.8,0,0,6,1.2,45.8,3.5,1,16.9,0,19.2,0,0,0,0,0
4/20/1998,0,,0,6,0,0,0,0,0,2.1,0,0,0,0,0,0,0,0,0,0,0,1.5
4/21/1998,3.8,,5.7,0,0,0,23.1,0,0,15.4,0,17.7,0,0,0,4.1,0,0,0,0,45.7,0
4/22/1998,28.6,,0,13.4,0,0.4,6.1,22.2,0,1.2,20.2,93.2,0,0,17.5,16.1,0,0,0,22.5,21.5,0
4/23/1998,0,,0,0,0,0,0,0,0,0,0,0,0,0,0,0,0,0,0,0,0,0
4/24/1998,0,,0,0,0,8.2,1.1,0,0,0,0,0,0,0,0,0,0,0,0,0,0,4.6
4/25/1998,0,,0,0,0,0,0,0,0,0,0,0,0,0,0,0,0,0,0.6,12,7.8,0
4/26/1998,21.8,,0,0,7.3,0,0,5.2,0,9.9,0,0,0,0,0,5.6,0,0,0,0,2.4,0
4/27/1998,78,,0,2.6,0,0,0,23.8,0.3,0,14.1,0.5,0,0,0,0,1.1,0,0,0,0,0
4/28/1998,0,,0,0.8,0,0,0,0,0,0,11.2,0.2,0,0,0,0,0,0,25.2,0,0,0.3
4/29/1998,1.6,,25.3,0.9,13.5,26.2,3.1,5.8,13.6,0,1.6,30.9,2.3,52.2,0,0,90.4,0,0,9.9,0,0
4/30/1998,3.4,,0,0,0,10.2,5.3,0,0,0,0,0.7,0,0,0.3,33,7.9,12,0,0.4,3,34.3
5/1/1998,3.1,,0,0,0,0,0,16.7,0,0,0.3,0,0,0,0,0,0,0,0.8,0,0,4.5
5/2/1998,0,,0,0,0,0,0,0,0,1.6,0,0,0,0,0,2.7,0,1,2.1,0,30.2,3.5
5/3/1998,29.3,,0,0,0,0,0,0.5,0,0,3.2,0.2,0,0,2.1,0,0,0,0,0,0,0
5/4/1998,4.1,,10.7,7.6,4.3,2.1,0.3,10.5,20.9,0,10,9,17.6,49.1,5.3,1,5.1,15.9,70.7,5.5,4.6,2
5/5/1998,1.2,,1,0,10.3,0,0,0,0,0,6.6,0,0,0,0,0,0,0,0,0.8,0,0
5/6/1998,25.5,,5.3,12.2,32.8,0,0,111.2,0.9,19.4,16.6,0,0,25.1,19.7,0,0,5.2,0,8.2,0,0
5/7/1998,18.6,,9.8,9.8,0.8,12.3,0,0,58.5,0,12.5,0,0,50.8,32,11.7,14.1,56.1,0,0,0,0
5/8/1998,0,,0,0,0,0.4,4.8,0,0,0,0,9.6,0,0,0,0,2.9,0,0,0,0,0
5/9/1998,0,,0,0,0.5,0.9,0,0,0,0,0,0,0,0,0,0,0,0,0,0,0,0
5/10/1998,21.1,,11,70,146.3,0,0,34.5,3.9,2.1,62.8,36,0,3.7,45,0,0.6,2.2,0,0,0,0
5/11/1998,0,,0,0,0,0,0,0,0,0,0,0,0,0,0,0,0,0,0,0,24.8,0
5/12/1998,0,,0.7,0,0,1.5,0,0,0,0,0,0,0,0,0.5,0,0,0,0,4.5,0,0
5/13/1998,0.7,,0,3.8,1.8,0,0,0.2,0,0,8.2,0,0,0,0.5,0,0,0,0.2,0,0,0
5/14/1998,0,,0,0,0,0,0.8,0,0,0,0,0,0,0,0,0,0,0,0,1.3,0,0.9
5/15/1998,6,,0,0,0,0,3.6,5.2,0,0,0,0.3,0,1.2,6.6,0,0,0,37.1,0,0,25.5
5/16/1998,0,,2.2,3.2,9,1.5,0,0,0,14.2,0.5,28.3,0,0,0.8,13.8,0,0,0,0,2.2,0
5/17/1998,21,,0,0,0,0,6.9,0,0,0.6,0,0,28.9,0,0,0,0,0,0,1.1,0,0
5/18/1998,4.4,,0,0,2.5,0,1.3,1.1,0,5.9,0,2.5,0,0,0,1.4,0,0,9.3,0,0.2,52.4
5/19/1998,48.6,,73.5,34.3,6.5,12,0.8,22.7,13.5,3.2,14.8,75.6,0,33.6,44.4,7.4,58,7.5,0,0,0,0
5/20/1998,0,,0,0,0,0.3,0,0,0,0,0,0,0,0,0,0,0,0,0,0,0,3.5
5/21/1998,0,,0,11,0,2.8,0,0,0,0,0,0,0,0,0,0,0,0,0.6,0,0,0.3
5/22/1998,0,,0,0,0,0,0,0,0,0,0,0,21.6,0,0,0,0,0,6.5,0,0,3.8
5/23/1998,13.7,,25.2,0,86.6,3,13.5,21.2,58.9,9.8,0.2,19.8,6.5,11.4,15.2,3.3,0,13.2,0,16.4,27.5,0
5/24/1998,0,,0,0,0,0,0,0,0,0,0,0,0,0,0,0,0,0,0,0,0,0
5/25/1998,0,,0,0,0,0,0,0,0,0,0,0,0,0,0,0,0,0,0,0,0,0
5/26/1998,0,,0,0,0,3.1,0,0,0,0,0,0,0,0,0,0,3.4,0,0,0,0,0
5/27/1998,5.2,,5.3,0.4,0.1,23.4,38.1,9.9,21.2,2.8,0,1,60.2,8.3,0.5,8.6,0,33,4.3,17.1,31,6.2
5/28/1998,0,,0,0,0,15.5,0,0,0.7,0,0,0,0,10,0,0,17.4,1.3,0,0.2,0,0
5/29/1998,0,,25.3,5.6,0.4,0.7,0,0,0,0,2.4,0,0,0,0,0,0,0,0,0,0,0
5/30/1998,11.9,,0,4.5,0,1.2,0,8.7,0,0,34.2,1,0,0,18.5,0,0,0,0,0,0,0
5/31/1998,1.7,,0,5,0,8.7,5.6,0,0,0.7,0,0,0,0,5.3,8.7,0,0,13,0,36,74.5
6/1/1998,30.9,,0,5,0,38.6,0.3,7.7,0,35.8,1.5,3.3,16.2,5.6,38.4,2.2,20.4,0,3.5,0,24.1,70.9
6/2/1998,0,,0,3.2,0,9.1,0,0.9,0,0.2,0,0.5,0,0.6,7.6,1,9.7,0,2.4,0,28.6,0
6/3/1998,1.4,,38.5,27.6,12.9,62.8,0,37.4,0.8,35.9,4.4,33,0,0.2,45.5,1.8,25.6,1.5,0,1.5,1,0
6/4/1998,10.2,,0,0,4.3,15.6,35.6,0.3,0.6,3.5,1.4,0.5,0,0,0,2.1,0,0.6,0,0,16.7,0
6/5/1998,5.1,,0,4,3,0,0,1.4,0,1.7,5.9,1.2,0,0,1,2.6,0,0,0,4.9,1,0
6/6/1998,0,,0,0,0,0,0,0,0,0,0,0,0,0,0,0,0,0,0,0,0,0
6/7/1998,0,,0,0,0,0,0,0,0,0,0,0,0,0,0,0,0,0,0,0,0,0
6/8/1998,0,,0,0,0,0,41.4,0,0,12.7,0,0,13.4,0,0,15.6,0,0,15.5,32.1,3.8,83.6
6/9/1998,0,,0,0,0,0,0,0,0,0,0,0,0,0,0,0.8,0,0,2.8,0,16.6,2.1
6/10/1998,0,,0,0,0,0,0.3,0,0,0,0,0,0,0,0,0,0,0,0,0,1.5,0
6/11/1998,0,,0,0,0,0,0,0,0,10,0,0,0,0,0,0,0,0,0,0,0,18
6/12/1998,3.7,,0,0,0,0,12.5,0,0,0.8,0,11.3,12.6,0,35.6,15.7,0,0,16.2,15.1,5.5,4.1
6/13/1998,0,,0,0,0,0,0,0,0,7.7,0,0,0,0,0,0,0,0,0,0,0,0
6/14/1998,2.9,,5,2.1,4.8,37,19.8,2.4,4,5.4,34,45.1,0,57.7,14.2,39.1,13,32,16.7,1.3,40.1,12.3
6/15/1998,0,,0,0,0,0,0,0,0,7.8,0,0.2,3.3,0,6.3,0,0,0,0,0,0,0.9
6/16/1998,0,,0,6.1,0,0,0,0,0,0,0,0,0,0,0,0,2.2,0,0,0,1,0
6/17/1998,0,,0,0,0,0,0,0,0,0,0,0,0,0,0,0,0,0,0,0,0,0
6/18/1998,29.3,,30,2.2,3.6,0,18,17,5.6,9,62.1,12.6,6.1,0,0,32.5,0,0.4,2.1,13,18.7,22
6/19/1998,0,,0,0,0,0.4,0,0,18.6,0,0,0,0,0,0,0,3.5,25.9,0,0,0,0
6/20/1998,22.2,,0,0.5,58.8,0,10.4,15.6,0,48,35.9,28.2,15.9,0,0.3,4.7,0,0,15,14.6,1.8,15.9
6/21/1998,2.8,,0,18,0,4.7,0,0,0,0.5,6.8,7.2,0,3,23.4,9.6,0,0,0,0.8,31,0
6/22/1998,4.7,,0.5,7,2,0,0,2,0,2.1,1,3.4,0,0,1.8,3.5,0,0,10,0,4.6,0
6/23/1998,1.3,,0,0,0,0,0,0,0,0,0,0,0,0,0,0,0,0,0,0,0,0
6/24/1998,0,,0,0,0,0,0,0,0,0,0,0,0,0,0,0,0,0,0,0,0.7,0
6/25/1998,1.6,,0,34.4,2,2.1,37.3,0,0.5,0,4.6,0,1.3,0,0,0,0,0,0,1.6,1.5,2.8
6/26/1998,7.3,,0.9,11.2,0,49.3,0,0.7,0.3,0,0,0.4,0,0,22.1,17.2,0,0,0,0,0,0
6/27/1998,0.5,,1,0.9,23.1,0.4,1.5,4.8,0,0,33.2,0,0,0,0.8,33.6,0,0,0,11.8,0,0
6/28/1998,25.5,,4.6,8.9,107.1,1.3,9.4,22.5,5.5,2.7,22.6,41.8,0,0,27,13.4,5.8,0.5,1.8,0,7.6,5.6
6/29/1998,9.3,,0,1.2,0,2.3,0,0.6,0,15,1.5,0,0,0,33.3,0,27.5,0,0,0,0,0
6/30/1998,0,,0,0,0,0,0,0,0,0,0,0,8.2,0,0,0,0,0,0,0,0,0
7/1/1998,0,,1.4,0,0,0,0,0,0,0,12.8,0,0.2,0,0,0,2.6,0,0,0,0,0
7/2/1998,1.8,,0.5,26.9,10,3.2,19.3,4,0,14,2.6,0,0,0,0,0,0,0,18.1,0,0,3.1
7/3/1998,0.8,,0,0,0,0,0,2.6,0,0,0,0,0,0,0,0,0,0,0,0,0,0
7/4/1998,0,,0,0,0,0,0,0,0,0,0,0,0,0,0,0,0,0,0,0,0,0
7/5/1998,0,,0,0.5,0,0,0,0,0,0,0,0.4,0,0,0,0,0,0,0,0,0,0
7/6/1998,0,,0,0,0,0,0,0,0,26,0,0,22.9,0,0,0,0,0,0,0,0,0
7/7/1998,0,,0,0,0,0,0.3,1.5,0,0,0,0.9,0,0,0,7.2,0,0,0,0,2.4,0
7/8/1998,12.7,,0,0,0.4,0,18,25.4,0,63,0,0,39.9,0,0,38.4,0,0,1,0,9.6,0
7/9/1998,0,,0,0.3,11.9,2,0,0,0,0,0,3.5,0,0,4.3,3.2,0,0,0,0,0,0
7/10/1998,0,,0,13.4,0,1.9,0,0,0,0,0.8,0,0,9.2,2.1,0,5.2,0,0,0,0,0
7/11/1998,0,,0,1.1,0,4,0,0,0,0,1.2,0,0,1.2,5.1,0,6.9,0,0,0,4.7,0
7/12/1998,0.8,,0,28.5,0.7,1,0,26.1,0,0.2,2.8,0.8,0,0.2,5.6,0,1.4,0,0,0,0,0
7/13/1998,0,,0,0,0,0,0,6.7,0,0.5,0,0,0,0,6.4,0.4,0,0,0,0,0,1.2
7/14/1998,0,,0,0,0,0,0,0,0,0,0,0,0,0,0,0,0,0,2.4,5,0,0
7/15/1998,1,,0,0,0,0,0,0,0,0,0,0,3,0,0,0,0,0,32.8,3.9,0,6.7
7/16/1998,0,,0,0,0,0,0,0,0,0,2.1,0,0,0,0,0,0,0,0,0,0,0
7/17/1998,0,,0,0,0,0,0,0,0,0,0,0,8.6,0,0,0,0,0,0,0,0,4.3
7/18/1998,0,,0,0,0,0,0,0,1.3,0,0,0,13.3,0,3.6,0,0,0,0,6.8,0.9,0
7/19/1998,0,,0,0,0,0.5,0,2.5,0,35.3,0.4,4.9,0,0,0.5,0,1.7,1,0,0,0,1
7/20/1998,32.7,,1.5,92.7,5.9,2.8,0,17.5,9.9,12,7.8,23.3,21,16.7,9.4,0.2,5.6,3.7,14.8,0,0,12.3
7/21/1998,10.4,,0.2,7.1,2.2,0,2.5,7.1,0.1,11.5,7.8,19.1,0.4,0,9,6,0,0,0,12.8,5.1,1.9
7/22/1998,0,,0,0,0,0,0,0,0,3.9,0,3.1,0,0,4.8,0,0,0,0.5,0,0,0
7/23/1998,0.6,,0,0,0,0,70.9,0,0,34.7,0,0,0.6,0,0.5,0.7,0,0,0.5,47.9,3,3
7/24/1998,0,,0,0,0,1.1,5.4,0.2,0,0,0,0,1.9,0,2.4,1,0,0,0,3.4,0,0
7/25/1998,0,,0,0,0,0,0,0,0,1,0,0,0,0,0,0,0,0,0,0,0,0
7/26/1998,0,,0,0,0,0,0,0,0,0,0,0,15.7,0,0,0,0,0,0,0,0,0
7/27/1998,0,,0,0,0,0,0,0,0,0,0,0,0,0,0,0,0,0,0,0,0,0
7/28/1998,0,,0,0,0,0,0,1.4,0,3.4,0,0,0,0,0,0,0,0,53.5,2.8,0,29.2
7/29/1998,0,,0.2,0,0,1,0,4,1,0,0,0.5,0,0.8,2,0,3.5,0,0,0,0,0
7/30/1998,0,,0,0,0,0,0,0,0,0,0,0,0,0,0,0,0,0,0,0,0,0
7/31/1998,0,,3.8,0,0,1.9,0,0,0,0,0,0,0,0,0,0,7.6,0,0,34.9,0,0
8/1/1998,2.6,,0.5,4.1,0.6,1.2,0,0,0.5,0,1.3,5.3,0,4.2,1,0,2.2,1.6,0,0.6,0,0
8/2/1998,12.7,,0,3.4,0,3.8,0.3,0.7,0,0,0.9,1.2,1.9,0,0.8,0.2,0.3,0,0,0,0,0
8/3/1998,0,,0,0,0,0,6.6,1,0,1.8,0,0,26.4,0,0,0,0,0,2.1,21.1,0,16.2
8/4/1998,0,,0,0.5,6.6,0.8,0.3,0,0,0,0,0,0,0,0,0,0.4,0,0,0,0,0
8/5/1998,0.5,,0,8,0.2,14.6,0.5,0,0,3.8,0.3,3.4,0,0.2,20.9,0,0.6,0,0.5,0.2,0,0
8/6/1998,0,,0,0,0,0.1,0,0,0,3.9,0,1.4,0,0,0.3,0,0,0,0,0,0,9.2
8/7/1998,0,,0,0.1,0,0,0,0.8,0,0,0,0.3,6.1,0,0.5,0,0,0,0,0,0,0
8/8/1998,0,,0,0,0,0,0,0,0,2.5,0,0,19.3,0,0,0,0,0,0,0,0,8.8
8/9/1998,0,,0,0,0,0,0,0,0,0,0,0,0,0,0,0,0,0,0,0,0,0
8/10/1998,0,,5.9,0,0,0,35.8,2.3,0,40.4,27.8,0,0,0,0,0,0,0.8,0.6,4,0,0
8/11/1998,0,,0,56.7,0,0,32.1,0.3,0,14.3,0.4,0,18,0,12.5,2.7,0,0,12.4,5,1.4,23
8/12/1998,3.5,,0,0.2,0,2.6,1.3,0.4,0,1.5,0.2,0.6,0,0.3,7.4,0,3.2,0,0,0,0,0
8/13/1998,0,,0.9,2.2,0,2,0,4.5,0,0,2.2,0,34.3,0,1.5,0,1.4,0,2.4,0.7,0,11.9
8/14/1998,12.1,,0,0.3,0,0,28.8,0,0,4.8,0.1,2.9,51.4,0,1.8,9,0,0,26.1,42.5,6.4,32.9
8/15/1998,12.7,,0,3,0,3.5,0.5,1.5,0,2.1,1.1,1.2,8.8,0.6,2.5,1.2,1,0,0.4,47.4,0,0.5
8/16/1998,0,,0,0.4,0,0,0.5,0,0,0,0,0.8,0,0,0,0.1,0,0,0,0,0,1.6
8/17/1998,0,,0,0,0,0,0,0,0,0,0,0,0,0,0,0,0,0,0,0,0,0
8/18/1998,5.1,,25.4,0.2,5.4,0,1,68.4,0,11.6,6.2,27.3,9.1,1.1,0,24.2,0.1,0,2,52.3,0.4,6.8
8/19/1998,2,,0,0,0,0,0,0,0,0,2.1,3.5,0,0,1.3,0,0,0,0,0,0,0
8/20/1998,0,,0,0,0,0,0,0,0,0,0,0,0,0,0,0,0,0,0,0,0,0
8/21/1998,0,,0,0,0,0,0,0,0,0,0,0,41.6,0,0,0,0,0,0,0,0,0
8/22/1998,9,,0,0.3,0,0,0,0.3,0,11.7,0.5,0.1,32.4,0,0,0,0,0,14.1,29.8,0,13.9
8/23/1998,2.5,,0,0.3,0,0,31,0,0,0,0,2.2,1.3,0,1.6,1.4,0.5,0,2.7,6.4,6.8,0
8/24/1998,0,,0,17.6,0,0,0.3,0,0,14.8,0,0,0,0,2,0,0,0,0.6,4.7,18,0
8/25/1998,0,,0,0,0,0,20.6,0,0,0,0,0,12.2,0,0,0,0,0,7.2,8,0,29.5
8/26/1998,0,,0,0,0,0,0.3,0,0,0,0,0,0.4,0,0,0,0,0,1.9,0.1,0,0
8/27/1998,0,,0,0,0,0,0,0,0,0,0,0,0,0,0,0,0,0,0,0,0,0
8/28/1998,1.8,,0,0,0,0,0,0,0,0,0,0,0,0,0,0.7,0,0,0,0,0,28.4
8/29/1998,0.6,,0,0.8,0,1.9,5.1,0,0,22.2,0.1,25.3,18.7,0,6.4,1.1,0,0,21.4,25.2,22.2,4.8
8/30/1998,0,,0.1,3.3,0,0,0,0.4,0,0.2,0,0.1,0,0,0.3,0.2,0.1,0,2.2,0,0,0
8/31/1998,0,,0,8.9,0,0,0,0,0,0,0,0,0,0.8,0.5,4.3,0.2,0,0,16.8,2.5,25.3
9/1/1998,0,,0,0,0,0,14.5,0.4,0,14.2,0.2,0.2,0,0,0.5,13,0,0,17,0,2.2,10.7
9/2/1998,0.3,,0.1,3.8,0,0,0,0.4,0.3,0,0,0,0,0,0,1.3,0,4.6,0,0,9.3,0
9/3/1998,8.3,,0,1.5,0,0,0,0,0,0,0.6,0,0,0,0.8,0,0.2,0,0,0,0,0
9/4/1998,0,,0,3,0,0,0,0,0,0,0,0,0,0,0,0,0,0,0,0,0,0
9/5/1998,0,,0,0,0,1.1,0,0,0,0,0,0,11.2,0,0.5,0,0.2,0,0,0,0,0
9/6/1998,0,,0,0,0,0,0,0,0,0,0,0,0.8,0,0,0.7,0,0,0,0,0,0
9/7/1998,0,,0,0,0,0,0,0,0,0,0,0,0,0,0,0,0,0,3,0,0,0
9/8/1998,0,,0,0,0,0,0,0,0,0.3,0,0,0,0,0,0,0,0,3.8,0,0,0.7
9/9/1998,0,,0,0,0,0,0,0,0,0.8,0,0.3,0.6,0,69.8,51.1,0,0,15.4,4.3,0,0
9/10/1998,0,,0,0,0,3.5,0,1.2,0,22.4,0,0,18,0,0,0,0,0,37,14.5,4.8,119.6
9/11/1998,6.2,,2.5,0.4,1.9,0,32.5,8,0,7,3.4,0,2.7,0,16,0.4,0.1,0,5.1,9.6,55.9,6.6
9/12/1998,0,,0,0,0,0.1,0,0,0,0,0,0,0,0,0,0,0,0,0,0,0,0
9/13/1998,8.7,,0,3.8,5.2,0,8.1,7,0,2.2,4.9,26.1,9.8,0,4.8,19.3,0.1,0.7,11.1,0,21.4,1.2
9/14/1998,9.9,,0,6.3,0,0,11.2,0.4,0,0,11.8,0.7,8.9,0.3,0,8.2,0.5,0.2,0.1,30.7,43,20.1
9/15/1998,0,,0,0.3,0,0.9,2.3,0,0,0.2,0,0,0,0,1.3,1.6,0,0,0,0,15.2,0.1
9/16/1998,0.6,,0,0,0,0,11.7,0,0,12,19.4,0,11.5,0.5,0,0,0.2,1.1,1.8,0,0,3.4
9/17/1998,0,,0.2,0,0,2.6,0,0,0,0,0,0,0,0,0,0,2,0,0,0,0,2.9
9/18/1998,0,,34.9,4.8,2,0.2,56.4,0,0,3.1,0,0,19.1,0,0,0,0,0,41.3,6.4,0,60.7
9/19/1998,0.7,,0,0,0,0.1,0,0,0,0,0,3.3,0,1,1.8,0,0,0,7.2,0,0,3
9/20/1998,0,,0,0.5,0,0,0,0,0,10.4,0,0.4,15.1,0,2.6,0,0,0,0,0.7,0,29.4
9/21/1998,60.8,,3.7,8,0,0,1.8,0.2,0,12.8,2.4,0.7,2.3,0,0.5,0,0,0,13,0.5,1.1,2.2
9/22/1998,1.5,,1.6,0.8,0,0,0,12,0,1.1,0.5,3.2,9.7,0,15.4,3.8,0,0,0,4.9,0,48.1
9/23/1998,0,,0,0,0,0,4.6,2.8,0,52.6,0,0,13.7,0,6.1,18.6,0,0,3.5,25.2,2.5,2.8
9/24/1998,1.2,,109.4,2.8,57.4,0,2.3,0,1.4,2.2,8.7,1.2,1.5,0,5.7,13.8,0.5,0,68.7,4.8,1.6,13.2
9/25/1998,11.8,,21.9,0.4,0,0,0.8,1.8,1.7,0.2,0.8,22.3,0,0.8,0,0.3,1.7,0,0,3.8,4.5,0
9/26/1998,9.8,,10.3,0,1.8,29.2,0,21.6,9.8,5,10.4,11.8,0,1.2,0,20,0,0.3,0,2.3,0,0
9/27/1998,4.1,,0,4.8,0,0,5.6,0,0.2,0.3,0,2.5,21.1,0,1.3,13.6,0,0,0.8,5.5,5.6,6.3
9/28/1998,0,,0,0,0,0,4.6,0,0,0,0,0,0,0,0,0,0,0,11.8,0,0,24
9/29/1998,0.3,,1.2,0,0,0.6,0.8,0,0,0,0.4,0,0,0,0,0,0,0,2.1,0,7.3,0
9/30/1998,9.5,,5.7,5.2,0,3.2,6.3,0,0,0,0,2,0,0,0,0,0,0,0,0,0,0
10/1/1998,0,,1.4,4,0,0.6,2.3,4.2,0,0,0,0.2,0,0,33,7.9,0,0,2.1,0,1.4,1.4
10/2/1998,0,,0,1.3,0.6,0,0,0,0,0,0,0,0,0,0,5.4,0,0,0,0.7,0,0
10/3/1998,0.1,,0,0,0,0,2.5,0,0.4,12.6,0,9.4,0,0,0,15.9,0.6,0,18.5,0,14.4,0
10/4/1998,1,,11.6,20.5,0.4,0,1.5,10.8,0,0,0,12.6,0,7.6,3.5,16.2,1.9,0,0,0,0,0
10/5/1998,9.3,,0,3.5,16.2,13.4,0,11.1,0,0,6.2,12.8,0,0.3,1.1,3.9,0,0,11.7,0,7.4,0
10/6/1998,0,,0,0,13.8,1.4,0.5,1.9,0,18.5,0.1,4.2,0,0,0,0,0,0,31.2,0,9.9,9
10/7/1998,0.2,,0.1,0.2,0.1,4.1,0.3,0,5.4,20.7,2.1,7,0,5.6,26.9,26.3,2,3,5.2,0,23,1.5
10/8/1998,13.7,,0.5,16.4,21.2,0,1.8,7.2,1.1,3,3,0,0,0,13,20.3,0,0,16.2,7.4,28.4,7.8
10/9/1998,0,,0,0,0,0,0,1.6,0,0,0,0,0,0,2.3,7.9,0.3,0,0,0,0,0.2
10/10/1998,0,,0,0,0,0,0,0.5,0,22.6,0,0,0,0,0,0,0,0,0,0,0,1.8
10/11/1998,2.5,,0.5,0.2,2.2,0,24.3,0,0,3.9,12.8,0,19.2,0,0,30.5,25,0,37.3,11.4,14.7,0.2
10/12/1998,16.8,,0,17.5,93.3,27.7,3.3,4.2,2.2,50.9,44.3,0,0,0.3,0.3,0,28.3,0.6,0,0,2.8,0.3
10/13/1998,0,,0,0.3,0,2.4,3.3,0,0,0,0.7,0.1,0,9.4,1.8,0,1.5,0,0,0,0,0
10/14/1998,1.8,,0,0,0,0,4.6,0,0,0,4.4,0,0,0,0,0.9,0,0,0,0,4.9,0
10/15/1998,9.4,,0,2,0,0,0,8.1,0,0,0.4,8.7,8.5,0,0,1.1,0,0,0.6,0,12.5,0
10/16/1998,0.6,,0.3,0,0,4.4,0,1.6,0,0,1.6,0,0,0,21.8,0,0,0,0,0,0.1,0
10/17/1998,2.1,,0,0,52.1,0,8.4,4.7,0,0.2,0,3.4,1.8,0.3,0,7.6,0,0,0,9.7,0.2,0
10/18/1998,88.1,,8.4,10.9,83,26.3,21.9,77.7,46.5,8.8,13.2,0.2,9.6,4.9,22.6,35.1,38.6,38,55.9,0,7.2,9.2
10/19/1998,0.2,,0,1,0,130.5,0,0.2,1.1,0,0.2,0.4,0,2.3,0.3,0,32.8,0.3,0,0,0,0
10/20/1998,0,,0,2.8,0,0.3,0,2.5,0,0,0,0,0,0,11.9,28.7,0.6,0,0,0,16.5,0
10/21/1998,0,,0,8.6,0,6.1,0,0,0,0,0,0,0,0,0.5,0,0,0,0,0,0,0
10/22/1998,9.4,,1,9.2,0,1.2,0,1.5,0,10,1,0,0,0,0,13.4,0,0,0,6.1,10.7,0
10/23/1998,0.1,,52.5,13.3,3.4,58,9.7,19.5,150.7,2.7,24.3,1.8,0,124.9,77.7,10.5,152,37.2,8.6,4.3,0,7.5
10/24/1998,13.3,,1.3,0,0.8,33.4,0,0,1.5,3.9,0.1,0,0,1.4,8.9,0,37.8,3.6,0,0,0,0
10/25/1998,6.9,,0,0,0,0,0,0,0,0,0,0,0,0,0,6.4,0,0,0,0,0.1,0
10/26/1998,0,,0,14.6,0,0,0,0,0,1.5,3.8,0,0,0,3.1,0,0,0,0,0,1,0
10/27/1998,0,,0,5.6,0,0,0,0,0,0,2.4,0,7.8,0,0,0,0,0,0,2.7,0.1,0
10/28/1998,0,,0,0,0,0,0,0,0,0,0,0,0,0,0,0,3,0,0,0,0,0
10/29/1998,0,,0.3,0,0,0,0,4,0,0,0,0,0,0,0,0,0,0,0,0,0,0
10/30/1998,0,,9.7,0,5.1,2.3,1,0,0,0,0,14.7,1,0,2.3,0,0,0,0,0,0,0
10/31/1998,0,,0,3.4,22.5,0,0,0,0,0,3.7,1,0,0,0.3,5.2,0,0,0,0,1.7,0
11/1/1998,2.6,,0,16.3,1.3,0,0,3.3,0,0,0,0,0,0,4.6,0,0,0,0,0,0,0
11/2/1998,0,,4,5.3,0,0.4,0,0,0,0,0,0,0,0,0,0,0,0,0,0,0,0
11/3/1998,0,,0,11.2,0,0,0,0,0,0,0,0,0,0,0,0,0.1,0,0,0,0,0
11/4/1998,0,,0,0,0,2.2,0,0,0,0,0.6,0,0,0,0.3,0,0,0,0,0,0,0
11/5/1998,0.8,,0,9,0,27.8,0,0,0,0,0,0,0,0,3.3,0,0,0,0,0,0,0
11/6/1998,0,,0,0,0,0,0,0,0,0,0,0.6,0,0,2.5,0,0,0,0,0,2.1,0
11/7/1998,0,,0.3,36.6,0,33.1,0,0,0,0,0,0.3,0,0,18,0,0,0,0,0,0,0
11/8/1998,0,,0,0.2,0,1.6,0,0,0,0,0,0,0,0,0,0,8.4,0,0,0,0,0
11/9/1998,0,,0,0,0,0,0,0,0,0,0,0,0,0,0,0,0,0,0,0,0,0
11/10/1998,0,,0,0,0,0.2,1.6,0,0,0,0,0,0,0,0,4,0,0,0,0,1.7,0
11/11/1998,0,,12.8,0,0.6,0,0,0,0,0,0,0,0,0,0,0,0,0,0,0,0.4,0
11/12/1998,0,,6.9,0,0,0,0,0,0,0,0,0,0,0,0,0,0,0,0,0,4.3,0
11/13/1998,0,,0,3.5,4.4,0,0,54.8,0,0,1.8,0,0,0,0,0,0,1.6,0,0,0,0
11/14/1998,0,,0,15,0.5,0,0,0,0,0,4,0,0,0,21.8,0,0,0,0,0,2.3,0
11/15/1998,0.2,,0,23.9,23.3,18.1,0,0.6,0,0,10.1,0,0,3.6,3.8,0,14.7,0,0,0,0,0
11/16/1998,0,,8.2,0,5.6,0,0,0,0,0,0,0,0,0,0,0,0,0,0,0,0,0
11/17/1998,0,,0,0,0,0,0,0,0,0,0,0,0,1.8,0,0,0,0,0,0,0,0
11/18/1998,0,,0.4,3.3,0.3,0,0,6.3,0,0,0,0,0,0,2.5,0,0,0,0,0,1.4,0
11/19/1998,0,,18.3,7.8,0,3.1,0,0,0,0,0,0,0,0,16.3,0,0,0,0,0,0.6,0
11/20/1998,0,,0,0,9,1.1,0,17.3,0,0,2.4,0,0,0,0.5,0,0,0,0,0,9.2,0
11/21/1998,0,,9.4,0,0.5,0,0,0,0,0,0,0,0,0,0,0,0,0,0,0,0,0
11/22/1998,0,,17.8,0,0,0.2,0,0,0,0,0,0,0,1.4,0,0,0,0,0,0,0,0
11/23/1998,0,,0,9.8,11.1,0,5.3,0,0,0,0.4,0,0,0.5,18.7,0,0,0,2.7,0,12.8,0
11/24/1998,0,,0,0,0,0,0,0,0,0,0,5.2,0,0,0,0,0,0,0,0,4.1,0
11/25/1998,0,,0,0.7,0,15.1,0,0.3,0,0,5.6,0,0,0,0.3,1.8,0,0,0,0,0.8,0
11/26/1998,0,,40.3,0,0,22.2,0,0,0,0,0,8.2,0,0,0,0.7,0,4,0,0,0.4,0
11/27/1998,24.1,,19.4,2.8,9.6,0,0,15.2,0,0,6,0.7,0,0,0,0,0,0,0,0,0,0
11/28/1998,0,,0,1.9,0,7.5,0,11.2,0,0,0,8.5,0,0,0,0,0,0,0,0,0,0
11/29/1998,0,,0,12.3,0.9,19.6,0,0,14.1,0,0,0,0,0,19.8,0,0,0,0,0,0,0
11/30/1998,0,,13.4,0,4.5,0,0,0,0,0,0,0,0,0,0,0,0.2,0,0,0,0,0
12/1/1998,0,,4.8,4.5,12.3,0,0,0,0,0,0,0,0,0,0,3.4,0,0,0,0,5.6,0
12/2/1998,0,,0,0,0,0,0,0,0,0,0,0,0,0,0,0,0.7,0,0,0,0,0
12/3/1998,0,,0,0,0,0,0,0,0,0,0,0,0,0,0,0,0,0,0,0,0,0
12/4/1998,0,,0,0,0,0,0.3,0,0,0,0,0,0,0,0,0,0,0,0,0,0,0
12/5/1998,0,,0,0,0,0,0,0,0,0,0,0,0,0,3.1,0,0,0,0,0,0.4,0
12/6/1998,0,,0,0,0,0.2,0,0,0,0,0,0,0,0,0.5,0,0,0,0,0,3.8,0
12/7/1998,0,,1.7,3,0.6,5,0,0,0,0,0,1,0,0,29,0,0,0,0,0,1.2,0
12/8/1998,19.8,,13,0.3,0,0,0,0,0,0,9.2,5.9,0,0,12.7,3.2,0,0,0,0,0,1.4
12/9/1998,0,,0,0.6,0,0,0,0,0,0,0,0,0,0,0,0,0,0,16.2,0,0,0
12/10/1998,0,,0,0,0,0,0,16.9,0,0,0,0,0,0,0,9.5,0,0,0,0,1.5,0
12/11/1998,0,,0,0,0,0,0,0,0,0,0,0,0,0,0,0,0,0,0,0,0,0
12/12/1998,0,,1.3,9,2.9,0.6,0,19.2,14.6,0,0,0,0,1.8,1.5,0,0,11.7,0,0,0,0
12/13/1998,0,,0,0,0,53,0,0,0,0,0,0,0,0,0,0,40.9,0,0,0,0,0
12/14/1998,0,,0,0,0,0,0,0,0,0,0,0,0,0,0,0,0,0,0,0,0,0
12/15/1998,0,,0,0,0,0,0,0,0,0,0,0,0,0,0,0,0,0,0,0,0,0
12/16/1998,0,,0,0,0,0,0,0,0,0,0,0,0,0,0,0,0,0,0,0,0,0
12/17/1998,0,,0,0,0,0,0,0,0,0,0,0,0,0,0,0,0,0,0,0,0,0
12/18/1998,0,,0,0,0,0,0,0,0,0,0,0,0,0,0,0,0,0,0,0,0,0
12/19/1998,0,,0,0,0,0,0,0,0,0,0,0,0,0,0,0,0,0,0,0,0,0
12/20/1998,0,,0,0,0,0,0,0,0,0,0,0,0,0,0,0,0,0,0,0,0,0
12/21/1998,0,,0,0,0,0,0,0,0,0,0,0,0,0,0,0,0,0,0,0,0,0
12/22/1998,0,,0,0,0,2.1,0,0,0,0,0,0,0,0,0,0,0,0,0,0,0,0
12/23/1998,0,,0,0,0,0,0,0,0,0,0,0,0,0,0,0,0,0,0,0,0,0
12/24/1998,0,,0,0,0,0,0,0,0,0,0,0,0,0,0,0,0,0,0,0,0,0
12/25/1998,0,,0,18.3,0,0,0,0,0,0,0,0,0,0,13.7,0,0,0,0,0,0,0
12/26/1998,0,,0,2.5,0,7.8,0,0,0,0,0,0,0,0,0,0,0,0,0,0,0,0
12/27/1998,0,,0,0,0,26.2,0,0,0,0,0,0,0,0,0,0,0,0,0,0,0,0
12/28/1998,0,,0,0,0,35.3,0,0,0,0,1.6,24.8,0,0,25.6,0,0,0,0,0,0,0
12/29/1998,0,,3.6,0,0,0,0,0,0,0,1.6,0,0,0.7,0,0,0.2,0,0,0,0,0
12/30/1998,0,,0,0,0,0,0,0,0,0,0,0,0,0,0,0,0,0,0,0,1,0
12/31/1998,0,,0,0,0,0.1,0,0,0,0.9,0,0,0,0,0.8,7.6,0,0,0,0,0,0
1/1/1999,0,,2.5,0,0,0.1,0,0,11.5,0,12.8,0,0,3.8,0,0,0,0,0,0,0,0
1/2/1999,0,,0,2.3,0,29.4,0,0,0,0,0,0,0,0,0,0,0,0,0,0,0,0
1/3/1999,0,,0,0,0,0,0,0,0,0,0,0,0,0,0,0,0,0,0,0,0,0
1/4/1999,0,,0,0,0,0,0,0,0,0,0,0,0,0,0,0,0,0,0,0,0,0
1/5/1999,11.7,,27,0,6,6.2,0,54,7.6,0,9.2,0,0,35.1,0,0,14.8,27.2,0,0,0,0
1/6/1999,0,,0,6.3,0,0,0,0,0,0,0,0,0,0.3,0,0,0,0,0,0,0,0
1/7/1999,0,,0,0,0,0,0,0,0,0,0,0,0,0,0,0,0,0,0,0,0,0
1/8/1999,0,,0,0,0,0,0,0,0,0,0,0,0,0,0,0,0,0,0,0,0,0
1/9/1999,0,,0,0,0,7,0,0,0,0,0,0,0,0,0,0,1,0,0,0,0,0
1/10/1999,0,,0,0,0,0,0,0,0,0,0,0,0,0,0,0,0,0,0,0,0,0
1/11/1999,0,,0,0,0,5.5,0,0,0,0,0,0,0,0,0,0,0,0,0,0,0,0
1/12/1999,0,,0,0,0,3,0,0,0,0,0,0,0,0,0,0,0,0,0,0,0,0
1/13/1999,0,,0,0,0,0,0,0,0,0,9.8,0,0,0,0,0,0,0,0,0,0,0
1/14/1999,0,,0,0,0,0.3,12.5,0,0,0,0,0,0,0,0,0,0,0,0,5.8,0,0
1/15/1999,0,,0,0,0,0,0,0,0,6.2,0,0,0,0,0,0.9,0,0,4.2,0,0,45.6
1/16/1999,0,,0,0,0,0.1,0,0,0,0,0,1.4,0,0,0,0,4.4,0,0,0,0,0
1/17/1999,0,,0,0,0,0,0,0,0,0,0,0,0,0,0,0,0,0,0,0,0,0
1/18/1999,0,,0,0,0,0,0,0,0,0,0,0,0,0,0,0,0,0,0,0,0,0
1/19/1999,0,,0,0,0,0,0,0,0.3,0,0,0,0,0,0,0,5,0,0,0,0,0
1/20/1999,0,,11.6,0,0.6,0,0,0,0,0,0,0,0,0,0,0,0,2,0,0,0,0
1/21/1999,0,,0,0,1.3,0,0,0,0,0,29.6,0,0,3.3,0,0,0,0,0,0,0,0
1/22/1999,0,,0,0,0,0,0,0,0,0,4.8,0,0,1.3,0,0,30.2,0,0,0,0,0
1/23/1999,0,,0,0,0,0,0,4.1,0,0,4,0,0,0,0,0,0,0,0,0,0,0
1/24/1999,0,,0,0,0,0,0,0,0,0,0,0,0,0,0,0,0,0,0,0,0,0
1/25/1999,0,,0,0,0,0,0,0,0,0,0,0,0,0,0,0,0,0,0,0,0,0
1/26/1999,0,,0,0,0,0,0,0,0,0,0,0,0,0,0,0,0,0,0,0,0,0
1/27/1999,0,,0,0,0,0,0,0,0,0,0,0,0,0,0,0,0,0,0,0,0,0
1/28/1999,0,,0,0,0,0,0,0,0,0,0,0,0,0,0,0,0,0,0,0,0,0
1/29/1999,0,,0,0,0,0,0,0,0,0,0,0,0,0,0,0,0,0,0,0,0,0
1/30/1999,38.9,,0,0,0,0,0,0,0,0,0,59.9,0,0,21.3,0,0,0,0,0,0,0
1/31/1999,2.7,,0,20.4,0,0,0,0,0,0,1.6,0,0,0,0,19.6,0,0,0,0,2.4,0
2/1/1999,0,,0,0,0,0,0,0,0,0,0,0,0,0,0,0,0.1,0,0,0,0,0
2/2/1999,0,,0,0,0,0,0,0,0,0,0,0,0,0,0,51.3,0,0,0,0,15.8,0
2/3/1999,0.3,,13.6,2.1,0.8,0,0,0,0,0,38,0,0,0,15.7,0,0,0,0,0,0,0
2/4/1999,0,,0,0,0.3,0,0,0,0,0,0,0,0,0,0,0,0,0,0,0,0,0
2/5/1999,0,,0,0,0,0,0,0,0,0,0,0,0,0,0,0,0,0,0,0,0,0
2/6/1999,0,,0,0,0,0,0,0,0,0,0,0,0,0,0,0,0,0,0,0,0,0
2/7/1999,0,,0,0,0,0,0,0,0,0,0,0,0,0,0,0,0,0,0,0,0,0
2/8/1999,0,,0,0,0,0,0,0,0,0,0,0,0,0,0,0,0,0,0,0,0,0
2/9/1999,0,,0,0,0,0,0,0,0,0,0,0,0,0,0,0,0,0,0,0,0,0
2/10/1999,0,,0,0,0,0,0,0,0,0,0,0,0,0,0,0,0,0,0,0,0,0
2/11/1999,0,,0,0,0,0,0,0,0,0,0,0,0,0,0,0,0,0,0,0,0,0
2/12/1999,0,,0,0,0,0,0,0,0,0,0,0,0,0,0,0,0,0,0,0,0,0
2/13/1999,0,,0,0,0,0,0,0,0,0,0,0,0,0,0,0,0,0,0,0,0,0
2/14/1999,0,,0,0,0,0,0,7.6,0,21.4,0,0,0,0,0,0,0,0,0,0,0,0
2/15/1999,38.2,,0,0.5,5.7,38.9,0,27.9,4.3,30.6,1.4,15.9,0,4.8,39.8,0.8,6.1,9,0,0,4.9,9.4
2/16/1999,0,,0,0,9.4,0,0,0,2.6,0.4,0.4,0.2,0,0.3,0,0,0,7.2,0,0,2.3,0
2/17/1999,1.8,,1.2,0,0,0,25.1,3.2,0,0.7,0,0.9,3.9,0,33.5,0,0,19.3,6.3,67.9,14.2,0
2/18/1999,0,,0,0,0.3,0,0,0,0,0,1,0,0.2,0,0.5,0,0,0,0,1,0,0
2/19/1999,0,,0,0,0,0,0,0,21.3,0,0,0,0,0,0,0,0,0,0,0,0,0
2/20/1999,0,,0,0,0,0,0,0,0,0,0,0,0,0,0,0,0,0,0,0,0,0
2/21/1999,0,,0,0,0,0,0,0,0,0,0,0,0,0,0,0,0,0,0,0,0,0
2/22/1999,0,,0,0,0,0,0,0,0,0,0,0,0,0,0,0,0,0,0,0,0,0
2/23/1999,0,,0,0,0,0,0,0,0,0,0,0,0,0,0,0,0,0,0,0,0,0
2/24/1999,0,,0,0,0,0,0,0,0,0,0,0,0,0,0,0,0,0,0,0,0,0
2/25/1999,0,,0,0,0,1.1,0,2.1,0,0,0,0,0,0,0,0,0,0,0,0,0,0
2/26/1999,0,,0,5.1,0,0.7,0,0,0,0,0.8,0,0,0,0,0,0,0,0,0,0,0
2/27/1999,0.2,,7.3,8.9,26.7,7.6,0,4,10.4,0,4.4,0,0,9.6,0,1.8,18.4,47.7,0,0,0,0
2/28/1999,0,,0,0,0,1.8,0,3.9,0,0,0,8.9,0,0,2,20.2,0.9,0,5.9,0,0,7.4
3/1/1999,0,,0,0,0,0,3.6,0,0,0,0,0,0,0,45,0,0,0,0,0,26.5,0
3/2/1999,0,,0,0,0,0,0,0,0,0,0,3.9,0,0,9.7,0,0,0,0,0,0,0
3/3/1999,1,,0,0,0,0,0,9.3,0,0,0,5.8,0,0,2.5,0,0,0,0,0,0,0
3/4/1999,6,,9.7,0,1.8,66.4,0,7.5,0,0,32.5,9.1,0,1,1.1,0,35.1,0,0,0,0,0
3/5/1999,0,,0,0,0,0,0,0,0,0,0,0,0,0,0,0,0,0,0,0,0,0
3/6/1999,0,,0,25,0,0,0,0,0,0,0,0,0,0,6.1,0,0,0,0,0,0,0
3/7/1999,0,,0,0,1.3,0,0,0,0,0,2.6,0,0,0,0,0,0,0,0,0,0,0
3/8/1999,23.9,,0,0,0,0,0,0.8,2.2,0,0,0,0,0,17.3,0,0,0,0,0,0,0
3/9/1999,0,,0,0,0,19,2.3,0,0,0,0,0,0,0,0,46.1,0,0,0,0,52.3,0
3/10/1999,35.5,,0,55.8,0.2,0,0,12.7,0,21.3,7.2,9.4,0,0,7.6,0,0,0,0,0,0,0
3/11/1999,0,,8.4,0,0,0,0,0.3,2.6,0,0,0,0,5.1,0.5,0,0,13.4,0,0,0,0
3/12/1999,3.1,,0,0,31.5,0,0,5.7,0,0,6.6,9.1,0,36.5,0.5,0,0.8,0,0,0,0,0
3/13/1999,0,,74.4,0.4,15.1,0,0,0,0,0,12.2,3.1,0,2.6,19.1,0,8.1,0,0,0,0,0
3/14/1999,0,,0,0,0,0,0,0,0,0,0,0,0,0,0,0,0,0,0,0,0,0
3/15/1999,0,,0,0,0,0,11.7,0,0,0,0,0,0,0,5.3,27.9,0,0,0,0.6,31.6,3.1
3/16/1999,39.4,,0,5.2,23.1,0,0,17.8,0,25.4,7.6,0,0,0,0,0,0,0,0,0,0,0
3/17/1999,0,,0,0,0,0,0,0,0,0,0,0,0,0,0,0,0,0,0,0,0,0
3/18/1999,5.9,,31.5,39.2,19.4,0.4,0,0,0,0,22.9,1.8,0,1.7,23.1,0,14.2,0,0,0,0,0
3/19/1999,0.7,,0,0,0,0,0,0,0,0,0,0,0,0,0,0,0,0,0,0,0,0
3/20/1999,0,,0,0,0,0,0,0,0,0,0,0,0,0,0,0,0,0,0,0,0.4,0
3/21/1999,0,,0.1,0,0,0,0,0,0,0,0,0,0,0,0,0,0,0,0,0,0,0
3/22/1999,0,,8.6,0,3.2,0,0,0,0,0,0,0,0,0,0,0,0,0,0,0,0,0
3/23/1999,26.7,,8.4,0,0,1,0,14,0,0,0.1,37.6,0,0,3.8,13,0,0,0,0,0,0
3/24/1999,0,,0,0,0,0,6.4,0,0,0,0,0,1.5,0,0,26.2,0,0,0,0,21.9,0
3/25/1999,0,,0,0.8,1.6,0,5.3,0,2,6.9,0,0,0,0,0,0,0,0,0,0,0,0
3/26/1999,0,,0,0,0,0,0,0,0,0,0,0,0,0,0,0,0,0,0,0,0,0
3/27/1999,0,,0,0,0,0,0,6.3,0,0,0,0,0,0,21.1,0,0,0,5.8,0,6,4.3
3/28/1999,0,,0,0,0,0,0,2.9,0,0,0,0,0,0,0,0,0,0,0,38.6,0,0
3/29/1999,3.7,,0,0,0,0,15.5,0,0,0,0,11.9,0,0,0,38.4,0,0,14.9,0,51.7,2.6
3/30/1999,0,,0,0,0,0,0,0,0,0,0,18.5,0,0,0,0,0,0,0,0,0,0
3/31/1999,2.7,,0,5.2,0,8.8,0,0,0,0,0,0,0,0,0,0.8,0,0,0,0,3.3,0
4/1/1999,1,,22.7,0.5,31.6,0.2,0,27.6,4,2.6,52.6,27.4,0,13.5,52.4,5.2,79.1,10.1,0,1.8,18.2,0
4/2/1999,0,,0,0,0,1.3,0,0,0,0,0,0,0,0,0,0,1.3,0,0,0,0,0
4/3/1999,0,,0,0,0,0,0,0,0,0,0,0,0,0,0,0,0,0,0,0,0,0
4/4/1999,0,,0,0,0,0,0,4.9,0,0,0,0,0,0.3,0,0,0.1,0,0,0,0,0
4/5/1999,0,,0,0,0,0,0,0,0,0,0,0,0,0,0,0,0,0,0,0,0,0
4/6/1999,2.3,,48.3,3.5,1.7,11,46,51.5,16.1,17.2,7,51.5,0,115.6,4.1,44.7,76,9.4,30.4,5.5,34.8,16.2
4/7/1999,0,,0,0,0,0,0,0,0,0,0,0,0,0.3,0,0,0.5,0.4,0,0,0,0
4/8/1999,0,,0,0,0,0,0,0,0,0,0,0,0,0,0,0,0,0,0,0,0,0
4/9/1999,0,,0,0,0,0,0,0,0,0,0,0,0,0,0,0,0,0,0,0,0,0
4/10/1999,0,,0,0,0,0,0,0,0,0,0,0,0,0,0,0,0,0,0,0,0,0
4/11/1999,0,,0,0,0,0,0,0,0,0,0,0,0,0,0,0,0,0,0,0,0,0
4/12/1999,0,,0,0,0,0,0,0,0,0,0,0,0,0,0,0,0,0,0,0,0,0
4/13/1999,0,,0,0,0,0,5.1,0,0,0,0,4,0,9.7,21.8,18.6,0.2,0,0,4.4,12.6,0
4/14/1999,1,,0,0,0,31.7,18.8,0,0,7.2,0,20.4,12.3,0,1.1,13.5,10.5,0,6.6,0,65,11.7
4/15/1999,0,,0,0,0,0,0,0,0,0,0,0,0,0,2.5,0,0,1.5,0,0,0,0
4/16/1999,1.4,,2.1,41.6,0,0,0,0,0,0,6,22.8,0,0,0,1.2,0,0,0,0,0,0
4/17/1999,0,,9,27.2,41.4,16,0,0.6,22.7,0,19.6,1.4,0,16.5,11.4,0,23.9,32.2,0,3.2,0,0
4/18/1999,0,,0,0,0,0,0.3,0,0,0,0,0,0,0,0,0,0,0,0,0,0,0
4/19/1999,2.3,,0,0,0,0,0,0,0,0,0,0,0,0,0,0,0,0,0,0,0,0
4/20/1999,16.7,,0,4,0,17.2,33.3,0,0.6,32.4,0,15.6,1.2,0,18.8,14.2,0,0,26.5,20.6,0,0
4/21/1999,2.4,,1.6,0,0,0,0,0.3,0,0,44.2,0,0,0,0,0,0.3,0,0,0,0,0
4/22/1999,0,,0,15.2,1,3.9,0,0,0,0,5.8,0,0,7.3,2.8,0,0,0,0,0,0,0
4/23/1999,0,,0,0,0,24.5,34.3,0,0,10.6,0,33.2,3.7,5.8,27.4,27.9,20.7,0,2.4,0,51.1,2.5
4/24/1999,0,,0,0,0,0,0,0,0,0,0,0,0,0,0,0,0,0,0,0,0,0
4/25/1999,0,,0,0,0,0,0,0,0,0.2,1.2,0,0,0.3,0,0,0,2,0,0,0,0
4/26/1999,9.8,,0.7,16.4,0,0,0,35.3,0,0.4,41.1,5.9,0,0,30.5,0,0,0,0,0,0,0
4/27/1999,1.8,,0,9,0,39.2,0,0,0,4.2,0,0.8,12.4,0,6.6,1.8,5.5,0,0,17.7,0.4,0
4/28/1999,13.9,,25.5,30.1,14.2,0,0,59.1,3.7,1.3,78,33.8,0,0,0.3,13,0,0.1,0,6.1,4.5,0
4/29/1999,97.1,,0,8,0,0.5,4.8,0,0,0,0,0,0,0,0,0,0,0,15.4,0.9,0,23
4/30/1999,0.7,,0,0,0,0,0,0,0,0,0,0.2,0,0,0,0,0,0,0,0,5.9,9.4
5/1/1999,0,,0,0,0,0,0,0,0,0,0,0,0,0,1.3,0,0,0,0,0,0,0
5/2/1999,2.8,,0,0,0,0,0,0,0,0,0,10.4,1.3,0,10.5,0,0,0,0,0,0,0
5/3/1999,0,,0,4.3,0,0,0,0,0,0,35.6,0,2.2,0,0,0,0,0,0,0,0,0
5/4/1999,0,,0,1.8,0,0,0,0,0,0,0,0,15.4,0,0.3,0,0,0,0,0.5,0,0
5/5/1999,0,,0,0,0,33.9,0,0,0,0,0,0,0,0,0,0,0,0,4,0,0,0
5/6/1999,21.7,,0,1.7,0,2.7,0,0,0,0,0,0,0,0,0,0,0,0,0,0,0.5,2.3
5/7/1999,0,,0,0,0,0,0,0,0,0,0,0,4.1,1.5,0,0,3.6,4,0,2.3,0,0
5/8/1999,0,,0.7,13.9,0,15.5,0,0,0,0,0,0,0,0,0,0,1.3,0,0,0,0,0
5/9/1999,13.5,,47.3,0,20,0,2,0,40,0,0,8.2,0,32.3,0,15,31.9,29.6,4.9,0,29,9.4
5/10/1999,0,,0,0,0.3,24.8,0,0,1.2,0,3.9,0,0,3.1,0,0,3.8,0.5,0,0,1.2,0.7
5/11/1999,0,,0,0,0,0.2,30.3,0,4.2,0,0,1.8,0,0,5.6,30.2,0.4,0.6,45.3,1.1,13.4,43.2
5/12/1999,0,,0,0,0,0,0,0,0,0,0,0,0,0,0,0,0,0,0,0,0,0
5/13/1999,0.9,,15.7,41.2,3,1.2,0,0,0,0,28.8,0.3,0,0,26.7,0.5,4.7,0,0,0,0,0
5/14/1999,14.6,,0.5,22.9,1.6,21.7,0,14.8,0,0,44,33.3,0,9.6,2,67.9,5.6,2.1,0,2.5,7.5,0
5/15/1999,0,,28.7,0,5.3,0.5,0,14.2,0.4,6.5,0,0,0,0,0.8,0,0.1,0,0,17.8,3.5,0
5/16/1999,30.9,,1,0.4,0,0.5,0,0,0,0,18,0,0,0,2.8,0.5,0,0,0,0,0.2,0
5/17/1999,0.8,,0,0.2,0,0,0,0,0,0,0,0,36.1,0,0,0,0,0,0,2.6,0,0
5/18/1999,0,,0,6,0,0,19.3,0,0,0,0.8,21.5,0,0,0,11.1,0,0,10.1,0.1,23.2,9.7
5/19/1999,22.6,,5,6.2,5.5,60.5,1.8,17.1,0,1.4,14.6,0.7,0,0,1.3,0,1.7,0,0,0,0,0
5/20/1999,42.8,,4.9,14.8,1.2,9.7,0,2.6,4.2,0,3.6,0,0,17.8,1.5,0,6.5,5.7,0,0,0,0
5/21/1999,0,,0,0,0,0,0,0,0,0,0,0,0,0,0,0,0,0,0,0,0,0
5/22/1999,0,,0,0,0,1.4,0,0,0,0,0,0,0,1.3,0,0,0,0,0,0,0,0
5/23/1999,1.1,,0,9.3,0,0,0,3.8,0,0,0.3,0,38.2,0,0,0,0,0,7.6,0.4,0,0
5/24/1999,0,,12.6,27,0,0.2,0,5.3,0,2.7,8,0,0,0,0,0,0,0,0.5,0,0,0
5/25/1999,0.8,,6.1,1.2,0.3,0,34.3,27.2,0,3.1,0.2,0,0,0,0,1.8,0,0,3.8,8,9.1,14.4
5/26/1999,0,,0,4.7,0,0,0.3,0.6,0,0,0.5,2.4,0,0,0,0,0,0,6.2,29.9,0,0
5/27/1999,0,,4.1,0.3,1,0.6,7.9,1.2,0,0,20.8,0,4.7,0,8.6,6.2,2.4,0,12.4,4.7,0,3.4
5/28/1999,18.7,,0,29.6,0.3,8.2,33.8,17.3,2.8,1.5,4.8,8.5,0,7.9,17.3,15.4,7.5,6.3,31.5,3.7,38.4,0.1
5/29/1999,9.4,,1.6,2.9,1.8,0,0,1.1,0.3,7.9,1.6,0.5,0,0,0,0,0,0,0,0,23.2,0
5/30/1999,0,,0,0,0,40.2,0,0,0,0,0,0,15.9,7.7,0.8,14.4,42.9,0,10.5,18.4,11.3,0
5/31/1999,14.2,,0,2.6,16.2,0,0,0,0,0,8.6,14.1,0,0,2.5,0,0,0,0,0,0,0
6/1/1999,0,,0,0,0,0,0,0,0,0,0,0,0,0,0,0,0,0,0,0,0,0
6/2/1999,102.9,,90.7,12.6,89.3,59.8,3.3,39.6,48.6,7.2,13.5,28.9,1.3,62.2,24.6,14.1,40.2,34.6,0.9,90.2,1.1,0.1
6/3/1999,0,,8,18.3,5.1,41.8,0,0,0.8,14.5,3.4,0,0,3.7,1,0,9.9,3.4,0,0.5,0,0
6/4/1999,3,,48.7,45,27.8,5.5,8.1,26,7.7,21.8,24.2,17.5,0,9.3,28,13.4,0,6.9,20.2,28.8,22,39.8
6/5/1999,0,,0,0,0,0,0.3,0,0,0,0,0,0,25.9,0,0,0,0,0,0,0,0
6/6/1999,4.2,,0,0,0,0,0,0,0,0,0,0,0,0,0,0,0,0,0,0,0,0
6/7/1999,2.6,,0,0,0,6.2,7.1,0,0,0,0,0,0,0,0,0,0,0,0,8,0,14.7
6/8/1999,13.6,,0,12.2,0,0,0,11.6,0,0,14.7,9.7,18.8,1,0,0,0,0,0,3.1,0,4
6/9/1999,2.7,,15.7,0,9.1,66.2,0,64.4,92.8,1.5,33.8,4.1,0,55.6,7.9,16.4,33.4,25.5,0,0,2.8,22
6/10/1999,0,,0,0,0,0,0,0,0,0,0,0,0,0,0,0,0,0,0,0,0,0
6/11/1999,19.9,,0,26.3,42.2,0,24.4,5.6,7.1,2.5,27.3,7.1,2.5,0.3,12.2,2.3,0,0.6,32,0,0,0
6/12/1999,6.4,,0,18.4,1.8,2.5,0,3,0.3,0,1.7,4.6,0,0,16.8,5.1,0,14.8,0,0,2.8,0
6/13/1999,9.3,,0,0,0,2.8,10,6.7,0,0.4,0,0,14.2,0,0,8.3,0.6,0,0,37.8,0.8,0.1
6/14/1999,17,,2.9,4.3,0,0,0,14.3,0,0,3,18.4,0,0,0,0,0,0,0,0,0.5,0
6/15/1999,12.8,,45.7,65.7,26.5,16.1,19.3,27.8,3.6,0.4,10.1,29,20.6,8.7,20.6,5.4,15.6,7.3,21.6,5.2,12.6,0
6/16/1999,7.8,,0,6.3,0,29.8,0,0,0,0,0.1,2.4,0,0,18,4,12.3,0,0,0,0.6,25
6/17/1999,1.5,,0,32.8,47.6,3.8,0,28.7,84.3,0,25.2,13.7,19.6,1,0,0,0.4,8.3,0.8,3.3,0,0
6/18/1999,0,,0,0,0,0.6,0,0,0,0,0,0,0,0,0,0,6.8,0,0,0,0,0
6/19/1999,0.2,,2.5,6.7,0.2,2.5,36.6,54.4,4.4,0,30.3,11.7,1.8,11.1,37.9,5.2,23.9,0.7,27.8,2.9,23.9,9.5
6/20/1999,10.6,,0,0,0,0,0,0,3.3,0,6,4.4,0,0,12.6,0,0.4,4.1,0,0,0,0
6/21/1999,0,,0,0.2,0,4.5,0,0,0,0,0,0,0,0,0,0,0,0,3.2,0,0,0
6/22/1999,18.9,,2.6,0,0,1.3,2.8,1,2.1,0,10.4,4,0,1.9,1.3,0,13,0.6,0,0,0,0
6/23/1999,6,,11.3,24.1,0.5,14.8,2.5,0,40.8,0,0.2,0,9.2,20.5,0.8,0,6.4,6.1,0,0,0,0
6/24/1999,49.1,,1,0.5,18.8,73,23.1,63.9,11,7.5,12.8,3.2,2.6,4.2,46.2,0.5,8.7,53.1,12,9.4,10.5,26.5
6/25/1999,0,,0.7,1.2,0,0,0,0,0,0.3,0,0,0,0,44.2,4.6,0,0,0,0,0,0
6/26/1999,9.6,,4,0,0,1.8,0.3,0,0,0,0,0,0,0,0,0,9.4,1,0,0.7,1.5,0
6/27/1999,15,,4.4,15.4,25.5,136.8,11.7,0,15.4,8,8.6,41.2,17.5,93.9,104.4,42.1,3.6,0.1,23.3,60.3,31.2,16
6/28/1999,0,,0.2,16.9,0,0.5,0,11.2,0.5,2,0.1,3.9,0,20.5,6.9,0,0,2.2,0,0,0,0
6/29/1999,0.4,,38.1,11.8,7.6,24.1,0.3,2.6,0.5,35.1,24.4,11.1,0,6.9,13,8.4,0.8,0,4.2,0,0.7,0
6/30/1999,0,,2.8,0.8,0.6,43.8,0,13.6,4.1,0.5,0,3,0,15.4,22.1,0,6.6,0,0,0,0,0
7/1/1999,22.4,,15.2,19.4,4.2,109.5,37.1,23.5,22.4,52.4,4.6,15.6,18.6,38.4,7.4,6,29.3,8.8,24.9,14.2,45.8,30.8
7/2/1999,5.1,,3.3,26.5,8.8,8,4.5,39.7,2.7,7.5,17.2,11,0.1,6.4,76.4,4.5,13,2.9,0,0.8,1.1,1.6
7/3/1999,0,,0,10.5,0,0,0,0,0,0,0,0,1.9,0,0,0,0,0,0,0,0,0
7/4/1999,0,,8.5,32,0,0.3,5.8,27.3,0,0,0,0,0.7,19.3,0,1,10,0,0.3,0,0,1.8
7/5/1999,15.2,,4,19,14.7,48.2,9.7,8.3,1.2,13.5,7.4,7.7,0,3.8,8.4,0,2.9,18.2,0,0,2.5,11.4
7/6/1999,0,,0,9.2,0,5.2,0,0,1,0,0,0,0,0.8,0,0,10.3,0,0,0,0,0
7/7/1999,44.8,,27.8,24.8,9.4,27.4,13.7,64.4,1.7,0.5,4.9,34.8,0,23.4,9.7,1.8,0.5,4.5,42.8,7.5,15.2,0
7/8/1999,0,,0,0,5.6,2.3,0,0,0,0,2.6,0,0,1.8,0,0,0,0,0,0,0,0
7/9/1999,0,,0,65.7,0,16,0,0,0,0.8,0.2,9.9,0,0.3,1.3,0.8,21.1,3,0,0,0,0
7/10/1999,0,,0,3.6,4,3,2.6,1.4,0,0,0.2,0,0,0,5.6,0,0.5,0,0,21,0.8,0
7/11/1999,2.6,,0,4.5,0,0,0,0,0.3,0.7,0,0,0,0,22.6,4.2,3.7,0,0,0,15,0
7/12/1999,3.2,,0.4,31,22.4,17.4,0,9.5,6.1,0.5,1,31.6,39.7,3,23.4,12,0.2,0,14.3,0,8.7,0
7/13/1999,0,,0,0.4,23.1,0,3.1,4.8,22.1,8,3,0.4,0.9,0,3.6,0,0,0,6,0.4,5.6,22.2
7/14/1999,0,,0,0,0,0,0,3.3,0,0,0,0,0,0,0,0,0,0,0,0,0,0
7/15/1999,0.2,,0.7,10.7,0.7,0,0,5,0,1.6,2,0.1,0,0,10.4,0,0,0,0,0,0,0
7/16/1999,0,,0,4.9,0.3,0.1,21.6,0,0,0,1.3,28,4.6,0,67.3,0,0,0,10.6,9.9,0,1
7/17/1999,6.5,,0.2,33.2,5,2.1,1.8,12,1.3,0,16.6,8.3,0,3.8,1.8,1,10.6,0.3,19.1,1.6,9.7,0
7/18/1999,0,,0,3.7,0,0,0,0,0,0,0.2,0,0,0.2,5.9,1,0,0,0,0.4,0,23
7/19/1999,9.7,,0,0,4.5,0,0,9,0,6.4,0.4,0.9,0,0,31.5,0,0,0,0,0,0,0.8
7/20/1999,2.2,,0,0,0,0,0.8,1.8,0,4.4,1.6,0.5,0,0.8,0.5,0,0,0.8,97.2,15.7,0,0.9
7/21/1999,0,,0,0.4,0,0,0,0,0,0,0.4,0,67.6,0,0,0,0,0,51.1,6.5,1.3,3.7
7/22/1999,0.3,,0,0,0.7,0,1.3,6.2,0,0,2.4,0,12.6,0,1.8,0,0,0,0,1.4,0,0
7/23/1999,0,,1.1,2.4,0,4.1,0,1.8,0.2,13.3,1.2,34.7,68.5,0.5,0,0,29.5,0.6,17.7,0,0,0.8
7/24/1999,0,,0.3,8.3,0,0,0,0.8,0,0,0.8,3.8,12.8,0.2,2.8,0,6.1,0,31.7,17.9,0,4.8
7/25/1999,1.5,,0,10.4,0,0.4,2.3,2.8,0,8.6,11.2,2.4,0.5,1,8.1,0,1.9,0,31.9,41.1,0.5,11.3
7/26/1999,0,,0,0,0.3,0.5,0,0,0,0,4.2,0,12.3,0,3.8,0,0,0,0.5,0,0,1.4
7/27/1999,0,,0,0,54.2,0,0,0,0,22.2,0,0,0,0,0,0,0.5,0,0,0,0,0.6
7/28/1999,0,,0,0,33.4,0,0,1.2,1,132.4,30,0,0.6,0,1.1,0,52.9,0,9.8,2.3,0,0
7/29/1999,2,,0,0,0,0,0,1.4,1.6,0,0,9.4,0,0,19.4,0,1.5,2.6,0,0,0,0
7/30/1999,0,,0,0.8,0,0,0.3,0,0,2.8,0,3.5,0,0,0,0,0.3,0,0,0,6.7,0
7/31/1999,0,,0,0,0,0,0,1.1,0.3,1.4,0,0,71.2,0,0,2.4,0.3,0,7.6,10.2,0.1,0
8/1/1999,0,,0,0,0,0,0,0,0,0.4,0,0,2.6,0,0,0,0,0,0,0.4,0,0
8/2/1999,0,,0,0,0,0,0.3,0,0,0,0,0,84.8,0,0,0,0,0,0.4,24.6,0,6.1
8/3/1999,0,,0,0,0,0,0,0,0,0,0,0,1.9,0,0,0,0,0,0,12.8,0,0.6
8/4/1999,0,,0,0,0,0,0,0,0,0,0,0,2.6,0,0,0,0,0,0,0,0,0
8/5/1999,0,,0,0,0,0,0,0,0,0,0,0,13.6,0,0,0,0,0,2.5,0,0,0
8/6/1999,0,,0,0,0,0,0,0,0,0,0,0,0,0,0,0,0,0,1.1,0,0,4.2
8/7/1999,0,,0,0,0,0,0,0,0,6.4,0,0,1.6,0,0,0,0,0,0,0,0,0
8/8/1999,0,,0,0.9,0,0,0.3,0,0,0,0,0,0,0,0,0,0,0,0,0,0,0.3
8/9/1999,0,,0,0,0,0,0,0,0,0,0,0,0,0,0,0,0,0,1.8,0,0,0
8/10/1999,0,,4.4,0,37.8,0,45.1,0.6,0,13.5,0,0,33.4,0,5.3,0,0,0,25.2,16.4,0,6.6
8/11/1999,1.3,,0,11.3,0,0,14.4,0,0,6.8,1.7,0,3.9,0,0,4.6,0,0,25.9,1.5,2,0.4
8/12/1999,0,,0,0,0,0,0,0,0,0,0,0,0,0,0,0,0,0,0,0,0,0
8/13/1999,0,,0,0,0,0,0,0,0,0,0,0,35.8,0,0,0,0,0,0.6,17.3,0,17.5
8/14/1999,0,,0,0,0,0,0,0,0,0,0,0,0.6,0,0,0,0,0,0,7.7,0,0
8/15/1999,0,,0,0,0,0,0,0,0,0,0,0,0,0,0,0,0,0,0,0,0,0
8/16/1999,0,,0,0,0,0,0,1.3,0,58.2,2.6,0,12.2,0,0,0,0.2,0,0,1.9,0,0
8/17/1999,0,,0,15.3,25.6,5.1,0.5,3.4,1.2,3.2,7.2,0,41.2,0,19.8,0,36.6,0,10.1,4.1,0,0.9
8/18/1999,3.7,,0,7,2.1,1.1,9.7,23.3,0,34.9,16.8,0,2.2,0,3.8,0,0.5,0,3.2,0,3.2,2.4
8/19/1999,0,,0.1,10.4,40.3,0,9.9,1,0.9,0,15.8,0.4,82.8,0,0,39.6,1.3,0.5,11.3,6.8,56.6,29.7
8/20/1999,1.2,,0.1,0,0,0,0.8,1.4,0.9,3.6,0,0,0,1.2,0,0,0,0.2,16.3,8.2,0,1.8
8/21/1999,0.7,,0.9,36.8,0,1.6,5.4,4.2,0,0,6.6,9,19.7,9.7,2.8,22.7,15.4,0.3,22.7,3.3,2.8,25.7
8/22/1999,17.2,,0,14.5,28.2,25.3,0,21.5,14.1,1.6,20.2,9.7,36.2,10.4,5.1,4,8.1,3.8,3,0,0,1.4
8/23/1999,0,,2.6,0,0,0,0,1.8,0,0.9,0,0,0,0,0.8,0.2,0,0,0,0,0,0
8/24/1999,18,,0.2,0,0,0,0,0.2,0,10.7,11.8,0,14.6,0,0.8,0,0,0,1.2,0,0,2.9
8/25/1999,9.3,,4,1.8,1.1,0,42.1,1.2,0,41.5,1.6,15.6,37.2,23.4,1.3,7.5,0.8,0,6.5,22.5,32.5,50.2
8/26/1999,23.2,,1.1,20.3,0.3,0,53.6,6.5,0.6,22.5,9,2.1,14,0.5,4.1,1.2,28.3,0.4,15.6,16.3,1.1,14.6
8/27/1999,5.4,,0,8,4.4,7.9,7.4,10.7,1.7,34.5,26,16.8,14.2,9.9,15.3,1.9,0.9,0,2,9.5,2.5,1.2
8/28/1999,0.5,,0,0,0,0,0.5,0,0,0,1.5,0,0,0,2.3,1.8,0,0,0,0.5,0.9,0
8/29/1999,0.1,,0,0,0,0,0.8,0.5,0,0.7,0,0,0,0,0,0,0,0,0.5,0.9,0,2.7
8/30/1999,52.2,,0,27.5,4.2,0,6.1,19,0,0.4,36.5,60.5,0,0.7,8.4,0,1,0,4.8,5.2,4.2,4.4
8/31/1999,0,,0,0,0,8.5,46.5,0,0,20.6,0.4,0,0.4,0,7.2,0.2,10,0,45.7,33.1,0,1.1
9/1/1999,0,,0,0,0,2.6,0,17.4,0,0,0,0,0,0,0.6,0,0,0,5.2,0,0,0.3
9/2/1999,0.5,,0,9,0,0,13.2,4.3,0,28.7,0,1.6,43.1,0,10.7,0,0,0,1.1,31.9,34.4,5.1
9/3/1999,0,,0,7.5,0,2.3,6.6,0.4,0,35.2,0,0.2,18,0,3.6,1.4,0.1,0,21.2,3.2,0,0
9/4/1999,0,,0,1,0,0,4.8,0,0,0.7,0,0,1,0,1,0.5,0,0,9.7,10.9,0,28
9/5/1999,0,,0,0,0,0,0,0,0,0,0,0,16.8,0,0,0,0,0,0.9,0,0,0
9/6/1999,15.3,,17.4,1.6,3.5,0,55.7,6.1,14.3,13.9,13.4,20.9,30.7,2,15,12.4,0,18.8,53.2,25.3,6.9,10.8
9/7/1999,1.7,,1,0,1.3,5.8,29.2,0,4.5,11.9,1.8,5.2,0,5.8,0,0,0.1,0.3,1.1,3.6,0,0
9/8/1999,2.8,,0,2,0,0,4.6,2,0,4.6,0,18.2,0,0,6.9,10.5,0.7,0,0.8,0,0.7,0
9/9/1999,0,,0,0.5,0,0,22.8,0,0,168.6,0.2,8.5,26.4,0,3.9,19.6,0,0,44,30.8,19.5,23.2
9/10/1999,0,,3.7,0,0.5,0,9.7,2.5,0,5.2,0,0.9,0.5,0,1.3,0,0,0,1.5,13.3,2.5,25.4
9/11/1999,0,,0,0,0,0,1.5,0,0,3.4,0,0,9.8,0,2.3,0,0,0,0,2.6,0,0
9/12/1999,0,,0,0,0,0,4.5,0,0,0,0,0,0,0,0,0,0,0,0,0,0,0
9/13/1999,0,,0,0,0.5,0.2,0,33.8,0,22.7,0,0,0,0.6,0,0,0,0,0,16.8,0,28.6
9/14/1999,0,,3.5,1,4.1,0.5,10.7,0,0,2.1,0.8,7.4,12.9,0,21.6,36.1,0,0,0,14.2,7.9,0
9/15/1999,5,,0,0,0,0.1,11,72.1,0,1.2,4,3.6,0.6,0,2.5,21.1,0,0,7.9,27.7,6.9,5
9/16/1999,3.8,,0.6,0,0,3.2,0,3.2,1.2,0,0,0.3,0,0,0,8,4.6,0,0,0,0,0
9/17/1999,20,,1.4,10.6,41.3,0,1.8,84.7,7.3,44.5,90.6,35.6,20.6,0,24.9,9.1,0,8.5,53.1,78.3,1.5,7.2
9/18/1999,0,,0,4.4,0,2.7,0,0,0,0,0,0.1,0,0,0,0,0.1,0,0,0,0.3,0
9/19/1999,1.6,,0,0,0,0,0,0,0,0,0,0,0,0,0,0,0,0,0,0,0,0
9/20/1999,24.1,,37.2,21.3,29,0.1,26.2,29.7,0,15,26,19.6,24.4,0,11.7,17.5,0,0.3,4.1,28.1,9,22.6
9/21/1999,0,,0,0.9,0,4.2,0,0,0,0,0.4,0.3,4.4,0,10.7,0.8,0,0,0,0,0,0
9/22/1999,0.2,,0,0,0,5.5,0.5,6.6,0,0,1.3,0,0,0,0,0,0.7,0,0,23.2,0.1,18.3
9/23/1999,20.8,,0,1.3,0,0.2,0,0,0,14.8,4.4,0,0,0,3.1,0,0,0,0,2.5,0,0
9/24/1999,0,,0,6.2,0,0,0,0,0,0,0.4,2.1,0,0,0.5,19.4,0,0,0,0,5,0
9/25/1999,6,,0,0,0,0,29.7,15,0,0.5,18.3,8.3,18.5,0,0,0,1,0,17.3,18,3.8,2.7
9/26/1999,0,,0,9.9,0,5.3,0,10.7,2.7,0,1,0.1,0,4.4,2.8,0.4,7.4,0.6,0,0,0,0
9/27/1999,1.1,,0,0,0,0,0.5,2.6,0.6,0,17.8,0.3,0,0.8,11.4,0,0.4,0,0,4.2,0,1.2
9/28/1999,0,,0,0,1.5,0,2.3,0,0,7.4,12,2,28.8,0,0,0,0.3,0,5.4,18.7,3,27.1
9/29/1999,0,,0,0,0,0,0,0,0,14,0,0,1.6,0,2.3,0,0,0,0,0,0,0
9/30/1999,0,,3.5,0,3.6,0.4,0,0.5,0,0,2.8,0,0,0,0,0,0,0,0,0,0,0
10/1/1999,0,,0,0,0,0,2.5,0,0,65.5,0,0,0.6,0,0,0,0,0,4.4,0,4.6,48.2
10/2/1999,24.7,,0.5,4.6,0,0,0.8,17.5,1,3.2,0,1.5,22.9,0,4.3,22.1,3.6,0,0,0,25.4,0
10/3/1999,1.8,,0.7,3.3,0.9,0,0,0,0.8,57.2,34.3,0,12,0,0,0,0,0,10.7,0,0,18.8
10/4/1999,33.5,,11.4,2.5,11.8,12.2,9.2,20.2,0,19,16.6,43.1,0,0,1.8,0,2.3,1.3,29.7,18.9,1.1,6.2
10/5/1999,4.6,,0.1,0,0,2.5,6.1,0,0,0,0,0.2,0,0,9.1,7.7,0.4,0,24.6,19.6,11.3,9.5
10/6/1999,3.6,,0,0,8.8,3,0,0.8,0,33.3,0.6,4.4,0,0,6.1,4.6,0,0,2.6,0.6,10.8,0
10/7/1999,4.1,,0,4,0,0,0.3,0,0,0,0.6,0.3,0,0,3.8,11.4,0,0,0.7,0,0,0.2
10/8/1999,3.6,,0,0,5.4,0,0,8.2,0,6.9,8.6,0.3,0,0,0,0,0,0,30.8,0,0,35.3
10/9/1999,6,,14.8,3.9,4.5,0,21.4,0.5,13.2,19,22.8,3.6,21.8,0,0,0,19.7,13.7,1.7,0,0,21.3
10/10/1999,0.7,,0,0,0,9,0,0,1.7,2.7,0,0,0,0.3,0,18.9,2.5,0.1,0,0,8.9,0
10/11/1999,0.2,,0,0,0.9,0,0,0,0,7.6,1.6,0,0,0,0,0,2,0,0,0,0,10
10/12/1999,0.9,,12.2,0,0,0,0,0,0,7.8,0,0,0,0,0,0,0,0,0,0,3.2,0
10/13/1999,6.3,,0,0,0,0,6.1,0,0.9,4.6,0,35.6,0,0,9.7,0,0,2.8,1.1,0,33,12
10/14/1999,29.3,,6.9,26.3,0.4,43.2,14.3,19.8,0,16.5,0,0,3,0,26.7,0.9,0,0,49.2,8.9,2.3,1.5
10/15/1999,0,,0,0,0,2.7,1.3,0,0,50.7,0,0,17.4,0,0.8,0,0.2,0,0,23.7,0,4.7
10/16/1999,0,,0,0,0,0,0,1,0,0.7,0,0,0,0,0,0,0,0,0,3.5,1.6,14.7
10/17/1999,0,,0,0,0,0,9.4,0.6,0,0,4,0,0,0,4.1,0.6,0,0,25.3,0,0,5
10/18/1999,17.9,,0,15.2,0,3.2,0,4.6,0,3.6,13.2,14.2,0,0,1,6.4,0,0,5.5,0,7.9,3
10/19/1999,0.7,,9.2,2,1,0,0.3,41.7,0,0,1,0.4,0,0,19.1,4.3,0,0,0,0,10,0
10/20/1999,0.6,,0,0,0,0,0,0,0.5,0,0,12.2,0,3.7,0,0.5,0,0,0,0,0,0
10/21/1999,0,,0,0,0,0,0,0,0,0,0,0,0,0,0,0,0,0,0,0,0,0
10/22/1999,0.5,,0,20.1,0,0,0,5.2,0,0,11.5,0,0,0,2.5,18.2,0,0,0,0,0.9,0
10/23/1999,19.9,,12.5,31.5,13.9,20.2,0,26.1,8.7,0,43.4,13.8,0,16.9,15.7,19.9,22.1,11.8,0,0,9.4,0
10/24/1999,5.5,,0,6,0,38.6,0,5,0,13.9,0,12.7,0,11,0,15.8,1.9,0,0,0,21.2,0
10/25/1999,0.2,,0,10.9,2.1,47.6,0,0.6,0,6.5,7.6,29,0,0.2,0,0,0.2,0,0,0.6,0,0
10/26/1999,9.2,,0,12.9,2.1,1.3,0,0,0,1.4,3.8,5.1,0.2,0,5.8,0.8,0,0,0,0,7.3,2.1
10/27/1999,3,,0,0,0,0,0,0,0,0,0,16.1,0,0,3.1,0,0,0,0,0,1.1,0
10/28/1999,6.7,,0,2,2.3,1.5,0,19,0,6.1,5,8.4,0,0,16.5,0,0,0,0,0,0,0
10/29/1999,0,,0.9,3.5,20.3,2.1,0,7.7,0,0,0,0,0,0,0,0,0,0,0,0,28.3,0
10/30/1999,1.1,,0,10.5,0,1.9,2,29.2,0,4,0.4,0,0,0,0,0,3.8,0,0,0,0,0
10/31/1999,0,,0,0.4,0.8,0,0,0,0,0,0.6,3.4,0,0,0,4.6,0,0,0.7,0,0,4.3
11/1/1999,0,,0,14.3,1.4,0,0,0,0,0,0,0,0,0,0.3,0,0,0,0,0,0,0
11/2/1999,0,,0,22.4,5.2,0,0,0,0,0,1.1,0.8,0,10.6,20.6,25.5,0.5,0,0,0,0,0
11/3/1999,0.6,,0,2.6,0,0,0,41,0,3.1,0,0,0,0,0,0.9,0.4,0,0,0,0.2,0
11/4/1999,0,,0,4.6,0,0,1.5,4.1,0,0,32.7,3.1,0,0,7.1,3.6,0,0,0,0,14.8,0
11/5/1999,0,,0,5,3.6,0,0,0,0,0,2.2,2.6,0,0,0.3,2.6,0,0,0,0,2.1,0
11/6/1999,0,,0,2.8,0,0,0,0,0,0,6.7,0,0,0,0,2.2,0,0,0,0,0,0
11/7/1999,0,,4.6,2.8,0,0,0,0,0,0,0,4.4,0,0,0,1.7,0,0,0,0,0,0
11/8/1999,0,,0,0,0,16.1,0,0,0,0,0,0,0,0,0,0,0,0,0,0,1.3,0
11/9/1999,11.5,,0,0,11.2,46,0,8.2,0,0,20,0,0,12,0,0,71.4,2.3,0,0,0,0
11/10/1999,2.4,,3.1,0,0,0,0,16.6,8.4,0,0,0.3,0,0,0,0.8,0.2,0,0,0,15.6,0
11/11/1999,0,,0,0,25.1,2.4,0,0,0,0,31.8,0,0,0,4.4,0,0,0,1.7,0,0,0
11/12/1999,0,,0,0,6.3,0,0,0,0,0,14.8,0,0,0,3.8,0,0,0,0,0,0,0
11/13/1999,0,,0,0,0,0,0,0,0,0,0,0,0,0.3,0,3,0,0,0,0,14.5,0
11/14/1999,0,,0,0,0,0,0,0,0,0,0,0,0,0,0,0,0,0,0,0,0.2,0
11/15/1999,0,,0,2.8,0,0,0,0,0,0,0,0,0,0,0,0,0,0,0,0,0,0
11/16/1999,1.2,,0,0,0,0,0,2.3,0,0,0,0,0,0,0,0,0,0,0,0.3,0,0
11/17/1999,17,,0,0,0,0,0,0,0,0,3.2,0,0,0,0,0.2,0,0,0,0.8,2.6,0
11/18/1999,0,,6.5,18.8,1.3,1.7,0,0,0,1.9,0,11.4,0,0,0,9.4,0,0,0,0,24.2,0
11/19/1999,0,,0,0,0,1.9,0,0,0,0,0,0,0,1.7,0.8,0,0,0,0,0,3.1,0
11/20/1999,0,,0,5.5,2.6,0,0,0,0,0,0,0.9,0,0,0,0,0,0,0,0,0.4,0
11/21/1999,0,,0,0.2,0,6.5,0,0,0,0,11,5.2,0,0,17,0,0,0,0,0,3.9,0
11/22/1999,1.4,,0,0,28,0,0,36.6,0,0,8.2,0,0,24.1,0,0,0,4.7,0,0,0,0
11/23/1999,0,,0,10.8,0,24.7,0,0,0,0,0,0,0,10.9,0,7.2,7.9,0,0,0,0,0
11/24/1999,0,,2,2.2,0,34.5,0,0,0,0,0,0,0,0,0,0,0,0,0,0,0,0
11/25/1999,6.5,,0,4.5,8.7,0,0,6.2,0,0,0.2,1.1,0,0,6.1,0,0,0,0,0,0,0
11/26/1999,4.5,,0,0,0,0,0,1.3,0,0,0.4,1.1,0,0,0,29.4,0,0,0,0,0,0
11/27/1999,0,,0,0,0.3,15.4,0,0.6,0,0,0,8.1,0,0,5.3,0,9,0,0,0,0,0
11/28/1999,0,,0,0,0,0,0,5.6,0,0,0,0,0,0,0,0,0,0,0,0,0,0
11/29/1999,0,,0,0,0,0,0,11.3,0,0,0,0,0,0,0,0,0,0,0,0,0,0
11/30/1999,0,,8.6,0,0.9,0,0,0,0,0,0,0,0,0,0,0,0,0,0,0,0,0
12/1/1999,0,,1.8,0,0,0.7,0,0,0,0,0,0,0,0,7.6,0,0,0,0,0,0,0
12/2/1999,0,,0,0.4,0,0,0,0,0,0,0,0,0,0,0,0,0,0,0,0,0,0
12/3/1999,0,,0,0,0,0,0,0,0,0,0,0,0,0,0,0,0,0,0,0,0,0
12/4/1999,0,,0,0,1.7,16,0,0,0,0,0,0,0,0,0,0,0,3.1,0,0,0,0
12/5/1999,0,,0,0,0,0,0,0,0,0,0,0,0,0,0,0,0,0,0,0,0,0
12/6/1999,0,,0,0,0,14.3,0,0,0,0,0,0,0,0,0,0,1,0,0,0,0,0
12/7/1999,0,,0,0,5,0,0,0,0,0,0,0,0,0,0,0,0,0,0,0,0,0
12/8/1999,0,,2,0,0,7.4,0,0,0,0,0,0,0,0,0,0,0,0,0,0,0,0
12/9/1999,0,,0,0,0,16.7,0,0,2.4,0,0,0,0,0,0,0,0,0.3,0,0,0,0
12/10/1999,0,,0,0,0,0,0,0,0,0,0,0,0,0,0,0,2.6,0,0,0,0,0
12/11/1999,0,,0,0,0,15.7,0,0,0,0,0,0,0,0,0,0,1.8,0,0,0,0,0
12/12/1999,0,,0,0,0,0,0,0,0,0,0,0,0,0,0,0,0,0,0,0,0,0
12/13/1999,0,,0,0,0,0,0,0,0,0,0,0,0,0,0,0,0,0,0,0,0,0
12/14/1999,0,,0,0,0,12.2,0,0,0,0,0,0,0,0,0,0,0,0,0,0,0,0
12/15/1999,0,,0,0,0,0,0,0,0,0,0,0,0,0,0,0,0,0,0,0,0,0
12/16/1999,0,,0,0,0,0,0,0,0,0,0,0,0,0,0,0,0,0,0,0,0,0
12/17/1999,0,,0,0,0,0,0,0,0,0,0,0,0,0,0,0,0,0,0,0,0,0
12/18/1999,0,,0,0,0,0,0,0,0,0,0,0,0,0,0,0,15,0,0,0,0,0
12/19/1999,0,,0,0,0,0,0,0,0,0,0,0,0,0,0,0,0,0,0,0,0,0
12/20/1999,0,,0,0,0,0,0,0,0,0,0,0,0,0,0,0,0,0,0,0,0,0
12/21/1999,0,,0,0,0,0,0,0,0,0,0,0,0,0,0,0,0,0,0,0,0,0
12/22/1999,0,,0,0,0,0,0,0.5,0,0,0,0,0,0,0,0,0,0,0,0,0,0
12/23/1999,0,,4.3,0,0,0,0,0,0,0,0,0,0,0,0,0,0,0,0,0,0,0
12/24/1999,0,,0,0,0,7.2,0,0,0,0,0,0,0,8.9,0,0,0.1,0,0,0,0,0
12/25/1999,0,,0,0,0,2.6,0,0,0,0,0,0,0,0,0,0,0,0,0,0,0,0
12/26/1999,0,,0,0,0,0,0,0,0,0,0,0,0,0.4,0,0,0,0,0,0,0,0
12/27/1999,0,,0,0,0,0,0,0,0,0,0,0,0,0,0,0,0,0,0,0,0,0
12/28/1999,0,,0,0,0,9.2,0,0,0,0,0,0,0,0,0,0,0,0,0,0,0,0
12/29/1999,0,,0,0,0,15.9,0,0,0,0,0,0,0,0,0,0,0,0.1,0,0,0,0
12/30/1999,0,,0,0,0,0,0,0,0,0,0,0,0,0,0,0,0,0,0,0,0,0
12/31/1999,2.3,,0,0,0,0,0,0,0,0,0,0,0,0,0,0,0,0,0,0,0,0
1/1/2000,0,,0,0,0,11.2,0,0,0.4,0,0,0,0.9,8.6,0,0,0,0,18.3,28.8,0,0
1/2/2000,1.5,,0,0,0,4.9,37.1,0,0,0.7,0.6,7.7,0.1,0,0,0,18.1,0,0,1.8,0,0
1/3/2000,0,,0,0,0,0,0,0,0,0,0,0,0,0,0,0,0,0,0,0,0,0
1/4/2000,0,,0,0,0,0,0,0,0,0,0,0,0,0,0,0,0,0,0,0,0,0
1/5/2000,0,,0,0,0,0,0,0,0,0,0,0,0,0,0,0,0,0,0,0,0,0
1/6/2000,0,,0,0,0,0,0,0,0,0,0,0,0,0,0,0,0,0,0,0,0,0
1/7/2000,0,,0,0,0,0,0,0,0,0,0,0,0,0,0,0,0,0,0,0,0,0
1/8/2000,0,,0,0,0,0,0,0,0,0,0,0,0,0,0,0,0,0,0,0,0,0
1/9/2000,0,,0,0,0,0,0,0,0,0,0,0,0,0,0,0,0,0,0,0,0,0
1/10/2000,0,,0,0,0,0,0,6,0,0,4.4,0,0,0,0,0,0,0,0,0,0,0
1/11/2000,0,,0,0,0,0,0,8.6,0,0,0,0.2,0,0,0,0,0,0,0,0,0,0
1/12/2000,0,,0,0,0,0,0,3.3,0,0,0,48.3,0,0,0,0,1.4,0,0,0,0,0
1/13/2000,0,,0,0,0,0,0,0,0,0,5.2,0.1,0,0,0,0,0,0,0,0,0,0
1/14/2000,46,,0,5.5,24.1,2.2,0,0.2,0,3.8,38.8,0,0,0,3,0,0,0,0,0,0.6,0
1/15/2000,0,,0,0,0,2.9,0,0,0,0,0.4,0,0,2.3,0,0,0.1,0,0,0,0,0
1/16/2000,0,,0,0,0,0,0,0,0,0,0,0.4,0,0,0,0,0,0,0,0,0,0
1/17/2000,0,,0,0,0,0,0,0,0,0,0,0,0,0,0,0,0,0,0,0,0,0
1/18/2000,0,,0,0,0,0,0,0,0,0,0,0,0,0,0,0,0,0,0,0,0,0
1/19/2000,0,,0,4.7,1.8,0,0,30,0,0,43,0,0,0,4.8,0,0,0,0,0,0,0
1/20/2000,0,,0,0,0,0,13.7,0,0,0,0,0,0,0,0,0,0,0,41.7,36.9,9.1,5.6
1/21/2000,0,,0,0,0,0,0,0,0,0,0,0,0,0,0,0,0,0,0,0,0,0
1/22/2000,0,,0,0,2.9,0,0,0,0,0,0,5.7,0,0,0.5,0,0,0,0,0,0,0
1/23/2000,0,,0,0,0,0,0,0,0,0,0,0,0,0,0,0,0,0,0,0,0,0
1/24/2000,0,,0,0,0,0,0,0,0,11.7,0,0,0,0,0,0,0,0,0,0,0,0
1/25/2000,0,,0,0,0,0,0,0,0,0,0,0,0,0,0,0,0,0,0,0,27.5,0
1/26/2000,0,,0,0,0,28,0,0,0.3,0,0,0,0,3.4,10.9,27.4,7.6,0,0,0,12,0
1/27/2000,0,,0,0,0,0,0,0,0,0,0,0,0,0,0,0,0,0,0,0,0,0
1/28/2000,0,,0,0,0,0,0,0,0,0,0,0,0,0,0,0,0,0,0,0,0,0
1/29/2000,0,,0,0,0,0,0,0,0,0,0,0,0,0,0,0,0,0,0,0,0,0
1/30/2000,0,,0,0,0,0,0,0,0,0,0,0,0,0,0,0,0,0,0,0,0,0
1/31/2000,0,,0,0,0,0,0,0,0,0,0,0,0,0,0,0,0,0,0,0,0,0
2/1/2000,0,,0,0,0,0,0,0,0,0,0,0,0,0,0,0,0,0,0,0,0,0
2/2/2000,0,,0,0,0,0,0,0,0,0,0,0,0,0,0,0,0,0,0,0,0,0
2/3/2000,0,,0,0,0,0,0,0,0,0,0,0,0,0,0,0,0,0,0,0,0,0
2/4/2000,0,,0,0,0,0,0,0,0,0,0,0,0,0,0,0,0,0,0,0,0,0
2/5/2000,0,,0,0,0,0,0,0,0,0,0,0,0,0,0,0,0,0,0,0,0,0
2/6/2000,0,,0,0,0,0,0,0,0,0,0,0,0,0,0,0,0,0,0,0,0,0
2/7/2000,0,,0,0,0,0,0,0,0,0,0,0,0,0,0,0,0,0,0,0,0,0
2/8/2000,0,,0,0,0,0,0,0,0,0,0,0,0,0,0,0,0,0,0,0,0,0
2/9/2000,0,,0,0,0,0,0,0,0,0,0,0,0,0,0,0,0,0,0,0,0,0
2/10/2000,0,,0,0,0,0,0,0,0,0,0,0,0,0,0,0,0,0,0,0,0,0
2/11/2000,0,,0,0,0,0,0,0,0,0,0,0,0,0,0,0,0,0,0,0,0,0
2/12/2000,0,,0,0,0,0,0,0,0,0,0,0,0,0,0,0,0,0,0,0,0,0
2/13/2000,0,,0,0,0,0,0,0,0,0,0,0,0,0,0,0,0,0,0,0,0,0
2/14/2000,0,,0,0,0,0,0,0,0,0,0,0,0,0,0,0,0,0,0,0,0,0
2/15/2000,0,,0,0,0,0,0,0,0,0,0,0,0,0,0,0,0,0,0,0,0,0
2/16/2000,0,,0,0,0,0,0,0,0,0,0,0,0,0,0,0,0,0,0,0,0,0
2/17/2000,0,,0,0,0,0,0,0,0,0,2.3,0,0,0,0,0,0,0,0,0,0,0
2/18/2000,0,,0,0,0,0,0,10.6,0,0,0,0,0,0,0,0,0,0,0,0,0,0
2/19/2000,0,,0,0,0,0,0,0,0,0,0,0,0,0,0,0,0,0,0,0,0,0
2/20/2000,0,,0,0,0,0,0,0,0,0,0,0,0,0,0,0,0,0,0,0,0,0
2/21/2000,0,,0,0,0,0.4,0,0,0,0,0,0.8,0,0,0,0,0,0,0,0,0,0
2/22/2000,0,,0,0,0,0,0,0,0,0,0,0,0,0,0,0,0,0,0,0,0,0
2/23/2000,0,,0,0,0,0,0,0,0,0,0,0,0,0,0,0,0,0,0,0,0,0
2/24/2000,0,,0,4,9.9,1.2,0,0,0,0,0,1.2,0,0,19.6,0,0,0,0,0,0,0
2/25/2000,0,,0,0.7,0,0,0,0,0,0,2.4,0,0,0,0,0,0,0,0,0,0,0
2/26/2000,0,,2.7,5.3,15.9,0,0,0,0,0,15,5.2,0,0,8.9,0,0,0,0,0,0,0
2/27/2000,0,,0,0,0,0,0,0,0,0,0,0,0,0,0,0,0,0,0,0,0,0
2/28/2000,0,,0,0,0,9.7,0,0,0,0,0,0,0,0,0,0,0,0,0,0,0,0
2/29/2000,0,,0,0,0,1.2,0,0,0,0,0,0,0,0,0,0,0,0,0,0,0,0
3/1/2000,0,,0,0,0,0,0,0,0,0,0,0,0,0,0,0,0,0,0,0,0,0
3/2/2000,0,,0,0,0,0,0,0,0,0,0,0,0,0,0,0,0,0,0,0,0,0
3/3/2000,0,,0,0,0,0,0,0,0,0,0,0,0,0,0,0,0,0,0,0,0,0
3/4/2000,0,,0,0,0,0,0,0,0,0,0,0,0,0,0,0,0,0,0,0,0,0
3/5/2000,0,,0,0,0,0,0,0,0,0,0,0,0,0,0,0,0,0,0,0,0,0
3/6/2000,0,,0,0,0,6.9,0,0,0,0,0,0,0,0,0,0,0,0,0,0,0,0
3/7/2000,0,,0,0,0,0,0,0,0,0,0,0,0,0,0,0,0,0,0,0,0,0
3/8/2000,0,,0,0,0,0,0,0,0,0,0,0,0,0,0,0,0,0,0,0,0,0
3/9/2000,0,,0,0,0,12.5,0,0,0,0,0,0,0,0,0,0,0,0,0,0,0,0
3/10/2000,0,,0,0,0,0,0,0,0,0,0,0,0,0,0,0,0,0,0,0,0,0
3/11/2000,0,,0,0,0,0.2,0,0,0,0,0,0,0,0,0,0,0,0,0,0,0,0
3/12/2000,0,,0,0,0,0,0,0,0,0,0,0,0,0,0,0,0,0,0,0,0,0
3/13/2000,0,,0,0,0,0,0,0,0,0,0,0,0,0,0,0,0,0,0,0,0,0
3/14/2000,0,,0,0,0,0,0,0,0,0,0,0,0,0,0,0,0,0,0,0,0,0
3/15/2000,0,,0,0,0,2.8,0,0,0,0,3.6,0,0,1.6,0,0,0,0,0,0,0,0
3/16/2000,0.3,,0,0,0.2,1.3,0,0,0,0,0,0,0,0,0.3,0,0,0,0,0,0,0
3/17/2000,0,,0,2.7,0,0,0,0,9.5,0,0,23.5,0,0,29,0,0,0,0,0,0,0
3/18/2000,0,,0,10,0,0.2,0,0,0,0,0,1.9,0,0,11.3,0,0,0,0,0,0,0
3/19/2000,91.6,,5.3,1,1.7,0,45.7,17.1,0.9,53.5,7.5,44.5,0,0,0,27.8,0,19.6,37.4,0,9.4,11.6
3/20/2000,19.7,,0,33,0,4,0,0,0,8.9,0,0,0,67.4,0,0,22.9,0,0,0,0,0.5
3/21/2000,0,,0,0,0,0,0,5,0,0,0.8,0,0,0,0,0,0,0,0,0,0,0
3/22/2000,0,,0,0,0,0.2,0,0,0,0,9,0,0,0,0,0.1,0,0,0,0,0,0
3/23/2000,0,,0,0.6,0,1.1,0,0,0,0,0,0,0,0,0,2.2,0,0,0,0,0,0
3/24/2000,0,,0,0,0,9.6,0,1.7,0,0,0,0,0,24.6,0,0,28.3,0.5,0,0,0,0
3/25/2000,0,,0,0,0,0.9,0,0,0.6,5.5,0,0,0,0,0,14.9,0.9,0,0,0,0,0
3/26/2000,0.9,,57.8,2.7,12.8,0,1,21.3,48.2,16.6,0.4,40.3,0,28.7,0,16.7,12,9.9,1.1,1.2,4.9,2.4
3/27/2000,0,,0,0.7,0,3.2,0,0,0,0,0,0.3,0,1.8,0.7,0,3.9,0,0,0,0,0
3/28/2000,0,,0,0,0,0,0,0,0,0,0,0,0,0,93.6,0,0,0,0,0,0,0
3/29/2000,0,,0,0,0,0,0,0,0,0,0,0,0,0,0,0,0,0,0,0,0,0
3/30/2000,0,,0,5.2,0,0,12.2,0,0,0,0,0.1,0,0,5.2,0.6,0,0,0,1.4,0,0
3/31/2000,0,,0,32.7,1.9,0,0.3,0.5,0,0,21.6,0,0,0,1.7,0,0,0,0,0,17.5,0
4/1/2000,0,,4.4,1,45.4,3.3,0.3,38.6,2.2,0,4.2,15,0,0,4.7,0,60.1,0,0,0,1,0
4/2/2000,7.6,,0,0,0,0.4,0,0,0,0,0,0,0,0,0,0,0,0,0,0,0,0
4/3/2000,0,,0,0,0,0,0,0,0,0,0,0,0,0,0,0,0,0,0,0,0,0
4/4/2000,5.2,,2.8,9,30.2,26,1.8,3.4,2.4,5.7,1.3,73.8,0,6.8,60.1,79.2,4,0,0,0,2.2,1.4
4/5/2000,0,,0,0,0,0,0,0,0,0,0,0,0,0,0,0,0,0,0,0,0,0
4/6/2000,0,,0,0,0,0.3,0,0,0,0,0,0,0,0,0,0,0,0,0,4.4,0,0
4/7/2000,0,,0,2,0.4,0,0,19.7,0,0,0,0,0,0,0,0,0,0,0,15.9,0,0
4/8/2000,0,,0,0,0,0,0,0,0,2.2,0,0,0,0,0,0,0,0,0,0,0,0
4/9/2000,0,,12.4,0.8,2.6,0,0,0,0,0,0,0,0,0,0,0,0,0,0,0.5,0,0
4/10/2000,0,,0,1.5,0,41.2,11.4,0,1.1,0,0,0,0,61.6,0.4,7.8,53.9,21.4,10,0.3,32.1,46
4/11/2000,0,,0,0,0,0.4,0,0,0,24.2,0,0,0,0,0,0,0,0,0,0,0,0
4/12/2000,0,,0,0,0,0,0,0,0,0,0,0,0,0,0,0,0,0,0,0,0,0
4/13/2000,0,,0,0,0,0,16.5,0,0,0,0,0,2.8,0,0,27.1,0,0,10.6,0.9,13.6,0
4/14/2000,0,,27.5,0,0,0,0,0,0,0.7,0,0,0,0,0,0,0,0,0,0,0,0
4/15/2000,0,,5.2,3.4,23.4,23.2,0,8,21.5,0,19.9,0,0,16,0,0,25,17.3,0,16.3,0,0
4/16/2000,0,,0,0,0,0,19.1,0,0,0,0,13.7,0,0.4,0,3.8,0,0,0,1.8,12.2,0.4
4/17/2000,3.7,,0,0.6,0,0,2,0,0,1.6,25.1,9.6,0,0,5.2,1.2,0.3,0,0,0,17.4,0
4/18/2000,0,,0,0,0,18,0,0,0,20.5,0,1.4,0,0,0,35.5,1.4,0,1.3,0,24.3,0
4/19/2000,0,,0,0,10,0,0,1.1,0,0,0,0,0,0,0,0,0,0,0,0,0,0
4/20/2000,0,,4.5,0,2.2,3,0,15.4,0,10.8,0.8,0,0,0,0,0,0.2,0,0,0,0,0
4/21/2000,0,,0,0,0,31.8,0,0,0,3.2,0,0,0,0,19.1,7.6,0,0,13.8,29.2,6.9,20.9
4/22/2000,32,,14.2,0.9,27.8,0,9.9,46.2,0,0.8,27.1,6.2,0,0,0.5,23.3,0,0.5,0,0,26.6,0
4/23/2000,0,,0,0,0,0,0,0,0,0,0,13.6,0,0,0,0,0,0,0,0,0,0
4/24/2000,0,,0,0,0,0,0,0,0,0,0,3.8,0,0,0,0,0,0,0,0,7.7,0
4/25/2000,0,,0,0,0,0,0,0,0,2.4,0,11.3,0,0,30.2,0,0,0,0,0,1.9,0
4/26/2000,0,,0,0,0,0.5,0,0,0,0,0,16.9,0,0,41.6,34.4,0.2,0,0,0,7.3,0
4/27/2000,0,,0,0,0,0,0,0,0,0,0,0,0,0,1.7,0,0,0,0,0,0,0
4/28/2000,34.8,,0,33.3,0,0,4.1,48.5,1,0,0,38.8,0,1.7,36,23.2,0,0,10.3,6.9,0,36.5
4/29/2000,5.4,,0,0,0,0,0,6.8,0,0,0,2.1,0,0,1,0,0,0,0,0,0,0
4/30/2000,34.2,,0,0,0,0,0,0,0,13.4,0,0,0,2.3,0,0,0,0,0,0,0,0
5/1/2000,0,,53.8,0,0.8,33.2,0,0,13,0,6.2,0,0,0,0,1.6,0,23.6,0.6,1.7,0,0
5/2/2000,0,,0,0,0,0,0,0,0,0,0,0,5.7,0,0,0,0,0,0,0,0,0
5/3/2000,0,,0,5.3,0,0,1.5,2.1,0,2.6,0,0,0,0,0,0,0,0,12.1,0,0.7,2
5/4/2000,11.9,,0,0,0,0,0,0,0,0,0,48.3,0,0,28.9,4.7,0,0,0,0,15.6,0
5/5/2000,0,,0,0,0,0.4,0,0,0,0,0,0,0,0,0,0,0,0,0,0,0,0
5/6/2000,4,,0,0,0,0,14.4,5.8,0,0,0,7.3,0,0,0,4.5,0,0,0,4.3,11.6,0
5/7/2000,0,,5.3,0,0,3.5,0,0,42.5,0,37,0,0,1.8,0,0,0,8.7,0,0,0,0
5/8/2000,0,,0,7.1,0,5.3,0,0,0,0,0,0,0,0,0,0,0,0,0,2.4,0,0
5/9/2000,9,,32.4,0,35.2,45.5,0,34,3.4,0,1.5,25.8,3.5,40.1,43,9.4,15,22.2,0,0,1.7,3.6
5/10/2000,0,,0,0,0,0,0,0,0,0,0,0,0,0,0,2,0,0,0,0,0,0
5/11/2000,0,,0,0,0,0,5.1,0,0,0,0,0,0,0,0,0,0,0,11.9,0,0,7.3
5/12/2000,0,,0,0,13.7,0,0,0,0,0,0,0,0,0,5.2,0,0.2,0,0,0,0,0
5/13/2000,0,,0,0,6.3,0,0.8,0,0,0,0,0,0,0,0,5.5,0,0,0.8,9.4,0,0
5/14/2000,0,,0,0,0,0,1.5,0,0,0,0,0,12.1,0,0,0,0.4,0,43.5,14.3,0.3,5.9
5/15/2000,0.2,,4,0.3,0,0,0,56,0,0,0,9,0,0,0,0,0,0,0.3,0,0,0
5/16/2000,0,,0,0,4.2,0,0,4.1,0,0,1,6.1,0,0,1.5,0,0,0,0,0,0,0
5/17/2000,0,,11.8,0,6.2,5,0,2.1,1.5,0,0,0,0,5.2,0,0,1.3,7.9,0,0,0,0
5/18/2000,0,,0,0,0,0.7,0,0,13.4,0,0,0,0,2.1,0,0,12.2,32.3,0,0,0,0
5/19/2000,0,,0,0,0,7,0,0,23.1,0,2.4,9.6,0,3.1,6.1,2.8,14.7,0,0,1.1,0,0
5/20/2000,13.1,,22,3,66.2,2.1,24.6,0.3,15.2,0,0.9,5.8,1.4,5.9,26.1,0,14.4,20.4,0,0,5.2,0
5/21/2000,4.5,,0,26.8,28.8,1.3,37.8,4.8,0,0,1,8.7,10.2,11,40,52.6,7.8,0,3.5,11.5,13.2,12.2
5/22/2000,0,,0,0,0,0,0,0,0,12.8,0,0,0,2.2,0,0,0,0,0,6.1,0,0
5/23/2000,55.6,,13.5,11.5,4.4,14.4,59.7,58.9,4.4,45.2,14.7,23.8,11.4,41.3,41.6,14.7,39.5,12.1,15.7,16.1,10.5,43.2
5/24/2000,0,,0,0,0,0,0,15.2,0,0,0,0,0,1.9,0,0,0.8,0,0.3,0,0,0
5/25/2000,0,,0,0,0,12.6,0,0,0,0,0,0,0,0,0,0,1.1,0,0,0,0,0
5/26/2000,13.2,,43.6,29.3,13,35.7,0,4.1,8.2,3.7,19.7,4.1,1.8,28.9,11,0,19.8,19.3,0,0,12.4,0
5/27/2000,0,,1,0,1.2,4.8,0,0,0,0,0,0,0,1.1,8,0,9.3,0,0,0,1.6,0
5/28/2000,0,,0,0.4,0,104.1,0,0,0,0,0.3,0,0,0,0,0,19.5,0,0,0,0,0
5/29/2000,0,,0,5.5,0.5,0,10.2,0,0,1.1,4.9,0,7.6,0,0,0.4,0,0,0,0,30.2,0
5/30/2000,8.3,,0,0,0,0,18,0,0,0,0,18.7,0,0,0,0.8,0.4,0.3,45.5,15.2,4.5,10.4
5/31/2000,0,,8.1,2.9,2.5,120.1,4.3,7.4,2.4,0.9,0,1.4,0,7.2,11.2,5.8,38.7,0,13.8,3,28.4,16.6
6/1/2000,0,,31.8,20.1,26.4,101.8,3.6,29.7,4.5,0,68.6,14.2,0,26.8,23,0,52.6,20.8,0.2,0,1.2,0
6/2/2000,1.8,,0,0,0,2,0,0,0,0,0,27,0,0,0,0,0,0,0,0,0,0
6/3/2000,0,,0,0,0,5.8,0,0,0,0.1,0,0,0,0,0,0,0.5,0,0,0,0,0
6/4/2000,7.7,,0,0,8.6,1.7,0,0,0,0,0.3,1.1,0,0,0,0,0,0,0,0,0,0
6/5/2000,39.6,,8.4,9.2,2.8,0,9.9,13.3,57,21.6,35.1,28.1,10.8,0,0,14.5,29.1,11.5,23.9,10.2,74.4,2.6
6/6/2000,4.3,,47,0.2,0.5,0.4,7.6,8.9,0.2,0,0.8,1.7,0,0.7,0,0.7,0,0,4.4,0,13.2,5.4
6/7/2000,0,,0,0,0,0,4.3,0,0,0,0,0.1,0,0,0,0,0,0,0,0,0,0
6/8/2000,0,,0,0,0,0,0,0,0,5.6,0,0,0,0,0,0,0,0,0,0,0,0
6/9/2000,0,,0,1.2,0,0,8.6,0,0,0,0,0.3,13.6,0,0,4.9,0,0,32.9,33.6,25.4,9.1
6/10/2000,0,,0,2.2,0,0,0,0,0,0,0,6.5,7.8,0,2.9,0,0.2,0,0.7,0,0,4
6/11/2000,0.6,,0.3,1.3,20.8,3.3,6.1,3.7,0,0,0,15.6,0,14.1,0.6,0,1.5,0,1.6,12.9,0,0
6/12/2000,11.1,,0,14.8,1.7,40.7,0,2.6,0,0,30,25.4,0,5.7,16.6,10,5.2,0,0,0,2.2,0
6/13/2000,10.1,,0,54.2,0,0,0,0,0,0,0,0,0,0,20,0,0,0,0,0,0,0
6/14/2000,16.5,,0,0,0,0,14.5,0,0,0,0,0,27.8,6.8,4.8,4.1,0,0,0,21.3,24.6,7.8
6/15/2000,0,,9.1,0,0,29.2,0,0,0,5,0,0,0,40.2,12.4,23.1,0.7,0,0,0,26.1,0
6/16/2000,145.6,,0.6,3.7,0.8,87.1,0,15.2,0,22.6,12.4,62.7,38.9,0.4,16.7,0.6,8.6,0,0,12,3.4,0
6/17/2000,17.9,,0,3.6,0,1,0,0,0,0,6,3.9,0,1.2,19.3,0,1.1,0,5.1,0.7,0,0
6/18/2000,25.3,,0.8,23.3,29.8,0,19.1,17.6,0,44.9,4.2,37,39.4,1.4,0,2.1,0,0,11.5,31.2,29.8,29.7
6/19/2000,1,,0,0,4.6,2.4,0,12,0.9,4.5,0,2.3,0,0,28.2,2.9,11.9,0.5,0,0,0,0
6/20/2000,18.7,,26.8,1.9,0,9.2,7.2,4.9,3.7,0.7,11.3,26.8,21.7,10,7.7,11,0.5,0,14.5,20,3,29.9
6/21/2000,25.8,,0,55.8,14,44.5,9.9,1.4,0.4,100.3,28.7,35.1,0,1.7,36.8,15.2,29.4,0.6,55.3,18.7,13.8,14.2
6/22/2000,3.1,,1.6,3.3,3.7,20.9,2.5,0.5,38.9,1.2,21.4,0.2,0,12.6,12.5,2.3,71.4,2.2,0,0.2,8.8,1
6/23/2000,0.8,,0,0,0,0,26.4,0,0.3,0,0.5,5.6,3.8,2.1,3.1,0,12,0.5,59.6,0,0,26.8
6/24/2000,0,,0,0,0,6.8,0,0,0,0,0,0,0,3,0,0,15.8,0,0,0,0,0
6/25/2000,2.9,,0.4,0.4,6.4,0.7,18.8,1.3,0,18.8,1.4,53.3,25.3,2.1,0.5,24.9,16,0,12.5,34.5,47.6,1.3
6/26/2000,4.7,,0.2,5.9,0.5,2,0,0,0,0,0.4,0.2,1.4,0,15,0,0,0,0,0,11.6,4
6/27/2000,0,,0,0,0,0,0,0.4,0,0,4.4,0,1.3,0,2.6,0,0,0,0.3,0,0,3.5
6/28/2000,6.6,,0,0,0,0,0,0,0,0,0,0,0,0,0,0,0,0,0,0,0,0
6/29/2000,6.1,,14.8,0,21.2,5.4,0,4.8,0,66.8,0.9,25.8,35.4,0,0,0,23.9,0,13.2,0.7,0,0.1
6/30/2000,3.3,,4.3,15.1,10.8,57.5,0.8,0,10.5,1.1,12.2,0.3,1.5,56.2,43,8.2,15.9,31.6,2.6,47.8,8.9,0
7/1/2000,0.1,,0,0,0,42.3,0,0,0.5,0,0,0.1,0,0,0,0,10.8,0,0,0,0,0
7/2/2000,1,,0,0.6,30.8,25.1,0,10.8,0,21,10.2,13.3,0,0.7,0,0,0,0,0,0,0,23.7
7/3/2000,0,,0,12.4,0,0.4,0,0,6.2,0,1.7,0,7.8,0,1.2,0,4.1,2,0,0,1.2,0.2
7/4/2000,17.4,,0,3.5,0.2,0,22.9,34.9,0,2.2,0,24.4,0,1,5,1.1,0,0,0,14,0.7,0
7/5/2000,0,,0,0,0.6,0,6.6,1.6,0,9.2,3.8,0,4.5,0.2,0,0,0,0,16.4,0.3,0,14.7
7/6/2000,0,,0,0,0,0,15.5,0,0,60,0.1,1.8,16.5,0,0,37.9,0,0,7.1,30.5,42.9,1.7
7/7/2000,0,,0,0,0,0,0,0,0,0,0,0,0,0,0.3,0,0,0,0,0,0,0
7/8/2000,20.1,,0,26.2,8.4,1.1,0,34.9,0,0.4,7,19.2,0,0.3,2.9,11.9,0,0,0,0,0.8,0
7/9/2000,0,,0,0,0,0,0,0,0,0,0,0,12,2,0,0,0.1,0,0,0,0,0.2
7/10/2000,0,,0,0,0,0.7,0,0,0,0.4,0.6,0.7,16.3,0,0.2,0,0,0,0,0,0,0
7/11/2000,0,,0,0,0,0,0,0,0,3.3,0,1.8,0,0,0,20.5,0,0,0,0,2.4,0.1
7/12/2000,2.1,,0,0,0,0,0,3.4,0,0,0,10,0,0,0.5,0,0,0,0,0,0,0
7/13/2000,48.7,,0.1,1.2,45.2,0,52.6,0,0,37.4,13.4,26.4,31.8,0,29.8,2.8,0,0,6.7,35.6,14.4,35.9
7/14/2000,2.8,,0.2,0.5,0.4,0,7.9,0,1,4.2,0.5,2.5,0,2.2,16.9,0,0,0.5,0,1.6,0,0
7/15/2000,0,,0,0,0,0,0,0,0,0,0,0,0,0,0,0,0,0,0,0,0,0
7/16/2000,0,,0,0,0,0,0,0,0,0,0,0,11.3,0,0,0,0,0,0,0,0,0
7/17/2000,0,,0,0,0,0,0,0,0,0,0,0,0.6,0,0,0,0,0,0,4.8,0,0
7/18/2000,0,,0,0,0,0,0,0,0,0,0,0,18.7,0,0,0,0,0,0,0,0,0
7/19/2000,0,,0,0,0,0,0,0,0,0,0,0,0,0,0,0,0,0,0,0,0,0
7/20/2000,0,,0,0,0,0,0,0,0,0,0,0,0,0,0,0,0,0,0,0,0,3.5
7/21/2000,0,,0,0,0,0,0,0,0,0,0,0,49.9,0,0,0,0,0,0,2.5,0,0
7/22/2000,0,,0,0,0,0,0,0,0,0,0,0,0,0,0,0.6,0,0,0,0.5,0,0
7/23/2000,0,,0,0.2,0,0,0,0,0,0,0,0,0,0,0.2,0,0,0,0,0,0,0
7/24/2000,0,,0,0,0,0,0,0,0,0,0,0,0.3,0,0,0.5,0,0,0,0,0,0
7/25/2000,0,,0,0,0,0,0,0,0,0,0,0,10.8,0,0,0,0,0,0,0,0,0
7/26/2000,0,,0,0,0,0,0,0,0,0,0,0,9.6,0,0,0,0,0,7.8,0,0,0
7/27/2000,2,,0,0,0,0,0,13.1,0,0,16.6,0,0,0,0,0,0,0,2,0,1.7,0
7/28/2000,44.8,,0,101.6,3.8,19.6,52.9,28.8,0,36.9,4.3,7.6,27.8,0,0.5,1.3,8.2,0,11.3,30.8,60.6,35.1
7/29/2000,11.3,,2.6,98.7,3.7,0,0.6,13.3,1.8,0.3,73.6,32.6,0.7,25.1,17.7,24.2,0.2,0,0,21.2,27.4,0
7/30/2000,0.1,,0,0,0,0,0,0,0,5.9,0,0,19.3,0,0.5,0.2,0,0,2.8,7.8,4.2,10.1
7/31/2000,13.5,,23,3.1,34,0,0,37.2,10.4,18.4,13.8,12.8,0,0.3,8,0.6,1.3,42.2,0,0,14.3,0
8/1/2000,0.9,,0,0,0.4,0,38.9,0,1.6,25.2,0,6.6,0,1,0,24.9,0,0.4,67.4,13.5,17.9,57.3
8/2/2000,1.2,,0.2,0,0,0,3.8,0,0,0,0.5,0.1,0,1.9,1.1,1.1,0,0,0,0,0.2,0
8/3/2000,0.1,,5.8,0.4,0.3,0,1.1,6.7,0.3,5.4,0,0,1.4,0.8,0,0,0,0.2,15.1,0.1,0,38.8
8/4/2000,9.3,,4.7,2.7,1.4,0.1,1.8,9.7,0.7,3.6,2.6,4.1,0,0,0.7,5.4,0.2,0,0.6,1.8,4.6,1
8/5/2000,0.8,,0,0.3,0.3,3.4,0.5,0,0.5,2.9,0,0,0,0,0,0,5,3.1,0,1.2,7.1,0
8/6/2000,0.8,,0,1.5,0,2,0.3,0,6.9,3.9,0.6,0,1.6,1.3,16.8,0,1.2,0.4,0,0,0,0
8/7/2000,0,,0,0,0,0,0,0,0.2,0,0,0,1.4,0,0.2,0,0,0,0,1.2,0,2.1
8/8/2000,23.5,,78.9,5.7,0.4,1.9,18.3,10.7,0,60.8,26.1,36.1,0,0,20.5,10.7,2.3,0,0,0.8,26.6,18.2
8/9/2000,2.8,,0,11,0,0.8,0,0,0,2.6,0,0,45.7,0.4,0,0,0.9,0,0,2.5,0,32.6
8/10/2000,0.2,,0,0,0,0,0,0,0,0,0,0,0.2,0,0,0,0,0,0,0,0,0.6
8/11/2000,0,,0,0,0,0,0.8,0,0,0,22.4,0,5.4,0,0,0,0,0,0,2.1,0,9.8
8/12/2000,0,,0,0,0,1,0,0,0,10.7,0,0,0,0,0,0,0,0,0,0,0,2.2
8/13/2000,0,,0,0,0,0.8,12.7,0,0,1.2,1,0,56.3,0,10,1.8,0,0,0,43.6,0,0
8/14/2000,2.5,,0,3.6,0,0,43.5,10.7,0,9.1,0,0.7,47.6,0,0.4,17.3,0.7,0,7.9,18.1,6.3,33.6
8/15/2000,0,,0,1.7,0,0,0,0,0,0,0,0,0,0,0,0,0,0,0,11.2,0,0
8/16/2000,0,,0,0,0,0,23.9,0,0,0.5,0,0,11.4,0,0,0,0,0,0,22.4,0,1.6
8/17/2000,0,,0,8.4,0,0,5.3,1.8,0.7,0.8,7.5,12.4,0,0,2,0,0,0,0,0.1,0,0.6
8/18/2000,0,,0,1,0,0,2.1,0,0,4.5,0.2,1.2,31.4,0,0,1.5,0,0,4.8,0,0,61.6
8/19/2000,0,,0,0,0,0,0.5,0,0,0,0,0,19,0,0,0,0,0,0.6,0,0,0
8/20/2000,0,,0,0,0,0,0,0,0,0,0,0,17.8,0,0,0,0,0,1.4,12.7,0,27
8/21/2000,0,,0,0,0,0,0,2.6,0.2,0,0,0,0,0,2.4,0,0,0,0,0,0,0
8/22/2000,11.9,,0.6,15,46.9,0,0.3,0.8,0,65.1,77,0.3,0,0,35.1,8.8,1.5,0.1,2.4,0,0,36.3
8/23/2000,0,,0,14.7,0,2.4,9.5,0.2,0.8,9.1,0.4,0.2,0,4,2.7,0,0,0,0,0.6,0,0
8/24/2000,0,,0,0,0,0.3,0,0,0,14.6,1.6,0,0,0,0,0.2,0,0,0,0,0,0
8/25/2000,0,,0,0,0,1.1,0,1.9,0,0.7,7.4,0,33.2,0,0,0,0.3,0,5.3,28.1,0,27.3
8/26/2000,0,,0,3.8,0,13.4,0,2.2,0,0,0.2,0.4,0,0,0.4,0.5,4.7,0,0,1.7,0,0
8/27/2000,0,,0,0,0,3.5,0,10.5,0,7.6,0,0.2,0,0,1,0,0.2,0,0.4,9,0,8.6
8/28/2000,0.3,,11.5,4.4,0,4.1,10.4,23,0,13.1,0,1,0,0,9,25.1,10.7,0,0,14.9,0.5,2.6
8/29/2000,0,,0,1.8,0,0,2.5,0,0.5,0,0,0.5,0,0,0,0,0,0,0,2.6,4.7,0
8/30/2000,3.2,,0,9.7,0,14.2,5.8,0,0,0,0,1.4,6.6,0,0,21.2,0,0,13.2,0,0,13.3
8/31/2000,4.3,,0,0,0,2.5,0.8,3.6,0,17.8,0.1,0.1,3.2,0,10,0,6.4,0,0,25.6,5.7,1.2
9/1/2000,14.5,,0,0,0,0,0.3,0,0,0,0.8,27.5,0,0,2,0,0,0,0,0.8,0,0
9/2/2000,0,,0,0.3,0,0,9.9,0,0,0,0,0,0,0.5,0.9,0,4.7,0,0,11.1,1,0.5
9/3/2000,0,,0,0,0,0,0,0,0.7,0,0,0,0,0,0,0,0,0,0,0,0,8.1
9/4/2000,0,,0.3,0,0,0,0,0,0,0.8,0,0,0,0,0,0,0.5,0,0,0,0,11.5
9/5/2000,3.1,,0,0,0.3,1.7,0,0,0.6,47,0.3,0,0,0.8,3.5,0.2,2.1,0,10.6,0,8.4,12.3
9/6/2000,0.4,,0,2.9,0,0.3,1.8,56.6,0,4,0.4,0,0,0,0.9,0.1,0,0,9.6,28.1,0,2.5
9/7/2000,0,,0.1,0,4.1,0.6,15.5,0.4,0,0.6,0,0,5.8,0,0,1.1,0,0,27.8,50.9,1.5,1.3
9/8/2000,0.7,,0,0,0,3.4,0.8,0,0,1.1,0,0,2.4,0,2.2,0.4,0.6,0,0,3.1,1.4,0
9/9/2000,0,,1.4,0,0.2,0,0,37.4,0,23,1.6,0,0,0,0,0,3,0,0,0,0,19.9
9/10/2000,16.4,,1.1,24.1,0.3,6.8,0,0.9,1.1,6.4,2.2,3.8,0,0,9.7,2.4,6.2,0.9,0.5,0,5.7,15.8
9/11/2000,5.6,,1.4,0.8,0,2.7,33.8,14.6,0,9.4,1.5,2.9,16.4,0.7,15.1,11.9,0.3,0,9.4,41.8,15.6,2.4
9/12/2000,3.3,,1.1,8.3,0.7,0,0,1.3,1.8,2.2,5.5,7.5,19.9,1.2,0.6,0.5,0,2.1,0,5.2,0,0
9/13/2000,17.9,,0,0.4,0,0,0,4.3,0,1.2,0,17.3,0,0,0,0,0,0,0,0,0.2,0
9/14/2000,0,,0,11.1,7.8,0,22.8,0,0,0,1,0,4,0,0,2.3,0,0,14.8,2.2,2.4,18.6
9/15/2000,39.7,,0,0,70.2,1.1,0,9.5,4,46.2,1.3,5.9,0,0,6.5,4,1.1,0,32.5,0,4.3,0.4
9/16/2000,21.3,,0.1,0,41.6,0,2.8,12.1,0,0.3,15.3,0,0,0,1.4,8,9.3,0,21.8,5.3,0,2
9/17/2000,2.8,,0.1,1.5,5.4,0,5.1,27.1,0,29.5,8.2,0,0,0,1.4,0,0,0,14.4,24.7,0,17.5
9/18/2000,4.1,,0,13.1,0,1.2,21.6,0.8,0,12.9,0.2,8.3,0,0.3,13.1,0,1.1,0,14.2,3.7,1.2,0.1
9/19/2000,1.2,,1.6,0,0.8,0.2,0,0,0.1,3.7,0.5,39.1,13.7,0,1,40,0,0.1,19.1,8.3,6.7,27.4
9/20/2000,1.6,,0,30.5,15,0.4,26.7,13.4,0,20.2,3.7,0,0.3,0,61.3,0,0,0,0.5,1.9,0.4,0
9/21/2000,0,,0,0,0,0.2,0,0,0,0,0.2,0.6,0,0,0,0,0.3,0.3,0,0.6,0,0
9/22/2000,0.5,,0,21.8,0,0,25.6,0,0,2.7,3.6,14.9,0,2.2,2,0,0,0,6.5,16.3,0,40.3
9/23/2000,0,,0,2.7,0,0.7,0,0,0,0,0.5,0,54.6,0,9.1,0,0,0,0,0.6,0,0.1
9/24/2000,5.1,,0,0,0,3,1.3,2.4,0,12.3,0,0,0,0,0,0,0.7,0,5.4,11.5,10.1,50
9/25/2000,2,,0,0,0,7.3,29.2,1.3,0,0,4.3,0,0,1.3,1.4,0,0.2,0,1.1,0.2,0,0
9/26/2000,0,,0,0,0,0.9,0,0,0,0,0,0,0,0,0,0,2,0,0,0,0,0
9/27/2000,10,,4.5,0,36.8,0.4,61.5,5.6,0.3,7.5,6.9,15.3,41.1,0,0,1.1,0,0,26.9,5.7,3.2,34.7
9/28/2000,12.4,,30.1,0,16,0,4.3,1.1,0,0,0,0.2,0,0,3.8,0.1,1.2,0,10.4,0,20.9,1
9/29/2000,0,,0,1.2,0,0,0,0,0,0,0,0,0,0,5.6,0,0,0,5.7,2.4,0,11.7
9/30/2000,28.8,,0,0,0,0,13,0,0,20.3,1.4,0.8,0,0,0,2.9,0,0,25,4.9,7.4,21.5
10/1/2000,23.6,,0,0,3.5,0,5.1,0,0,0.8,0.1,0.2,0,0,0,11.3,0,0,0.2,5.1,11.8,0
10/2/2000,5.3,,12.8,0,14.9,0,0,0,0,0,1.4,10.4,0,0,0,7.4,0,6.7,0,0,0,0
10/3/2000,11.2,,0,0,0,0,0,3.9,0,0,3.7,1.4,0,0,0.2,0,0,0,0,0,0.4,0
10/4/2000,1.7,,0,5.1,30.2,0,0,12.4,0,0,65.5,8.4,0,2.3,0,1.4,0.4,0,0,0,0,0
10/5/2000,0,,0,0,0,0.3,0,0,0,0,0,0,0,0,0,0,0,0,0,0.3,1.1,0
10/6/2000,0,,1,1.2,1.9,0.6,0,0,0.2,17,0,2.4,0,0,0,2.8,0,0,5.3,0,6.1,32.5
10/7/2000,0,,0,14.2,1.2,0,14.6,0,0,15,13.5,5.8,0,1.6,0.7,0,2,0,0.5,0,0.2,3
10/8/2000,1.4,,0,0,0,4.7,0,0,0,42.7,0.4,0,0,0,0,0,0.3,0,0,0,0,21.8
10/9/2000,5.4,,0,0.6,0,0,0,0.3,0,2.2,0,1.4,15.2,0,0,1.9,0,0,0.2,3.2,2.6,1.1
10/10/2000,0,,0,0,0,0,0.5,0,0,0,0,0,4.5,0,0,0,0,0,24.3,17.9,0,2
10/11/2000,0,,0,0,0,0,0,0,0,0,0,0,0,0,0,0,0,0,0,0,0,0
10/12/2000,1.9,,0,0,0,0,0.5,1.9,0,0,5.1,0,3.8,0,0,11.5,0,0,0,0,4.2,0
10/13/2000,0,,0,0.8,4.5,0.3,0.7,0,0,0,0.5,0,0,0,4.8,0,0,0,21,8.4,0.8,15
10/14/2000,7.8,,0,0.6,0,0.2,32.2,1.2,0,31.6,1.6,0,0,0,0,0,0,0,0.3,0,0,0
10/15/2000,0,,0,0,0.8,1.8,2.9,0,0,0,0.3,8.2,0,0,0.7,0,0,0,0,0,0,10.2
10/16/2000,0,,0,0,0,0,0,0,0,0,0,0,0,0,0,5.1,0,0,0,0,1.9,0.7
10/17/2000,4.9,,0,12.6,0,0,13.3,20,0,0,0,0,3.1,0,0,0.8,0,0,10.9,22.4,11.6,7
10/18/2000,40.6,,0,1.8,0,0,0,0,0,0,17.1,15.1,0,0,0,0,22.4,0,0,0,17.8,2.1
10/19/2000,0,,0,0.3,0,0,0,0,0,0,0,0,0,0,0,0,0,0,0,8.9,0,0
10/20/2000,0,,0,0,0,10,2,0,0,0,0,0,0,0,0,0,0,0,0,0,4.2,0
10/21/2000,0,,1,0,0,0,20.2,0,0,0.6,2.3,0,0,0,0,0,0,0,0,6.9,0,0
10/22/2000,40.3,,0,0.2,0.5,0,0,0.5,0,0,6.4,17.4,0,0,1,1,0,0,1.6,0,49.2,0
10/23/2000,4.1,,0,4.6,0,0.1,0,0,0,0,11.3,0,0,0,0,4.3,0,0,0,0,4.1,0
10/24/2000,10.3,,39.3,1,9.2,0,0,1.2,0,4.2,1.1,9.7,0,0,2.3,0,0,0,0,0,0,0
10/25/2000,0,,0,0.4,2.2,0,0,0,0,0,21.4,9,0,0,0.6,2.2,0,0,0,0,12.5,0
10/26/2000,0,,0,0,0,0,0,0,0,0,1.2,0,0,0,0,0,0,0,0,0,0,0
10/27/2000,0,,13.8,10.3,6.9,35.8,0,0,0,0,0.6,1.1,0,7.6,14.1,0,3.1,0.1,0,0,0.3,0
10/28/2000,18.7,,76.9,12.6,35.5,5.1,0,63.4,36.6,0,43.9,29.4,0,22.4,0,0,13.2,33.1,0,0,0,0
10/29/2000,0.2,,0,0,0.8,0,0,0,0,0,0,0,0,0,0,9.6,0.7,0,0,0,0,0
10/30/2000,0,,0,0,0,0,0,0,0,0,0,0,0,0,0,0,0,0,0,0.2,0,0
10/31/2000,33.5,,0,0,2.4,0,0,0.3,0,4.8,3.3,0,0,0,0,0,0,0,0,0,9.8,0
11/1/2000,3.3,,0,17,0,0,2.1,1.4,0,0,18.5,0,0,0,7.9,36.4,0,0,0,0,15.8,0
11/2/2000,0,,0,0.7,0,0,0,0,0,0,0,0,0,0,0,0,0,0,0,0,14.1,0
11/3/2000,0,,0,0,0,0,0,6.7,0,0,4.8,0,0,0,21.3,0,0,0,0,0,0,0
11/4/2000,0,,25.8,21.4,15.8,0,0,7.8,0,0,7.3,0,0,9.9,0,0,0,0,0,0,16,0
11/5/2000,0,,4.3,16.4,0,0,0,0,0,0,0,0,0,0,0,0,0,0,0,0,0,0
11/6/2000,0,,0,0,0,0.4,0,0,0,0,0,0,0,0,0,23.2,0,0,0,0,0,0
11/7/2000,0,,0,5,0,3.2,0,0,0,0,9.4,0.1,0,0.3,0,0,2.1,0,0,0,0,0
11/8/2000,0,,0,0.2,0,0,0,0,0,0,0,0,0,1.9,0,0,0,0,0,0,0,0
11/9/2000,0,,0,6.8,10.6,0,0,1,0,0,2.5,9.2,0,0,6,0,0.4,0,0,0,3.4,0
11/10/2000,0,,1,3.8,0,0,0,0,0,0,0,0,0,0,0,11.6,0,0,0,0,0.4,0
11/11/2000,0,,0,0,0,0.1,0,0,0,0,11.4,0,0,0,0,0,0,0,0,0,0,0
11/12/2000,0,,1.3,26.6,0,0,0,0,0,0,0,0,0,0,0,0,0,0,0,0,0,0
11/13/2000,0,,0,0,0,0,0,0,0,0,0,0,0,0,0.5,0,0,0,0,0,0,0
11/14/2000,3.1,,1.1,7.6,0,0,0,1.2,0.9,0,0,0,0,3.8,0,0,12.3,0,0,0,0,0
11/15/2000,0,,15,0,0,0,16.8,0,0,0,36.4,0,0,0,0,0,0,0,0,0,0,0
11/16/2000,0,,0,0,0,0,0,0,0,0,0,0,0,0,13.5,0,0,0,0,0,0,0
11/17/2000,0,,0,0,0,0,0,0,0,0,0,0,0,0,0,0,0,0,0,0,0,0
11/18/2000,0,,24.8,0.4,0,1,0,1.5,25,0,0,42.6,0,40.9,24.8,19.3,15.4,25.7,0,0,0,0
11/19/2000,3.9,,0,0,0,0,0,0,0,0.9,10.1,0,0,0,0,1.3,0,0,0,0,0,0
11/20/2000,0,,0,0,0,0,0,0,0,0,0,0,0,0,3.4,4.4,0,0,0,0,0,0
11/21/2000,0.6,,0,4,0,3.4,0,0,0,0,0.5,9.8,0,0,0.7,0,0,0,0,0,0,0
11/22/2000,0,,0.8,2,0,5.9,5.4,0,0,0,0.5,0.2,0,0,0,1.7,0,0,0,0,0,0
11/23/2000,0,,0,0,0,0,0,0,0,0,0,0.8,0,0,0,0,0,0,0,0,0,0
11/24/2000,0,,14.2,0,12.1,0,0,0,0,0,0,0,0,0,0,0,0,0,0,0,0,0
11/25/2000,0,,0,4.8,0,0,0,0,0,0,0,9.3,0,0,0,0,0,0,0,0,0,0
11/26/2000,0,,0,0,0,0,0,0,0,0,0,0,0,0,0,3.2,0,0,0,0,0,0
11/27/2000,0,,0,9.4,0,0,0,0,0,0,1.8,5.8,0,0,0,0,0,0,0,0,0,0
11/28/2000,0,,2.2,11.3,0,1.6,0,0,0,0,0,0,0,0,0,0,0,0,0,0,0,0
11/29/2000,0,,0,0,0,1.1,0,0,0,0,0,0,0,0,0,0,0,0,0,0,0,0
11/30/2000,0,,0,0,0,0,0,0,0,0,0,0,0,0,0,0,0,0,0,0,0,0
12/1/2000,0,,0,0,0,50.1,0,0,0,0,0,0,0,0,0,0,0,0,0,0,0,0
12/2/2000,0,,0,0,0,5.4,0,0,0,0,0,0,0,0,0,0,0,0,0,0,0,0
12/3/2000,0,,0,0,0,0,0,0,0,0,0,0,0,0,0,0,0,0,0,0,0,0
12/4/2000,0,,0,0,0,0,0,0,0,0,0,0,0,0,0,0,0,0,0,0,0,0
12/5/2000,0,,0,5.6,0,0,0,0,0,0,0,0,0,0,0,0,0,0,0,0,0,0
12/6/2000,0,,0,0,0,0,0,0,0,0,0,0,0,0,1.7,0,1.7,0,0,0,0,0
12/7/2000,0,,0,0,0,0,0,0,0,0,0,0,0,0,0,0,0,0,0,0,0,0
12/8/2000,0,,0,0,0,2.2,0,0,0,0,0,0,0,0,0,0,0,0,0,0,0,0
12/9/2000,0,,0,0,0,0,0,0,0,0,0,0,0,0,0,0,0,0,0,0,0,0
12/10/2000,0,,0,3.9,0,0,0,0,13.4,0,0.8,0,0,11.2,0,0,82.9,0.9,0,0,0,0
12/11/2000,0,,0,0,0,14.5,0,0,0,0,0,0,0,0,0,0,2.3,0,0,0,0,0
12/12/2000,0,,0,0,0,0,0,0,0,0,0,0,0,0,0,0,0,0,0,0,0,0
12/13/2000,0,,0,0,0,0,0,0,0,0,0,0,0,0,0,0,0,0,0,0,0,0
12/14/2000,0,,0,0,0,0,0,0,0,0,0,0,0,0,0,0,0,0,0,0,0,0
12/15/2000,0,,0,0,0,0,0,0,0,0,0,0,0,0,0,0,0,0,0,0,0,0
12/16/2000,0,,0,0,0,0,0,0,0,0,0,0,0,0,0,0,0,0,0,0,0,0
12/17/2000,0,,0,0,0,0,0,0,0,0,0,0,0,0,0,0,0,0,0,0,0,0
12/18/2000,0,,0,0,0,0,0,0,0,0,0,0,0,0,0,0,0,0,0,0,0,0
12/19/2000,0,,0,0,0,0,0,0,0,0,0,0,0,0,0,0,0,0,0,0,0,0
12/20/2000,0,,0,0,0,0.7,0,0,0,0,0,0,0,0,0,0,0,0,0,0,0,0
12/21/2000,0,,0,0,0,0,0,0.4,0,0,0,0,0,0,0,0,0,0,0,0,0,0
12/22/2000,0,,7.1,0,0,0,0,0.7,13,0,0,0,0,0,0,0,0,14.4,0,0,0,0
12/23/2000,0.8,,0,0,13.8,0,0,34.5,0,0,3,0,0,0,0,0,1.4,0,0,0,0,0
12/24/2000,0,,0,0,11.4,0,0,4.6,0,0,0,0,0,0,0,0,0,0,0,0,0,0
12/25/2000,0,,0,0,0,0,0,0,0,0,0,0,0,0,0,0,0,0,0,0,0,0
12/26/2000,0,,0,0,0,0,0,0,0,0,0,0,0,0,0,0,0,0,0,0,0,0
12/27/2000,0,,0,1.6,0,0,0,1.6,0,0,1,0,0,0,0,0,0,0,0,0,0,0
12/28/2000,0,,0,0.3,0,0,0,0,0,0,0,0,0,0,0,0,0,0,0,0,0,0
12/29/2000,0,,0,0,0,18,0,0,0,0,0.5,0,0,0,0,0,0.2,0,0,0,0,0
12/30/2000,0,,0,0,0,0,0,0,0,0,0,0,0,0,0,0,0,0,0,0,0,0
12/31/2000,0,,0,0,0,16.1,0,0,0,0,0,0,0,0.9,0,0,63.7,0,0,0,0,0
1/1/2001,0,,0,0,0,0,0,0,0,0,0,0,0,0,0,0,0,0,0,0,0,0
1/2/2001,0,,0,0,0,0,0,0,0,0,0,0,0,0,0,0,0,0,0,0,0,0
1/3/2001,0,,0,0,0,0,0,0,0,0,0,0,0,0,0,0,0,0,0,0,0,0
1/4/2001,0,,0,0,0,0,0,0,0,0,0,0,0,0,0,0,0,0,0,0,0,0
1/5/2001,0,,0,0,0,0,0,0,0,0,0,0,0,0,0,0,0,0,0,0,0,0
1/6/2001,0,,0,0,0,0,0,0,0,0,0,0,0,0,0,0,0,0,0,0,0,0
1/7/2001,0,,0,0,0,0,0,0,0,0,0,0,0,0,0,0,0,0,0,0,0,0
1/8/2001,0,,0,0,0,0,0,0,0,0,0,0,0,0,0,0,0,0,0,0,0,0
1/9/2001,0,,0,0,0,0,0,0,0,0,0,0,0,0,0,0,0,0,0,0,0,0
1/10/2001,0,,0,0,0,0,0,0,0,0,0,0,0,0,0,0,0,0,0,0,0,0
1/11/2001,0,,0,0,0,0,0,0,0,0,0,0,0,0,0,0,0,0,0,0,0,0
1/12/2001,0,,0,0,0,0,0,0,0,0,0,0,0,0,0,0,0,0,0,0,0,0
1/13/2001,0,,0,0,0,0,0,0,0,0,0,0,0,0,0,0,0,0,0,0,0,0
1/14/2001,0,,0,0,0,0,0,0,2.6,0,0,0,0,0,0,0,0,0.6,0,0,0,0
1/15/2001,0,,0,0,0,0,0,0,0,0,0,0,0,0,0,0,0,0,0,0,0,0
1/16/2001,0,,0,0,0,0,0,0,0,0,4,0,0,0,0,0,0,0,0,0,0,0
1/17/2001,0,,0,0,0,0,0,0,0,0,0,0,0,0,0,0,0,0,0,0,0,0
1/18/2001,0,,0,0,0,0,0,0,0,0,0,0,0,0,0,0,0,0,0,0,0,0
1/19/2001,0,,0,0,0,0,0,0,0,0,0,0,0,0,0,0,0,0,0,0,0,0
1/20/2001,0,,0,1,0,0,0,0,0,0,0,0,0,0,0,0,0,0,0,0,0,0
1/21/2001,0,,0,0,0,0,0,0,0,0,0,0,0,0,0,0,0,0,0,0,0,0
1/22/2001,0,,0,0,0,0,0,0,0,0,0,0,0,0,0,0,0,0,0,0,0,0
1/23/2001,0,,0,0,0,0,0,0,0,0,0,0,0,0,0,0,0,0,0,0,0,0
1/24/2001,0,,0,0,0,0,0,0,0,0,0,0,0,0,0,0,0,0,0,0,0,0
1/25/2001,0,,0,0,0,0,0,0,0,0,0,0,0,0,0,0,0,0,0,0,0,0
1/26/2001,0,,0,0,0,0,0,0,0,0,0,0,0,0,0,0,0,0,0,0,0,0
1/27/2001,0,,0,0,0,0,0,0,0,0,0,0,0,0,0,0,0,0,0,0,0,0
1/28/2001,0,,0,0,0,0,0,0,0,0,0,0,0,0,0,0,0,0,0,0,0,0
1/29/2001,0,,0,0,0,0,0,0,0,0,0,0,0,0,0,0,0,0,0,0,0,0
1/30/2001,0,,0,0,0,0,0,0,0,0,0,0,0,0,0,0,0,0,0,0,0,0
1/31/2001,0,,0,0,0,0,0,0,0,0,0,0,0,0,0,0,0,0,0,0,0,0
2/1/2001,0,,0,0,0,0,0,0,0,0,0,0,0,0,0,0,0,0,0,0,0,0
2/2/2001,0,,0.1,0,0,0.8,0,0,0,0,9.6,0,0,0,0,0,0,0,0,0,0,0
2/3/2001,0,,0,0,0,0,0,0,0,0,6.6,0,0,0,0,0,8.3,0,0,0,0,0
2/4/2001,0,,0,0,0,5,0,10.5,0,0,24.3,21.5,0,0,2.1,10.1,0,0,0,0,0,0
2/5/2001,0,,0,0,0,0,0,0,0,0,0,0,0,0,0,0,0,0,0,0,0,0
2/6/2001,0,,0,0,0,0,0,0,0,0,0,0,0,0,0,0,0,0,0,0,0,0
2/7/2001,0,,0,0,0,0,0,0,0,0,0,0,0,0,0,0,0,0,0,0,0,0
2/8/2001,0,,0,0,0,5.4,0,0,0,0,0,0,0,0,0,0,0,0,0,0,0,0
2/9/2001,0,,0,0,0,0,0,0,0,0,0,0,0,0,0,0,0,0,0,0,0,0
2/10/2001,0,,0,0,0,0,0,0,0,0,0,0,0,0,0,0,0,0,0,0,0,0
2/11/2001,0,,0,0,0,0,0,0,0,0,0,0,0,0,0,0,0,0,0,0,0,0
2/12/2001,0,,0,0,0,0,0,0,0,0,0,0,0,0,0,0,0,0,0,0,0,0
2/13/2001,0,,0,0,0,0,0,0,0,0,0,0,0,0,0,0,0,0,0,0,0,0
2/14/2001,0,,0,0,0,0,0,0,0,0,0,0,0,0,0,0,0,0,0,0,0,0
2/15/2001,0,,0,0,0,0,0,0,0,0,0,0,0,0,0,0,0,0,0,0,0,0
2/16/2001,0,,0,0,0,0,0,0,0,0,0,0,0,0,0,0,0,0,0,0,0,0
2/17/2001,0,,0,0,0,0,0,0,0,0,0,0,0,0,0,0,0,0,0,0,0,0
2/18/2001,0,,0,0,0,0,0,0,0,0,0,0,0,0,0,0,0,0,0,0,0,0
2/19/2001,0,,0,0,0,0,0,0,0,0,0,0,0,0,0,0,0,0,0,0,0,0
2/20/2001,0,,0,0,0,0,0,0,0,0,0,0,0,0,0,0,0,0,0,0,0,0
2/21/2001,0,,0,0.4,0,0,0,0,0,0,0,0,0,0,0,0,0,0,0,0,0,0
2/22/2001,0,,0,0,0,0,0,0,0,0,0,0,0,0,0,0,0,0,0,0,0,0
2/23/2001,0,,0,0,0,0,0,0,0,0,2.5,0,0,0,0,0,0,0,0,0,0,0
2/24/2001,0,,0,0,0,4.2,0,0,0,0,1.1,0,0,0.5,0,0,8.3,0,0,0,0,0
2/25/2001,0,,0,0,0,0,0,0,0,0,12.6,0,0,0,0,0,0,0,0,0,0,0
2/26/2001,0,,0,0,1.4,23.3,0,17.5,0,0,0,0,0,0,20.4,0,5.8,0,0,0,0,0
2/27/2001,0,,0,0,0,0,0,0,0,0,0,0,0,0,0,0,0,0,0,0,0,0
2/28/2001,0,,27.5,0,1.3,0,0,0,0,0,11.4,0,0,28.8,0,0,17.6,0,0,0,0,0
3/1/2001,42.4,,0,20,1.6,0,0,18.2,3.6,0,0,0,0,0,0,0,0.2,6,0,0,0,0
3/2/2001,0,,0,8.1,7.5,1,0,0,0,0,0.7,0,0,0,17.7,0.2,0,0,0,0,0,0
3/3/2001,0,,0,0,0,0.8,0,0,0,0,0,0,0,0,0,0,0,0,0,0,0,0
3/4/2001,0,,39.1,2.2,0.8,3.7,0,0,22.1,0,5.9,13.1,0,0,8,0,0,18.8,0,0,0,0
3/5/2001,0,,1.5,0,0,22.7,0,0,5.6,0,0,0,0,22.2,0,0,9.3,3.6,0,0,4,0
3/6/2001,0,,0,0,0,41.8,0,0,0,0,1.6,0.7,0,0,18.5,0,0,0,0,0,0,0
3/7/2001,0,,0,0,0,0,0,3.3,1.8,0,0,0,0,0,0,0,0,0,0,0,0,0
3/8/2001,0,,6.5,0,0,13.5,0,0,13.4,0,0,0,0,0.3,0,0,0,0.8,0,0,0,0
3/9/2001,12.5,,0,0,14.5,0,0,0,0,0,25.5,66.1,0,0,0,0,0,0,0,0,0,0
3/10/2001,0,,2.1,0,0,0,0,0,0,0,0.2,3.8,0,0,0,1.9,0,0,0,0,0,0
3/11/2001,0,,0,0,0.6,5.9,0,33.8,0,0,0,2.6,0,0,0,0,0,0,0,0,0,0
3/12/2001,0,,0,20.1,0,3.1,0,0.4,0,0,0,23.8,0,0,0,0,0,0,0,0,0,0
3/13/2001,49.9,,0,0,0,3.1,1.8,0,6.4,0,0,18.1,0,0,37,2.5,0,0,0,0,20.6,0
3/14/2001,59.7,,0,0,0,1.3,0,17.2,0,0,0,4.4,0,0,7.5,0,0,0,0,0,0,0
3/15/2001,0,,0.2,0,0,0,0,0,0,0,0.7,0,0,0,0,0,0,0,0,0,2.2,0
3/16/2001,0,,2,29.5,0,0,0,0,6,0,0.8,3.2,0,56,3.3,33.7,2.9,0,0,0,3.9,0
3/17/2001,0,,0,0,0,0,0,22,13.2,0,0,0,0,0,0,0,0,0,0,0,0,0
3/18/2001,0,,0,4.1,0,0,0,0.7,0,0,1.9,0,0,0,0,0,0,0,0,0,0,0
3/19/2001,22.3,,0,41.8,0,63,5.5,29.3,0,0,28,29,0,13.2,7.4,0,9.2,0,0,0,0,0
3/20/2001,0,,0,0,0,0,0,0,0,0,0,0,0,0,0,0,0,0,0,0,0,0
3/21/2001,6.2,,3.6,15.2,19.8,46.7,0,1,18.1,0,0.6,0,0,33,3.5,0,0,0,0,0,0,0
3/22/2001,0,,0,0,0,0,0,0,0,0,0,0,0,0,0,0,0,0,0,0,0,0
3/23/2001,0,,0,9.3,0,0,0,1.9,0,0,0,8.4,0,0,0,1.5,0,0,0,0,1,0
3/24/2001,1.5,,0,0,0,0,0,0,0,0,0,0,0,0,0,0,0,0,0,0,18.5,0
3/25/2001,5.7,,0,0,0,0,0,0,0,0,0,26.7,0,0,1.4,52,0,0,0,0,0,0
3/26/2001,18.7,,0,0.4,0,0,0,0,0,0,0,1,0,0,11.4,17.1,0,0,0,0,0,0
3/27/2001,0,,0,0,0,0,0,40,0,0,0,0,0,0,0,0,0,0,0,0,1,0
3/28/2001,0,,0,0,0,5.7,10,1.1,0,0,0,19,0,0,1.2,0,0,0,0,0,0,0
3/29/2001,0,,0,1.4,0,0,0,0,0,0,0,0,0,0,0,0,0,0,0,0,1.7,0
3/30/2001,0,,0,0,0,0,1.8,0,0,0,8.9,0,0,0,0,6.1,0,0,0,0,0.5,0
3/31/2001,0,,0,17.9,0,0,0,0,0,0,0,0.2,0,0,21.3,19.2,0,0,0,0,24,0
4/1/2001,11.1,,0,15.9,0,5.3,1.5,0,0,10.3,0,20.3,0,0,79.9,0,0,0,0,0,2.5,0
4/2/2001,18.6,,1.2,10.7,0,2.6,0,0.8,0,0,29.1,11.4,0,0,7.8,54.6,0,0.3,0,0,0.6,0
4/3/2001,0,,39.4,5.7,5.4,0.4,0,19,27.1,0,20.3,4,0,0,0,0,0,28.5,0,0,0,0
4/4/2001,0,,0,0,0,0,0,0,0,0,0,0,0,0,0,0,0,0,0,0,0,0
4/5/2001,30.7,,0,14.8,0,11.8,7.4,0,0,0,8.4,20.1,0,0,32.1,33.3,1.9,0,50.5,4.7,1,1.9
4/6/2001,0,,0.2,0,0,0,0,0,0,0,0,0,0,0,0,0,0,0,0,1.6,0,0
4/7/2001,0,,0,0,0,0,6.1,0,0,0,0,0,0,0,0,21.1,0,0,0,0,0,0
4/8/2001,0,,0,3.8,0,0,0,0,0,0,0,0,0,0,0,0,0,0,0,0,0,0
4/9/2001,0,,0,3.8,0,1,5.4,0,0,0,0,0,0,0,0,4,0,0,0,0,12.2,0
4/10/2001,0,,0,0,0,0,0,0,0,0,3.1,0,0,0,17.4,0,0,0,0,0,0,0
4/11/2001,0,,0,0,0,0,0,0,0,0,0,0,0,0,0,14.8,0,0,0,0,25.6,0
4/12/2001,3,,0,17.2,0,0,0,6.2,0,0,4.2,0.1,0,0,1.4,18.5,0,0,1.8,0,18.6,0
4/13/2001,0,,0,0,0,7.9,0,0,0,0,2.4,0,0,0.1,0,12.6,7.3,0,0,0,7.6,0
4/14/2001,0,,0,0,0,0,0,0,0,0,0,0,0,0,0,0,0,0,0,0,0,0
4/15/2001,0,,1.9,0,0,0,34.5,0,0,0.7,0.7,0,0,0,0,19,0,0,0,0.1,6.8,0
4/16/2001,0.7,,2.9,22.9,12,3,21.5,33.4,16.1,0,73,9.8,25.7,10.6,14.4,34.8,6.3,38.9,5.9,1.1,8.5,38.2
4/17/2001,0,,0,0,0,1.4,0,0,0,0,0,0,0,2.6,0,0,2.2,0,0,0,0,0
4/18/2001,15.6,,24.3,53.2,38.1,38.1,0,13.3,26.2,2.4,23,15.1,0,25.3,24.2,70.7,12.7,36.9,0,12.3,3.7,7.1
4/19/2001,0,,0,0,0,9.6,0,0,0,0,0,0,0,0.3,0,0,33.8,0,0,0,0,0
4/20/2001,0,,0,0,0.8,0.6,0,0,0,0,0,0,0,0,0,0,0,0,0,0,0,0
4/21/2001,7.9,,4.8,0,0,0.9,41,1.4,0,12.9,0,11.8,0,0,11.5,16.6,1.8,0,9.1,8,25.9,0
4/22/2001,0,,0,0,0,0,0,0,0,0,0,0,0,0,0,0,0,0,0,0,0,0
4/23/2001,0,,0,0,0,0,0,0,0,0,0,0,0,0,0,0,0,0,0,0,0,0
4/24/2001,27.3,,23.3,8.9,2.6,0,16.1,3.8,0.7,26.9,1.5,0,4.6,16.8,14.9,5.2,0,24.4,64.1,58,13.6,12
4/25/2001,1.3,,0.3,0.3,0,32,0,0,0.6,0,0,16,0,4.5,12,67,35,0,0,0,0,0
4/26/2001,4.4,,1.7,0,0,4.2,0,0.9,0.5,0,0,35.6,0,18.3,12.8,0,25.4,2.9,0,0,0,0
4/27/2001,1,,0,0,0,0,0,0,0.4,0,0,0,0,0,0,0,0,0,0,0,0,0
4/28/2001,0,,0.1,10.9,0,0,0,0.2,0.3,0,0,0,0,0,0,0,0,0,0,0,0,0
4/29/2001,10.3,,0.5,1.6,0,21,11.5,10.4,0.2,10.8,0,18.6,0,11.9,6.2,26.4,44.8,36.9,0,0,11,0
4/30/2001,0,,17.7,0,0,3,0,1.3,0.1,0,0,0.2,0,0,0,0,3.7,0,0,0,0,0
5/1/2001,23.6,,0,0,0,0,0,0,0,0,0,0,3.8,0,0,0,0,0,0,0,0,22.2
5/2/2001,0,,6.7,0,0.6,0,6.3,0,31.8,0,1.2,0,8.6,0.2,0,0.8,0,24.1,48.7,54.2,0,42.5
5/3/2001,5.1,,0,0,0,1.9,0,23.9,31,21.6,2.1,38.3,0,0,0,7.3,0,8.4,0,0,0.7,0
5/4/2001,0,,0,6.2,0,0,0,0,0,0,3,0,0,0.2,0,0,0,0,0,0,0,0
5/5/2001,4.4,,0.4,0,0,0,0,0,0,0,0,0,0,3.4,0,0,0,0,0,0,0,5.2
5/6/2001,5.5,,1.4,0,0,0,0,1,0.7,0,0,3.4,34.3,0,0,0,0,0,0,15.9,0,0
5/7/2001,0.2,,0,0,0,0,0,3.6,0,0,0.3,10.5,0,0,0,0,0,0,0,0,0,16.1
5/8/2001,0,,0,0,0,0,14.4,52.3,0,13.8,0,0,1.4,0,0,11.8,0,0,4.5,2.2,8.3,6.1
5/9/2001,0.9,,11.3,17.4,16.6,23.6,0,4.3,6,0,26.9,0,0,12.5,1.9,0,11.8,3.1,0,0,0,0
5/10/2001,1.1,,0,0,0,0.4,0,0,0,0,0,0,0,0,0,0,0,0,0,0,0,0.2
5/11/2001,0,,0,0,0,4,5.7,0,0,0,0,0,0,4,0,0,4.7,0,0,1.2,0,0
5/12/2001,1.2,,0,0,0,0.1,0,0,0,0,0,0,0,0,0,0.8,0,0,3.4,0,5,18
5/13/2001,0,,0,0,0,0.1,0,0,1,0,0,6.6,0,0,26,0,0,0,0,0,0,0
5/14/2001,0.2,,0,0,0,37.2,0,3.9,0,0,9,0,0,0,0,0,59.9,0,0,0,0,0
5/15/2001,17.3,,20.9,6.7,31.4,23.5,0,40.4,20,1.6,15.7,6.7,0.8,42.8,8.8,14.5,31.4,52.2,0,0.1,56.1,9.2
5/16/2001,0,,0,0,0,0,0,0,0.5,0,1.2,1.2,0,0,0.6,0,0,0,0,0,0,0
5/17/2001,0,,0,0,0,0,5.2,0,0,0,0,0,0,0,0,0,0,0,1.2,0,0,3.1
5/18/2001,0,,0,1.1,0,22.3,0,8.8,0,0,14.1,0,15.7,1,48.5,0,1.9,0.6,2.7,12.9,4.1,11.7
5/19/2001,0,,19.8,3,11.1,47.7,0,9.9,51,7.4,0.6,4.3,0,36,0,27.8,46,16.5,0.3,3.8,51.1,0
5/20/2001,0,,3.5,0,0,3.4,0,0,0.1,0,0,21.8,0,0,0,0,1.2,4.5,0,0,0,0
5/21/2001,27.1,,0,0,0,0,0,0,0,0,0,0,0,0,0,0,0,0,0,0,0,0
5/22/2001,0,,0,0,0,0,18.2,0,0,0,0,0,0,0,0,0,0,0,0,0,0,0
5/23/2001,0,,0,0,0,0,10.3,0,0,0,0,0,0,0,0,0,0,0,0,0,0,0
5/24/2001,5.8,,22.8,22.8,6.2,22.6,4.3,25.1,43.4,0,58.8,0,0.1,48.4,9.1,0,16.1,71,13.1,8.3,0.5,0
5/25/2001,0,,0,0,0,0.1,0,0,0,0,0,0,0,0,0,0,0,0,0,0,0,0
5/26/2001,3.9,,37.8,7.1,34,5.3,2.4,0,5.3,0,1.2,0,60.4,47,0,8.8,42.9,26.1,4.1,57.1,36,2.1
5/27/2001,0,,0,0,0,32.5,0,0,3.1,0,0,0,0,3.1,0,0,8.7,2.9,0,1.7,0,0
5/28/2001,2.6,,0,0,11.4,5.3,0,14,0.4,0,2.8,2.5,0,9.8,1.3,0,4.1,0,0,0,0,0
5/29/2001,1,,55.3,21.8,20.9,66,3,3,25.1,3.1,1.8,0.6,0,18.2,5.3,2.9,0.2,25.1,0,53.3,1.4,3.4
5/30/2001,0.2,,1.6,0,12.4,99.5,0,2.7,2.7,0,39.8,10.1,0,32.4,0.5,0.7,24.2,5.2,0,0,0,0
5/31/2001,5.5,,0,0,0,18.2,0,0,0,0,2.6,0.7,0,64.2,0,0.9,18.8,0,0,0.2,8.3,4.9
6/1/2001,0,,0.7,0,0,0,0,0,0,0,0,0,15.1,0,6.7,0,0,0,0,0.1,0,0
6/2/2001,0,,0,13.8,0,0,0,0,0,0,24.2,7.3,1.3,1.2,4,0,33.9,0,0,7.7,0,0
6/3/2001,6.6,,0,1.9,0,15.7,0,3.9,0,0.2,0,0,1.8,0,8.8,9.3,0,0,0,13.1,0,0
6/4/2001,0,,0,0,0,43.4,39.6,0,0,21.7,0,0,0,0,0,0,0.7,0,14.4,1.7,3.1,3
6/5/2001,0,,0,0,0,32.6,0,0,39.5,2.2,0,0,0,2.4,0,16.7,13.7,14.4,0.4,0,6.1,4.4
6/6/2001,0,,0,0,0,1.8,0,0,0,0.5,0.3,2.2,0,0,0,21.8,22,0,0,0,0,0
6/7/2001,0,,0,0,0,4.1,0,0.6,0,0,7.3,0,10.2,0,0,0,0.3,0,0,0,0,0
6/8/2001,12.8,,0,2.9,5.5,20.4,0,2.2,0,30.9,219.9,42.8,40.3,0,23.9,35.2,0,0.4,2,28.1,14.2,9
6/9/2001,2.1,,30.6,20.1,1.4,0.3,0,0.9,0.3,0,8.4,7.6,0,0,16.1,0,0,0,0,0.2,0,0
6/10/2001,0,,0,0,5.7,9.3,0,0,6.6,93,0,0,0,0.6,0,0,0,17.2,0,0,0,0
6/11/2001,36.1,,2.5,5,2,0,5.8,0.4,0,0,0,0.7,0,3.4,6.4,0,0.7,1.3,0,0,0,0
6/12/2001,0.6,,0,0,0,1.6,0,0.6,0,0,0,0,29.8,6.6,0.7,0.5,0,0,0,8.4,0,0
6/13/2001,1.7,,1,1.5,1.7,0,0,6.2,0.4,0,17,0.2,0,4.6,0,5.5,4.6,0,2.2,13.4,11.4,0
6/14/2001,0,,0.7,0,0,0.1,0,0,1.4,0,0,0.1,0,4.6,0.5,9.4,17.8,1.9,0,0,12.5,24.1
6/15/2001,0,,0,0,0,0,0,0,0,0,0,0,0,0,0,0,0,0,0,0,0,0
6/16/2001,0,,0,0,0,0,0,0,0,0,0,0,0,0,0,0,0,0,0,0,0,0
6/17/2001,0,,10.6,0,3.7,14.9,6.6,1.1,0,7.6,0.8,0,11.1,4.4,0,0,0,0,16,0,0,0
6/18/2001,9.4,,86.7,82.6,15.9,4.1,13.7,42.6,75.3,4.4,3.4,15.7,0,22.9,43.3,15.9,24.4,73,0,0,0,2.8
6/19/2001,0,,0,0,0,0,0,2.2,0,0,0,0,0,0,30.2,0.2,1.6,0,0,0,0,0
6/20/2001,0,,0,4.3,0,0,6,0,0,0,0,0,0,0,1.2,0,0,0,0,0,0,0
6/21/2001,0,,0,0,0,0,5.7,0,0,0,0,0,8.8,0,0,0,0,0,0,69.4,0,26.5
6/22/2001,0,,0.1,26.6,1.5,15.4,16.9,0.5,0,17.1,0,0,0,24,1.4,1.4,0,0,19.6,4.7,0,24.2
6/23/2001,8.1,,45,19.6,2.1,14.6,24.1,70,0,86.6,1.9,15.8,0,8.3,26.7,121.8,7.5,0.3,21,24.7,40.2,29.8
6/24/2001,2.8,,3.4,24.3,47.4,6.9,72.3,10,14.8,3.6,34.3,6.5,2.9,1.1,13.5,5.3,0,26.5,0,2.6,19.1,6.9
6/25/2001,13,,0,0.8,0,41,0,2.3,0,0,0.5,1.9,0,11.4,0,16.8,3.1,0,0,0,0,0
6/26/2001,4.3,,2.8,0,37.2,30.9,1.3,4.6,27.3,1.2,1.3,0,0,7,0.7,0,0.4,0,0,0,0,0
6/27/2001,20.5,,16.7,11.4,1.9,57.3,11.3,5.5,81.1,5.4,10.6,17.9,9.8,6.9,49.3,41.6,73.7,3.2,11.9,17.1,43.3,0
6/28/2001,8.8,,10,21.3,6.7,3.7,0,0,0,17.4,2.4,3.5,0,0,0.6,0,0,0,0,0,0,0
6/29/2001,43.6,,14.2,33.6,5.8,19.1,0.3,4.3,0,0,5.8,17.8,0,0,41.2,2.6,0.2,0,8.4,0.6,0.3,20.7
6/30/2001,0.3,,0,0.5,2.4,6.2,0,8.5,0,0,13.6,9.7,0,0,17.9,7.3,1.8,0,0,0,2.2,0
7/1/2001,0.6,,0,0,0,18.8,0,0,0,14.2,0,0,0.5,0,0,0,0,0,1.4,0,2.9,0
7/2/2001,0.1,,0,1.2,0,0,2.4,0.3,0,0,18.1,0.1,0,0.8,0,0,0,0,0,0,0,0
7/3/2001,1.4,,0,0,0,0.4,0.2,1.1,0,0.7,0,11.6,35.2,0,5,4.4,3.2,0,0,0.5,6.6,0.4
7/4/2001,0.2,,0,0.5,12.1,89.4,0.1,1.3,2,26.1,0,0.3,0,0,2.5,0,32.6,0,18.3,0,1.1,24
7/5/2001,2.4,,0.2,7.4,36.6,20.8,0,15.7,0.4,0,0.1,23.5,0,1.6,18.5,9.2,86.9,2.1,0,0,1.2,0
7/6/2001,0,,0,0,0,14.9,0,0,0,0,0,0,2.5,0,7.5,0,3.7,0,0,0,0,0.7
7/7/2001,0,,0,0,0,6.8,0,0,0,0,0,0,1,0,0,0,0,0,0,0,0,0
7/8/2001,0.6,,0,0,0,20.5,0,0,0,0,0,0,30.7,0,0,0,0,0,1.2,10.4,0,12.2
7/9/2001,6.3,,0,0.8,0,49.9,0,20.8,0,0.6,28.9,0,0,0,1.8,0,10.4,0,2.1,0.9,0,30
7/10/2001,1,,5.5,1.2,0,0,0,0,0,150.8,0,0,0,2.1,1.2,0,6,0,0,0,0,0.6
7/11/2001,4.1,,0,0,0,0,2.7,4.8,0,2.4,0.4,3,3.4,0,0,0,0,0,0,15.4,0,0.9
7/12/2001,1,,0,0.2,0,0,7.1,3.4,0,0,3.1,33.2,0,0,0,0,2.8,0,35.6,0,1,0
7/13/2001,0,,0,7.8,0,1.1,0,0,0,0,0,0,0,0,0,0,9.7,0,0,0,0,0
7/14/2001,3.5,,0,20.4,0,22.5,0,0,0,2.8,0,0,0,2.6,0,0,0,0,0,0,0,0
7/15/2001,1.5,,3.2,1.8,0,0.1,0,0,2.5,0,2.2,0.4,0,8.8,33.1,0,15.3,1,2,0,3.8,0
7/16/2001,0,,0,0,0,0,0,0.7,0,0,7.3,1.8,0,0,2.7,0.9,0,0,0,0,1.4,0
7/17/2001,0,,0,0,0,0,0.6,0,0,0,0,0,20.9,0,0,0,0,0,0,0,0,0
7/18/2001,0,,0,0,0,0,12.2,0,0,0,0,0,0,0.4,0,0,0,0,0,0,0,0
7/19/2001,0,,0,0,0,0,19,0,0,0.4,0,0,10.2,0.3,0,0,0.8,0,0,14.6,0,0
7/20/2001,0,,0,1,0,14.1,0,0,5.2,0,0,0,34.3,3.5,5,0,7.8,1,13.7,9.6,0,32.2
7/21/2001,0.2,,0.9,0,0,3.4,0.6,14.1,6.2,0.8,1,8,0,19.8,0.5,0,0.1,1.3,0,0,0.3,2.3
7/22/2001,0,,0,1,0,6.4,0.3,0.9,0,10.9,4.3,15.7,0.4,0.1,13.6,39.3,3.6,0,46,17.4,17.1,0.7
7/23/2001,0,,0,0.2,0,0,0,0,0,0,0,7,0,0.1,6.3,0,0,0,19.6,0,3.3,0.3
7/24/2001,0,,0,0,0,0,0.2,0,0,0,0,0,0,0,0,0.5,0,0,15.3,0,0,0
7/25/2001,0,,0,0,0,0,0,0,0,2.5,0,0,0,0,0,0,0,0,0,0,0,0
7/26/2001,0,,0,0,0,0,0,0,0,0,0,0,4.7,0,0,0,0,0,0,0,0,0
7/27/2001,0,,0,0,0,0,0,0,0,0,0,0,0,0,0,0,0,0,0,0,0,5.5
7/28/2001,0,,0,0.3,0,0,0,0,0,0,0.4,0,0,0,0,0,1.1,0,0,0,0,14.6
7/29/2001,0,,2.1,0,0,3.5,19,0.7,0,7.5,1.5,1.8,31.8,6,1.7,0,4.3,0,1.4,15.7,1.7,3.4
7/30/2001,1.2,,7.5,0.6,0,0.4,15.9,0,0,16,1.4,6.1,1.3,6.4,1.6,2.1,1.7,0,10.4,0.1,5.1,2.4
7/31/2001,0,,0,0,0,0,0,0,0,0,0,0,0,0,0,0,0,0,0,0,0,0
8/1/2001,0,,0,0,0,0,0,0,0,0,0,0,8.6,0,0,0,0,0,4.8,39.3,0,32.9
8/2/2001,0.5,,0,0.5,0,0.4,0,0.5,0,0,0,0,0,0,1.4,0,0,0,0,0,0,0
8/3/2001,0,,0,0,0,0,0,0,0,0,0,0,0,0,0,0,0,0,0,0,0,0
8/4/2001,0,,0,0,0,0,0,0,0,0,0,0.1,55.5,0,0,1.7,0,0,0,0,0,0
8/5/2001,0,,0,0,0,0.3,1.1,0,0,0,0,0,0,0,0,0,0,0,0,0.3,0,1.8
8/6/2001,0,,0.1,0,0,3,14.8,0.6,0,0,0,0,0,0,0,0,0,0,1.4,7,0,0
8/7/2001,1.1,,0,0.2,0,0,49.4,62.7,0,6.9,0.3,18.3,20.5,0,20,0.7,0.1,0,9.8,18.9,19.2,25.3
8/8/2001,0.2,,0,0,0,0,0,0.6,0,0.5,0,11.1,0,0,0,17,0,0,0,0.3,0,0
8/9/2001,0,,0.1,0,0,0,0,0,0,0.4,0,0,0,0,0,0,0,0,0,1.5,11.8,0
8/10/2001,0.7,,0,0,0,0,0.4,0,0,0,6.9,0.3,0,0,0,0,0,0,1.3,0,0,0.2
8/11/2001,0,,0,0,0,0,0,0,0,0.9,0,0,0,0,0,0,0,0,0.1,0,14.2,0
8/12/2001,3.7,,0,0,0,1.1,0,0,0,44.5,0,0.8,9.2,0,0.9,0,0,0,11.1,10.7,0,60
8/13/2001,0.4,,0,0.7,0,0,0,0,0,1.3,0,0,4.9,0,0,0,0,0,0,6.7,0,0.7
8/14/2001,3.2,,0.1,0,0,0.1,0,0.5,0,0.9,0.3,0,20.3,0,0,0,0,0,2,0,0,1.4
8/15/2001,0,,0,0.4,0,0,0.7,0.4,0,4.3,0,0,0,0,0.8,0,0,0,1.6,21,0,9.2
8/16/2001,0,,0.7,0.9,1,4.6,0.5,1.8,0,1.9,1.7,1.9,0,0.2,4,0.8,1,0,0,0.1,0,0.3
8/17/2001,0,,0,0.1,0,0.6,0,0,0,0,0,0.4,0,0,0,0,0.4,0,0,0,0,0
8/18/2001,0,,0,0,0,0,0,0,0,0,0,0,31.7,0,0,0,0.1,0,3,1,0,0.1
8/19/2001,0,,0.2,0.5,0,0,0,0,1.3,3.1,0.2,0,0,2.1,59.9,0,3,2.3,0,0,0,3.1
8/20/2001,0.4,,0,3.3,0.6,0,0,0,0,1.9,4.2,0.1,0,1.3,15.1,0,0.3,0,0,0,0,0.1
8/21/2001,0,,1.6,0.2,0,2.2,7.1,0.6,0.5,1.1,7.5,5,54.3,2.6,3,0,3,0,20,33.3,0,63.7
8/22/2001,0,,0,1.7,0,7.8,0,0,0,0,0.9,0,0,0.1,2.3,0,2.4,0,0,0,0.5,0.3
8/23/2001,0,,0,0,0,7,0,0,0,0,0,0,0,0.1,0.9,0,1.3,0,0,0,0,0
8/24/2001,0,,0,0,0,0.8,0.6,29,0,5.9,0.1,0.3,9.7,0,0,0,0,0,0.5,1.8,0,2.1
8/25/2001,0,,0,1.4,0,0,0.3,0,0,0.5,0.3,0,13.2,0,0.3,0,0.1,0,3.7,0.8,0,14.3
8/26/2001,0,,0,1.2,0,0,0,0,0,0,0.6,0.7,0,0,0,0,0.7,0,0,0,0,0
8/27/2001,0.2,,0,0,0,1,5,0,0,0,0,0,80.7,7.1,0,8.8,4.5,0,52.3,19.5,0.7,35.6
8/28/2001,0,,0,0,0,0,0,0,0,2.6,0.4,0.1,0,0,4.4,0,0,0,0,2.1,0,3.5
8/29/2001,0,,0,0,0,1.6,0.5,0,0,2.5,0,0,0,0,6.6,0,0.2,0,0.1,31.3,0,0
8/30/2001,0.7,,0,0,0,0,0,0,0,0,4.9,9.5,0.2,0.8,1.2,2.5,0,0,9.7,3.8,0,0
8/31/2001,0,,0,12.2,0,0,13.8,0,1.8,0.5,3.3,0,27.4,0.3,0,0,2.8,9.1,0.1,70.6,0,0
9/1/2001,0,,0,2.5,0,0,0,0,0,1.3,0,0,0,0,0,0,0,4.6,0,0.1,0,0
9/2/2001,0,,0,0,0,0,0,0,0,0,0,0,4.1,0,0,0,0,0,1.3,16,0,0
9/3/2001,0,,0,0,0,0,0,0,0,0,0,0,73.3,0,0,0,0,0,9.9,8.3,0,8.4
9/4/2001,0,,0,0,0,0,5.5,0,0,0.5,0,0,0.2,0,0,0,0,0,8,2.3,0,11.6
9/5/2001,0,,0,2.7,0,0.7,0,5.9,0.4,0,0,0,0,0.3,0,0,0,0,0,0,6.1,11.8
9/6/2001,0,,0,0,0,0.9,14.4,0,0,0.4,0,0,11.3,0,0,0,0,0,17.4,11.6,0,37.9
9/7/2001,0,,0,0,0,0,0,0,0,0,0,0,0,0,0,0,0,0,0,0,0,0
9/8/2001,39.8,,26.6,24.3,27.5,0.1,23.8,64.5,40.2,15.4,44.2,67.4,9.2,15.8,15.4,20.6,0,59.1,21.3,9.7,24.1,48.3
9/9/2001,0,,0,0.5,0,0,0,0,0,1.6,0,0,1.4,0,0,0.3,0.2,0,0,0,0,0
9/10/2001,0,,0,0.6,0,0,0,0,0,2.8,0,0,0,0,0,0,0,0,0,0,0.2,0
9/11/2001,21.7,,38.7,20.5,63.6,0,28.4,48.7,14.8,17.2,24.9,32.6,0,0,1.4,17.2,0,18.5,2.1,0,38.2,4.1
9/12/2001,0.5,,1.3,2,0.4,0,5.4,0.5,0.4,0,2.8,7.8,16.8,11.5,20,4.8,2.1,0.7,0,14,4.6,0.2
9/13/2001,0,,0.9,1.4,0,0.7,0,1.4,0,1.4,0.1,0,0,0,0,0,0,0,0,0,0,0
9/14/2001,0,,0,0,0,0,0,0,0,0.4,0,0,30.1,0,0.2,0,0,0,4.8,0,0,6.6
9/15/2001,0,,0,0,0,0,0.4,0,0,7.6,0,0,0,0,0,0,0,0,0,3.8,0,0
9/16/2001,0,,0,0,0.2,1.9,4.6,3.5,0,24.5,0,0.7,0,0,0,0,0,0,0,4.8,0,0.7
9/17/2001,4.1,,0,1.3,1.4,0,0,0,0,1.2,0,2.5,0,0,2.2,12.6,0,0,0,8.3,29.6,0
9/18/2001,22.8,,5.5,0.7,1.8,20.3,35.2,2.6,7.7,9,5.6,5.1,0,0,12.4,1.4,2.3,6.8,42.8,11.7,0.6,26.7
9/19/2001,0.4,,2.2,1.4,0.4,0.3,18.5,28.5,1,3.6,8.2,0.5,0,0,10.1,2.9,0,0,0,0.4,2.3,0
9/20/2001,0,,0,0,0,0,0,0,0,0.4,0,0,0,0,0,0,0,0,0,0,0,0
9/21/2001,27.6,,0,10.6,6.6,0,11.2,5.6,0.7,16.5,0.2,37.3,6.8,0,6.1,8.2,0,0.3,30.7,7.9,40.9,40.8
9/22/2001,3.7,,0,4.3,0,11.9,6.4,0,0.6,0,1.5,0.5,0,3.8,0,0.8,1,0,4.1,2.9,0.3,5.7
9/23/2001,6,,0,0.6,0,0,0,0,0,0.7,0.7,16.4,0,0,1.1,9.4,0,0,21.4,0,2.4,14.9
9/24/2001,6.8,,3.3,1.7,25.2,0.6,0,3.7,7.9,31.4,0.3,22.3,0,0.2,0,14.8,0,10.4,0,0,15.3,0
9/25/2001,19.4,,0.2,7.9,0.2,8.3,16.7,4.5,3.9,0,1,21.2,0,6.6,27.2,10.4,1.7,4.9,0,0,5.7,0
9/26/2001,0,,0,0,0,0,0,0,0,12.1,0,0,0,2.4,0,0,0.1,0,0,0,0,0
9/27/2001,3.2,,14.2,1.3,0,0,37,1.6,0,11.7,0.8,2.6,2.7,0,1.6,3.7,4.5,0,18.2,34.9,12.1,45.2
9/28/2001,2.2,,0,0,0,0,0,0,0.1,0.7,0,0,0,0.6,0,0,0,0.3,0,0,0,0
9/29/2001,0.6,,0,0,0,0,0,0,0,0,0,0,0,0,0,0.5,0,0,0,0,0.7,0
9/30/2001,0.2,,0,0,0,0,0,11.7,0,0,0.7,0,0,0,0,4.7,0,0,0,0,1.5,13.7
10/1/2001,4.3,,17.3,6.4,17.7,0.8,9.3,2.3,7.4,0,0.5,0,0,3.4,9.2,0,0,4.7,0,0,0,5.8
10/2/2001,0,,0,0.7,0,0,5.9,0,0,0,0,0,0,0,0,0,0,0,0,0,0,0
10/3/2001,7,,0,0,0,0,0.5,0,0,0,0,0,0,0,0,0,0,0,0,0.4,46.6,0
10/4/2001,3.6,,0,0,0,0,0,0,0,0,0,3.1,1,0,0,2,0,0,0,12,8.1,0
10/5/2001,0,,0,14.3,0,0,0,9.9,0,0,0,2.3,0,0,0,0,0,0,0,0,0,0
10/6/2001,0,,0,0.4,0,0,0,0,0,8.8,0,22.1,0.3,0,5.3,2.8,0,0,5.6,0.5,1.6,4.6
10/7/2001,0,,0,3.6,0,0,1.1,5.1,0,14.4,6,0,0,0,0,0,0,0,0,0,17.6,0
10/8/2001,0,,0,0,0,0,0,0,0,0,0,0.3,0,0,0,0,0,0,0.4,0,0,11.1
10/9/2001,0,,0,0,0,0.6,0,0,0,0,0,0,0,0,0,0,0,0,0,0,7.9,5.9
10/10/2001,0,,0,0,0,2.6,0,2.3,0,0,17.3,2.7,2.9,0,0,9.2,0,0,0,12,9.6,0
10/11/2001,6.2,,0.7,9,1.8,0.2,31.1,7.7,0,0,23.1,19.4,0,1.6,12,7.2,3.6,0,5.6,1.1,29.1,3
10/12/2001,0,,0,0.8,0,0,0,3.3,0,0,0.4,0,0,0,0,8.5,0,0,0,0,3.4,0
10/13/2001,0,,0,5.3,0,0,0,1,0,0,0,0,0,0,0,0,0,0,0,0,6.8,0
10/14/2001,0,,12.5,0,0,0,0,0,0,0,0,0.6,0,0,0,0,0,0,0,0,1,0
10/15/2001,0,,4.2,8.9,0,0,0,0,0,0,3.9,0,0,0,0.5,0,0,0,0,0,1.1,0
10/16/2001,0,,0,1.8,0,0,0,13,0,3.4,3,3.2,0,0,0,0,0,0,0,0,0,0
10/17/2001,21.7,,2.5,5.2,21.8,1.8,0,2,0,0,3.8,8.9,0,21.8,20.9,3.3,0.7,0,3.9,0,0.8,0
10/18/2001,0,,0,15.5,0,0.8,0,1.5,0,0,0,0,0,0,4,5.2,0,0,0,0,0,0
10/19/2001,0,,0,0,0,0,0,0,0,0,0,0,0,0,0,2.4,0,0,0,0,0,0
10/20/2001,1.8,,0,0.6,0,0,0,3,0,0,0,0,0,0.3,0,3,0,0,0,0,7.4,5.5
10/21/2001,0,,0,26,3.6,6.8,0,1.4,0,0,2.5,0,0,0,0,0,0,0,0,0,0,0
10/22/2001,0,,5.7,7.2,5.8,18.2,0,0.2,1.7,0,0.1,7.8,0,6.9,0,0,16.7,0.4,0,0,1.2,0
10/23/2001,3.1,,16.1,30.8,0.8,0,0,19.4,0,0,4.1,4.4,0,1.6,0.6,6.3,1.4,0,0,0,7.5,0
10/24/2001,0,,0,0.8,21.7,0,0,4.5,7.6,0,0.2,6.7,0,0.6,30.4,1,1.3,0,0,0,0.3,0
10/25/2001,0,,0.5,30.4,13.7,4.4,0,0,3.8,0,0,0,0,1,0,0,1.9,0,0,0,0,0
10/26/2001,0,,8.2,0,0,4.5,0,0,0,0,0,0,0,0,0,0,0,0,0,0,0,0
10/27/2001,0,,15.8,0.3,0,6.3,0,0,0,0,0,0,0,0,0,19.8,0,0,0,0,0,0
10/28/2001,0,,0,7.4,0,0.2,0,0,0,0,0,0,0,3,0,0,47.8,0,0,0,0,0
10/29/2001,0,,0,25.6,9.9,33.6,0,0,0,0,0,28.8,0,0,0.2,0,33,0,0,0,0.2,0
10/30/2001,2,,6.5,4.5,0.3,52.7,0,0.8,0.2,3.2,1.6,2.6,0,1.3,0,0,0.1,0,0,0,0,0
10/31/2001,5.2,,16.4,6.6,9.1,0,0,0,0,0,13.9,0,0,0,0,0,0,0,0,0,0,0
11/1/2001,0,,15.1,30.8,0,0,0,0,0,0,0,0,0,0,0,0,0,0,0,0,0,0
11/2/2001,0,,0,0,0,0,0,0,0,0,0,0,0,0,0,0,0,0,0,0,0,0
11/3/2001,0,,2.6,1.8,0,0,0,0,0,0,0,0,0,0,0,0,0,0,0,0,0,0
11/4/2001,0,,10,10.6,0.8,0.3,0,0,0.2,0,10.5,0,0,0,0,0,0,0,0,0,6.5,0
11/5/2001,0,,7,0.2,4.2,0,0,0,0,0,3.9,0.3,0,0,0,0,0,0,0,0,0,0
11/6/2001,0,,12.7,35.2,1.7,0,0,0,0,0,0.3,0,0,0,0,0,0,0,0,0,0,0
11/7/2001,0,,1.8,1.4,0,0,0,0,0,0,0.9,0,0,0,0,0,0,0,0,0,0,0
11/8/2001,0,,2.5,0,9.7,8.2,0,0,0,0,0,0,0,0.4,0,0,0,0,0,0,0,0
11/9/2001,0.8,,1.7,0,1.3,5.8,0,0,12.5,0,1.5,0,0,6.3,0,0,0,0,0,0,0,0
11/10/2001,51.9,,0,0,4,0.1,2.1,0,0,0,6.3,0,0,0,0,0,0,0,0,0,9.3,0
11/11/2001,0.1,,0,24,7,44,0,0,0,0,4.3,0,0,4.6,4.1,3.6,2.9,0,0,0,0,0
11/12/2001,0,,0,0,1.4,9.6,34.8,0,0,0,0.4,0,0,0,0,0,0,0,0,0,0,0
11/13/2001,0,,0,7.5,0,0,0,0,3.5,0,0,0,0,0.2,0,0,0,12.2,0,0,0,0
11/14/2001,0,,0,0.4,4.6,69,0,0,0,0,0,3.6,0,15.2,16,0,2.9,0,0,0,0,0
11/15/2001,0,,0,0,0,0,0,0,0,0,0,0,0,0,0,0,0,0,0,0,0,0
11/16/2001,0,,0,2.6,7,0,0,0.2,0,0,0.1,6.6,0,0,0,1,0,0,0,0,1,0
11/17/2001,0,,0,2,10,0,0,0,0,0,0,0,0,0,0,14.6,0,0,0,0,0,0
11/18/2001,0,,0,0,0,3.5,0,0,0,0,0,0,0,0,0,0,1.6,0,0,0,0,0
11/19/2001,0,,1.1,9.2,0,15.9,0,0,0,0,57.4,0,0,9.6,0,0,0,0,0,0,0,0
11/20/2001,0,,0,7,0,0.6,0,0,0,0,0,0,0,0,0,0,15.8,0,0,0,0,0
11/21/2001,12.5,,1,0,0,3.4,0,5,0,0,0,0,0,0,0,0,0,0,0,0,0,0
11/22/2001,0.3,,24,3.1,37.7,19.3,0.1,0.6,13.6,0.5,8.7,0.4,0,0.2,4.4,0,25.5,18.5,0,0,0,0
11/23/2001,0,,0,0,0,0,0,0,0,0,0,0,0,0,0,0,0,0,0,0,0,0
11/24/2001,0,,0,0,0,0,0,0,0,0,0,0,0,0,0,6.9,0.4,0,0,0,3.6,0
11/25/2001,0,,0,0,0,0,0,0,0,0,0,0,0,0,0,0,0,0,0,0,0,0
11/26/2001,0.6,,0,0,0,13.9,0,0,0,3.6,0,3.2,0,0,0,0,0,0,0,0,0,0
11/27/2001,6.6,,0,0,0.4,0.6,0,0,0,0,0,1.4,0,0,4.7,0,0,0,0,0,0,0
11/28/2001,0,,0,0,0,0.3,0,0,0,0,0,0,0,0,0,0,1.3,0,0,0,0,0
11/29/2001,0,,0,0,0,0,0,0,0,0,0,0,0,0,0,0,0,0,0,0,0,0
11/30/2001,0,,23,0,0,0.7,0,0,0,0,7.1,0,0,0,0,0,0,0,0,0,0,0
12/1/2001,18.7,,1.4,0.4,2.4,5.3,0,1.6,0.3,0,8,17.7,0,2.2,7.4,1.4,0.3,0,0,0,0.3,0
12/2/2001,0,,50.7,15.9,0.4,0,0,1.5,21.1,0,1.1,0,0,0,0,0,0,5.8,0,0,0,0
12/3/2001,0,,0,1.5,0,5.6,0,0,0,0,0,0,0,0,0,0,0,0,0,0,0,0
12/4/2001,0,,0,0,0,0,0,0,0,0,0,0,0,0,0,0,0,0,0,0,0,0
12/5/2001,0,,0,0,0,11.3,0,0,0,2.6,0,0,0,0,0,0,0,0,0,0,0,0
12/6/2001,0,,0,0,0,0,0,0,0,0,0,0,0,0,0,0,1.3,0,0,0,0,0
12/7/2001,0,,0,0,0,0,0,0,0,0,0,0,0,0,0,0,0,0,0,0,0,0
12/8/2001,0,,0,0,0,0,0,0,0,0,0,0,0,0,0,0,0.2,0,0,0,0,0
12/9/2001,0,,0,0,0,0.6,0,0,0,0,0,0,0,0,0,0,1,0,0,0,0,0
12/10/2001,0,,0,0,0,0,0,0,0.1,0,0,0,0,17.3,23.3,0,0,0.3,0,0,0,0
12/11/2001,0,,0,0,0,0.2,0,0,0,0,0,0,0,0,0,0,0,0,0,0,0,0
12/12/2001,0,,0,0,0,0,0,0,0,0,0,0,0,0,0,0,0,0,0,0,0,0
12/13/2001,0,,0,0,0,0,0,0,0,0,0,0,0,0,0,0,0,0,0,0,0,0
12/14/2001,0,,0,0,0,0,0,0,0,0,0.1,0,0,0,0,0,0,0,0,0,0,0
12/15/2001,0,,0,0,0,0,0,0,0,0,0,0,0,0,0,0.7,0,0,0,0,0.7,0
12/16/2001,0,,0,0,0,2.4,0,0,0,0,0,0.6,0,0,0,0,0,0,0,0,0,0
12/17/2001,0,,0,0,0,0,0,0,0,0,0,0,0,0,0,0,0.2,0,0,0,0,0
12/18/2001,0,,0,0,0,0,0,0,0,0,0,0,0,0,0,0,0,0,0,0,0,0
12/19/2001,0,,0,0,0,1,0,0,0,0,0,0,0,0,0,0,0,0,0,0,0,0
12/20/2001,0,,0,0,0,7.3,0,0,0,0,0,0,0,0,0,4,0,0,0,0,0,0
12/21/2001,0,,0,0,0,0,0,0,0,0,0,0.1,0,0,0,0,0,0,0,0,0,0
12/22/2001,0,,0,0,0,0,0,0,0,0,0,0,0,0,0,0,0,0,0,0,0,0
12/23/2001,0,,0,0.7,0,0,0,0,0,0,22.3,0,0,0,0,0,0,0,0,0,0,0
12/24/2001,0,,0,0,0,0,0,0,0,0,0,0,0,0,0,0,0,0,0,0,0,0
12/25/2001,0,,0,0,0,0,0,0,0,0,0,0,0,0,0,0,0,0,0,0,0,0
12/26/2001,0,,0,0,0,0,0,0,0,0,0,0,0,0,0,0,0,0,0,0,0,0
12/27/2001,0,,0,0,0,0,0,0,0,0,0,0,0,0,0,0,0,0,0,0,0,0
12/28/2001,0,,0,0,0,0,0,0,0,0,0,0,0,0,0,0,0,0,0,0,0,0
12/29/2001,0,,0,0,0,0,0,0,0,0,0,0,0,0,0,0,0,0,0,0,0,0
12/30/2001,0,,0,0,0,0,0,0,0,0,0,0,0,0,0,0,0,0,0,0,0,0
12/31/2001,0,,0,0,0,0,0,0,0,0,0,0,0,0,0,4.6,0,0,0,0,0,0
1/1/2002,0,,15.5,1.9,0,0,0,12,0,0,0,1.5,0,0,2,0,0,0,0,0,0,0
1/2/2002,0,,0,0,0,0,0,0,0,0,0,0,0,0,0,0,0.1,0,0,0,0,0
1/3/2002,0,,0,0,0,0,0,0,0,0,0,0,0,0,0,0,0,0,0,0,0,0
1/4/2002,0,,0,0,0,3.6,0,0,0,0,0,0,0,0,0,0,5.5,0,0,0,0,0
1/5/2002,0.2,,0,0,2.1,74.8,0,0,0,0,13.3,0,0,0,0,0,3,0,0,0,0,0
1/6/2002,13,,15,11.5,61.3,17.7,0,38.6,112.5,0,17.4,0.1,0,31.2,0,0,5.1,39.7,0,0,0,0
1/7/2002,0,,0,0,0,0,0,0,0,0,0,0,0,0,0,0,0,0,0,0,0,0
1/8/2002,0,,0,0,0,0,0,0,0,0,0,0,0,0,1,30.1,0,0,0,0,5.2,0
1/9/2002,0,,0,0,0,4.2,0,0,0,0,0,0,0,0,12.3,0,0,0,0,0,0,0
1/10/2002,0,,0,0,0,0,0,0,0,0,0,0,0,0,0,0,0,0,0,0,0,0
1/11/2002,0,,0,0,0,0,0,0,0,0,0,0,0,0,0,0,0,0,0,0,0,0
1/12/2002,0,,0,0,0,0,0,0,0,0,0,0,0,0,0,0,0,0,0,0,0,0
1/13/2002,0,,0,0,0,0,0,0,0,0,0,0,0,0,0,0,0,0,0,0,0,0
1/14/2002,0,,0,0,0,0,0,0,0,0,0,0,0,0,0,0,0,0,0,0,0,0
1/15/2002,0,,0,0,0,0,0,0,0,0,0,0,0,0,0,0,0,0,0,0,0,0
1/16/2002,0,,0,0,0,0,0,0,0,0,0,0,0,0,0,0,0,0,0,0,0,0
1/17/2002,0,,0,0,0,0,0,0,0,0,0,0,0,0,0,0,0,0,0,0,0,0
1/18/2002,0,,0,0,0,0,0,0,0,0,0,0,0,0,0,0,0,0,0,0,0,0
1/19/2002,0,,0,0,0,0,0,0,0,0,0,0,0,0,0,0,0,0,0,0,0,0
1/20/2002,0,,0,0,0,0,0,0,0,0,0,0,0,0,0,0,0,0,0,0,0,0
1/21/2002,0,,0,0,0,0,0,0,0,0,0,0,0,0,0,0,0,0,0,0,0,0
1/22/2002,0,,0,0,12.6,0,0,0,0,0,0.7,0,0,0,0,0,0,0,0,0,0,0
1/23/2002,0,,0,0,0,0,0,0,0,0,0,0,0,0,0,0,0,0,0,0,0,0
1/24/2002,0,,0,0,2.3,12.3,0,10,0,0,0,0,0,0,0,0,0,0,0,0,0,0
1/25/2002,0,,0,0,0,17.7,0,0,0,0,0,0,0,0,0,0,0,0,0,0,0,0
1/26/2002,0,,0,0,0,0,0,0,0,0,0,0,0,0,0,0,0,0,0,0,0,0
1/27/2002,0,,0,0,0,0,0,0,0,0,0,0,0,0,0,0,0,0,0,0,0,0
1/28/2002,0,,0,0,0,0,0,0,0,0,0,0,0,0,0,0,0,0,0,0,0,0
1/29/2002,0,,0,0,0,0,0,0,0,0,0,0,0,0,0,0,0,0,0,0,0,0
1/30/2002,0,,0,0,0,0,0,0,0,0,0,0,0,0,0,0,0,0,0,0,0,0
1/31/2002,0,,0,0,0,0,0,0,0,0,0,0,0,0,0,0,0,0,0,0,0,0
2/1/2002,0,,0,0,0,0,0,0,0,0,0,0,0,0,0,0,0,0,0,0,0,0
2/2/2002,0,,0,0,0,0,0,0,0,0,0,0,0,0,0,0,0,0,0,0,0,0
2/3/2002,0,,0,0,0,0,0,0,0,0,0,0,0,0,0,0,0,0,0,0,0,0
2/4/2002,0,,0,0,0,0,0,0,0,0,0,0,0,0,0,0,0,0,0,0,0,0
2/5/2002,0,,0,0,0,0,0,0,0,0,0,0,0,0,0,0,0,0,0,0,0,0
2/6/2002,0,,0,0,0,0,0,0,0,0,0,0,0,0,0,0,0,0,0,0,0,0
2/7/2002,0,,0,0,0,0,0,0,0,0,0.3,0,0,0,0,0,0,0,0,0,0,0
2/8/2002,0,,0,0,0,0,0,0,0,0,0,0,0,0,0,0,0,0,0,0,0,0
2/9/2002,0,,0,0,0,0,0,0,0,0,0,0,0,0,0,0,0,0,0,0,0,0
2/10/2002,0,,0,0,0,0,0,0,8,0,0,0,0,0,0,0,0,0,0,0,0,0
2/11/2002,0,,0,0,0,0,0,0,0,0,0.9,0,0,0,0,0,0,0,0,0,0,0
2/12/2002,0,,0,0,0,0,0,0,0,0,0,0,0,0,0,0,0,0,0,0,0,0
2/13/2002,0,,0,0,0,0,0,0,0,0,0,0,0,0,0,0,0,0,0,0,0,0
2/14/2002,0,,0,0,0,0.1,0,0,0,0,0,0,0,2.4,0,0,0,0,0,0,0,0
2/15/2002,0,,0,0,0,0,0,0,0,0,0,0,0,0,0,0,0,0,0,0,0,0
2/16/2002,0,,0,0,0,0,0,0,0,0,0,0,0,4.4,0,0,0,0,0,0,0,0
2/17/2002,0,,11.9,1,2.8,1.7,0,0,0,0,1.1,0,0,21.2,0,8.1,1.1,0,0,0,0,0
2/18/2002,0,,0,1.1,0,0,0,0,0,0,0,6,0,0,0,0,0,0,0,0,0,0
2/19/2002,0,,5,0,0,5.1,0,0,0,0,0,0,0,0,0,0,0,0,0,0,0,0
2/20/2002,0,,0,0.3,6.2,0.3,0,0,0,0,10,0,0,2.7,0,0,0,0,0,0,0,0
2/21/2002,0,,0,19.4,0,0,0,0,0,0,0,0,0,0,0,0,0,0,0,0,0,0
2/22/2002,0,,0,0,0,0,0,17.6,0,0,0,0,0,0,0,0,0,0,0,0,3.4,0
2/23/2002,18.2,,5.9,19,6.4,8.4,0,0.2,13,0,10.9,1.5,0,33.2,0.9,0.5,31.1,13,0,0,15.2,0
2/24/2002,0,,0,0,0,3.3,0,0,2,0,0,0,0,0,0,0,0,0,0,0,0,0
2/25/2002,0,,0,0,0,0.3,0,0,0,0,0,0,0,0,0,0,0,0,0,0,0,0
2/26/2002,0,,15.7,0,0,0,0,12.8,0.5,0,8.8,0.1,0,0,0,21.6,1.1,0,0,0,0,0
2/27/2002,0,,0,0,0,0,0,0,0.8,0,0.9,0,0,27.1,0,0,0,0,0,0,0,0
2/28/2002,0,,0,16.4,0,27.7,0,0,0,0,0,0,0,0,0,0,2.5,0,0,0,0,0
3/1/2002,0,,0,0,6.1,0.2,0,0,0,0,0,0,0,0,0,0,0,0,0,0,0,0
3/2/2002,3,,4.8,0,0,0,0,0,0,0,0,3.2,0,0,0,34.6,0,0,0,0,3.7,0
3/3/2002,0,,0,27.5,0,0,0,0,0,0,11.4,7.4,0,0,20.2,0,0,0,0,0,0,0
3/4/2002,0,,0,0,0,0,0,0,0,0,0,0,0,0,0,0,0,0,0,0,0,0
3/5/2002,0,,0,0,0,0,0,0,0,0,0,0,0,0,0,0,0.1,0,0,0,0,0
3/6/2002,9.2,,0,0,0,0,2.3,0.2,0,0,3.2,0.5,0,0,14.2,0,0,0,0,0,0,0
3/7/2002,0.2,,0,5,0,0,0,1.8,0,0,0,0,0,0,0,20,0,0,1.4,0,0,0.2
3/8/2002,7,,0,0,0.8,0,0,31.7,0,1.6,0.6,0,0,0,0,0,0,0,0,0,0,0.2
3/9/2002,0,,2.8,1.1,0,0,28.9,3.6,0,49.4,0,0,0,8.5,0,0,0,0,0,0,0,45.3
3/10/2002,88.7,,11.3,0,3.9,33.8,0,3.2,0,17.8,63.3,12.7,0,13.7,32.6,0,13.5,0,0,0,0.5,8.1
3/11/2002,0,,26.8,51.5,4.6,0,0,4.9,35.9,0,0,0,0,31.7,0,0,0.9,9.5,0,7.6,0,0
3/12/2002,0,,0,0,0,0,0,0,0,0,0,0,0,0,0,1.1,0,0,0,0,0,0
3/13/2002,0,,0,7.1,0,0,0,0,0,0,0,0,0,0,0,0,0,0,0,0,0,0
3/14/2002,0,,0,0,0,0,0,0,0,0,0,0,0,0,0,0,0,0,0,0,0,0
3/15/2002,0.5,,0,0,3.2,0,0,0,0.8,0,7.9,3.9,0,1.7,21.6,0.9,0,0,0,0,0,0
3/16/2002,0,,0,0.4,0,9.2,0,3.2,1.5,0,11.8,0,0,29.3,0,0,2.8,0,0,0,11.6,0
3/17/2002,12.1,,0,0,1.4,0,0.4,0,0,0,0,13.7,0,0,0,20.3,0,0,0,0,0.5,0
3/18/2002,0,,0,0,0,0,0,0,0,0,0,0,0,0,0,0,0,0,0,0,0,0
3/19/2002,3.9,,0,0,0,0,0,0,0,0,0,0,0,0,0,0,0,0,0,0,0,0
3/20/2002,0,,0,0,0,0,0,0,0,0,0,0,0,0,0,0.1,0,0.1,0,0,0,0
3/21/2002,0,,0,0,0,0,0.1,0,0,0,0,0,0,0,0,0.6,0,0,0,0,14.3,0
3/22/2002,0,,0,0,0,0,0,0,0,0,0,0,0,0,2.2,0,0,0,0,0,0,0
3/23/2002,0,,0,15.1,0,0,0.2,24.6,0,0,0.2,0,0,0,0,0,0,0,0,0,5,0
3/24/2002,5.2,,0,0,0,0,0,0,0,0,0.7,0.3,0,0,0,0,0,0,0,0,1.3,0
3/25/2002,0,,0,0,0,0,0,10.1,0,0,0,0,0,0,0,0,0,0,0,0,0,0
3/26/2002,0,,0,0,0,0,0,0,0,0,0.2,0,0,0,0,7.3,0,0,0,0,24.4,0
3/27/2002,0,,0,0,0,0,0,0.9,0,0,0,0,0,0,0,0,0,0,0,0,0,0
3/28/2002,27.1,,0,1.7,5,0,0,25.8,0.1,2.3,3.4,24.2,0,0,8.3,18,0,0,0.6,0,50.4,0
3/29/2002,0,,0,0.6,0,0,0,0,0,0,0,0,0,0,0,0,0,0,0,0,0,0
3/30/2002,0,,0,0,0,0,0,0,0,0,0,0,0,0,0,0,0,0,0,0,0,0
3/31/2002,0,,0,12.5,0,0,0,15.7,0,0,0,0,0,0,0,0,0,0,0,0,0,0
4/1/2002,0,,0,0,0,0,0,0,0,0,0,0,0,0,0,0,0,0,0.3,0,0,0
4/2/2002,0,,0,0,0,0.3,0,12.7,0,0,0,8,0,0,11.8,15.4,0,0,0,0,10.6,0.5
4/3/2002,0,,0,0,0,0,0,0,0,0,0,0,0,0,0,0,0,0,0,0,0,0
4/4/2002,0,,0,1.3,0,0,44.7,6.6,0,0,5.6,0,0.6,0,0,0,0,0,0,0.2,0,0
4/5/2002,0,,0,0,0,0,0,0,0,0,0.3,0,0,0,0,0,0,0,45,0,0,8.4
4/6/2002,10.3,,0,0,2.4,13.6,4.1,0,0,2.3,44.4,5.6,0,0,0,4.5,0.6,0,0,0,42.4,0
4/7/2002,32.2,,45.2,64,48.8,30.1,15.7,51,30.2,82.6,32,35.7,0,77.8,15,61.5,35.4,70.6,0,1.2,35.1,0
4/8/2002,3.8,,0,1.4,0,16.9,0,0,3,0,0.1,2.3,0,15.1,7.1,0,24.1,2,0,0,0,0
4/9/2002,0,,3.9,0,0,0,0,0,0,0,0.3,0,0,0,0,0,0,0,0,0,0,0
4/10/2002,0,,0,0,0,0,0,0,0,0,0,0,0,0,0,0,0,0,0,0,0,0
4/11/2002,0,,0,0,0,2.5,0,0,0,0,0,0,35.7,0,0,0,2.1,0,0,0,0,0
4/12/2002,0.2,,0,0,0,0.1,0,0,0,0,0,0,0,0,0,0,0,0,0,0,0,0
4/13/2002,20.5,,0.7,53.4,5.6,0,1.4,0,0,11.9,35.2,30.5,7.4,0,59.2,57.1,0,0,45.9,9.3,21.1,11.8
4/14/2002,0,,0,19,0,0,0,0,0,0,0,0,0,0,0,0,0,0,0,0,0,0
4/15/2002,46.8,,24.6,6.5,78.8,23.2,0,30.3,30.3,30.2,47,70.9,0,6.7,24,30.1,35.1,35.2,0,13.7,32.3,0
4/16/2002,0,,4,2,0,15.6,0,0.4,15,0,0.4,0,0,11.5,0,0,44.3,12.6,0,0,0,0
4/17/2002,2.1,,0,31.4,0,0,0,0,0,1.8,0,6.9,0,0,0,18.3,0.1,0,0,0,7.9,28
4/18/2002,0,,68,0,20.2,6.8,0,4.8,44.5,0,1.3,0,0,64,0,0,22.1,51.1,0,0,0,0
4/19/2002,0,,0,0.6,0.4,0,0,0.3,0.2,0,1,0,0,1.3,0,0,3.1,0.1,0,0,0,0
4/20/2002,0,,0,0,0,0,0,0,0,0,0,0,0,0,0,0,0,0,0,20,0,0
4/21/2002,0,,2.3,14.2,0.8,0,3.5,0,0,0,10.2,0,0,1.6,0,22.4,0.4,0,0,0.3,0.7,0
4/22/2002,0,,0,0,0,0,16.1,0,0,0,0,0,0,0,0,0,0,0,0,37.7,0,6.5
4/23/2002,0,,0,0,0,0,0,0,0,5.8,0,2.3,0,0,0.3,27.6,0,0,0,0,12.5,0
4/24/2002,0,,21.7,0.5,0.5,22.1,0,0,10,0,0,0,0,8.2,3.7,0,1.5,3.7,0,0,0,0
4/25/2002,7.9,,0,0,0,0,9.3,0,0,0,0,0,0,0,0,0,0,0,0.1,0,0,0
4/26/2002,0,,0,16.8,2.8,12.9,0,0,0,17.8,12.8,45.6,0,1,17.7,25.5,13.1,0,0,0,6.8,0
4/27/2002,0,,0,0,0,0,0,0,0,0,0,0,0,0.4,0,0,0,0,0,0,0,0
4/28/2002,0,,0,0,0,0,1.2,0,0,6.4,0,0,21.4,0,0,0,0,0,1.5,12.7,2.8,35.7
4/29/2002,0,,0,0,0,13.1,0,0,0,0,0,0,0,0,0,0,0.7,0,0,0.4,0,0
4/30/2002,0,,6,0,16.6,0,0,7,0,0,2.1,31.1,0,0,0,0,0,0,0,0,0,0
5/1/2002,18.8,,7.3,5.5,31.1,44.6,0,33.5,31.4,0,2.5,4.1,0,1.5,0.2,0,0.2,13.7,0,9.3,0,0
5/2/2002,9.2,,0,0.4,8.2,17.8,25.9,2.4,0,1.4,0,9.2,0,0,0,0,0,0,0,11.2,0,0
5/3/2002,13.2,,0,6.8,0,0,0,0,0,0,0.3,1.9,61.1,0,18.8,25.2,0,0,0,0,0,0
5/4/2002,0.7,,0,0.4,0.2,2.4,3.3,0.2,8.1,1.4,0,7.5,0,6.4,7.5,28.8,5.7,4,0,1.6,19.8,3.8
5/5/2002,0,,0,7,0,1.2,0,0,0,40.5,0,0,0,0,0.3,11.3,5.7,0,13.9,21.4,9.4,1.3
5/6/2002,0,,0,0,0,0,5.6,0,28.4,0,0,0,0,0.2,1.9,0,0.2,4.7,0,0,0,0
5/7/2002,0,,0,0,0,0,0,0,0,0,0,0,0,3,0,0,4.1,0,0,0,0,0
5/8/2002,10.4,,10.4,35.5,0,34.2,18.3,0.7,12.6,39,1.2,23.4,8.5,1.8,28.8,23.6,63.6,5,27.6,44.4,29.9,9.3
5/9/2002,0,,0,46.9,2.5,0,0,0,0,0,0,0,0,0,9.6,0,0,0,0,0,0,0
5/10/2002,0,,0,0,0,2.8,0,0,0,0,0.9,0,0,1.5,0,0,0.5,0,0,0,0,0
5/11/2002,1.6,,99.1,0,6.2,8,6.6,0,16.8,0,0,1.4,2,9.1,20.5,5.8,0.1,31,32.5,0,9.8,18.3
5/12/2002,0,,0,0,0,0.8,0,0,0,0,0,0,0,0,0,0,0,0,1,20.2,0,0
5/13/2002,34.5,,1.4,35.9,0,0,16.5,38.6,4.1,71,0,29.1,0,5.1,14,5.4,0.2,2.4,8.1,0.2,36,16.5
5/14/2002,0,,0,0,0,7.6,0,0,0,0,64.7,0.5,0,0,0,0,6.2,0,0,0,0,0
5/15/2002,0,,0,0,0,0,0,0,0,0,0.8,0,0,0,0.8,0,0,0,0,0,0,0
5/16/2002,0,,0,0.2,0,5.7,0,0,15.3,0,0.2,7.5,0,5.4,21.8,3,13.7,7.4,0,0,0,0
5/17/2002,14,,0,0,0,7.2,0,14.8,0.2,6.6,0,33.1,0,0,9.6,17.7,0,0.2,0,0,0,0
5/18/2002,0,,5.1,0,1.5,0,0,12.4,0,0.5,0,0,22.6,0,0,0,0,0,16.2,0,0,11.7
5/19/2002,30.5,,0,3.4,0,0.3,14.8,0.8,0,0,16.4,5.9,0.7,0,5.3,48.1,0,0,6.8,0,31,13.9
5/20/2002,0,,0,3.7,0,0,0,0,0,0,13.7,0,0,0,2.3,0,0,0,0,0,0,0
5/21/2002,0,,0,28.8,0,1.4,0,0.7,1.3,0,1,0,0,0.3,22,0,0.4,0,0,0,0,0
5/22/2002,17.9,,60.1,30.4,11.6,16.4,21.6,2.7,5.8,1.6,12.3,15.4,0,3.8,2.2,1.2,37.6,3,0,19.4,5.1,24.4
5/23/2002,0,,0,0,15.3,0,0,0,0,0,0,0,0,0,28.5,0,0,0,0,0,0,0
5/24/2002,0,,0,0,0,0,0,0,0,0,0,0,0,0,0,0,0,0,0,0,0,0
5/25/2002,0,,0.1,0,0,0.1,0,0,0,0,0,0,0,0,0,0,0.2,0,0,0,0,6.6
5/26/2002,5.8,,0,0.3,0,0,0,0,0,24.2,0,45.4,0,0,16.8,8.5,0,0,0,0,48.4,0
5/27/2002,0,,31.7,0,0,0,0,0.3,0.3,0.5,0.4,0,0,0,0,0,0,0.4,0,2,0,0
5/28/2002,47,,4.3,0,2.5,6.4,0,0,13.4,16.5,14.8,20.2,0,8.1,12.4,0,14.5,3.5,0,0,0,0
5/29/2002,0,,0,0,1.4,1.3,0,0,0,0,0,0,0,1.5,18,0,2.6,0,0,0,0,0
5/30/2002,0,,0,0,0,0,0,0,0,0,0,0,0,0,0,0,0,0,0,0,0,0
5/31/2002,0,,0,1.9,0,0.8,33.1,0,1,4.8,0,0,10.4,41.1,0,0.5,26,1.5,16.5,0.3,1.5,0
6/1/2002,0.1,,0,1.8,0,1.5,0,0,0,0,0,2.5,0,0,6,0,0.2,0,0,0,0,0
6/2/2002,6.1,,0,0,22.6,49.3,20.9,6,0.3,0,0.6,51.9,2.9,9.8,16,33.9,48.3,0.7,0.7,0,0.4,18.5
6/3/2002,0,,0,5.2,0.8,7.2,2,0,2.1,0,0,0,0,11.8,8,3,0.9,3.3,0,6.7,0.5,21.7
6/4/2002,39.5,,32.6,7.4,9.3,0.4,0.8,10.4,12.2,0,18.7,61.4,0,9.5,0.8,4,2.4,12.9,2.2,0.1,1.8,1.1
6/5/2002,0,,34.9,1.3,8.9,13.4,0,26.2,6.8,0,12.1,0,0,5.6,0.9,0,36.5,6.1,0,0,0,0
6/6/2002,21.1,,4.2,28.7,31.2,2.8,11.3,15.1,24.5,10.8,21.2,0,2.3,8.9,8.7,0,29.2,10.8,14.3,17.6,0,4.5
6/7/2002,0,,0,0.6,0,3.3,0.2,0,0,0,0,0,0,0,0,0,5.1,0,0,0,0,0
6/8/2002,0,,6,18.4,0,9.3,0,0,0,0,2,0,0,3.6,14.8,0,0,0,0,0,0,0
6/9/2002,42.4,,46.8,51.8,33.9,25.7,22,38.2,123.3,43.7,30.2,82.2,8.2,114.6,41.9,30.6,55.5,78.4,23.2,20.8,53.2,21
6/10/2002,0.8,,0,3.1,0,9.3,1,0,0,0,0.5,3.6,0,2.7,0.8,5.7,3.5,0,0,0,5.2,0
6/11/2002,0,,0,0,9.6,0,0,0,0,0,0,0,0,0,0,0,0,0,0,0,0,0
6/12/2002,1,,0.5,5,0,2.8,0,0,0,41.3,0,0,0,0,0,0,0.1,0.2,0,0,0.4,0
6/13/2002,0.4,,5.6,20.4,0,17.4,0,0,110.8,6.4,0,11.7,0.2,12.5,13.3,9.6,18.5,17.1,0,0,14.3,0
6/14/2002,0,,4.4,6.7,0,0,2.3,0,19.2,25.5,0,0,0,0.8,0,39.9,0,96,0,9.2,29.2,1.5
6/15/2002,3.9,,3,0.4,23.8,0.7,0,0,71.8,0,0,0,0,23.2,0.8,0.2,0,0,0,0,0,0
6/16/2002,2,,0.5,12.6,1,32.7,11.1,0.4,7.3,0,0,4.7,0,23.1,1.4,13.5,41.5,23.3,0.9,0,3.2,1.1
6/17/2002,0,,0,0,2.8,112.4,0,0,0,0,0,0,0,0,0,0,0.1,0,0,0,0,0
6/18/2002,16.4,,47,20.6,7.5,47.9,18.6,58.5,6.1,23.1,46.7,13.1,25.2,8.4,8.3,0,1.1,0.4,2.4,48,0,0
6/19/2002,0,,0,0,0,0,0,0,0,0,0,0,25.6,0,0,0,0,0,0,0.7,0,0
6/20/2002,0.4,,0,7.4,0,4.4,5.9,0,0.5,36.9,0,1.6,21.1,0,7,0.1,2.1,0,18.1,16.6,1.7,42.5
6/21/2002,2.3,,10.7,3.5,0,1.8,0,1.1,0,0,0.7,0,0,0,1.7,0,14.5,0,0,0,0,0
6/22/2002,0,,0,0,0,14.9,0,0,0,0,0,0,0,7.4,0,0,0.1,0,0,0,0,0
6/23/2002,3.1,,0,5.9,25.5,0,0,0,0,15.3,0,0,0,0.4,1.1,0,0,0,0,0,0,12.3
6/24/2002,49.5,,0,0.4,0,0,0,0.8,0,7.7,0,6.3,8.5,0,5,0,0,0,42.6,0,77.9,27
6/25/2002,0,,0,1.3,0,0,0,0,0,1.9,0,3.2,0,0,1.3,17.8,0,0,16.5,2.5,0.4,0.6
6/26/2002,40.7,,27,37.5,33.9,64,0,18.1,23.6,19.8,42.9,23.3,0,25,46.4,14,16.2,32.2,1.2,0,0,3.3
6/27/2002,0,,5.9,0,2.1,2.8,27,0,8,0.5,0,0,0,2.8,0,0,0.9,10.6,0.2,0,3.7,0
6/28/2002,8.3,,0,0,0,8.1,14.6,0,4.1,0,0,0,0,0,0,0,0.6,1.5,0,0,0,0
6/29/2002,25.1,,0,44.1,0,30.8,0,0,0,0,4.5,0,0,2.1,5.8,0,14.1,0,0,0,0,1.1
6/30/2002,0.4,,0,4.6,0,19.6,0,0.5,0,0,0,0,0,0,0,0,16.2,0,0,0,0,0
7/1/2002,7.5,,0,0,0,14.1,0,0,0,0,0,0,0.2,0,0,0,7.9,0,24.7,0,2,60.5
7/2/2002,4,,0,1.1,0,70.3,8.9,15,0,4.3,6.5,0.8,0,0.5,0.8,0,7.3,0,2,1.4,1.7,1.6
7/3/2002,3.3,,0,34.8,1.1,53.2,8.4,3.6,0,1.5,33.3,47.2,7.3,0,10.6,4.2,22.7,0,1.6,26.7,22.4,0
7/4/2002,0,,0,28.6,0,12.3,7.3,0,0,0,0,0,0,0,13.1,0,16.7,0,0,0.6,0,0
7/5/2002,13.7,,0,64.2,11.7,17.7,19,11.2,22.3,1.5,48.4,0.2,0,27.2,23.1,2.6,11.9,24.4,9,0,1,20.8
7/6/2002,0,,0,0,0,0.4,10.6,0,0,16.1,0,0,36.1,0,0,23.7,0,0,0,28.2,32.2,6.3
7/7/2002,0,,0,0,0,2.7,0,0,0,0,0,0,0,0,0,0,0,0,0,0,0,0
7/8/2002,14.5,,0,25.1,0,0,0,0,0,0,36.8,0,0,0.3,0,0.5,1.9,0,0,0,5.6,0
7/9/2002,4.1,,0,40.4,0,7.5,61,0,0.1,0,0,3,10.3,0,6.5,2.4,3.7,39.7,0,21.7,5.9,1.3
7/10/2002,7.2,,0,67.4,0,7.7,2,0,0,0,0.1,22.4,0,0,16.3,1.9,0.7,0,0,0,2.9,0
7/11/2002,21.7,,0,2.1,1.1,147.2,0,0,0,26.7,2.5,64.8,0,0.8,8.4,1,10.3,0,4.2,0.3,0,3
7/12/2002,2.8,,0,1.7,0,48.8,1.2,0,1,0,0,2.3,0,0.6,0,5.8,75.1,0,0,0,0.6,0
7/13/2002,0,,0,0,0,9.3,0,0,0,0,0,0,0,0,0.2,0,0.3,0,0,0,0,0
7/14/2002,0,,0,0,0,29.8,0,0,0,0,0,0,0,0,0.2,0,9.3,0,0,0,0,0
7/15/2002,32.6,,0,0,0,6.3,0,36.9,0.5,0,0,71.1,0,4.5,1.3,0.6,11.6,0,0,0,0,0
7/16/2002,13,,0,17.1,2.7,66.6,20.5,25.6,0,0,18.4,0,21.2,21.4,0,9.4,37.5,0,2.3,1.6,34.8,0
7/17/2002,0,,0,1.2,1.1,12,0.6,19.7,2.3,3.3,3.5,0,0,3.4,1,0,4.9,1.7,2.6,0,0,59.1
7/18/2002,2.8,,0,4.9,0,4.8,3.8,4.7,0.6,4.9,0.1,1,0,1.6,14.1,0,4.3,3.7,15.4,0,0,0
7/19/2002,0,,0,4.8,0.5,0.7,1.9,0.7,0,10.9,5.8,0,0,0.9,1.4,4,0,0,0,0,12.3,5
7/20/2002,0.2,,0,1.4,0.8,1.6,0,0,0,1.6,0,0.3,20.3,0,0,0.9,0,0,0,11.9,42.8,0.3
7/21/2002,1.2,,0,0.2,29.2,0,21.4,13.9,0,17.3,0.1,0.5,11.8,1.7,0,0,2.3,0,6.3,30.2,0,20.1
7/22/2002,0.6,,0,25,0,4.2,13.4,0,0.2,0,1.5,28.7,10.1,4.3,13.5,0.8,2.3,0,0,2.8,3.9,0
7/23/2002,5.2,,0,17.7,0.4,5.7,27.6,0,1,26.4,4,27.9,0,2,52,22,0.7,0,2.6,6.4,95,5
7/24/2002,0.1,,0,0.6,0.3,1,0,0,1.6,0,0.2,0.3,0,0,7.5,0.2,0,1.6,0,0,0.1,0
7/25/2002,0,,0,0,0,0.6,0,0,0,0,0,0,0,0.4,0,0,1.8,0,0,0,0,0
7/26/2002,0.2,,0,2.5,0,3.1,0,0,0,0,0,0,0,1.8,1.9,0,0.3,0.4,0,0,0.1,0
7/27/2002,0,,0,9.3,1.5,0.6,0,0,0.8,0,5,0.5,0,0.6,4.4,0,0,0.5,0,0,0,0
7/28/2002,0,,0,0,0,0,0.5,0,0,0,0,0,1.2,0,0,0,0.3,0,1.7,4.7,0,0
7/29/2002,0,,0,0,0,0,0,0,0,53.4,0,0,0,0,0,0,0,0,1.2,7.6,0,10.8
7/30/2002,0,,0,0,0,1.1,0,0,0,0,0,0,47.4,0,0.1,0,0.2,0,2.7,10.2,0,6.4
7/31/2002,1.8,,0,39.7,18.2,1.5,36.3,26.4,1.2,12.5,71,10.4,27,5.3,47.5,17.4,13.6,0,28.2,60.5,34.9,22.6
8/1/2002,11.8,,0.1,39.8,5.5,0.8,6.4,6.5,0.4,2.1,16.8,21.8,2.2,2.6,6,3.4,0.5,0.1,0,4,9.8,0.4
8/2/2002,0.3,,1.2,0,0,0,0,1.7,0,0,0,0.2,0.6,0,0,0,0,0,0,0,0,0
8/3/2002,0,,0,0,0,0,0,0,0,0,0,0.1,0,0,0,0,0,0,0,0,0,0
8/4/2002,0,,10.7,0.5,3.1,0,0,7.2,0,23.8,0,0,0,0,0,0,0,0,0.3,0,0,14.9
8/5/2002,26.1,,0,12.8,1.6,26,72,4.2,4.5,12.4,60.4,37.6,73.8,10.2,55.3,0.2,5.4,0,45.5,31.7,0,28.6
8/6/2002,0.8,,0.3,1.3,2.2,0,0.1,10.6,0.3,0,1.8,0.4,9.3,1.9,3.1,0.2,4.3,6.1,0,0.1,0.6,2.6
8/7/2002,0,,0,0,0,0,4,0,0,0,0.3,0,0,0,6.4,0.3,0,0,0,15.3,1.2,0
8/8/2002,0,,0,0,0,0,0,0,0,0.4,0,0,0,0,0.4,0,0,0,0,0,0,0
8/9/2002,0,,0,0,0,0,45.4,0.6,0,0.4,0.6,0,22.6,0,0,0,0,0,7.7,16.3,0,32
8/10/2002,0.4,,0,0,0,0,0,0.6,0,2.4,0.7,3.3,0,0,0,12.8,0,0,0,0,4.5,3.3
8/11/2002,0,,0,0,0,0,0,0,0,0,0,0,0,0,1.8,0.2,0,0,0,0,0,7.9
8/12/2002,22.8,,0,0.5,3.3,1.6,0,2.4,0,4,0,2,0,0,0.5,0,0,0,0,0,0,11.8
8/13/2002,3.1,,0.7,0.7,0.6,50.6,0,0,0,13.5,0,0.4,0,0,0.3,0,1.7,0,37.1,0,0,4
8/14/2002,2.6,,0,1.2,0,162.8,29,0.4,0,0,1.5,0,14.7,1.9,4.8,0.9,50,0,6.4,11.2,8.1,0
8/15/2002,0.1,,0,0.5,0,0,0,0,0,0.6,0,0,0,0,0.8,0,0.7,0,0,0,0,0.4
8/16/2002,0,,0,5.9,0,4.1,0.5,0,0,0,0.1,0,0,0,0,0,0,0,0,0,0,0
8/17/2002,0,,0,8.9,0.2,0,0,0.3,0,23.4,0,0,10.7,1.5,0,0.4,0.4,0,40.5,0,0,8.2
8/18/2002,0.4,,0,0,0,0.8,0.3,0,0,19.8,0,1.1,4.5,0,1,1,0.6,0,0,5.7,0,0
8/19/2002,1.5,,0,1.6,0,0.7,0,0,0,0.1,0,8.9,0,0,0.1,0,3.1,0,2.8,0,0,0
8/20/2002,1.2,,0,0,3.3,3.3,23.6,39.7,0,6.8,17.5,0,34.2,2.6,0,0,0.6,0,30,34,0,36.5
8/21/2002,24.2,,0,5,0,4.3,14,92.1,1.5,4.9,5.9,0,0,0,0,0.3,0.1,0,14.5,2.7,0,4.4
8/22/2002,0,,0,0,0,0,0,0,0,0,0,0,0,0,0,0,0,0,0.1,1.2,0,0
8/23/2002,0,,0,0,0.9,0,8.3,0,0,0,0,0,10.4,0,0,0,0,0,0,9.3,0,0
8/24/2002,0,,0,0,0,0,3,0,0,0,0,0,0,0,0,0,0,0,0,0,0,0
8/25/2002,0.6,,0,0,0,22.8,1.1,0,0,0,0.5,0,6,0,0,1.7,0,0,0,7,4.1,0.1
8/26/2002,1.4,,0,4.2,0,0,31.7,0,0,5,0,0,6.4,0,3.5,0,0,0,71.7,6,0,45
8/27/2002,0,,0,0,0,0,0,0,0,2,0,0,0,0,0,0,0,0,3.1,0,0,3
8/28/2002,0,,0,0,0,0,0,0,0,0,0,0,14.4,0,0,0,0,0,6.9,3.8,0,7.8
8/29/2002,4.1,,0,0,0,0,13.3,0.9,0,12.9,8.4,0,0,0,1.2,20.5,0,0,0,7.8,6.5,0.9
8/30/2002,0,,0,0,0,0.8,0,0,0,0,0,0,1.4,0,6.3,0,0,0,0,1.6,0.2,0.4
8/31/2002,0,,0,0,0,0,0,0,0,16.8,0,0,0,0,0.6,2.8,0,0,0,0,14.5,0
9/1/2002,0,,0,0,0,0,9.5,3,0,17.8,0,0,7,0,1.1,0,0.5,0,0,0.2,0,15
9/2/2002,0.5,,0,0,0,0.9,0,0.4,0.6,0,13.8,14.4,0,1,0,0,0.2,0,0.8,4.6,0,0
9/3/2002,10.9,,0,0,0,0.2,29.7,0,0,14.6,0.4,3.6,21.4,0,2.7,3.8,0.1,0,15.7,13.4,5.5,20.6
9/4/2002,8.7,,0.3,4.2,0,0,0.4,0,0,1.8,0.3,0.1,0,1.3,3.2,0,0.1,0,0.9,0.7,4.2,0
9/5/2002,12.8,,8.5,0.2,0,0,26.6,7.2,0,56.6,0.1,7.5,9,1.4,0,13.8,0,0,11.3,7.6,13.8,24.2
9/6/2002,1.5,,0.1,0,0,0,1.4,0,0,0,0,0.4,4.5,0.1,0,0,0,0,0,21.2,1.6,0
9/7/2002,0,,0,0,0,0,0.1,0,0,0,0,0.1,0,0,2.4,0,1.2,0,0,1.1,1.2,0
9/8/2002,0,,0,0,0,0,0,5.1,0,1.6,0,0,0,0,0,0,0,0,0,0,0,0
9/9/2002,26.3,,4.5,41,21.4,0,0,30.2,22,13.3,42.7,42.6,0,0.5,0.9,5.6,0.9,36.1,0,0,17.8,0
9/10/2002,0.3,,0,0,0,1.7,22.4,0,0,0,0,0,0,0,1.1,5.4,0,0,13.9,0.1,2.7,9.4
9/11/2002,0,,0,0.5,0,2.4,5.6,0,0,0.7,0,0,0,0,2.1,0,0,0,0,0,0.3,0
9/12/2002,0,,0,0.2,0.6,0,0,0,0,0,0,0,22.7,0,0,0,0,0,0,0,0,0.4
9/13/2002,0,,0,0.1,0,0,3.4,0,0,7.9,0,0,0,0,0,0,0,0,0,21.2,0,2.7
9/14/2002,0,,0,0,0,0,0,0,0,0,0,0,19.1,0,0,0,0,0,11.1,9.1,0,20.7
9/15/2002,0.6,,0,0,0,0,9.4,0,0,1.9,0,0,0,0,0,0,0,0,0.3,4.3,0,0
9/16/2002,0,,0,0,0,0,0.6,0,0,0,0,0,0,0,0,0,0,0,0,0,0,0
9/17/2002,0,,2.6,0,8,0.6,0,0.5,0,19.8,0,0,1.2,0,0,0,0,0,6.1,3.5,7.7,20.8
9/18/2002,52.6,,0,0,0,2.5,0,3.6,0,13.6,0.1,8.2,14.1,0,0,2.8,0,0,10.5,32.5,3.8,44
9/19/2002,13.9,,0,0.8,0,0,4.8,0,0,0.2,0,0.2,3,0,0,0,0,0,5.9,0.6,0,1.9
9/20/2002,0,,0,0,0,0,3.6,0,0,0,0,0,0,0,0,0,0,0,0,4.9,0,0
9/21/2002,0,,0,9.5,0,0,0,0,0,25.2,10.8,18.6,1,0,0,9.4,0,0,0,1.1,5.8,0
9/22/2002,0,,0,0,0,0.5,0,0,0,0,0,0,0,0,0.3,0.1,0,0,0,0,0.9,0
9/23/2002,2.7,,0,0,1.4,4.6,6.1,3.4,0,14.6,47,0,0,0.5,0,3.5,1.5,0,0,0,7.9,0
9/24/2002,9.1,,9.4,15.4,14.8,0,18,57,0,0,14.7,27.8,0,0,22.3,23.1,0,1.4,3.3,0,20.4,1
9/25/2002,0.5,,1.2,5.3,0,0.6,0,0,0,0,0,0,0,0,0,0,0,0,0,0,0,0
9/26/2002,0,,0,0,0,0,0,0,0,0,0,0,0,0,0,0.2,0,0,0,0,13,0
9/27/2002,0,,0,0,0,3.6,0,0,0,0,0,0,0,0,0,0,0,0,0,0.6,0,0
9/28/2002,0,,0,0,0,0,0,0,0,8.1,0,0,0,0,0,0,0,0,0,0,0,0
9/29/2002,0.2,,2.9,0,0,0.5,16.1,53.1,0,2.1,0,0,19.2,1.5,67,0,0.6,0,0,12.8,0,0
9/30/2002,0,,0,0,0,0.2,0,0,0,0,0,0,0,0,0,0,0.1,0,0,0,0,0
10/1/2002,0,,0,0.2,0,0,0,0,0,25.9,0,0,42.4,0,0,0,2.4,0,0,0,0,0
10/2/2002,0,,0,0,0,4.8,2.4,0.3,1.1,0.8,0,0,8.4,0,0,0,1.2,0,0,22,0,0
10/3/2002,0,,0,0,7.6,0,0,0.3,0,12.5,0,0,4.4,0,0.5,0,0,0,0,0,0,2
10/4/2002,0,,0,0,0,0,0,0.7,0,13,0,0,2.8,0,0,0,0,0,0,0,0,1
10/5/2002,0,,0,0,0,0,0,0,0,1.6,33,17.2,0.6,0,0,0,0,0,2.7,0,1.5,4.6
10/6/2002,0,,0,0,2.6,0,0,0,0,32.6,0,0,1,0,0.2,0,1.4,0,0,0,0.2,0
10/7/2002,12.8,,0,17.9,0.2,3.6,0,0,0,14,0,111.5,5.5,1,0,0,0,0,67.4,0.4,27.1,4.2
10/8/2002,15.5,,0,0.2,0,0,20,0,0.6,0.3,4.5,0.8,6.5,0,3.6,5.1,1,0,1,2.1,0,0.6
10/9/2002,22.7,,9,11.3,13.1,28,13.3,16.5,0.6,7,15.8,41.8,0,0.7,2,10.8,4.8,0.5,0,0,12.8,0
10/10/2002,17.5,,0,0.5,0,15.6,0,0,0.2,1.7,0,0,3.4,1.7,5,0,0.5,0,0.9,2.2,0.3,0
10/11/2002,10.4,,0,0,0,0,0,6.3,0,40.1,1.9,0.6,0,19.1,13.3,0,0,1.5,0,0,0,0
10/12/2002,0,,22.6,9.2,9.1,0,7.2,0.4,0,0.7,27.1,14.7,0.6,3.7,2.4,14.1,2.3,0,5.8,7.3,0.5,8.5
10/13/2002,0,,0,3.2,0,1.2,12.1,0,0,0,4.5,0,0,0.5,0,0,0,0,7.3,0,11.6,5.1
10/14/2002,5.5,,0,0,2,0.9,0,0,1.5,0,11.2,31.8,0,1.5,0,13.4,3.6,0,5.6,0,0,26.5
10/15/2002,7.6,,15.1,8.5,3.4,0,0,54.9,1.2,0.4,1.8,6.7,9.1,0,0,5.9,0,3.2,11.5,0,4.4,3.6
10/16/2002,33.5,,0,0,0,63.8,0,0,0,28.8,0,0,0,0.5,0,0,8.8,0.3,0,0,2.6,0
10/17/2002,9.2,,3.6,32.7,3.5,0.7,9.4,49.4,1.1,9.2,19.7,12.9,0.6,0,14.4,3.8,0,3.5,0.3,4.1,37.7,0.2
10/18/2002,0,,0,7.4,0,18.1,3,0,0,7.2,0,0,0,0,16.4,0,0,0,27.1,3.7,0,0.4
10/19/2002,9.1,,16.3,45.7,3,58.5,0,2.4,1.6,2,8.5,19,0,0,18.4,3.8,13.2,8.4,1.7,0,5,5.7
10/20/2002,0.6,,0,0,0,0,0,0,0,0,0,0,0,0,0,0,0,0,0,0,0,0
10/21/2002,0,,3.8,8.5,35.8,3.6,0,0,8.7,1.7,0.1,17.5,0,0,0,0.1,0,16.6,0,0,5,0
10/22/2002,0,,0,0,0,0,0,0,0,0,0,10.5,0,0,0,0,0,0,0,0,8.5,0
10/23/2002,0.2,,0,47.3,0,0,0.4,6.1,0,5.4,0.3,15.1,0,0,15.4,41.2,0,0,0,0,6.2,0
10/24/2002,14,,5.8,1.6,4.4,0,0,7.7,5.5,22.1,12.2,9.1,0,2.5,2.3,18.4,3.2,5.9,0,0,20.1,0
10/25/2002,13.8,,3.6,49.6,0,0,0,15.3,0,1.3,0,9.9,0,0,0.5,3.5,0.3,0,0,0,0,0
10/26/2002,0,,0,0,6,0,1,0,0,0,4,0,0,0,6,15.9,0,0,0,0,40.6,0
10/27/2002,26.8,,45.9,10.7,28.9,0,0,4.6,38,0,20,0,0,0.9,0.4,0,0.3,68.4,0,0,0,0
10/28/2002,0,,0,0,0,31.5,0,0,0.3,0,0,0,0,0,0,0,0,0.1,0,0,0,0
10/29/2002,0,,0,6.4,0,13.8,0,0,0,0,1.3,0,0,6.4,0,0,3.9,0,0,0,1.6,0
10/30/2002,0,,0,6.5,0,3.9,0,0,0,0,14.8,0,0,0,2.9,16.6,41.8,0,0,0,6.6,0
10/31/2002,0,,0,0.4,2.3,4.4,0,0,0,12.4,0,0,0,0,0,0,0,0,0,0,3,0
11/1/2002,0,,0,0,5.8,0,0,0,0,0,2.9,0,0,0,0,3.3,0,0,0.1,0,0,0
11/2/2002,0,,10.6,7.3,5.8,0,0,0,0,0,12.2,6.9,0,1.4,0,0,1.5,2.5,0,0,0,0
11/3/2002,0,,0.3,21,0,8.7,0,0,0,0,12.6,1.1,0,0,3.2,0,0,0,0,0,4.6,0
11/4/2002,0.3,,22.1,10.5,0.6,76.6,0,21.8,4.8,3.2,6.8,1.3,0,0.3,20.3,0.9,0,1.3,0.8,0,4,0.8
11/5/2002,19,,19,0.4,0,0.4,0.2,3.7,7.1,6.9,9.3,0.8,20.2,0,0,28.4,2.7,4.3,0,4.7,33.3,1.8
11/6/2002,0,,0,0,0,2.9,0,0,0,0,0,0,0,0,16.8,0,12.3,1,0,0,0,0
11/7/2002,0,,0,0,0,0,13,0,0,0,0,0,0,0,1.2,1.7,0,0,0,0,0,0
11/8/2002,0,,0,1.2,0,0,4.4,0,0,0,0.7,5.3,0,0,0.3,0.1,0,0,0,0,22.3,0
11/9/2002,0,,0,0,0,10.9,0,0,0,0,0,0,0,2.9,0,0,11.5,0,0,0,0,0
11/10/2002,10.2,,2,26.6,20.2,21.2,0,0,1.5,0.7,3.2,2.8,0,8.8,1.3,0,38.3,1.2,0,0,0,0
11/11/2002,0,,0,0,0,0,0,0,0,0,0,9.4,0,0,7,0,0,0,0,0,0,0
11/12/2002,0,,0,0.3,3.8,0,0,0,0,0,0,0,0,0,0,0,0,0,0,0,0,0
11/13/2002,0,,0,0,0,2.4,0,0,0,0,0,0,0,0,0,0,0,0,0,0,0,0
11/14/2002,0,,61.4,27.3,0,7.6,0,0,0,0,0,0,0,0,3.2,0,0,2.5,0,0,0,0
11/15/2002,0,,0,0.3,0,0.1,0,0,0,0,0,0,0,0,0,14.3,0,0,0,0,0,0
11/16/2002,0,,0,9.2,0,4.1,0,0,0,0,0,1.8,0,0.3,1.7,0,0,0,0,0,0,0
11/17/2002,0,,0,0,2.7,0,0,0,0,0,4.7,0,0,0,0,0,0,0,0,0,0,0
11/18/2002,0,,0,13.2,0.1,9.9,0,0,0,0,0,6,0,0,0,5.6,0,0,0,0,0.4,0
11/19/2002,0,,0.7,0,3.7,0,0,0,0,0,0,2.2,0,0,0,0,0,0,0,0,1.3,0
11/20/2002,0,,0,14.1,0,0,0,0,0,0,0,0,0,0,0,0,0,0,0,0,0,0
11/21/2002,0,,5.6,3.8,0,0,0,0,0,0,0,2.8,0,0,0,0,0,0,0,0,0,0
11/22/2002,0,,16.6,0.1,0,0,0,0,0,0,0,0,0,0,0,4.5,0.2,0,0,0,0,0
11/23/2002,0,,0.1,9.6,0,7.1,0,0,0,0,4.2,0,0,7.1,1.4,1.4,0,0,0,0,0,0
11/24/2002,0,,5.7,5.1,0,12.3,0,0,0,0,5.6,3.1,0,0,0,0,0,0,0,0,0,0
11/25/2002,0,,0,0,0,0,0,0,0,0,0.4,1.7,0,0,0,0,0,0,0,0,0,0
11/26/2002,0,,0.5,9.5,0.3,0,0,2.2,0,0,27,0,0,0,0,17,0,0,0,0,0,0
11/27/2002,0,,0,0,0,0,0,0,0,0,0,0,0,0,0,0,0,0,0,0,0,0
11/28/2002,0,,0,2.5,0,0,0,0,0,0,0,0,0,5.2,0,0,0,0,0,0,0,0
11/29/2002,0,,0,0,0,0,0,0,0,0,0,0,0,0,0,0,0.4,0,0,0,0,0
11/30/2002,0,,13.8,7.5,0.3,0,0,0.4,0,0,3.1,0,0,20.6,0,0,0.3,0,0,0,0,0
12/1/2002,0,,0,0,0,0,0,0,0.4,0,0,0,0,0.2,0,0,0,0,0,0,0,0
12/2/2002,0,,0,0,0,5.8,0,0,0,0,0,0,0,0,0,0,0,0,0,0,0,0
12/3/2002,0,,0,0,0,0,0,0,0,0,0,0,0,0,8.1,0,0,0,0,0,0,0
12/4/2002,0,,0,0.3,0,0,0,0,0,0,0,0,0,0,0,0,0,0,0,0,0,0
12/5/2002,15.8,,0,0.1,0,1.7,0,0,0,0,13.8,3.8,0,0,33.6,0,6.8,0,0,0,0,0
12/6/2002,0.1,,0,0,0,12.9,0,0,0,0,0,0,0,0,0,3.3,0,0,0,0,1.6,0
12/7/2002,0,,0,0.4,3.2,0,0,1.1,6.8,0,4,1.6,0,0.1,0.3,0,0,0.1,0,0,4.9,0
12/8/2002,0,,0,0,0,8.6,0,0,0.5,0,0.7,0,0,2.1,0,3.2,0,0,0,0,0,0
12/9/2002,0.2,,0,15.7,0,5.3,0,0,0,0,0.2,0,0,0,0,0.4,0,0,0,0,0,0
12/10/2002,8.9,,0,20,0,6.5,0,5.6,0,0,0,0,0,0,0,0,0,0,0,0,0,0
12/11/2002,0,,0,0,0,0,0,0,0,0,0,0,0,0,0,0,0,0,0,0,0,0
12/12/2002,0,,0,0,0,0,0,0,0,0,0,0,0,0,0,0,0,0,0,0,0,0
12/13/2002,0,,0,0,0,0,0,0,0,0,0,0,0,0,0,0,0,0,0,0,0,0
12/14/2002,0,,0,0,0,4.1,0,0,0,0,0,0,0,0,0,0,0,0,0,0,0,0
12/15/2002,0,,0,0,0,0,0,0,0,0,11.7,0,0,0,0,0,0,0,0,0,0.5,0
12/16/2002,0,,0,0,0,2.2,0,0,0,0,0,0,0,0,0,0.1,0,0,0,0,0,0
12/17/2002,0,,0,0,0,0,0,0,0,0,0,0,0,0,0,0,0,0,0,0,0,0
12/18/2002,0,,0,0,0,0,0,0,0,0,0,0,0,0,0,0,0,0,0,0,0,0
12/19/2002,0,,0,0,0,0,0,0,0,0,0,0,0,0,0,0,0,0,0,0,0,0
12/20/2002,0,,0,0,0,0,0,0,0,0,0,0,0,0,0,0,0,0,0,0,0,0
12/21/2002,0,,0,0,0,0,0,0,0,0,0,0,0,0,0,0,0,0,0,0,0,0
12/22/2002,0,,0,0,0,0,0,0,0,0,0,0,0,0,0,0,0,0,0,0,0,0
12/23/2002,0,,0,0,0,0,0,0,0,0,0,0,0,0,0,0,0,0,0,0,0,0
12/24/2002,0,,0,0,0,0,0,0,0,0,0,0,0,0,0,0,0,0,0,0,0,0
12/25/2002,0,,0,0,0,0,0,0,0,0,0,0,0,0,0,0,0,0,0,0,0,0
12/26/2002,0,,0,0,0,0,0,0,0,0,0,0,0,0,0,0,0,0,0,0,0,0
12/27/2002,0,,0,0,0,0,0,0,0,0,0,0,0,0,0,0,0,0,0,0,0,0
12/28/2002,0,,0,0,0,0,0,0,0,0,0,0,0,0,0,0,0,0,0,0,0,0
12/29/2002,0,,0,0,0,0,0,0,0,0,0,0,0,0,0,0,0,0,0,0,0,0
12/30/2002,0,,0,0,0,0,0,0,0,0,0,0,0,0,0,0,0,0,0,0,0,0
12/31/2002,0,,0,0,0,0,0,0,0,0,0,0,0,0,0,0,0,0,0,0,0,0
1/1/2003,0,,0,0,0,0,0,0,0,0,0,0,0,0,0,0,0,0,0,0,0,0
1/2/2003,0,,0,0,0,0,0,0,0,0,0,0,0,0,0,0,0,0,0,0,0,0
1/3/2003,0,,0,0,0,0,0,0,0,0,0,0,0,0,0,0,0,0,0,0,0,0
1/4/2003,0,,0,0,0,0,0,0,0,0,0,0,0,0,0,0,0,0,0,0,0,0
1/5/2003,0,,0,0,0,0,0,0,0,0,0,0,0,0,0,0,0,0,0,0,0,0
1/6/2003,0,,0,0,0,0,0,0,0,0,0,0,0,0,0,0,0,0,0,0,0,0
1/7/2003,0,,0,0,0,0,0,0,0,0,0,0,0,0,0,0,0,0,0,0,0,0
1/8/2003,0,,0,0,0,0.1,0,16.3,0,0,0,0,0,0,0,0,0,0,0,0,0,0
1/9/2003,0,,0,0,0,0,0,0.5,0.5,0,1.3,0,0,0.2,0,0,19,0,0,0,0,0
1/10/2003,0,,0,0,7,1.5,0,0,0,0,0,0,0,0,0,0,0,0,0,0,0,0
1/11/2003,0,,2,0,0,22.6,0,0.1,1.4,0,0.7,0,0,3.6,0,0,0,1,0,0,0,0
1/12/2003,0,,0,0,43.1,22.4,0,0,0,0,0,0,0,0,0,22.5,18.3,0,0,0,14.3,0
1/13/2003,0,,0,0,0,0,0,0,0,0,0,0,0,0,0,0,0,0,17.5,0,0,0
1/14/2003,0,,0,17.3,0.4,17.3,0,16.4,0,0,3.2,0,0,0,54.3,0,0,0,0,0,0,0
1/15/2003,0,,8.8,0,0,0,0,0,0.7,0,3.4,0,0,0,0,0,0,0,0,0,0,0
1/16/2003,0,,0,0,0,0,0,0,0,0,0,0,0,0,0,0,0,0,0,0,0,0
1/17/2003,0,,0,0,0,0,0,0,0,0,0,0,0,0,0,0,0,0,0,0,0,0
1/18/2003,0,,0,0,0,0,0,0,0,0,0,0,0,0,0,0,0,0,0,0,0,0
1/19/2003,0,,0,0,0,0,0,0,0,0,0,0,0,0,0,0,0,0,0,0,0,0
1/20/2003,0,,0,0,0,0,0,0,0,0,0,0,0,0,0,0,0,0,0,0,0,0
1/21/2003,0,,0,0,4.4,0,0,0,0,0,4.1,0,0,0,0,0,0,0,0,0,0,0
1/22/2003,0,,21.8,0,0,0,0,0.6,0,0,0.1,0,0,0,0,0,0,0,0,0,0,0
1/23/2003,10.7,,0,0.2,0,0,0,0,0,0.7,0,32.9,0,0,3.3,0,0,0,0,0,0,0
1/24/2003,0,,0,0.6,0,0,0,0,0,0,0,0,0,0.1,0,0,0,0,0,0,0,0
1/25/2003,0,,0,0,0,0,0,0,0,0,1,0,0,0,0,0,0,0,0,0,0,0
1/26/2003,0,,0,0,0,0,0,0.8,0,0,1.5,0,0,0,0,0,0,0,0,0,0,0
1/27/2003,0,,0,0,0,0,0,0,0,0,0,0,0,0,0,0,0,0,0,0,0,0
1/28/2003,0,,0,0,0,0,0,0,0,0,0,0,0,0,0,0,0,0,0,0,0,0
1/29/2003,0,,0,0,0,0,0,0,0,0,0,0,0,0,0,0,0,0,0,0,0,0
1/30/2003,0,,0,0,0,0,0,0,0,0,0,0,0,0,0,0,0,0,0,0,0,0
1/31/2003,0,,0,0,0,0,0,0,0,0,0,0,0,0,0,0,0,0,0,0,0,0
2/1/2003,0,,0,0,0,0,0,0,0,0,0,0,0,0,0,0,0,0,0,0,0,0
2/2/2003,0,,0,0,0,0,0,0,0,0,0,0,0,0,0,0,0,0,0,0,0,0
2/3/2003,0,,0,0,0,0,0,0,0,0,0,0,0,0,0,0,0,0,0,0,0,0
2/4/2003,0,,0,0,0,0,0,0,0,0,0,0,0,0,0,0,0,0,0,0,0,0
2/5/2003,0,,0,0,0,0,0,0,0,0,0,0,0,0,0,0,0,0,0,0,0,0
2/6/2003,0,,0,0,0,0,0,0.5,0,0,0,0,0,0,0,0,0,0,0,0,0,0
2/7/2003,0,,0,0,0,0,0,0,0,0,0,0,0,0,0,0,0,0,0,0,0,0
2/8/2003,0,,0,0,0,0,0,0,0,0,0,0,0,0,0,0,0,0,0,0,0,0
2/9/2003,0,,0,0.2,0,0,0,4.8,0,0,15,0,0,0,0,0,0,0,0,0,0,0
2/10/2003,17.1,,8.3,11.4,17.9,65.4,0,25.1,6,0,17.1,19.3,0,14.4,8,0.7,36.7,1.4,0,0,0,0
2/11/2003,0,,0,0,0,0,0,0,0,0,0,0,0,0,0,0,0,0,0,0,0,0
2/12/2003,0,,0,0,0,0,1,0,0,0,0,0,0,0,0,3.7,0,0,8.3,1.2,4.4,0
2/13/2003,0,,0,0,0,0,0,0,0,0,0,0,0,0,0,0,0,0,0,2.5,0,15.6
2/14/2003,1.4,,0,7.7,0,0,20,0.1,0,13.4,2.8,34.3,0,0,13.9,2.2,0,0,0,0.1,41.2,0
2/15/2003,0,,0,0,0,0,0,0,0,0,0,0,1.7,0,0,0,0,0,0,0,0,0
2/16/2003,1.2,,0,10.6,0,0,0,0,0,0,0,19.4,0,0,0,4.7,0.4,0,2,0,19.9,0
2/17/2003,1.7,,0,0,0,0,0,0,0,0,0,0,0,0,0,0,0,0,0,0,0,0
2/18/2003,0,,0,0,0,0,0,0,0,0,0,0,0,0,0,0,0,0,0,0,0,0
2/19/2003,0,,0,0,0,0,0,0,0,0,0,0,0,0,0,0,0,0,0,0,0,0
2/20/2003,0,,0,0,0,0,0,0,0,0,0,0,0,0,0,0,0,0,0,0,0,0
2/21/2003,0,,0,0,0,0,0,0,3.4,0,0,0,0,0,0,0,0,0,0,0,0,0
2/22/2003,0,,0,0,0,0,0,0,0,0,0,0,0,0,0,0,0,0,0,0,0,0
2/23/2003,7.4,,1.8,33.1,0.2,0.1,9.8,36.1,0,0,0,0,0,0.2,28.9,0,0,2.4,0,0,0,0
2/24/2003,0,,0,3,8.5,0,0,0,0,0,0.2,0,0,0,0,0,2.9,0,0,0,0,0
2/25/2003,0,,0,0,0,0,0,0,0,0,0,0,0,0,0,0,0,0,0,0,0,0
2/26/2003,1.5,,0,5.5,0,0,0,4.9,0,5.2,15.7,1.5,0.1,0,0,52.6,0,0,0.1,7.9,35.6,2.1
2/27/2003,0,,0,17.3,0,0,0,0,0,0,2.5,0,0,0,0,0,0,0,0,0,0,0
2/28/2003,0,,0,8,0,0,0,0,0,0,0,0,0,0,0,0,0,0,0,0,0,0
3/1/2003,4.6,,0,0,0,0,0,0,0,0,2.6,7.9,0,0,0,0,0,0,0,0,0,0
3/2/2003,0,,0,2.1,0,0,0,0,0,0,10.5,0,0,0,2.6,0,0,0,0,0,0,0
3/3/2003,0,,1.6,8.2,11.2,16,0,0.6,0,0,6.6,0,0,2.4,0,0,13.3,0,0,0,0,0
3/4/2003,0,,3.5,0,0,0,0,0,0,0,0,0,0,0,0,0,0,0,0,0,0,0
3/5/2003,0,,0,0,0,10.9,0,0,0,0,0,0,0,0,0,0,0,0,0,0,0,0
3/6/2003,0,,0,0,0,0,0,0,0,0,0,0,0,0,0,0,0,0,0,0,0,0
3/7/2003,0,,0,0,0,0,0,0,0,0,0,0,0,0,0,0,0,0,0,0,0,0
3/8/2003,0,,0,0,0,4.6,0,1,0,0,0,0,0,0,0,0,0,0,0,0,0,0
3/9/2003,5.5,,0,7.5,2.4,0.8,0,2,0,0,4.8,0,0,41.8,0,0,16.2,25.1,0,0,0,0
3/10/2003,0.9,,0,0,0,11.2,0,0,0,0,0,0,0,0,12.1,0,0,0,0,0,0,0
3/11/2003,0,,0,0,0,0,0,0,0,0.7,1.1,5.7,0,0,16.5,1,0,0,0,0,0,0
3/12/2003,0,,0,0,0,0,0,0,7,0,0,0,0,6.8,0,0,1.2,4.6,0,0,0,0
3/13/2003,0,,0.5,0,8.5,0,0,0.2,0,0,6.3,0,0,0,1.1,0,0,0,0,0,0,0
3/14/2003,0,,0,0,0,0,0,0,0,0,0,0,0,0,0,0,0,0,0,0,0,0
3/15/2003,0,,0,0,0,0,0,0,0,0,0,0,0,0,0,0,0,0,0,0,0,0
3/16/2003,0,,0,0,0,0,0,0,0,0,0,0,0,0,0,0,0,0,0,0,0,0
3/17/2003,0,,0,0,0,0,0,0,0,0,0,0,0,0,0,0,0,0,0,0,0,0
3/18/2003,0,,0,0,0,0,0,0,0,0,0.1,0,0,0,2.2,6.7,0,0,0,0,0,0
3/19/2003,12,,3.9,41.3,39.9,62.6,0,23.1,9,0,3.1,3.7,0,17.8,0,0,35.8,1,0,0,0,0
3/20/2003,0,,0,0,0,0,0,0,0,0,0,0,0,0,0,0,0,0,0.9,0.3,0,0
3/21/2003,0,,0,0,0,0,0,0,0,0,0,0,0.1,0,0,0,0,0,0,9,0,0
3/22/2003,3.8,,0,0,0,19,28.8,0,0,34.5,0,0,0.8,2.4,0,18.8,0,0,39.7,6.8,37.8,30.9
3/23/2003,0,,0,0.8,0,15.9,0,0,0,0,0.1,0,0,0,0,1.3,0,0,0,0.6,0,0
3/24/2003,0,,0,0,0,0,0,0,0,0,0,0,0,0,0,0,0,0,0,0,0,0
3/25/2003,0,,0,0,0,31.6,0,0,8.5,0,0.7,2.5,0,29.5,1.2,0,1.7,1.7,0,0,0,0
3/26/2003,0,,0,0,0,0,0,0,0,0,0,0,0,0,0,0,0,0,0,0,0,0
3/27/2003,0,,0,3.1,0,0,0,1.8,0,0,9.9,0.1,0,0,6.8,0,0,0,0,0,0,0
3/28/2003,0,,0,11.8,0,0,0,0,0,0,0,6.4,0,0,9.6,0,0,0,0,0,0,0
3/29/2003,15.4,,0,0,0,10.6,0,0,0.6,0,0,10.2,0,6.9,8.5,22.3,7.9,12.2,0,0,10.8,2.2
3/30/2003,1.5,,0,0,0,0,0,0,0,0,0,36.6,0,0,11.4,6,0,0,0,0,6.2,0
3/31/2003,0.5,,0,8.5,0,0,0,0,0,0,0,0,0,0,0,0,0,0,0,0,0,0
4/1/2003,0,,0.2,0.1,8.9,9.7,0,1.9,18.5,0,13.9,0,0,15.9,0.8,0,0,0.8,0,0,0,0
4/2/2003,4.2,,0.2,0,0,40.1,0,40.7,0.4,0,0,0,0,0,0,0,0,0,0,0,0,0
4/3/2003,0,,0.1,0,13.3,43.5,0,22.8,8.2,0,6.9,27.6,0,6.9,2.7,0,33.8,5.1,0,0,0,0
4/4/2003,0,,0.2,0,0,0,0,0,0,0,0,0,0,0,0,0,0,0,0,0,0,0
4/5/2003,14.4,,0.2,0,0,0,0,0,0,0,0,0.2,0,0,0,0,0,0,0,0,0,0
4/6/2003,4.4,,0.3,0.4,0.1,38.5,31.2,18.7,11.9,6.2,1.7,7.6,0,7.4,0,1.6,22.1,1.2,91.4,0,43.9,62.3
4/7/2003,1,,0.1,0,0,0,0,0,0,2.9,0,22.5,0,0,13,1.6,0,0,0,0,0,0
4/8/2003,0,,0,0.9,0,0,0,0,0,0,0,0,0,0,0.7,0,0,0,0,0,0,0
4/9/2003,0,,0.3,0,0,0,0,0,0,0,0.3,0,0,0,0,0,0,0,0,0,0,0
4/10/2003,0,,0.2,0,0,0,0,0,0,0,0,0,0,0,0,0,0,0,0,0,0,14.2
4/11/2003,31.2,,0,18.5,3.1,3.8,34.8,17.7,33.5,7.9,42.6,3.9,0,33.5,60.7,36.3,0,30.3,9.5,20.4,35.9,0.2
4/12/2003,20.7,,0,16,11.5,4.4,25.4,11,0,3.7,19.5,1.6,0,0,7.2,28.8,0,1.2,0,0,4.1,0
4/13/2003,0,,0.2,0,0,28.8,0,0,0,0,0,0,0,0,0,0,7.8,0,0,0,0,0
4/14/2003,53,,0.3,11.5,51.9,31.2,0,16.9,119.8,28.6,51.6,4.1,0,37,19.1,0,65.8,61.6,0,0,0.4,10.5
4/15/2003,0,,0.1,0,0,4.7,6.9,0,0,0,0,0,0,0,0,58,3.6,0,0,24,1.7,0
4/16/2003,0,,0,15.4,1.4,17.2,0,0,0.8,0,0,0,0,3.3,0,0.7,4.7,6.2,0,0,0,0
4/17/2003,0,,0,0.8,0,1.1,0,0.3,0,0,0,0,0,0.2,0,0,0.6,0,0,0,4.2,3.5
4/18/2003,17.8,,0.2,0,13.5,2.6,0,16.3,0,0,0,0,0,0,0,0.2,0,0,0,0,0,0
4/19/2003,4.7,,0,0,18.4,4.5,3.6,6.4,0.7,16.1,3,16,0,15.3,1.4,38,13.3,5.2,5.2,0.5,87.1,26.9
4/20/2003,0,,0,0,0.9,0,0,0,0,0,0,0,0,0,0,0,0,0,0,0,0,0
4/21/2003,0,,0,0,0,0,0,0,0,0,0,0,0,0,0,0,0,0,0,0,0,0
4/22/2003,0,,0,0,0,0,0,0,0,0,0,0,0,0,0,0,0,0,0,7.7,0,0
4/23/2003,0,,0,21.7,0,0,5.8,0,0,0,0.4,0,0,0,0,0,0,0,0.8,35.6,0,0
4/24/2003,0,,0,0,0,0,0,0,0,0,0,0,0,0,0,0,0,0,0,0,0,0
4/25/2003,0,,0.2,1.1,0,0,16.6,0,0,0,0,0,3.6,0,0,0,0,0,0,3.5,0,0
4/26/2003,37,,0,24.9,14.4,101.9,0,13.7,13.5,10.3,7,46,0,18.2,17.1,5.5,27.7,0,16.6,0,2.5,0.6
4/27/2003,0,,0,3.6,0,1,0,0,0,0,0.2,0,0,0,0.9,0,0.1,0.6,0,0,0,0
4/28/2003,0,,0.1,0,0,2,0,0.7,0,0,0,0,16.8,0,9.3,21.1,0,6.3,0,8.3,17.1,2.2
4/29/2003,0,,0,8,0.9,31.5,0,11.2,7.7,11.9,5.8,0,0,0,0,0,0,15.4,0,0,0,0
4/30/2003,0,,0.1,0.5,2,13.6,0,0,0,0,1,0,1.9,4.5,0,12.8,12.7,0.2,0,0,0,0
5/1/2003,0,,0,0,0,0,43.8,0,0,0,0,0,0,0,0,0,0,0,12.1,0,0,0
5/2/2003,0,,0,0,0,0,0,0,0,0,0,0,0,0,0,0,0,0,0,0,0,0
5/3/2003,0,,0,0,0,0,0,0,0,0,0,0,0,0,0,0,0,0,0,0,0,0
5/4/2003,0,,0,11.1,0,0,7.6,10,0,0,11.4,0,0,0,0,0,0,0,0,0,0,0
5/5/2003,0,,0,0,0,0.4,0,0,0,0,0,4.6,0,0,0,0,0,0,0,0,0,0
5/6/2003,12.1,,0,62.3,0,21.5,0,0,0,7.8,2.2,1.5,0,0,5.4,0,0,0,0,0,0,0
5/7/2003,0,,0,0,0,0,3.5,0,0,0,2.6,0,0,0,0,0,0,0,0,17.1,0,0
5/8/2003,0,,0,0,0,0,0,0,0,0,0,0,0,0,0,0,0,0,0,0,0,0
5/9/2003,0,,0,0,0,0.2,5.2,0,0,1.2,0,0,0,1.6,0,0,2.7,0,0,20.3,0,0
5/10/2003,0,,0,0,0,12.5,0,0,0,0,0,0,0,57,0,23.8,0,0,0,0,4.3,0
5/11/2003,2.7,,13.4,14,24.7,54.4,17,7.8,25.9,0,41.4,18.3,0,28.3,2.9,0,19,25.8,71.2,17.8,12.4,12.1
5/12/2003,0,,0,0,0,0,1.4,0,0,0,0,0,0,0,0,0.2,0.9,0,0,0,0,0
5/13/2003,0,,0,0,0,7,0,0,0,0,0,0,0,9.6,0,0,0,0,0,0,0,0
5/14/2003,0,,0,0,0,0,0,0,0,0,0,0,0,0,0,0,0,0,0,0,0,0
5/15/2003,0,,0,0.5,0,8.7,0,0.3,0,0,0,0,0,0.1,0,0,0,1.2,0,0,0,0
5/16/2003,0.1,,0,0,0,0.4,60.5,0,0,0,0.3,0.6,31.3,42.5,0,0,3.3,0,22.5,36.8,15,17.1
5/17/2003,43,,42.3,15.3,17.3,0,0.8,4.8,0.1,5.6,38.4,17.2,0,0,23,6.9,0,0,0,0,13.9,0
5/18/2003,0,,0,0,1.9,0,0,0,0,0,0.3,0,0,0,0,0,0,0,0,0,0,0
5/19/2003,0,,3,3.5,0,0,0,0,0,0,0,0,0,0,3.7,0,0,0,0,0,0,0
5/20/2003,3.1,,0,0,0,0,0.4,0,0,0,0,0.2,0,0,0,0,0,0,22.1,35.8,0,7.9
5/21/2003,5.4,,0,0,0,31,0,0,0,0,0,0,0,0,3,12.8,28.9,0,0,0,28.6,0
5/22/2003,2.3,,0,0,0.8,4.6,0,0,0,0,0,0,31.6,0,0,0,8.2,0,0,3,0,0
5/23/2003,13.4,,25.2,2,1.1,0,0,0,0,5.2,0,34.8,0,0,27.5,4.9,0,0,0.5,0,0.9,0
5/24/2003,23.8,,0,22.1,0,29.6,0,0,0,5.5,6.2,6.1,0,0,0.5,0,0,0,0,0,0,0
5/25/2003,0,,0,0,0,4.1,0,0,0,0,0.2,0,0.5,0,29.6,0,18.9,0,0,0,0,0
5/26/2003,0.6,,0,0,0,3.2,0.2,0,0,25.7,0,0,0,0.7,0,0,0,0,0,0,0.4,0
5/27/2003,0,,0,0.6,0,8.8,16.1,0,6.1,0,12.1,3.6,21.1,33.8,45.3,10.7,48.9,0.7,22.6,48.9,10.4,15.4
5/28/2003,0,,7.6,2.2,128.6,35.4,0,2.6,0,19.2,13,0.1,11.3,5.8,18.6,10.4,45.6,17.5,0,1.3,30.7,20.3
5/29/2003,25.1,,0,0,0,3.4,24,0,15,0,0,0,0,20.6,1,2.5,0.5,4,0,0.8,3.2,0.3
5/30/2003,0,,1.1,0.6,0.2,4.2,0.4,10,22.5,0,1.6,70.3,0,19.2,32.6,0,0.4,12.1,0,0,7.4,0.2
5/31/2003,6.8,,0,29.2,10.8,35,9.5,0,1.6,0,0,31.5,0,3.7,4.7,72.7,4.9,0.7,0,0,1.7,0.2
6/1/2003,2.9,,0.5,1.2,0,3.9,81.5,115.7,0,11,0,11.2,44.3,12.1,24.7,54.9,6,0,29.7,24.1,118.4,22.5
6/2/2003,29.3,,0.6,0,21.4,0.1,0.2,0,0,5.2,6.2,20.6,0,0,4.7,2,1.1,0,0,0,6.1,0
6/3/2003,0,,15.1,7.6,0,0.5,8.9,0,0,0,0.2,0,0,0,0,0,0,0,0,0,0,0
6/4/2003,0,,1.4,0,21.2,14.8,22.9,1.6,0,0.7,3.4,12.9,0,1.7,32.5,7,0,4.9,2.5,7.7,0,2
6/5/2003,23.5,,9.1,36.9,4.6,84.9,1,3.6,24.1,0,15.3,1.1,2.3,4,11.3,0.2,19.8,5.3,23.5,0.8,8.5,7.3
6/6/2003,0,,1.1,1.6,1,73.9,9.4,2.2,0.2,0,7.8,5.6,0,0.3,0,0.2,7.1,0.5,0.1,2.6,0.2,0
6/7/2003,5.8,,4.5,2.2,2.4,3.4,0,0,8,0.8,0,0.2,23,3.5,8.3,4.5,0,24.1,24.1,22.5,1,21.6
6/8/2003,0.7,,7.2,0,1.3,0,4.8,0,0,0.5,0,0,0,9,0,0.1,0.6,0,0,0.7,0,0
6/9/2003,23.6,,8.9,16.4,10.2,47.8,0.1,18.5,1.6,2.6,7,29.8,0,1.5,2.1,35.2,2.4,1,0,21.8,12.8,0.7
6/10/2003,0,,34.5,33.7,1.2,3.2,0,0,89.2,0,66.8,1.2,0,41.5,0.6,0,0,52.8,10.3,0.3,0,1.5
6/11/2003,0.4,,0,0,0,55.3,39.7,0,1.4,19.5,0,1.5,6.4,0.9,48.3,11.8,7.1,69.6,0,0,11.5,0
6/12/2003,0.9,,18.7,4.1,2.2,0.2,3.4,22.8,33.9,29.9,5.1,10.8,16.6,1.6,3.1,0.8,0,34.2,28.7,21.9,0.9,10.7
6/13/2003,9.6,,12.5,0.4,3.8,0,0,0.7,36.4,19,0.4,51.1,0,1,2.2,10.6,0,65,0,0,8.7,2
6/14/2003,1.4,,4.2,4.9,2.1,0,21.3,0.2,2.6,0,0,0,0,3.4,0.9,0.6,0,0.5,0,0,0,0
6/15/2003,0.1,,0,0.1,0,0,0,0,0,0,0,0,0,0,0,0,0,0,2.2,0,0,14.7
6/16/2003,0,,0,0,0,2.4,0,0.7,0.7,0,0,0,0,6.3,0,0,1.8,0,0,0,0,0
6/17/2003,39.8,,19.2,7.1,58.4,68.8,0,78.3,85.6,66.6,35.2,26.4,22.3,40.5,19.1,30.5,0.8,30.5,0,34.9,2.4,0
6/18/2003,0,,0,0,0,6.1,0,0,0,0,0,0,0,0,0,0,1.3,0,0,0,0,0
6/19/2003,0,,0,0.1,0,0.3,0.8,0,0,9.3,31,0.5,2,0,3.1,35.9,0,0,17.3,11.1,12.9,76.4
6/20/2003,0,,0,0,0,0.5,0,0,0,0,1,0.5,0,0,53.9,3.2,0.4,0,0,0,4,0
6/21/2003,0,,0,0.6,1.2,38.9,0,0,10,0,0,0,0,65.4,10.6,0.2,13.4,5.3,0,13.6,0,0
6/22/2003,2.2,,0.5,1.2,6.9,23.1,0,10.5,7.5,10,13.8,0,0,0,0,0,17.5,10.7,0,0,0,0
6/23/2003,0,,1.1,0.3,12.8,0,0,0,0,0,0,3.8,17.8,0,8.5,0,0,0,3.6,6.8,0,1.3
6/24/2003,0,,0,0,0,0,2,61,0,3.5,0,0,0,0,0,0,0,0,1.8,7.9,0,0
6/25/2003,0,,0,0,0,0,11.1,0,0,25.3,0,0.9,39.1,0,1.2,0,0,0,23.5,5.5,0,11
6/26/2003,0,,0,0,0,0,3.7,0,0.8,0,0,0,1.7,0,9.9,22,0,0,0.1,1.5,0,21.7
6/27/2003,0,,0,0,0,0,0,0,0,0,0,0,0,0,0,0,0,0,0,0.5,0,0
6/28/2003,1.1,,0,0,0,0,0,7.5,0,91.8,0.8,45.5,0,0,0,12.7,0,0,38.8,9.8,12.1,8
6/29/2003,3.8,,0,0.5,0,0,24.3,1.6,0,1.9,0,30.2,31.7,6.4,12.9,0,0,5,0.5,25.5,0,0
6/30/2003,0,,0,0,0,0,0,0,0,2.7,0,0.8,0,0,0,0.4,0,0,0,0,8.6,0
7/1/2003,0,,0,0,0,0,0,0,0,17.5,0,0,0,0,0,0,0,0,0,0,0,13.7
7/2/2003,0,,0,0,0,0,0,0,0,0,0,0.1,0,0,0,0,0,0,0,0,0,0
7/3/2003,33.6,,0,0,1.8,0,0,18,0,4.4,0,12.7,6.6,0,0,8.7,0,0,1.6,0,29.2,0
7/4/2003,0,,0,0,0,21.2,0,0,0,0,0,0,0,0,0,0,2.1,0,0,0,0,0
7/5/2003,0,,0,0,0,0,0,0,0,0,0,0,0,0,0,0,0,0,0,0,0.3,0
7/6/2003,0,,0,0,0,0,0,0,0,0,0,0,0,0,0,0,0,0,0,0,0,0
7/7/2003,0,,0,0,0,0,0.1,12,0,0,0,0,8.3,0,0,0,0,0,0,6,0,12.1
7/8/2003,0,,0,0,0,0,0,0,0,0,0,0,2.2,0,0,0,0,0,0,0,0,4.3
7/9/2003,0,,0,0,0,0,0.5,0,0,0,0,0,0.2,0,0,0,0,0,0,0,0,2.9
7/10/2003,0,,0,0,0,0,8.7,0,0,0,0,0,10.3,0,0,0,0,0,2,15.4,0,2.1
7/11/2003,0,,0,0,52.6,0,0,0,0,0.6,0,0,0,0,0,0,0,0,0,0.8,0,0
7/12/2003,0,,0,0,0,0,0,11.8,0,0,0,0,0,0,0,0,0,0,0,0,0,37.8
7/13/2003,0,,0,0,1.8,0,0,0.4,0,1.7,20.5,17,49,0,0,0,0,0,10.1,0.1,0,0.6
7/14/2003,0.8,,0,0.2,0,29.9,0,0,0,6.8,0,0.8,14.5,0,0,9.1,0,0,27.2,2,1.6,16.5
7/15/2003,6,,0,5.8,0.4,1.1,0,7.4,0,4,0.1,28.4,0,0,0,0,0,0,0,0.2,0,0
7/16/2003,1.4,,32.1,0.2,75.7,0,12.5,25.6,34.6,9.2,20.2,0.1,13.4,12.3,1.4,0,0.4,52.2,12.8,8.2,4.4,20.4
7/17/2003,1.1,,0,25.3,5.7,22.2,1.3,0.9,0,3.7,28,24.6,6.9,0,3,9.4,3.7,0,0,1.8,42,0
7/18/2003,3.1,,1.5,0.2,0.2,9.6,0,7,0,0,17.4,11,0,0,5,3.5,0,0,0,0,0.3,2.2
7/19/2003,2.9,,0.3,2.2,4.4,0,3.8,1.3,1.4,0,0,0.5,60.9,0,0,0,0.2,0,52.2,40.4,0,33.2
7/20/2003,0,,0,10.5,0,1.1,20.8,0.2,0,40,2.2,0,0,0,0,1,0,0,2.3,1,14.3,67.8
7/21/2003,0,,0,1.3,0,0,0,0,0,0,0,0,0,0,2.3,0,0,0,20.3,0,16.1,0.6
7/22/2003,0,,0,0,0,0,0,0,0.6,13.1,20.9,0,0,1.1,3.1,0.1,0,0,0,0,0,0
7/23/2003,0,,0,0,0,0,0,0,0,0.3,0,0,0,0,0,0.1,0,0,0,0,0,0
7/24/2003,0,,0,0,0,0,0,0,0,0,0,0,10.5,0,0,0.1,0,0,0,0,0,0
7/25/2003,0,,0,0,0,0,0,0,0,0,0,0,0,0,0,0,0,0,0,3.6,0,1.6
7/26/2003,0,,0,0,0,0,1.2,2.8,0,2,0,0,0,0,0,0,0,0,0,0.6,0,0
7/27/2003,0,,0,5.3,0,0,0.7,10.6,0,1.5,0,0,0,0,16,0,0,0,0,11.2,0,0
7/28/2003,0,,0,0,0,0,0,0,0,0.8,0,0,0,0,0,0,0,0,0,0,0,0
7/29/2003,0,,0,0,0,0,0,7.8,0.2,0,0,0.1,0,0,10.6,0,0,0,0,0,0,33
7/30/2003,0,,0,0,0,0,0,4.1,0,0,0,0,0,0,0,0,0.1,0,0,0,0,0
7/31/2003,0,,0,0,0,0,0,0,0,0,0,0,0,0,0,0,0,0,1.5,0,0,0.7
8/1/2003,0,,0,0,0,0,0,0,0,4.9,0.2,0,0,0,0,0,0,0,37.6,0,0,1.6
8/2/2003,0,,0,5.4,0,0,0.3,0,8.3,0,0,0,9.3,0,0,0,0.5,1.5,0,1.6,0,0
8/3/2003,0,,0,0,0,0,0,0,0,0,0,0,0,0,0,0,0,0,0,0,0,0
8/4/2003,0,,0,0,0,0,0.2,0,0,0,0,0.1,1.2,0,0,0,0,0,0,2.2,0.1,0
8/5/2003,0.2,,0,0,0,0.1,0,0,0.2,0,0,0,0.2,0,0,0,0,0,0,0,0,0
8/6/2003,0.4,,0,0,0,0,8.5,1.4,0.5,22.1,1.8,0,1.1,0.1,1.4,1,0,2.6,0,2,0,0
8/7/2003,0,,0,0.8,0,1.2,0,0.3,5.1,0,0.2,0.1,19.2,0,0,0,2.1,3.8,0,28.4,0,0.5
8/8/2003,0,,0,0,0,0,0,0,0,0,0,0,0.2,0,0,0,0,0,0,0,0,0
8/9/2003,0,,0,0,0,0,0,0,0,0,0,0,0,0,0,0,0,0,0,0,0,4.3
8/10/2003,24.6,,0.7,34.1,0,0,0,0,9.3,21.5,6.1,0,15.7,0.3,0,0,1,0,43.3,18.3,2.1,57.3
8/11/2003,1.8,,3,1.3,0,5.6,3.2,0,0.6,42.4,28.7,14.9,1.5,0,20.2,1.9,0.5,0,7.7,5.8,0,0.8
8/12/2003,8.1,,0.5,6,0,0.6,14,0.6,0,1.6,1.1,0.4,0.3,0.4,28.2,11.9,0.2,0.1,3.1,14.9,0,59.1
8/13/2003,0.2,,0,6.4,0,6,8.5,0.5,0,0,30.5,0,1.6,1.6,2.8,0,9.5,0,12.7,0,0,2.2
8/14/2003,0,,0,1.8,5.4,0.1,0,1.1,0,88.3,0.5,0.5,3.2,0,4.6,0,0.1,0,7.7,0,0,0.6
8/15/2003,0,,0,0.1,0,0.1,0,0.2,0,0.4,0,0,11.2,0,0,0,0,0,0,26.3,0,1.9
8/16/2003,0,,0,0.4,0,0,0,0,0,0,0,0,61.5,0,0,0,0,0,0.1,18.7,0,1.7
8/17/2003,0,,0,0,0,0,0,0,0,0,0,0,3.4,0,1.6,0,0,0,0,0.8,0,0.3
8/18/2003,0,,0,0,0,0,22.5,1.3,0,18.5,0,0.3,0,0,0,0,0,0,3.4,2.9,0,13.6
8/19/2003,0,,0,0.1,0,0,36.6,3.6,0,4.3,1.1,0.3,43.8,0.1,0,11.1,0.8,0.3,25.3,41.7,22.7,14.2
8/20/2003,6.1,,0,8.4,0,1.3,0,0,1,0,5.2,5.3,0.2,2.1,8.1,2.3,2.2,0,0,0.2,12.2,1.1
8/21/2003,0.1,,0,0,0,0,2.5,0,0.9,0,1.4,0,0,0,0.5,0,0,0,0,1.5,0,0.7
8/22/2003,0.6,,0,0,0,0,0.6,0.6,0,0,0,0,0.6,0,0,0,0,0,0.9,0.7,0,0.4
8/23/2003,0.3,,0,0,0,0,3.2,0,0,20.6,0.5,0,9.8,0,0,0,0,0,42.2,6.2,30.6,3.5
8/24/2003,0,,0,0.3,0,0,0,0,0,0,0.7,4.1,0,0,2.8,0,0,0,0,0,0,0.3
8/25/2003,0.4,,0,0,0,0,0,0,0,0,0,0,0,0,0,0,0,0,0,0,0,0
8/26/2003,0,,0,0,0,0,0,0,0,17.6,0,0,0,0,0,21.8,1,0,0,0,0,13.5
8/27/2003,0,,0,0,0,0,19.2,1,0,0,0,0,21.5,0,0,0,0,0.1,9.1,42.7,0,0
8/28/2003,0,,0,0,0,2.8,0,0,0,0.3,0,0,0,0,0,0.7,0.6,0,0,0,0,0
8/29/2003,0,,0,0,0,0,0,0,0,0,0,0,34.9,0,0,0,0,0,39.4,0,0,2
8/30/2003,0,,0,0,0,0,9.6,0,0,0,0,0,0,0,0,0,0,0,33.9,6,0.2,4.1
8/31/2003,0,,0,0,0,0,0,0,0,0.2,0,0.8,44,0,1,0,0.1,0,22.6,0,0,13.7
9/1/2003,0,,0,0,0,0,0,0,0,0,0,0,21.5,0,0.4,0,0,0,0,0.4,0,0
9/2/2003,0,,0,0.5,0,0,0,0,0,0,0,0,0,0,0.1,0,0,0,0,0,0,52.4
9/3/2003,1,,11.4,2.3,3.9,0,9.4,1.7,0,41.3,0,0,0,0,0,0,0,0,0,0.6,0.1,0.5
9/4/2003,0.5,,26.5,0,2.1,1.7,8.6,5.7,0.9,32.7,0.8,0,22,0.3,0.5,34.5,0,0,7.4,12.9,48,70.7
9/5/2003,0.1,,0,0,0.5,1.1,0,0,1.3,0,3.3,0,40.3,4.3,0,5.7,2,0.5,0,13.5,0,53.1
9/6/2003,7.4,,0,2.6,0,0,0.2,0,0,26.9,0,0,7.1,0,1.3,18.1,1.4,0,4.3,21,3.4,71.3
9/7/2003,0,,0,6.4,0,0,0,0,0,0,0.1,0,25.6,0,0,0,0,0,0,0.7,0.1,0
9/8/2003,23.1,,0.3,0,0,0,0.7,1,0,0,4.3,0,11.3,0,0.5,3.3,0,0,16.7,0.3,0,2
9/9/2003,0,,4.2,2.5,8.1,0,2,64.8,0,73.6,2.1,12.6,0,0,0.7,4.5,0,0,22.1,0,4,7.5
9/10/2003,0.8,,0,0,0,0,0.7,0,0,2.3,0,1.2,0,0,0.8,0,0,0.2,1.7,19.4,6.1,9.5
9/11/2003,0,,45.4,0.2,0,0,24.5,0,0.5,0,0,1,0,0.5,1,1.2,0,0,0,37.4,3,1
9/12/2003,2.2,,0,0,0.5,0,0,4.5,1.1,1.5,6.8,0,13.6,0.3,0.8,14.3,0.4,0.2,18.2,22,0,25.4
9/13/2003,0,,0.5,0.2,20.5,1,131.5,24.2,0.2,32.7,1.2,8.6,1.2,0,0,0.3,0,0,0,0.6,0.9,63.7
9/14/2003,0,,0,0.2,0,0.4,0,0,0,13.9,0,0.6,10.1,0,0,0,0.7,0,0,55.6,0,0.8
9/15/2003,0,,0,0.8,0,0,9.5,0,0,0,0,0,0.3,0,0,0,0.3,0,75.4,6.1,0.5,19.2
9/16/2003,0,,0,0,1.6,0,16.4,0,0.5,1,0,0,1.1,0,0,0.7,0,0,0.7,0.6,0.1,49.5
9/17/2003,40.8,,2.3,9.9,13.6,2.3,1,0.5,0.5,0.7,0,1.6,0,8.5,28,0.8,0,0,0,13.5,0.7,18.4
9/18/2003,5.6,,0,0,0,0,20.2,11.2,8.3,23.8,0,14.7,13.3,0.3,0,55.1,1.3,10.7,20.8,19,52.1,21.4
9/19/2003,1.6,,0,1.4,0,8.5,0,19.8,0.1,0.4,0,1,3.7,0,0.9,1.9,1.2,0,6.7,0,0,2.2
9/20/2003,0,,0,0,0,0,4.8,0.2,0,0,1,0,0.7,0,1.6,2.1,0,0,0.3,0,5.3,5.5
9/21/2003,0.5,,0,0,0,0,0.1,0,0,0,0,0,0,0,0,1,0,0,6.3,11.6,4.5,24.8
9/22/2003,0,,0,1.8,0,1,0,0,0,2.5,1,12,18,0,7.7,0.4,0,0,0,8.4,5.9,0.2
9/23/2003,5.3,,0,0.4,0.1,9.7,0,0,0,0,1.9,0,0,0,0,1.1,0.9,0,0,0,18.1,0
9/24/2003,0,,0.1,11.9,0.2,0,11.9,0,0,0,0,13.1,17.6,0,0,0,0.2,0,13,2.7,13.7,14
9/25/2003,0,,2.2,0.5,5.7,0,0,1.9,0.1,12.2,1.1,7.5,0,0,9.5,2.6,0,0,0.5,0,5.5,0
9/26/2003,0,,0,0,0,2.6,0,36.9,0,0,0,9.1,0,0,0,0,0,0,0,0,0,0
9/27/2003,0,,0,0,0,10.6,60.3,2.3,0,5.3,0,2.2,5.6,0,2.6,0.7,0,0,0.4,20.5,22.9,33
9/28/2003,0.4,,0.4,0.3,0,20.8,1.9,8.4,0,1,6,2.8,0,0,0,2.9,2.9,0,0,0.4,0,0
9/29/2003,41.1,,0,3.8,0,2.2,0.4,4.7,0,41.6,2.2,10.2,25.6,0,0,16.6,0,0,20.8,2.2,27.9,67.4
9/30/2003,5.9,,7,0.6,1.3,0,0,3,26.3,0.6,18.1,1.3,0,1.1,18.3,60.9,0,10,0,3.2,9.8,0
10/1/2003,2.4,,0,2.8,1.2,4,0,0,0,7.7,25.9,1.8,0,0,0,0,0,0,0,0,0,3.7
10/2/2003,0,,6.6,0,15.1,54.4,24.2,0,0,0,0.3,0,39.1,18.8,7.8,0.3,2.8,3.6,13.5,10.9,0,10.2
10/3/2003,0,,34,0,11.5,0,0,0,0,4.8,0,0.4,0,1.3,55.1,0.5,5.3,0,0,0,40.1,0
10/4/2003,1.2,,0,0,0,0,0,24.1,0.4,0,0,4.9,0,0,0,42.2,12,0,0,0,0.7,47.4
10/5/2003,0.9,,77.6,0,13.6,1.2,12.1,2.3,16,0,0.7,7.9,0,2.4,10,29.4,0,0.4,1.1,0,6.5,5.1
10/6/2003,0,,0,0,0,3.1,0.2,0,0,0,0,0.1,0,0,10.4,8.9,3.4,0,6.2,3,8.5,11.5
10/7/2003,0,,16.3,0,0.7,0,0,0.4,0.9,10.9,0.3,0,25.5,0,0,6.3,0,0,9,5,0,0.4
10/8/2003,24,,0,0,0,1.6,0,0,0,0,0.4,8.9,2.9,0,2.8,0.2,0,0,0,0.5,0.5,0
10/9/2003,0,,0,26.8,0,2.6,0.2,0,0,0,47.4,2.8,0,0.5,8.1,0.9,5.3,0,0,0,3.8,0
10/10/2003,7.3,,0,0,10.9,0,0,0,0,0,0,2.5,0,0,0,0,0.3,0.1,0,2,0,0
10/11/2003,0,,0,0,0,0,0,0,0,0,0,0,0,2,5.9,0,0,0,0,0.2,0,0
10/12/2003,0,,0,0.6,0,0.3,0,6.6,0,0.8,0.8,0.1,0,1.7,1.1,19.3,0,0,0,3.6,8.9,0
10/13/2003,1,,0,0,0,8.6,0,0.2,0,0,0,3.1,0,4.3,24.1,23.6,33.7,0,7.8,0,12,0
10/14/2003,15.5,,23.2,62.4,15.4,43.3,28,35.2,77,25.8,23.8,15.7,0,81.2,68.8,0,19.6,19.5,21.1,0,2.7,0
10/15/2003,8.1,,0.6,0,0.6,1,0,11.9,1.7,51.4,12,40.8,21.6,0,0.6,12.9,1.2,1.9,7.7,11,0,16.2
10/16/2003,1.1,,0.3,21.2,0,59.3,14.2,2.3,0.5,1.4,3.7,7.8,0,3.6,4.8,19.8,40.6,0,0,8.6,10.4,0
10/17/2003,14.6,,3.5,27.9,8.4,30,17,22.2,5.3,0,48.6,62.3,4.4,7.3,24.2,3.6,61.4,1.3,1.4,1.9,28.4,0
10/18/2003,0,,0,0,0,0,0,0.4,0,6.3,0,0.2,0,0,0,0,0,0,0,0,0.3,0
10/19/2003,0,,0,12.7,0,2.4,0,0.8,0,0,4.9,5.9,0,3.9,0,0,0,0,0,0,0,2.3
10/20/2003,0,,0,0,0,0,0,2,0,0,0,0,0,0,0,0,0,0,0,0,15.1,0
10/21/2003,0.7,,34.6,1.7,8.8,1.1,0,22,0.8,1.5,9.6,5,0,4.7,4.7,8,29.2,3.2,0,0.6,8.2,0
10/22/2003,0,,0,0,0,0,5.6,0,0,0,0,0,0,0,0,0,4,0,0,0,0,0
10/23/2003,0,,0,18.2,0,0,0.7,0,0,0,2.9,0,0,0,4.7,8.9,0,0,0,1.8,4.2,0
10/24/2003,0,,0,0,0,0,0.1,0,0,0,0.3,0,0,0,0,0,0,0,0,0,0,0
10/25/2003,0,,2.3,13.2,0,4.8,0,5.9,0,0,0,0,0,0,0,0,2.1,0.6,0,0,0,0
10/26/2003,4.7,,0,0,0,3,0,6.8,0,0,16.2,0.5,6.6,7.2,5.1,17.2,5.3,0.5,0,0,0,0
10/27/2003,0,,0,0.8,0,0.3,0,3.7,0,0,0,0,0,0,12.5,0,0,0,2,0,0.1,1.5
10/28/2003,22.6,,0,9,0,0,0,9.5,0,24.9,0,8.7,0,0,40.5,9,0,0,0,0,10.7,0
10/29/2003,0,,0,4,1.2,4.2,0,2.2,0,0,12.5,0,0,0,2.8,0,0,0,0,0,0,0
10/30/2003,0,,18.8,25.1,4.2,2.2,0,0.7,0,0,32.2,0,0,11.2,2.1,0,8.6,0,0,19.5,0,0
10/31/2003,0,,12,7.8,0.6,9.6,0,8.9,0,0,0,0.7,0,0,0.2,0,0,0,0,0,0,0
11/1/2003,8.8,,12.3,5.2,1.1,0.4,1.2,0,23.1,2.6,3.4,29.5,6.1,0,4.8,1.6,0,1.5,0,0,16.5,0
11/2/2003,24.8,,0,0,0,0.2,6.5,5.5,0,46.2,0,14,0,0,20.2,0,0,0,2.3,0,0,0
11/3/2003,1.5,,0,0.4,0,1.1,0,0.8,0,18.1,1.9,0,0,0,0.4,0,0,0,0,0,0,0
11/4/2003,1.5,,0,0.6,0,28.6,0,0,0,0,0,0,0,0,0,0.4,0,0,0,0,0,2.4
11/5/2003,0,,0,0,0,2.8,0,0,0,0,0,0,0,0,0,5.1,6.5,0,0,0,1,0
11/6/2003,9.7,,0,0,0,1.2,3.5,1.8,0,0,0,0,0,0,0,20,0,0,0,11.3,0,0
11/7/2003,5.7,,8.3,5.6,1.8,2.1,38.7,0,0,32.8,0.4,0,0,2.8,11.2,4,0,0,0,5,4.8,0
11/8/2003,0,,0,0,4.6,0.3,0,0,0,0,0,0,0,0,0,1.2,0,0,0,0,11.8,0
11/9/2003,5.5,,7,23.3,17.6,0.6,0,0.5,13.7,2.5,12,47.5,0,23.3,29.8,14.8,2.8,24.1,0,0,39.3,0
11/10/2003,0,,0,0,0,0,0,0,0,0,0,0,0,0,0,0,0.5,0,0,0,0,0
11/11/2003,1.4,,1.1,19,0,0,0,0,0,0,11,0,0,0,0.2,0,0,0,0,0,5.6,0
11/12/2003,0,,0,0,0,0,0,0,0,0,0,0,0,0,0,0,0,0,0,0,0,0
11/13/2003,0,,7.6,3.7,0.6,0,6.1,26.8,0,0,0,0,0,0,9.2,0,0,0.3,13.2,0,0.1,0
11/14/2003,0.8,,0,0,0,10,0,0,0,0,0,19.6,0,8.2,53.9,19.7,0.2,0,0,0,6.2,0
11/15/2003,0,,0,0,0,0,0,0,0,0.2,0,0,0,0,0,0,0,0,0,0,0,0
11/16/2003,0,,8.5,0,5.5,0,0,0,0,0,6,0,0,0,0,0,0,0,0,0,0,0
11/17/2003,27.7,,0,18.7,0,0.5,0,6.5,0,0,0,2.7,0,0,0.4,10.4,0,0,0,0,0.5,0
11/18/2003,0,,14.2,29.6,4.6,6.5,0,0,0,0,39.2,0.5,0,0,4.2,0,0,0,0,0,10.9,0
11/19/2003,0,,0,0,0,15.1,0,0,0,0,0,0,0,0,0,0,0,0,0,0,0,0
11/20/2003,5.3,,20.4,16.5,1.3,0,0,0,0,0,0,48.4,0,0,18.2,0,0,0,0,0,0,0
11/21/2003,0,,0,0,0,0,0,0,0,0,0,0,0,0,0,0,0,0,0,0,0,0
11/22/2003,0,,0,0,0,0,0,0,0,0,0,0,0,0,0,0,0,0,0,0,0,0
11/23/2003,0,,0.2,1.2,0.3,112.9,0,0,4.3,0,0,0,0,6.1,0,0,16.6,0.7,0,0,0,0
11/24/2003,0,,0,5.5,0,0,0,0,0,0,0.8,1,0,0,4.5,0,0,0,0,0,0,0
11/25/2003,0,,0,0,0,2.5,0,0,0,0,0,0,0,0,0,0,0.8,0,0,0,0,0
11/26/2003,0,,0,0,0.3,1.4,0,0,0,0,0,0,0,0,0,0,2.7,0,0,0,0,0
11/27/2003,0,,3.2,0,0,6,0,6.7,0,0,0,0,0,0,0,0,0,0,0,0,0,0
11/28/2003,0,,11.6,0,2.3,0,0,0,0,0,1,0,0,0,0,0,0,0,0,0,0,0
11/29/2003,0,,0,0,0,0,0,0.9,0,0,0,0,0,0,0,1.4,0,0,0,0,0,0
11/30/2003,0,,0,0,0,0,0,0,0,0,0,0,0,0,7.8,0,0,0,0,0,0,0
12/1/2003,0.6,,0,0,0,0,0,0,0,0,0,0,0,0,10.3,0,0,0,0,0,0,0
12/2/2003,1,,0,11.8,0,3.9,0,0,0.1,0,0.3,0,0,2.5,31.1,0,0,1.4,0,0,0,0
12/3/2003,5.1,,29.7,1.2,5.3,0.4,0,0,0,10.7,1.5,3.4,0,0,0.2,0,0,0,0,0,4.4,0
12/4/2003,0,,0,13.8,0,0,0,1.2,0,0,0,27.4,0,0,0,0,0,0,0,0,0,0
12/5/2003,0,,8.9,1.1,0,0,0,0,0,0,0,0,0,0,0,0,0,0,0,0,0,0
12/6/2003,0,,0,0,0,0,0,13.1,0,0,0,0,0,0,0,0,0,0,0,0,0,0
12/7/2003,0,,0,0,0,0,0,0,0,0,0,0,0,0.6,1,0,0,0,0,0,0,0
12/8/2003,0,,0,0,0,0,0,0,0,0,0,0,0,0,0,0,0,22.2,0,0,0,0
12/9/2003,0,,0,0,0,2.3,0,0,0,0,0,0,0,0,0,0,0,0,0,0,0,0
12/10/2003,0,,0,0,0,0,0,0,0,0,0,0,0,0,0,0,0,0,0,0,0,0
12/11/2003,0,,0,0,0,0,0,0,0,0,0,0,0,0,0,0,0,0,0,0,0,0
12/12/2003,0,,0.3,0,0,0,0,7.9,0,0,12.6,0,0,7.1,0,0,0,0,0,0,0,0
12/13/2003,15.6,,0,16.5,9.4,0,1,3.4,0,0,4.3,0,0,0,12.3,0,2.4,0,0,0,21.4,0
12/14/2003,1.5,,0,0,0,0,0,15.4,0,0,0,0.1,0,0,0,0,0,0,0,0,0,0
12/15/2003,0,,0,0,0,0,0,0,15.4,0,2.3,0,0,9.2,0.7,0,7.2,0,0,0,0,0
12/16/2003,0,,24,0,0,0,0,0,0,0,0,0,0,0,0,0,0,0,0,0,0,0
12/17/2003,0,,5.1,10.5,0,10.8,0,45.9,0,0,0,0,0,0,0,0,0,0,0,0,0,0
12/18/2003,0,,0,0,0,0,0,0,0,0,0,0,0,0,0,0,0,0,0,0,0,0
12/19/2003,0,,0,0,0,0,0,0,0,0,0,0,0,0,0,0,0,0,0,0,0,0
12/20/2003,0,,0,0,0,2.8,0,0,0,0,0,0,0,0,0,0,0,0,0,0,0,0
12/21/2003,0,,0,0,0,0,0,0,0,0,0,0,0,0,0,0,0,0,0,0,0,0
12/22/2003,0,,0,0,0,0,0,0,0,0,0,0,0,0,0,0,0,0,0,0,0,0
12/23/2003,0,,0,0,0,0,0,0,0,0,0,0,0,0,0,0,0,0,0,0,0,0
12/24/2003,0,,0,0,0,0,0,0,0,0,0,0,0,0,0,0,0,0,0,0,0,0
12/25/2003,0,,0.9,0,0,0,0,0,0,0,0,0,0,0,0,0,0,0,0,0,0,0
12/26/2003,0,,0,0,0,0,0,0,0,0,0,0,0,0,0,0,0,0,0,0,0,0
12/27/2003,0,,0,0,0,0,0,0,0,0,0,0,0,0,0,0,0,0,0,0,0,0
12/28/2003,0,,0,0,0,0,0,0,0,0,0,0,0,0,0,0,0,0,0,0,0,0
12/29/2003,0,,0,0,0,0,0,0,0,0,0,0,0,0,0,0,0,0,0,0,0,0
12/30/2003,0,,0,0,0,0,0,0,0,0,0,0,0,0,0,0,0,0,0,0,0,0
12/31/2003,0,,0,0,0,0,0,0,0,0,0,0,0,0,0,0,0,0,0,0,0,0
1/1/2004,0,,0,0,0,0,0,0,0,0,0,0,0,0,0,0,0,0,0,0,0,0
1/2/2004,0,,0,0,0,0,0,0,0,0,0,0,0,0,0,0,0,0,0,0,0,0
1/3/2004,0,,0,0,0,0,0,0,0,0,0,0,0,0,0,0,0,0,0,0,0,0
1/4/2004,0,,0,0,0,0,0,0,0,0,0,0,0,4.7,0,0,0,0,0,0,0,0
1/5/2004,0,,0,0,0,0,0,0,0,0,0,0,0,0,0,0,0,0,0,0,0,0
1/6/2004,0,,0,0,0,0.2,0,0,0,0,0,0,0,0,0,0,10.4,0,0,0,0,0
1/7/2004,0,,0,0,0,0,0,0,0,0,0,0,0,0,0,0,0.1,0,0,0,0,0
1/8/2004,0.6,,0,16.5,0,0.6,0,0,11.8,0,0,0,0,19.8,0,0,17.1,6.2,0,0,0,0
1/9/2004,0,,3.5,0,0,0.6,0,0,0,0,0,0,0,0,0,0,1.1,0,0,0,0,0
1/10/2004,0,,0,0,0,0,0,0,0,0,0,0,0,0,0,0,0,0,0,0,0,0
1/11/2004,0,,0,0,0,0,0,0,0,0,0,0,0,0,0,0,0,0,0,0,0,0
1/12/2004,0,,0,0,0,0,0,0,0,0,0,0,0,0,0,0,0,0,0,0,0,0
1/13/2004,0,,0,0,0,0,0,0,0,0,0,0,0,0,0,0,0,0,0,0,0,0
1/14/2004,0,,0,0,0,0,0,0,0,0,0,0,0,0,0,0,0,0,0,0,0,0
1/15/2004,0,,0,24,0,21.4,0,0,0.8,0,2.6,0,0,2.4,0,0.8,0.3,0.3,0,0,0,0
1/16/2004,0,,0,0,0,0,0,0,0,0,0,0,0,0,0,0,0,0,0,0,0,0
1/17/2004,0,,0,0,0,0,0,0,0,0,0,0,0,0,0,0,0,0,0,0,0,0
1/18/2004,0,,0,0,0,0,0,0,0,0,0,0,0,0,0,0,0,0,0,0,0,0
1/19/2004,0,,0,0,0,15.7,0,0,0,0,0,0,0,0,0,0,23,0,0,0,0,0
1/20/2004,0,,0,0,0,0,1.4,1.7,0,46.3,0,0,0,1,0,0.9,3.7,0,14.4,26.6,29,28
1/21/2004,0,,0,0.3,1.4,19.3,0,0,2.1,0.6,4.6,24.4,0,0,19.3,12.9,0,0,0.1,0,1.1,2
1/22/2004,14.7,,0,2.2,1.6,0,0,2.2,0,0.2,4,1.4,0,0,23.2,0,0,0,0,0,0,0
1/23/2004,65.2,,50.8,0,0,32,0,0,0,0,0,0,0,0,3.9,0,3.6,0,0,0,0,0
1/24/2004,0,,0,0,0,0,0,0,0,0,0,0,0,0,0,0,0,0,0,0,0,0
1/25/2004,0,,0,0,0,0,0,0,0,0,0,0,0,0,0,0,0,0,0,0,0,0
1/26/2004,0,,0,0,0,0,0,0,0,0,0,0,0,0,0,0,0,0,0,0,0,0
1/27/2004,0,,0,0,0,0,0,0,0,0,0,0,0,0,0,0,0,0,0,0,0,0
1/28/2004,0,,0,0,0,0,0,0,0,0,0,0,0,0,0,0,0,0,0,0,0,0
1/29/2004,0,,0,0,0,0,0,0,0,0,0,0,0,0,0,0,0,0,0,0,0,0
1/30/2004,0,,0,0,0,0,0,0,0,0,0,0,0,0,0,0,0,0,0,0,0,0
1/31/2004,0,,0,0,0,0,0,0,0,0,0,0,0,0,0,0,0,0,0,0,0,0
2/1/2004,9.5,,0,0,0,0,0,2.1,0,0,0,0,0,0,0,0,0,0,0,0,0,0
2/2/2004,0,,0,0.5,0,1.4,0,0,0,0,10.7,0,0,0,0,0,0.7,0,0,0,0,0
2/3/2004,0,,0,0,0,0.2,0,0,0,0,0,0,0,0,0,0,0,0,0,0,0,0
2/4/2004,0,,0,0,0,0,0,0,0,0,0,0,0,0,0,0,0,0,0,0,0,0
2/5/2004,0,,0,0,0,0,0,0,0,0,0,0,0,0,0,0,0,0,0,0,0,0
2/6/2004,0,,0,0,0,0,0,0,0,0,0,0,0,0,0,0,0,0,0,0,0,0
2/7/2004,0,,0,0,0,0,0,0,0,0,0,0,0,0,0,0,0,0,0,0,0,0
2/8/2004,0,,0,0,0,0,0,0,0,0,0,0,0,0,0,0,0,0,0,0,0,0
2/9/2004,0,,0,0,0,0,0,0,0,0,0,0,0,0,0,0,0,0,0,0,0,0
2/10/2004,0,,0,0,0,0,0,0,0,0,0,0,0,0,0,0,0,0,0,0,0,0
2/11/2004,0,,0,0,0,0,0,0,0,0,0,0,0,0,0,0,0,0,0,0,0,0
2/12/2004,0,,0,0,0,0,0,0,0,0,0,0,0,0,0,0,0,0,0,0,0,0
2/13/2004,0,,0,0,0,0,0,0,0,0,0,0,0,0,0,0,0,0,0,0,0,0
2/14/2004,1.7,,0,8.5,0,0,0,0,0,0,0,0.3,0,0,6.9,0,0,0,0,0,0,0
2/15/2004,18.2,,28,26.5,53.3,16.9,0,3.2,17.1,0,27.7,1,0,16.1,21.5,0,42.9,11,0,0,0.4,0
2/16/2004,0,,0,0,0,0,0,0,0,0,0,0,0,0,0,0,0,0,0,0,0,0
2/17/2004,0,,0,0,0,0,0,0,0,0,0,0,0,0,0,0,0,0,0,0,0,0
2/18/2004,0,,0,0,0,0,0,0,0,0,0,0,0,0,0,0,0,0,0,0,0,0
2/19/2004,0,,0,0,0,0,0,0,0,0,0,0,0,0,0,0,0,0,0,0,0,0
2/20/2004,21.2,,0,0,0,0,0,0,0.6,0,0,10.9,0,2.6,8.5,20.8,0,0,0,0,0.9,0
2/21/2004,0,,0,26.6,0,0,0,1.1,0,0,17.6,0,0,0,0,0,0,0,0,0,0,0
2/22/2004,0.2,,0.2,0,16.5,0,0,10.3,0,0,0,0,0,0,0,0,0,0,0,0,0,0
2/23/2004,0,,0,0,0,0,0,0.5,0,0,0,0,0,0,0,0,2.5,0,0,0,0,0
2/24/2004,0,,0,0,0,2,0,6.5,0,0,0,0,0,0,12.4,0,0,0,0,0,0,0
2/25/2004,1.2,,0,0,0.4,18.5,0,0.5,0,0,6.8,0,0,0,10.8,0,26.6,0,0,0,0,0
2/26/2004,0,,0,18,0,0,8.1,0,0,0,0,4.7,0,0,0,2.9,0,0,0.8,0,8.9,0
2/27/2004,0.3,,0,2.2,0,0,0,0.2,0,0,0,50.5,0,0,0,1.2,0,0,0,0,7.3,0
2/28/2004,22.5,,0,9.8,0,0,0,3.6,0,3.8,5.8,2.5,0,0,0.5,0,0,0,0,13,4,0.2
2/29/2004,2,,0,0,0,71,0,0,0,0,5.2,0,0,0,8.5,32,4.5,0,0,0,6.8,0
3/1/2004,0.3,,0,0,27.2,0.5,98.4,0.1,0,2.9,0,7.2,4,0,0,0.2,0,0,20.8,6.7,4.5,39.8
3/2/2004,0,,1.5,8.9,0,4.1,0,0,0,0,0.8,5.7,0,0,17.6,0,0,0,0,0.3,0,0
3/3/2004,2.4,,0.5,0,0,0,0,8.1,0,1.4,0,42.2,0,0,15.1,13.2,0,0,0,0,0,0
3/4/2004,0,,0,0,0,0,0,0,0,0,0,0,0,0,0,0,0,0,0,0,0,0
3/5/2004,0,,0,0,0,0,0,0,0,0,0,0,0,0,0,0,0,0,0,0,0,0
3/6/2004,0,,0,0,0,0,0,0,0,0,0,0,0,0,0,0,0,0,0,0,0,0
3/7/2004,0,,0,0,0,0,0,0,0,0,0,0,0,0,0,0,0,0,0,0,0,0
3/8/2004,0,,0,0,0,0,0,0,0,0,0,0,0,0,0,0,0,0,0,0,0,0
3/9/2004,0,,0,0,0,0,0,0,0,0,0,0,0,0,0,0,0,0,0,0,0,0
3/10/2004,0,,0,0,0,0,0,0,0,0,0,0,0,0,0,0,0,0,0,0,0,0
3/11/2004,0,,0,0,0,0,0,0,0,0,0,0,0,0,0,0,0,0,0,0,0,0
3/12/2004,0,,0,32.2,0,0,0,0,0,0,0,0,0,0,0,0.3,0,0,0,0,0,0
3/13/2004,0,,0,0,0,4,0,0,0,0,0,0,0,0,0,0,0,0,0,0,0,0
3/14/2004,0,,0,0,0,0,0,0,0,0,0,0,0,0,0,0,0,0,0,0,0,0
3/15/2004,0,,0,39.8,0,0,0,0.1,0,0,0,2.1,0,0,0,0,0,0,0,0,0,0
3/16/2004,12.4,,0.2,4.1,5,9.9,0,26.9,2.7,0,15.5,20.9,0,20.4,1,0,53.8,11.5,0,0,0.4,0
3/17/2004,0,,0,0,0,2,0,0,0,0,0,0,0,0,0,0,0,0,0,0,0,0
3/18/2004,0,,0,0,0,0,0,0,0,0,0,0,0,0,0,0,0.2,0,0,0,0,0
3/19/2004,18.1,,21.6,16.8,37.7,1.2,0,0,0.1,0,39.5,0,0,1.5,0,0,4.3,0,0,0,0,0
3/20/2004,1.1,,14.6,3.7,13.3,3.3,0,24.2,2.5,0,6.8,7.9,0,0.4,0,0,29.3,2.3,0,0,0,0
3/21/2004,0,,0,0,0,0,0,0,0,0,0,0,0,0,0,7.4,0,0,0,0,6.5,0
3/22/2004,22.4,,0,0,0,1,0,17.7,0,0,0,3.9,0,0,24.5,19,0,0,0,0,0,0
3/23/2004,0,,0,16,0,0.3,0,0,0,0,0.2,0,0,0,0.2,0,0,0,0,0,0,0
3/24/2004,0.5,,0,0.3,0,0,0,0.4,0,0,0,0,0,0,0,0,0,0,0,0,0,0
3/25/2004,14.6,,0,11.3,0,0,5.5,0,0,0,10.2,0,0,0,24.9,0,0,0,0,0,0,0
3/26/2004,0,,39,22.5,0,0.4,0,0,0,0,0,0,0,0,0,0,3.3,0,0,0,0,0
3/27/2004,0,,0.3,0,0,2.3,0,10.8,0,0,17.8,0,0,0,0,3.9,0,0,0,0,0,0
3/28/2004,0,,0,0,3.7,0.6,0,0,0,0,0,0,0,0,0,0,0.3,0,0,0,0,0
3/29/2004,2.5,,0,0.6,0,0.9,14.3,0,0,0,1.2,34.1,0,3.1,0,4.2,5,0,0,8.2,0.3,0
3/30/2004,33.5,,0,0,0.4,0,0,0,0,0,0,40.3,24,0,0,0,0,0,13.3,6.2,3.8,0
3/31/2004,3.8,,0,0,4.9,0,0,0,0,0.7,0,0,0,0,0,0,0,0,0,0,0,10
4/1/2004,51.5,,31.3,30.7,2.7,0,0,30.6,0,10.9,9.6,23,0,0,5.5,20.2,0,0,4.4,0,87,0.3
4/2/2004,0,,0,0,0,0,0,0,0,0,0,0,0,0,0,0,0,0,0,0,0,0
4/3/2004,0,,0,0,0,0,0,0,0,0,0,0,0,0,0,0,0,0,0,0,0,0
4/4/2004,0,,0,0,0,0,0,0,0,0,0,0,0,0,0,0,0,0,0,0,0,0
4/5/2004,0,,0,1.2,0,0,0,0,0,0,0,0,0,0,0,0,0,0,0,0,0,0
4/6/2004,0,,2.6,0,0,0,0,0,2,20,0,7.6,0,0,0,19.9,0,0,0,0,54,3.9
4/7/2004,0,,0,0,0,0,0,0,0,0.3,0,1.9,0,1.8,5.6,2.6,0,0,0,0,0,0
4/8/2004,5.3,,0,21.3,22,0.9,0,13,12.4,0,14.2,6.1,39.3,3.2,9.6,0,0.3,6.7,0,7.5,0,0
4/9/2004,0,,0,0,0,0,19.2,0,0,0,0,0,0,0,0,0,0,0,0,0,0,0
4/10/2004,0,,0,0.3,0,0,0,0,0,0,0,0,37.7,0,0,0,0,0,0,9.8,0,0
4/11/2004,0.2,,0,0,0,0,0,0,0,0,0,0.4,0,1.9,0,20.1,0,0,1,0,0,0
4/12/2004,19.5,,0,0,0,0,0,7.1,0,0,0,16.4,0,0,0,0,0,0,0,0,0,0
4/13/2004,0.3,,14,15.1,8.8,9.3,0,27.4,3,0,11.4,0,0,4,4.4,0,11.2,10.1,0,0,1.2,0
4/14/2004,5.1,,0,17.3,0,5.8,0,0,0,0,0,0,0,28.1,0,0,0,0,0,24.2,0,0
4/15/2004,3.9,,11.3,1.2,3.3,3.1,0,5.1,0.8,0,2.2,1.6,43,0,4.8,2.9,0,0.3,0,0,4.6,0
4/16/2004,0,,0,0,0,0,37,0,0,0,0,0,0,0,0,0,0.2,0,0,0,0,0
4/17/2004,0,,0,0,0,0.3,0.2,0,0,16.5,0,0,0,0,0,0,0,0,0.1,0,11,0
4/18/2004,1.8,,0,0.2,0,1.7,7.4,0,3.4,2.1,0,0,0,1.4,3.2,20.1,1.6,4.3,0,0,2.5,0
4/19/2004,0,,0.8,0,0,0,0,0,0,0,0,0,0,0,0,0,0,0,0,0,0,0
4/20/2004,0,,0,0,0,1.9,0,0,0,0,7.3,1.9,0,2.1,0,17,0,0,2.5,9.3,20.2,66.8
4/21/2004,0,,0,0,0,1.7,20.5,0,0,0,0,0,0,0,0,0,0,0,0,0,36.1,0
4/22/2004,16.5,,0,0,0,0,0,36.6,0,0.4,0,33.6,20.6,0,1.3,29.4,0,0,40.4,10,20.2,30.2
4/23/2004,0,,0,0,0,0.2,5.2,0,0,0,0,0,0,0,0,0,0,0,0,0,0,0
4/24/2004,0,,0,0,0,0,0,0,0,0,0,0,9.2,0,0,0,0,0,0,1.7,0,0
4/25/2004,0,,0,0,0,1.2,2.2,0,0,0,0,0,0,0,0,0,0.7,0,0,0,0,0
4/26/2004,2.4,,2,10.5,0,4.2,0,0,0,47.2,14.9,0,20.8,3.5,8.3,5.7,0,0,18.8,1.2,68,26.1
4/27/2004,0.4,,0,0,0,0,32,0,4.8,0.3,0,0,0,0.1,0,0,0,5.5,0,0,0,0
4/28/2004,0.9,,4.1,0,0,0,0,0,0,9,0.2,8.2,0,0,0,0,0,0,0,0,0,7.3
4/29/2004,0,,0,0,0,41.5,24.8,0,0,0,0,0,6,0,0,0,0,0.2,0,20.5,0,0
4/30/2004,0,,0,0,0,0,0,0,0,0,0,0,0,0,0,0,0,0,0,0,0,0
5/1/2004,0,,0,0,0,0,0,0,0,0,0,0,0,0,0,0,0,0,0,0,0,41
5/2/2004,0,,0,0,0,0,0,0,0,0,0,0,0,0,0,3.2,0,0,0,0,0,0
5/3/2004,0,,0,0,0,0,0,0,0,0,0,0,0,0,0,0.4,0,0,0,0,5.7,0
5/4/2004,11.5,,0,0,0,1.7,0,1,0,0,0,3.2,12,0.5,0,0,3.6,0,0,5.2,0,0
5/5/2004,3,,0,5.5,0,0,35.8,15.6,0,99.4,0.5,24.4,0,0,28.2,73.6,0,0,22.3,1.4,23.7,7.6
5/6/2004,12.4,,0,21.6,0,1.1,0.2,0.1,0,3.9,0,0.2,0,1.8,0,0,0,0.3,0,0,1.3,0
5/7/2004,0,,0,0,0,0,0,0,0,0,0,0,0,0,0,0,0,0,0,0,0,0
5/8/2004,0.1,,0,0,17,0.3,0,0.7,0,0,0.3,0,0,0,0,0,0,0,0,0,0,0
5/9/2004,0,,0,3,0,7.1,0,0,0,0,0,0,0,0,20,0,0,0,0,0,0,0
5/10/2004,2.1,,0,0,0,0.9,0,0,2.4,15.6,0,0.2,0,7.5,8.3,25.7,0,11.6,0,0,4.8,0
5/11/2004,10.3,,10.7,25.2,23.1,12.3,0.5,4.4,26.6,0,38,0.2,0,13.7,9,5.6,5.6,19,5.7,8.3,0,0
5/12/2004,0,,33.5,21.2,33.5,23.9,0,42,7.7,0,30.6,0,0,15.2,2.1,0,9.4,1.4,0,0,0,0
5/13/2004,0,,0.3,5,0.7,0.7,0,0,0,0,1.5,0,0,76,0,0,20.9,1.1,0,0,0,0
5/14/2004,1.8,,1.9,6.2,9,5.2,0,33.7,32.5,0,3.6,0,30.2,11.2,2.1,0.5,1.1,0.6,6.5,10.4,10.1,0.1
5/15/2004,15.3,,44.9,6.2,10.4,0.7,0,74.2,0,0,6.8,3.8,0.7,0,0,0.6,0,0.1,0,2.5,0.3,0
5/16/2004,0,,0,0,0,0,0,0,0,0,0,0,0,0,0,0,0,0,0,0,0,0
5/17/2004,1.4,,0,0.3,0,2.2,32.6,0,0,0,0,0,0,1.4,0,0,0.7,0,2.7,0,0,6.6
5/18/2004,0,,46.9,0,8.6,0,0,0,0,0,5.1,4.5,0,0,0,2.4,0,0,26.9,0,0.7,11.1
5/19/2004,14.8,,10,3.8,0,9,18,4.4,0,0,4.8,0.2,22.7,0,4,41.8,49.6,0,25.6,28.3,19.7,25.8
5/20/2004,0,,0,0,0,23.6,0,6.6,0,0,0,0,0,0,0,0,27.7,0,0,0,0,0
5/21/2004,0.1,,0.3,0,0,1.5,0,0,0,0,0,0,0,0,1.4,0,0,0,0,0,0,0
5/22/2004,1.5,,35.3,16.2,17.3,0,19.7,1.8,0,0,0.7,1,0,0,8,0,0,0,9.4,0,0,0
5/23/2004,0.2,,11.7,26.5,0,0,0,7.3,0,0,2.4,0.3,3.4,0,0,5.1,0,0,0,7.5,0,0
5/24/2004,0,,1.3,0,0,7.1,0,0,0,0,0,0,0,0,0,0,1.2,0,0,0,0,0
5/25/2004,2.5,,20.4,31.4,4.7,0,0,46.3,23.7,4,16.4,19.9,0,0,8.8,1.1,0,29.7,0,0,0,16.2
5/26/2004,0,,4.4,12.8,5.5,17.5,48.7,0.9,9.8,9.8,3.2,0,0,28.5,8.1,15,24.3,10.5,25.1,29.3,19.9,7.2
5/27/2004,5.5,,0,3,0,0,0,0,0,0,0,8,0,0,2.3,0,0,0,0,0,0,0
5/28/2004,0,,0,0,0,0,0.8,0,0,0,0,0,5.3,0,0,0,0,0,8.1,5.8,0.1,0.3
5/29/2004,0,,0,0,0,0,17.1,2.9,0,16.4,2.7,0,0,0,0,1.5,0,0,0.5,6.4,0.5,0
5/30/2004,3.7,,0,0,0,0,0,11.1,0,33.6,0,0.6,0,0.5,1.3,0.7,0,0,0,0,0,0.2
5/31/2004,28.9,,8.8,17,32,22.5,0,4.5,18.8,0.8,15.7,5.8,0,31.9,3.4,0,45.3,17.5,0.4,0,0,0
6/1/2004,0,,0,0,0,0,0,0,0,0,0,0,14.6,0,0,0,0,0,18.7,2.7,0,11.6
6/2/2004,0,,0,0,0,0,0.3,3.1,0,0,0,0,0.6,0,0,0,0,0,0.1,11.6,0,0
6/3/2004,16.4,,12.6,25.2,74.4,11.7,0,15.4,4.6,12.6,127.7,1.5,0,2.2,61.9,2.2,3,6.9,0,0,7.7,3
6/4/2004,0.4,,0,0,0,0,0,0,0,0,0,0,0,0,0,0,3.4,0,0,0,0,0
6/5/2004,4.4,,0.6,2.5,0,7.7,0,0.1,0,0,0,0,0,0,0,3.4,0.8,0,0,0,0,0
6/6/2004,0,,2.6,0,0,0.4,0,0,4.2,0,0.4,0,0.2,6.1,0,0,0.7,0.5,0,0,0,0
6/7/2004,29.6,,11.2,16.1,11.4,15,0.4,21,1.3,6,2.3,11.2,20.1,0.8,13.6,26.2,15.8,0.1,3.9,0.3,4.9,3.1
6/8/2004,0,,0,0,0,5.4,0,2.6,1.8,0,0,0,3,24.5,0,0,3.6,0.6,9,0,0,3.8
6/9/2004,0,,0,0,0,132.9,1.6,12.9,0,34.2,0,0.1,0.9,74.7,0,0.8,50.5,0.7,0,0,15,0
6/10/2004,0,,0.2,0,0,128.4,0,0,0.4,0,0,9.9,0,12.4,0.8,1.3,25.8,1,0,0,0,0
6/11/2004,0,,2.9,0,37.8,23.8,0,0,0,0,0,0,12.3,8,1.2,0,2,0,23.4,7.5,0,37.8
6/12/2004,0,,0,1.5,0,0,9.6,0,0.3,0,0,0,0,0.4,0.8,0,0,0,5.5,5.6,0,5.2
6/13/2004,4.8,,27.4,5.8,29.7,0,0,17.4,97.6,0.6,45.5,0,0,36.8,4.4,0,0.4,37,0,0.2,5.8,0
6/14/2004,0,,0,0,0,6.4,9,0,0.5,0,0,0,30.7,5.4,0,0,17.8,0.2,7.5,39.4,0,0
6/15/2004,2.1,,2.5,0,0,6.1,0,0,1.1,0,0,3.5,0,0,0.4,0,1.9,2.6,0,1.3,0,0
6/16/2004,0,,0,0,0,0.6,0,3.8,0,13,0.2,0,1,1.7,1.1,0,0.3,0,3.8,0,0,26.5
6/17/2004,0.2,,0,0,0,0,2.1,0,0.6,4.2,0,10.6,0,0,1.2,17.5,0,0,0,4.4,3.3,0.1
6/18/2004,0,,0,0,0,0,0,0,0,0,0,0,0,0,0,0,0,0,0,0,0,0
6/19/2004,0,,0,0,0,0,0,0,0,0,0,0,0,0,0,0,0,0,0,0,0,3
6/20/2004,0,,32.2,0,4.5,0.2,1.4,1.3,0.8,1.3,1.4,0,37.8,0,0,0,0.6,4.5,0,9.3,0,0.1
6/21/2004,0.7,,0,0,0,0.3,9.8,1.3,0,0.3,0,0,18.6,1.2,0,0,2.7,0,53.4,0.4,0,55.8
6/22/2004,0,,0,0.3,0,1.7,0,0,0,0.3,0,0,0,0,0,0,0.6,0,0,0,2.8,0
6/23/2004,0,,0,0,0,0,0,0,0,0,0,0,0,0,0,0,0.3,0,0,0,0,0
6/24/2004,3.9,,0,0,0,0,25.6,0,0,6,0,0,0,0,0,3.1,0,0,10,0,4.8,22.6
6/25/2004,0,,0,0,0,0,0,0,0,0,0,0,0,0,0,0,0,0,0,0,0,0
6/26/2004,0,,0,0,0,0,0,0,0,0,0,0,0,0,0,0,0,0,0,10.3,0,0
6/27/2004,0,,0,0,0,0.3,0,0,0,0.4,0,0,0,0.9,0,1.8,0,0,0,10.2,0,17.5
6/28/2004,0,,0,0,0,2.9,13.6,5,1,25.6,0.3,3.7,0,0,1.6,2.6,0.3,0.9,11.6,0,18.4,3.8
6/29/2004,0,,0,3.8,0,0.9,0,0,0,10.6,0.3,0,0,0,12.5,0,1.8,0,0,0,0.7,0
6/30/2004,40.9,,0.5,3.6,13,1,2.3,32.3,1.9,0,6.8,0.6,0,0,2.5,0.6,0,0.7,0.1,29.9,0,0
7/1/2004,0,,0.2,0.1,2.4,3.5,0,0,0,0,0,0,0,0,90.2,0.7,0,0,0,0,2.1,0
7/2/2004,0,,0,8.3,0,0,0,0,0,3.3,1.6,0,55.3,0,10.8,0,0.8,0,53.3,0,0,36
7/3/2004,0,,0,0.2,0,0,19.6,3.4,0,0.4,0,0,0,0,0,2.9,0,0,9.3,20.7,0,1
7/4/2004,0,,0,2.7,0,0.6,37.1,8.6,0,35.9,0.1,0.4,0,0,11,0,0.2,0,10.2,0.5,12.2,5.2
7/5/2004,21.7,,0,0,0,1.2,0,0,0,0,8.9,2.1,0,0,0,9.9,0.1,0,0,32.2,3.3,0
7/6/2004,7.6,,0,4.8,0,0.5,16,3.1,0.3,9.9,0,82.3,0,0,0,2.2,2.3,0,0,9,39.4,0
7/7/2004,16.7,,0,0,0,0,0,23.5,0,0.8,1,46.3,3.2,0,0.5,4.4,0.9,0,8.8,1.4,24.4,2.7
7/8/2004,0,,0.2,0.9,9.1,0,0,0.1,0,0.3,0.5,0.2,0,0,0,0,0,0,5.2,3.4,2.1,0
7/9/2004,7.5,,0,0.8,0.2,98.9,24.5,4.2,11.4,2.1,0,27.2,20.7,63,8.2,62.3,65.4,2.6,19.1,11.4,6.3,20.2
7/10/2004,22.1,,11.3,58.7,25.8,101,31.5,66.6,21.5,1,20.2,68.8,22.5,63.1,14.3,4.5,22.9,13.1,4.6,12.2,13.5,2.9
7/11/2004,1.4,,0,0.8,0.2,1.6,9.6,0,0,0,0,0.1,0,0,5.2,0,0,0,0,1.8,0.1,0
7/12/2004,19.2,,0,0,0,0,0.6,0,0,0,11.4,0,0,0,0,0,0,0,0,0,0,0
7/13/2004,0.8,,0,0,6.7,0,19.7,0.1,0,36.6,0.9,2,0,0,41.3,0,0,0,10,25.7,0,20.5
7/14/2004,0,,0,6.3,0,0,0,0.7,0,1.9,1,0,0,0,1.3,0.5,0,0,0,0,0,0
7/15/2004,0,,0,0,0.5,0,0,0,0,0,0,0,0,0,0,0,0,0,0,0,0,0
7/16/2004,0.8,,0,0,0,2.1,0,0,0,0.3,0,0,20,0,0,0,0.6,0,0.7,0,0,0
7/17/2004,0,,0,0.7,2.7,0,0.7,0,0,0,0,0,11.9,0,0.5,0,0.5,0,0,17.4,0,0
7/18/2004,0,,0,1.6,0,11,0,0,0,2.9,0,0,74.5,0,4.7,0,0,0,0,0,0,0.8
7/19/2004,0,,0,0,1,0,0,0,0,0,0,0,0,0,0,0,0,0,28.8,0,0,97.2
7/20/2004,0,,0.6,0,10.8,0,0,1.1,1.3,0,0,0,3,0,1.3,0.7,1.6,0.4,26.2,0,0.3,21.5
7/21/2004,0,,0.8,4.2,0,0,0,4,4.1,18.9,3.7,0,15.4,0,0.8,0,0.6,0,5.3,18.3,0,15.7
7/22/2004,0,,0,0,0,0,0,0,0,0,0,0,0,0,0,0,0,0,0,0,0,0
7/23/2004,0,,0,0,0,0,0,0,0,0,0,0,11.1,0,0,0,0,0,0,0,0,0
7/24/2004,0,,0,0,0,0,0,0,0,0,0,0,7.3,0,0,0,0,0,0,0,0,0
7/25/2004,0,,0,0,0,0,0,0,0,0,0,0,0,0,0,0,0,0,0.7,0,0,0
7/26/2004,0,,0,0,0,0.3,0,4.4,0,0,0,0,2,0,0,0,0,0,0,0,0,3.1
7/27/2004,0,,0,0.2,1.8,3.2,0,0,0,9,0,0,1.4,0,0.7,0,2.5,0,5.6,13,0,3
7/28/2004,0,,0,0,0.3,0,0,0.2,0,88.3,0,0,0,0,0.6,6,0,0,16.3,2.4,3.2,6
7/29/2004,0,,0,0,0,0,1.2,0,0,5.7,0,0,11.4,0,3,0,0,0,0,0,0,0
7/30/2004,0,,0,0,1.3,15.6,0,0,0,56.1,1.7,0,0.2,0,0,0,0.2,0,2.2,3.3,0,9.2
7/31/2004,3,,0,2,0,0.2,1.5,0,0,1.4,0,0,0,0,0,0.8,0.3,0,3,5.2,9.8,0.3
8/1/2004,0,,0,0,0,1.8,0,0,0,0,0,0,0,0,0,0,0,0,0,0,0,0
8/2/2004,0,,0,0,0,0,0,0,0,0,0.1,0,4.2,0.5,0,0,0,0,3.1,15.4,1.4,0
8/3/2004,0,,0,0,0,0,2.8,0,0,152.2,0.5,0,0,0,0,0,0,0,28.4,4.4,0,47.2
8/4/2004,0,,0,0,0.5,0,1,0,0,0,0,0,0.2,1.1,13.9,0.8,0.6,0,3.7,29.9,0,0
8/5/2004,49.4,,0,0,0.2,0,43.3,1.9,0.2,12.9,5.9,4.6,0,0.1,0.8,0.4,0.1,0,0,6.8,0,5.2
8/6/2004,0.8,,0,0,0,0,0.3,0,0,0,0,0.3,0,0,0,0,0,0,0,0.1,0,0
8/7/2004,0,,0,0.5,0,0.5,0.2,0.8,0,0.9,4.6,0,26.6,0,1.8,0,0.3,0,0,1.3,0,3.2
8/8/2004,0,,0,0,0,0.4,13.6,0.1,0,5.2,0.1,0,0,0.3,1.2,0,0,0,5.2,28.4,1,0
8/9/2004,0,,0,0.1,0,4.8,0.5,0,1.7,0,2,0,0,0.7,0.7,0,3.3,0.1,0,0,0,0
8/10/2004,0.6,,0,1.3,0,3.1,5.4,0,1,0.6,0.5,2.3,31.8,0,18.6,15.6,0.2,0.1,24.6,0,7.2,75.5
8/11/2004,0,,0,0,0,0.2,5,0,0,0,0,2.7,4,0,0.6,3.9,0,0,4.8,7.6,3.6,3.3
8/12/2004,0,,0,0,0,0,6.2,0,0,0,0,0,16.2,0,0,0,0,0,0,0,0,0
8/13/2004,38.5,,3.2,4.8,22.8,0,22.2,1.6,4.8,68.5,1.8,39.5,1,0,5.8,49.9,0,14.5,5.2,49.8,44.3,41.1
8/14/2004,0,,1,0,0.3,2.1,4.9,0.2,0.2,0.4,0,1.3,0,3.9,0.3,2.9,3.1,0.1,0,0,0.5,0
8/15/2004,3.9,,0,0,0,3.1,25.8,0,0,0,0.7,1,19,0,0.2,0,0,0,12.2,27.6,0,7.8
8/16/2004,0.5,,0,1.1,0,0,2.1,0,0,4,0,0,0,0,0.6,0.6,0,0,0,0,0,23.1
8/17/2004,0,,0,0,0,0,0,0,0,0,0,0,0,0,0,0.8,0,0,0.7,0,0,0
8/18/2004,0,,0,0,0,0,0,0,0,0,0,0,6.2,0,0,0,0,0,0,0,0,0
8/19/2004,0,,0,0,0,0.1,0,0,0,0,0,0,1.4,0,0.2,0,1,0,0,5.2,0,0
8/20/2004,0,,0,0,0,0,0,0,0,0,0,0,0.6,0.4,0,0,0.9,0,0,0,0,0
8/21/2004,0,,0,0,0,0.4,0.3,0,0.9,31.9,0,0,3.9,0.5,0,0,0.1,0.8,0,0,0,9.1
8/22/2004,25.5,,17.9,43.4,9.2,0.2,23.8,11.6,3.4,19.9,11.4,1.1,39.9,2.4,3,20.9,1.8,4.8,12.4,57.3,40.1,31.8
8/23/2004,0,,13.2,0.8,2.3,0,2.6,12.5,5,13.1,20.4,1.6,21.3,0,6.4,5,0,11.5,4.4,2.9,0.7,22.1
8/24/2004,0,,2,4.7,0.3,0,0,5.4,0.8,0.1,1.2,1.8,0,1.2,4.8,0.2,1.1,0,22.6,0,2.3,2.6
8/25/2004,3.2,,1,0,0.7,0,72,0,0.1,0.1,1,18.6,20.1,0,0,0,0,0,55.1,14,24,24
8/26/2004,0,,0,5.6,0.8,4.9,0,1.3,0.3,4,0.6,0,1.4,0.6,2.6,1.5,1.5,0,27,2.4,1.5,4.6
8/27/2004,0,,0,0,0,0.5,0.4,0,0,0,0,0,4.7,0,21.6,0.2,1.2,0,39.4,0,0,0
8/28/2004,3.7,,37,0,3.8,0,1.7,0,0,1.6,0.4,0,6.6,0,0.1,17,0,0,2.4,2.8,18.4,60
8/29/2004,0.4,,0,4.6,0,0,20.2,0.9,0,0,1.2,27,0,0,0.2,0,0,0,4.6,4.4,0,6.2
8/30/2004,11.8,,3.8,0,0,0.8,14.1,5.3,0,7.4,0.7,13.2,1.3,0.3,0,18,0,0,9,0,28.4,28.6
8/31/2004,0,,6.5,9.8,0,0,0,0,0,0,1.3,0,0,0,12.2,0,0,0,0,28.4,0.1,0
9/1/2004,8.5,,1.4,1.2,31.2,0,0,11.6,0,31.1,9.3,0,0,0,19.8,4.4,0.3,0,0,0,0,0.1
9/2/2004,4.1,,0.2,10.9,8,3.5,0,24.2,0,0,3.7,0,0,4.5,0.9,12.8,3.4,0,2.7,29.5,0,6.4
9/3/2004,3,,0,16,1.1,2.9,1.3,29.9,0,8.2,0,0.6,0,0,0.3,5.6,6.9,0,20.7,11.2,2.5,39.2
9/4/2004,25.6,,0,1,0,0,3.3,0,0,1.8,7.1,39.6,0,0.2,0,32.6,0,0,0.3,0.3,47.9,0
9/5/2004,1.1,,0,0,0,0,0,0,0,0,0,0,0,0,8.7,0,0.5,0,11.3,0,0,36.2
9/6/2004,0.9,,0,1.5,4.2,0,0.2,19.6,1.7,13.9,18.2,6.9,10.7,0,0,3.3,19.2,1.2,4,4.7,8,2.2
9/7/2004,0,,1,0,0,0.3,2.2,0,0,0,0,0,19.1,0,0,0,0,0,0,5.2,0,4.2
9/8/2004,6.4,,11.8,13.9,14.9,0,15.9,20.4,13.2,0,9,0,1.6,2.8,1,11.2,1.1,5.1,4.6,0,0,0.2
9/9/2004,0,,0,0,0.4,0,3.7,0,0,0.6,2.2,0,0,0,0,34,0,0,19.2,0,7,40.2
9/10/2004,2.3,,0,0,0,0.4,0,0,0,23.8,0,0,0,0,0,0,0,0,15.5,0,0,11.8
9/11/2004,16.6,,27,0,6.4,50.3,7.5,2,5.4,11.1,53.2,10.1,1.6,27,1.2,11.7,0,21.1,6.6,19.7,0.8,1
9/12/2004,29.7,,2.3,6.8,0,1,6.2,0.5,0.3,0,9.2,3.5,0,0.4,0.6,1,2.5,0.2,0,5,5.1,0
9/13/2004,0,,4.2,0.7,18.1,43.2,0,10.2,0,1.5,0,5.4,31.6,0,4.3,0,0,0,0,20.4,0.8,0
9/14/2004,20.8,,6.4,16.8,0,22.8,2.2,1.9,4.3,0.4,1.8,13.6,16.2,0,18.9,3.1,0,0,11.1,5.2,8,0.4
9/15/2004,14.1,,20,2.7,23.8,0,1.6,53.3,0,8.1,8.8,49.8,5.6,0,12,26.1,0,4.8,25,21.4,11.3,12
9/16/2004,0,,0,1.5,0,2,3.3,0.4,0,14.3,0,0.2,0.5,0,13.5,0,2.5,0,0,0,3.9,10.3
9/17/2004,0.7,,0,0,0,0.8,0,7.7,0,0,0.5,27.9,0,0,1.7,86.8,5,0,0,0,11.5,0.1
9/18/2004,0.5,,0,0,0,6.2,0,0,0,0,0,0,0,0.2,0.8,0,0,0,0,0,2,12.5
9/19/2004,52.9,,0.4,0.2,0,1.6,31.4,107.8,0,33.1,6.7,0,10.3,2.4,8.7,3.6,6.6,0,2.8,17.5,5.6,33.7
9/20/2004,28,,0,2.4,0,0.9,0,88.8,0,0.2,0,0,12.2,0,0.2,0.3,0.5,0,0.6,5.5,8.8,4.1
9/21/2004,8.2,,39.1,29.3,0,38,0,0.2,0,22.4,0.6,20.8,0.2,38.7,19.8,3.2,22.8,0,0,4.4,11.3,0.1
9/22/2004,0.2,,0,0,5.1,14.4,0.2,0,0,0,5.6,1.8,0,0,0,4.4,0,0,0,0,0,0.4
9/23/2004,0,,0,37.7,0,9.7,22.9,7.9,0,1.5,27,0,0,6.4,0.5,0,32.1,0,8,6.2,0.8,1.1
9/24/2004,2.4,,17.4,10.5,8.1,7.8,3.9,28.6,24,0,41.2,23,0,1.4,26,17,9.6,10.3,0.2,0,36.2,0
9/25/2004,0,,0,0,23.8,11.5,0,0,0,38.4,0,0,7.1,0,23.3,4.7,13.8,0,5.1,0,13.8,18.6
9/26/2004,3.1,,30.5,55.3,0,0.5,7.8,0,0,1.8,3.4,26.3,1.5,1.8,0.6,0.5,5,0,0,10.1,2.7,0.3
9/27/2004,2,,8.5,0,0,0.1,0,0,0,8.1,0,0,0,0.3,0,0,1,0.2,0,1.1,0,0
9/28/2004,0,,0,0,0,0,0,0,0,0,0,0,0,0,0,0,0,0,0,0,4.5,0
9/29/2004,40.6,,31.2,19.2,5.9,0.7,4.3,39.2,5.2,28.8,50.2,13.9,0.3,1.2,46.6,14.9,0,23.5,11.4,11.7,9.5,49.1
9/30/2004,0,,15.8,4.2,0.2,4.3,0.7,0,46.1,0,3.4,0.1,0,38.2,2.6,0,3,7.2,0,0,0,0
10/1/2004,13.7,,0,3,0,0.3,3.9,0,0.2,30.7,6.8,57.8,0,44.2,28.8,22.7,1.4,2.5,0.6,0,13.2,2.3
10/2/2004,0,,1,0,0,2.5,0,0,0,12.5,0,0,0,0,0,0,0.6,0,0,0,0,0
10/3/2004,24.3,,0,1.2,4.7,4.3,0,0.4,5.8,0.6,0,3.6,0,1.2,17.8,2.7,0.6,0.9,0,0,0.8,0
10/4/2004,4.1,,11,98.9,1.1,10.2,13.7,0,5,0,32.9,6,0,34.3,1.8,96.1,5,4.6,8.2,1.4,25.6,1.9
10/5/2004,0.6,,15.3,3.2,0.2,14.9,0,6.3,0,0,6.8,5.6,0,11.8,7.3,0.2,9.4,0.1,0,0,0,0
10/6/2004,16,,5.2,10.9,3.2,3.1,0,18.8,2.2,0,10.8,6.2,0,0,14.3,16.4,0,3.5,0,0,2.7,0
10/7/2004,0,,0,7.9,0,0,0,15.4,0,0,13.1,0,0,0,8.6,20.1,0,0,0,0,0,0
10/8/2004,0,,0,10.7,0,2.9,0,4.1,0,0,11.2,0,0,0,14,0.5,0,0,0,0,2.3,0
10/9/2004,26.9,,0,19.1,0,0.1,0,14.2,0,0,0,1.4,0,0,1.4,28.6,0.7,0,0,0,18.2,0
10/10/2004,18.4,,6,28.6,0,0.2,20.5,19.3,0.4,1,12.3,88,0,8.3,65.4,2.2,3,1,0,0,12.7,1
10/11/2004,0,,0.7,0,0,3,3.1,2.1,0.3,0,1.7,2.5,0,0,0.2,7.5,5.4,0.4,0,6.6,9.2,6.3
10/12/2004,0,,2.5,12.1,0,1,0,9,0.2,0,2.5,0,0,0,0,0,0,0.4,0,0,0,3
10/13/2004,0,,0,0.4,0,0,0,0,0,5.3,0,0.6,0,15.5,0,6.7,30.9,0,0,0,0,0
10/14/2004,12.4,,0.4,0,0,4.4,0,3.5,11.9,28.8,8.5,5.3,8.2,8.9,0,18.8,7.5,9,0.8,0,10.3,1.8
10/15/2004,0,,0,0,1.2,0,0,0,0,0,0,0,0,0.2,0,0.1,0.4,0.1,0,0,0,0
10/16/2004,0,,6.7,46,3.2,9.6,0,0,25,1.8,5.9,0,0,6.2,0,0,0,21.5,0,0,4.1,1.7
10/17/2004,0,,0,0.6,0,19.5,0,0,0,0,0.2,0,0,1.6,0,0,13.2,0.4,0,0,0,0
10/18/2004,0,,0,0,0,0.5,0,0,0,0,0,0,0,0,0,0,0,0,0,0,0,0
10/19/2004,0,,0,0,0,0,0,0,0,0,0,0,0,0,0,0,0,0,0,0,0,0
10/20/2004,0,,10.8,3.7,0,3.2,0,7.7,0,0,0,14.2,0,0,7.1,0,0,0.3,0,0,31.4,0
10/21/2004,0,,0,1.1,5.1,0,0,0,18.4,0,0,0,0,0.2,9.1,0,14.2,0,0,0,0,0
10/22/2004,0,,0,1.1,0,1.3,24.9,0,0,0,0,0,21.9,0,0,23.1,0,0,7.2,0,13,0
10/23/2004,0,,0,0,0,0,0,0.3,0,0,0,17.6,0,0,0,0.5,0,0,0,0,1.1,0
10/24/2004,7.6,,5,15,0,0,1,0,0,0,0.9,0,0,0,22.8,0,0,0,0,0,0.5,0
10/25/2004,4.7,,6.2,3,0.6,17.7,0,2.7,16.5,0,2.9,0,4.6,3.7,3.6,0,19,6.7,0,0,0,0
10/26/2004,0,,0,0,0,0,0,0,0,0,0,0,0,0,0,0,0,0,1.9,0,0,4.8
10/27/2004,1.1,,0,0,0,0,28.7,15.2,0,0,1,0,0,0,0,0,0,0,0,7.8,0,0
10/28/2004,0,,0,0,0,0,0,0,0,0,0,5.8,0,0,6.5,0,0,0,0,0,10.6,0
10/29/2004,10.3,,11.6,15.4,9.5,69.4,0,6.7,1.6,0,2,14.1,0,15.3,13,7.6,6.5,4.1,12.4,0,32.2,0
10/30/2004,0,,0,0,0,61.3,0,0,0,0,0,2.5,0,53.1,2,0,133.4,0,2.8,27.6,0,9.5
10/31/2004,22.5,,0,25,0,0,0,0.1,0,0,0,1.2,0,0,0,0,0,0,0,0.4,0,0
11/1/2004,0,,0,0,0,0,0,0,0,0.3,0,0,0,0,0,0,0,0,0,1.8,6.8,0.2
11/2/2004,0,,0,3.7,0,0.8,37.4,8.7,0,3,3.1,0,0,0,1.2,0.4,0,0,4.2,0,5.5,13.2
11/3/2004,0,,0,0,0,0,0,1.8,0,0,16.1,0,0,0,0,6,0,0,38.5,0,0,13.3
11/4/2004,0,,0,0,8.3,0,0,0,0,0,0.1,0,0,0,0,0,0,0,0,0.6,0,0
11/5/2004,0,,0,1.8,0,36.6,16.1,0,0,0.2,1.5,4,0,0,0.5,4.6,0,0,0,3.5,9.4,0
11/6/2004,0,,0,0,0,0.4,0,0,0,18.9,0,0,0,0,0,0,0,0,5.4,0.5,41.8,23.1
11/7/2004,0,,0,16.4,0.4,1.1,0,0,0,0,0,1,0,0,1.6,10.9,4,0,0,0,17.7,0
11/8/2004,0,,0,0,0,0,0,0,0,0,0.1,0,0,0,0,0,0,0,0,0,0,0
11/9/2004,0,,0,0.5,0,0,0,0,0,0,0,0,0,0,0,0.1,0,0,0,0,2.4,0
11/10/2004,0,,0,1.5,1.6,21.1,0,0,0,0,0,0,0,1.4,0,0,0,0,0,0,0,0
11/11/2004,0.4,,0,0,0,35.6,0,0,0,50,0,0,0,0.2,0,0,0,0,0,0,0,0
11/12/2004,20.2,,0,2.5,35.7,22.4,0,0,0,0,0,0,0,0,0,0,0,0,0,0,0,1.7
11/13/2004,0,,0,7.4,0,0,0.5,0.6,0,0,0.2,4.2,2.2,0,0.8,0,0,0,0,0.9,0,0
11/14/2004,0,,0,0,0.5,0,0,1.8,0,1.1,0,1.1,0,0,0,1.4,0,0,0,0,0.2,0
11/15/2004,1.2,,0,15.5,0,0,0,0,0,0,0,10.3,0,2.4,0,0,4.8,0,0,0,0,0
11/16/2004,0,,0,0,12.9,0,0,0,0,0,0,0,0,0,0,0,0,0,0,0,0,0
11/17/2004,21.6,,39.6,2.2,0,13.2,0,2.5,18,0,20.6,0.2,0,6.2,0.2,0,3.7,24,0,0,0,0
11/18/2004,0,,0,0,0,0,0,0,0,0,0,1.1,0,0,0,0,0,0,0,0,0,0
11/19/2004,2.8,,34.7,13.8,0,0.9,0,0,0,3.6,4.1,1.6,0,0,10.8,3.3,0,0,0,0,5.7,0
11/20/2004,0,,0.1,0,0,1.6,0,0,0,15.1,0,0.5,0,0,32.9,0,0,0,0,0,3.2,0
11/21/2004,0,,0,14.2,0,0,0,0,0,0,0,7.4,0,0,18.7,0,0,0,0,0,0,0
11/22/2004,0,,0,0,4.8,0,0,0,0,0,0,0,0,0,0,0,0,0,0,0,0,0
11/23/2004,0,,15,0,6.6,0,0,0,0,0,0,0,0,0,0,0,0,0,0,0,0,0
11/24/2004,0.2,,14,0,0,5.5,0,68.4,0.4,0,51,7,0,34.8,0.8,0,0,0,0,0,0,0
11/25/2004,0.5,,18.6,0,8.8,32.1,0,0,0,4.4,0,0,0,0,0.9,0,12,0,0,0,1.8,0
11/26/2004,2.5,,0,59.2,19.2,0,0,0,0,15.4,0.4,5.1,0,0,9.4,0,0,0,0,0,34.2,0
11/27/2004,0,,0,15.1,0,5.1,0,0,0,0,0,0,0,0,0,26.2,0,0,0,0,0,0
11/28/2004,0,,0,0.2,0,0.6,0,0,4.2,0,0.6,0,0,0,0,0,0,0,0,0,0,0
11/29/2004,0,,0,3.3,0,3.2,0,0,0,0,0,0,0,0,0,0,0,0,0,0,0,0
11/30/2004,0,,0,0,0,3.5,0,0,0,0,0,0,0,0,0,0,0,0,0,0,0,0
12/1/2004,0,,0,0,0,0,0,0,0,0,0,0,0,0,0,0,0,0,0,0,0,0
12/2/2004,0,,0,0,0,0,0,0,0,0,0,0,0,0,0,0,0,0,0,0,0,0
12/3/2004,0,,0,0,0,0,0,0,0,0,0,0,0,0,0,0,0,0,0,0,0,0
12/4/2004,0,,12.6,0,0,54.2,0,0,4.8,0,0,0,0,4.8,0,0,0,0,0,0,0,0
12/5/2004,0,,0,0,0,0,0,0,0,0,0,0,0,0,0,0,0,0,0,0,0,0
12/6/2004,0,,0,0,0,2.1,0,0,0,0,0,0,0,6.3,0,0,0,0,0,0,0,0
12/7/2004,0,,0,0,0,0,0,0,0,0,0,0,0,0,0,0,0,0,0,0,0,0
12/8/2004,0,,0,0,0,0,0,0,0,0,0,2.7,0,0,0,0,0,0,0,0,0,0
12/9/2004,0,,0,0,0,0,0,0,0,0,0,0,0,0,0,0,0,0,0,0,0,0
12/10/2004,0,,0,0,0,0,0,0,0,0,0,0,0,0,0,0,0,0,0,0,0,0
12/11/2004,24.7,,0,0,0,0,0,0.1,0,0,41.2,0,0,0,3.8,0,12,0,0,0,0,0
12/12/2004,13.4,,0,12.6,6.7,0,0,16.8,0,0,15.2,20.4,0,0,0,0,0.5,0,0,0,0,0
12/13/2004,0,,0,17.2,0,0,0,0,0,0,0.9,0,0,0,0,0,0,0,0,0,0,0
12/14/2004,0,,0,1.2,11.7,0,0,0,0,0,0,0,0,0,0,0,0,0,0,0,0,0
12/15/2004,0,,10.5,0,0.6,0.3,0,0,0,0,0,0,0,0,0,0,0,0,0,0,0,0
12/16/2004,0,,0,0,0.3,0,0,0,0,0,0,0,0,0,0,0,0,0,0,0,0,0
12/17/2004,0,,0,0,0,0,0,0,0,0,0,0,0,0,0,0,0,0,0,0,0,0
12/18/2004,0,,0,0,0,8.5,0,0,0,0,0,0,0,0,0,0,0,0,0,0,0,0
12/19/2004,0,,0,0,0,0,0,0,0,0,0,0,0,0,0,0,0,0,0,0,0,0
12/20/2004,0,,0,0,0,0.3,0,0,0,0,0,0,0,0,0,0,0,0,0,0,0,0
12/21/2004,0,,0,0,0,0,0,0,0,0,0,0,0,0,0,0,0,0,0,0,0,0
12/22/2004,7.4,,0,0,0,0,0,0,0,0,0,33.3,0,0,0,0,0,0,0,0,0,0
12/23/2004,0,,0,0,0,0,0,0,0,0,0,0,0,0,2.1,0,0,0,0,0,0,0
12/24/2004,11.4,,0,18.9,0,28.3,0,0,0,0,4,0,0,0,0,0,0,0,0,0,0,0
12/25/2004,0.5,,0,32.1,16.6,0,9.6,0,0,0,17.8,18.5,0,0,0,0,0,0,0,0,0,0
12/26/2004,0,,0,0,30.4,0,0,0,0,0,0,0,0,0,0,0,0,0,0,0,0,0
12/27/2004,0.3,,0,0,0,0,11.5,12.5,0,0,3.3,1.6,0,0,8.7,0,0,0,0,0,12,0
12/28/2004,0,,0,0,0,0,0,0,0,0,0,0,0,0,0,0,0,0,0,0,0,0
12/29/2004,0,,0,0,0,13.1,0,0,0,0,0,0,0,0,0,0,0.7,0,0,0,0,0
12/30/2004,0,,0,0,2.5,29.1,0,0,0,0,0,0,0,0,0,0,0,0,0,0,0,0
12/31/2004,0,,0,0,0,0,0,0,0,0,0,0,0,0,0,0,0,0,0,0,0,0
1/1/2005,0.1,,0,0,0.8,69.3,0,21.7,0,0,0.4,0,0,30.3,0,0,2.3,4.4,0,0,0,0
1/2/2005,0,,0,0,0,0,0,0,0,0,0,0,0,0,0,0,0,0,0,0,0,0
1/3/2005,0,,0,0,0,0,0,0,0,0,0,0,0,0,0,0,0,0,0,0,0,0
1/4/2005,0,,0,0,0,0,0,0,0,0,0,0,0,0,0,0,0,0,0,0,0,0
1/5/2005,0,,0,0,0,0,0,0,0,0,0,0,0,0,0,0,0,0,0,0,0,0
1/6/2005,0,,0,0,0,0,0,0,0,0,0,0,0,0,0,0,0,0,0,0,0,0
1/7/2005,0,,0,0,0,0,0,0,0,0,0,0,0,0,0,0,0,0,0,0,0,0
1/8/2005,0,,0,0,0,0,0,0,0,0,0,0,0,0,0,0,0,0,0,0,0,0
1/9/2005,0,,0,0,0,0,0,0,0,0,0,0,0,0,0,0,0,0,0,0,0,0
1/10/2005,0,,0,0,0,0,0,0,0,0,0,0,0,0,0,0,0,0,0,0,0,0
1/11/2005,0,,0,0,0,0,0,0,0,0,0,0,0,0,0,0,0,0,0,0,0,0
1/12/2005,0,,0,0,0,0,0,0,0,0,0,0,0,0,0,0,0,0,0,0,0,0
1/13/2005,0,,0,0,0,0,0,0,0,0,0,0,0,0,0,0,0,0,0,0,0,0
1/14/2005,0,,0,0,0,0,0,0,0,0,0,0,0,0,0,0,0,0,0,0,0,0
1/15/2005,0,,0,0,0,0,0,0,0,0,0,0,0,0,0,0,0,0,0,0,0,0
1/16/2005,0,,0,0,0,0,0,0,0,0,0,0,0,0,0,0,0,0,0,0,0,0
1/17/2005,0,,0,0,0,0,0,0,0,0,0,0,0,0,0,0,0,0,0,0,0,0
1/18/2005,0,,0,0,0,0,0,0,0,0,0,0,0,0,0,0,0,0,0,0,0,0
1/19/2005,0,,0,0,0,0,0,0,0,0,0,0,0,0,0,0,0,0,0,0,0,0
1/20/2005,0,,0,0,0,0,0,0,0,0,0,0,0,0,0,0,0,0,0,0,0,0
1/21/2005,0,,0,0,0,0,0,0,0,0,0,0,0,0,0,0,0,0,0,0,0,0
1/22/2005,0,,0,0,0,0,0,0,0,0,0,0,0,0,0,0,0,0,0,0,0,0
1/23/2005,0,,0,0,0,0,0,0,0,0,0,0,0,0,0,0,0,0,0,0,0,0
1/24/2005,0,,0,0,0,0,0,0,0,0,0,0,0,0,0,0,0,0,0,0,0,0
1/25/2005,0,,0,0,0,0,0,0,0,0,0,0,0,0,0,0,0,0,0,0,16.4,0
1/26/2005,0,,0,0,0,0,0,0,0,0,0,0,0,0,0,0,0,0,0,0,27.6,0
1/27/2005,0,,0,0,0,0,0,0,0,0.4,0,0,0,0,0,0.5,0,0,0.2,0,0,5.7
1/28/2005,0,,0,3.2,0,0,0,0,0,0,0.5,12.5,0,0,8.9,0.6,0,0,0,0,0,0
1/29/2005,1.4,,0,0,0,0,0,0,0,0,0,0,0,0,0,0,0,0,0,0,17.1,0
1/30/2005,0,,0,0,0,0,0,19.5,0,0,0,0,0,0,0,0,0,0,0,0,0,0
1/31/2005,0,,0,0,0,0,0,0,0,0,0,0,0,0,0,0,0,0,0,0,0,0
2/1/2005,0,,0,0,0,0,0,0,0,0,0,0,0,0,0,0,0,0,0,0,0,0
2/2/2005,0,,0,0,0,0,0,0,0,0,0,0,0,0,0,0,0,0,0,0,0,0
2/3/2005,0,,0,0,0,0,0,0,0,0,0,0,0,0,0,14.7,0,0,0,0,0,0
2/4/2005,5.2,,0,0,0,0,0,0,0,0,0,0,0,0,0,0,0,0,0,0,0,0
2/5/2005,0,,0,0,0,0,0,0,0,0,0,0,0,0,0,0,0,0,0,0,0,0
2/6/2005,0,,0,0,0,10.9,0,1.2,4.6,0,1.8,0,0,4,0,0,43.3,0,0,0,0,0
2/7/2005,0,,0,0,0,0,0,0,0,0,0,0,0,0,0,0,0,0,0,0,0,0
2/8/2005,0,,0,5.1,0,15,0,0,0,0,0,0,0,0,0,0,0,0,0,0,0,0
2/9/2005,2.3,,11.5,37.8,4,2,0,7.7,0,0,10.6,6.4,0,0,2.7,0,5.1,0,0,0,0,0
2/10/2005,0,,0,0,0,0,0,0,0,0,0,0,0,0,0,0,0,0,0,0,0,0
2/11/2005,0,,0,0,0,0,0,0,0,0,0,3.6,0,0,0.6,0,0,0,0,0,0,0
2/12/2005,3.4,,0,14.6,0,42,0,0,0,0,17.3,11.4,0,0,0,0,3.2,0,0,0,0,0
2/13/2005,0,,0,0,0,0,0,0,0,0,0,0,0,0,0,0,0,0,0,0,0,0
2/14/2005,0,,0,0,0,0,0,0,0,0,0,0,0,0,0,0,0,0,0,0,0,0
2/15/2005,0,,0,0,0,0,0,0,0,0,0,0,0,0,0,0,0,0,0,0,0,0
2/16/2005,0,,0,0,0,0,0,0,0,0,0,0,0,0,0,0,0,0,0,0,0,0
2/17/2005,0,,0,21.5,0,0,0,0,0,0,0,0,0,0,0,0,0,0,0,0,0,0
2/18/2005,0,,0,0,0,0,0,0,0,0,0,0,0,0,0,0,0,0,0,0,0,0
2/19/2005,0.1,,0,0.6,0,0,4.7,0,0.2,0,0,0,4.5,0,2.6,8.7,0.1,2,14.2,0,1.3,28.1
2/20/2005,0,,0,0,0,6.7,0,0,0,0,0,11.4,0,7,0,0,0,0,0,0,0,0
2/21/2005,3.7,,0,0,0,3.4,0,10.9,0,6.7,0,2.2,0,0,3.2,10.6,0.5,0,0,0,4.8,0
2/22/2005,0,,0,0,0,0.4,0,0,0,0,0,0,0,0.1,0,0,3.2,0,0,0,0,0
2/23/2005,0,,0,0,0,0,0,0,0,0,0,0,0,0,0,0,0,0,0,0,0,0
2/24/2005,0,,0,0,0,6,0,0,0,0,0,0,0,0,0,0,0,0,0,0,0,0
2/25/2005,48.6,,0,0,0,3.6,0,23.6,2.4,37.1,7.5,7,0,0,7.1,0.6,0,0,0,0,0,0
2/26/2005,0,,0,0,0,0,0,0,0,0,0,0,0,0,0,0,0,0,0,0,0,0
2/27/2005,0,,0,0.4,6.5,0,0,0,0,0,1.5,0,0,0,0,0,0,0,0,0,0,0
2/28/2005,0.5,,0,42.8,0,0,0,0.1,0,0,0,6.9,0,0,5.3,12.4,0,0,0,0,0,0
3/1/2005,17.2,,0,17.9,0,0,0,0,0,0,0,0,0,0,0,0,0,0,0,0,0,0
3/2/2005,0.6,,0,0,0,0,0,0,0,0,0.5,0,0,0,0,0,0,0,0,7.4,0.4,0
3/3/2005,31.1,,16.7,4.1,1.6,3,0,7.1,0,16.4,9.7,8.2,0,0.7,60.2,3.5,0,0.4,44.4,0,25.4,0
3/4/2005,0,,0,0,0,0,0,0,0,0,0,0,0,0,0,0,0,0,0,0,0,0
3/5/2005,0,,0,0,0,0,0,0,0,0,0,0,0,0,0,0,0,0,0,0,4,0
3/6/2005,8.3,,0,6,0,0,0,0,0,1.4,0,0,0,0,0,4.7,0,0,0,0,0,0
3/7/2005,0,,0,0,0,0,0,0,0,0,0,0,0,0,0,0,0,0,0,0,0,0
3/8/2005,0,,12.5,12.5,14.3,0,5,11,6.3,0,19.3,1.7,0,11.1,22.4,12.6,33.5,18,3.5,0,0.6,0
3/9/2005,0,,0,0,0,54.9,0,0,38.4,0,0,0,0,17,0,0,79.8,41.3,0,0,0,0
3/10/2005,0.5,,0,14.4,0,0,0,0,0,0,0,40.2,0,0,29.5,0,0,0,0,0,0,0
3/11/2005,0,,0,0.4,0,0,0,0,0,1.4,0,0,0,0,0,49.5,0,0,0,0,6.3,0
3/12/2005,32.9,,30.6,23.6,69.4,0,0,49,60.1,0.6,34.1,14.8,0,47.7,68.2,21.8,21.6,87.6,0,0,2.3,0
3/13/2005,0,,0,0,0,83.1,0,0,0,3,0,0,0,0,0,0,0,0,0,0,0,0
3/14/2005,32.7,,0.4,0,0.1,0,0,0,11.3,0.8,1.4,0,0,0,0,0,0,0.2,20,0,0,0
3/15/2005,0.4,,0,0,0,0,0,0,0,0,0,0,0,0,0,0,0,0,0,0,0,0
3/16/2005,0,,0,0,0,0,0,0,0,0,0,0,0,0,0,0,0,0,0,0,0,0
3/17/2005,12.9,,0,0,0,0,0,0,0,0,0.6,0,0,0,0,0,0,0,0,0,0,13.2
3/18/2005,0,,0,0.6,0,0,0.2,33.7,0.2,0,1.3,0,0,0.5,0,0,0,0,0,0,0,0
3/19/2005,4.1,,0,31.8,7.1,21.5,11.6,3.3,0.6,0,17.8,13.6,0,0.6,4.5,0,0.2,0.5,1.1,0,22,0
3/20/2005,35.7,,0,36,0,0,0,34.1,0,0,1.5,3.1,0,0,0.2,0,0,0,0.9,0,3.4,0
3/21/2005,0,,11.5,0,10.1,0,0,26.1,0.4,0,4.2,0,0,0,0,0,0,7.1,0,0,0,0
3/22/2005,1.1,,11.2,7.9,0,6.3,0.2,1.3,0.2,0,2.2,0,0,0,5.7,12,0,20,0,0,0,0
3/23/2005,0,,18,0,5,11.5,0,0,8.6,9.7,0,0,0,6.1,0,4.6,0.6,0.3,0,2.9,2.3,6.2
3/24/2005,0,,0,0,0,0.4,0,0,0.2,0,0,0,0,0,0,0,0,0,0,0,0,0
3/25/2005,0,,0,0,0,0,0,0,0,0,0,0,0,0,0,0,0,0,0,0.4,0,0
3/26/2005,0,,7.6,3,14.2,0.4,0,0,0.7,0,48.2,0,0,37,0,0,1,9.1,0,0,0,0
3/27/2005,0,,0,0,0,0,0,0,0,0,0,0,0,0,0,0,0,0,0,7.9,0,0
3/28/2005,0,,0,0,0,0,0,0,0,0,0,0,0,0,0,0,0,0,0,0,0,0
3/29/2005,0.1,,0,0,0,0,0,8,0,0,0,0.6,0,0,0,0,0,0,0,0,0,0
3/30/2005,0,,0,0,0,0,0,0,0,0,0,0,0,0,0,0,0,0,0,0,0.4,0
3/31/2005,0,,0.5,0,0,12.8,1.1,0,0,0,0,0,0,0,0,0,0,0,0,0,0,0
4/1/2005,0,,0.3,0,0,8.8,0,0,0,0,0,13.9,0,12.8,0,4.9,0,0,0,11.1,0,0
4/2/2005,0,,0,0,0,0,0,0,0,0,0,0,0,0,0,0,0,0,5.4,0,0,4.7
4/3/2005,0,,0,0,0,0,0,0,0,0,0,0,0,0,0,4.7,0,0,0,0,2.9,12.4
4/4/2005,0,,0,12,0,1,3.5,0,0,1.3,0,0,0,0,0,0,0,0,0,0.1,0.8,0
4/5/2005,0,,0,9,0,0.3,0,4.3,0,0,0,1.1,0,0,0,0,0,0,0,0,0,0
4/6/2005,0,,0,0,0,0,0,0,0,0,0.5,0,0,0,0,0,0.5,0,0,3.3,10.7,0
4/7/2005,3.6,,0,22.2,0,0,22.7,1.7,0,0,0,8,0,0,0,8.3,0.9,0,0,0,2.3,0
4/8/2005,0,,0,0.4,0,0,2,0.6,0,0,0.3,0,0,0,0,0,0,0,12.4,0.2,0,0
4/9/2005,0,,0,0,0,0,0,0.5,0,0,0.9,0,0,0,0,8.4,0,0,16.9,0,29,0
4/10/2005,2.7,,0,0,0,6.6,1.3,0,0,0,18.7,1.2,0,0,0,2.7,0,0.1,0,0,6.3,0
4/11/2005,5,,0,0.4,0,0,0,0,0,0,0,0,0,0,1.5,0,0,0,0,0,1.9,0
4/12/2005,0,,0,7.4,0,0.1,0,20.3,0,0,0,0,0,0,0,0,0,0,0,0.3,0,0
4/13/2005,7,,0,0,0,8.9,4.5,3.5,0,50.1,0,6.6,0,0,67.7,29.1,1.5,0,0.6,3.4,11.9,6.9
4/14/2005,0,,30.6,5.8,28.5,2.1,0,19,23.8,0,22.8,0,0,26.6,0.5,0,3.1,11.2,0,0,0,0
4/15/2005,0,,0,0,0,7.5,0,0,0,0,0,0,0,1.6,0,0,7,0,0,0,0,0
4/16/2005,0,,0,0,0,0,0,0,0,0,0,0,0,0,0,0,0,0,3.3,43.5,0,0
4/17/2005,0,,0,0,0.1,0,0,0,0,33.2,0,0,0,0,0,17.8,0,0,12.6,0,3.1,7.8
4/18/2005,0,,0,0,0,0.3,0,0,0,0,0,0,0,0,0,0.2,1.8,0,16.3,0,0,0
4/19/2005,0,,0,28.5,0,0,57.2,0,0,0.9,10.5,9.6,0,0,2.3,30.3,0,0,66.2,51.8,28.1,59.4
4/20/2005,0,,0,0,0,0,0,0,0,0,0,0,0,0,0,2.4,0,0,0,0,0,0
4/21/2005,19.9,,0,0,8.4,12.2,0,0,0,0,0,0,12.9,0,0,0,0,0,0,0,0,0
4/22/2005,4.5,,0,0,0,0.4,0,10.4,0,0.6,0.6,0,0,0,6.2,12.6,0.2,0,0,17,2.7,0
4/23/2005,20.6,,0,7.7,0.2,36.9,0,0,0.4,20.3,0,96.1,0,1.6,9.4,0,13,0,0,0,0,11.7
4/24/2005,0,,23.4,0,0,2.9,0,0,0,0.4,0,0,0,0,0,2.3,0,0,0,13.5,55.6,0.2
4/25/2005,0,,0,31.4,0,0.8,0,4.1,0,0,0,1.2,0,0,11,0,0,1.8,0,1.1,0,0
4/26/2005,0,,0,0,0,0.6,0,0,0,0,0,0,0,0,0,0,1.1,0,0,0,0,0
4/27/2005,0,,0,0,0,0,0,0,0,0,0,0,0,0,0,0,0,0,0,0,0,0
4/28/2005,0,,0,0,0,30.5,4.5,0,0,38.7,0,0,7.8,0,0,0,0,0,4.8,40.7,3.2,38.9
4/29/2005,5.1,,5.1,0.3,13.6,20.7,0,0,8.1,0,1.1,5.9,0,35.2,11.6,0,0,11.5,0,0,0,0
4/30/2005,0,,0,0,2.3,130.9,0,86.8,0,0,0,2.8,0,25.1,5.8,0,21.3,0,0,0,0,0
5/1/2005,0,,0,0,0,2,0,0,0,0,1.6,1,0,0.6,5.2,0,0.4,0,0,0,0,0
5/2/2005,0,,0,0,0,9.5,0,0,0,0,0,0,0,0.2,0,0,0.2,0,0,0,0,0
5/3/2005,20.4,,0.3,0.7,0,35.8,18.9,0,0,0,0,1,0,0,0,7.8,4.7,0,12.9,59.4,0,0.1
5/4/2005,5.8,,0.5,0,4.8,115.7,0,0,0,8.2,63.9,2,0,38.1,0,15.9,144,1,13,0,13,16.5
5/5/2005,1.9,,2.9,0,3.8,5,7.5,14.9,0,18.3,1,85.9,5.2,0,0,0,0.6,0,0,0,0,0.2
5/6/2005,0.3,,5,2.6,19.5,37.4,0,20.4,3.1,0,9,10.9,0,11.3,27.9,4.2,4.3,4.6,0,11.7,0,0
5/7/2005,10.9,,0,3.2,0,1.7,15.7,0,0.2,0.4,7.2,0.1,0,2.4,0.4,0,1.2,0,0,4.3,0.5,0
5/8/2005,2,,15.5,3.7,3.8,0,0,0,0,0.4,53.6,0.2,0,0,17.8,0,0,0,0,2.1,11,0.1
5/9/2005,24.5,,31.6,5.6,0.5,0,66.2,10.9,0,2.1,4.5,33.7,0.1,0,0,25.2,3,0,14.8,34,99.4,0
5/10/2005,0,,0,2.9,0,0,0,0.8,0,0,0,0,0,0,0,0,0,0,0,0,0,0
5/11/2005,0,,0,0.3,0,0,35.4,0,0,0,0,0,0,0,0,12.3,0,0,0,0,0,0
5/12/2005,1.2,,0,11,0,0.6,0.8,0,0,0,0,0,0,0,0,18.1,0,0,0,0,0,0
5/13/2005,9.2,,0,9.6,0,0.1,0,0.2,0,0,0,1,0,0,0,0,0,0,0,0,0,0
5/14/2005,1.2,,0.8,0,0,0,0,0.2,0.3,0,0,0,0,0,0,0,0,0.6,0,0,0,0
5/15/2005,0,,0,0,0,1.1,0,0,0,0,0,1.6,0,0.1,0,4.8,0.1,0,0,0,0,0
5/16/2005,0,,0,14,0,1.7,0,6.7,0,0,0,0,0,4,26.3,0,0.4,1.8,0,0.4,0,0.8
5/17/2005,5.3,,13.6,0,1.5,27,0,4,3,5.9,0.2,0,0,32,0.6,3.7,38.5,13.9,0,0,2.2,0
5/18/2005,0,,2.7,3,10.1,6.8,0,0.7,38.1,0,15.4,0,1,13.2,0,0,13.5,10,0,0,5.8,1.1
5/19/2005,0,,0,0.6,0,0,0,0,0,0,0,1.6,0,0,0,0,0.3,0,0,0,0,0
5/20/2005,0,,0,0,0,0.2,0,0,0,0,0,0,0,0,0,0,0,0,0,0.3,0,0
5/21/2005,27.3,,0,0,0,98.6,2.5,0,0,43.3,0,4.4,0,1.4,26.9,4.4,1,0,20.9,0,15,27.2
5/22/2005,0,,0,0,0,7,0,0,0,14.4,0,2.1,0,0,6.8,0,0,0,0,0,0,0
5/23/2005,2.4,,0,0,0,0.6,0,0,0.7,2.8,0,0,0,0,0,1.9,0,2.3,0,0,0,0
5/24/2005,0,,0,0.2,0,0.3,0,0,0,0.8,0,0,0,0,0,0,0,0,0,0,0,0
5/25/2005,0.5,,1.1,6.9,0,8.2,0,0.5,3.6,0,0,0,0,1.9,0,0,0,5.8,0,0,0,40.8
5/26/2005,1.4,,0,6,27.2,40.1,10.7,0.9,42.9,0,9,37.1,0,21.7,39.9,0,10,32.4,14.8,0,0,1.1
5/27/2005,0.3,,31.5,0,0,0,0,0,0,0,0,0,0,0,0,0,0,0,0,0,0,0
5/28/2005,0,,0,0,0,2.1,0,0,0.1,0,7.2,0,0,8.4,0,0,2,0.4,0,28,0,0
5/29/2005,0,,1,0,0.4,76.6,0,0,11.5,0.4,0,0.1,1.2,54.1,0,0,8.5,0.1,0,9.1,0,0
5/30/2005,25.8,,41,0,0,34.3,12.2,5.1,5.5,12.3,0.7,89.1,6.2,131,43.4,15.7,33.2,21.2,4.8,0,84.6,39
5/31/2005,0.7,,0.2,0,9.5,6.4,0,0,0,24.2,0,0.3,0,0.5,0.5,0,3.8,0,0,0,0,2.5
6/1/2005,0.4,,0,0,0,0,0,0,0,0,0,0,0,0.2,0,1.1,0,0,0,0,0,0
6/2/2005,0,,3.7,0,0.6,1.2,0,9.2,4.6,12.4,0,9.8,19.1,3.5,0.8,0,0.2,5.5,0,14.2,0,2.8
6/3/2005,20.1,,12.4,23.1,2.9,3.1,0,0.4,15.5,0,5.4,0.2,54.9,0.7,7.9,0.6,0,30.3,0,11.7,6.3,0
6/4/2005,21.2,,65,32.3,12,74.1,29.6,1.8,18.2,49.2,7.4,31.9,3.7,214.7,5.8,20.7,50,55.3,16.3,0,3.7,21.2
6/5/2005,24.6,,0,23.3,0.7,3.6,0,0,1.3,0,0.1,4.5,0,53.5,15.9,8.6,4,2.7,0,0,0,0
6/6/2005,0,,0,0,0,0,0,0,0,0,0,0,0,0,0,0,0,0,0,0,1.8,0
6/7/2005,0,,0,1.9,0,4.3,28.3,0,0.5,0,0,0,46.7,0,15.1,0,0,0,54.1,13.6,28.4,24.2
6/8/2005,0,,0,0,0,28.8,0,4.3,3.6,0,1.3,0.3,0,1,4.5,1.5,9.1,1.5,0,0,0,0
6/9/2005,12.2,,0,19,0,0,0,41.5,9.2,0,0.8,33.7,1.6,0,1.9,2.4,0.2,0,0,0,4,1.8
6/10/2005,0,,0,0,0,0.1,0,0,4.2,0,0,0,0,31.2,0.1,0,0,3.2,0,0,0,0
6/11/2005,49.7,,55.3,17.7,73.7,27.9,19.4,22,23.7,10.2,18.2,0,2.8,28.4,10.6,0,20.2,23.8,7.8,9.3,0,14.1
6/12/2005,0,,3.7,0.3,0,57.2,0,3.1,11,125.1,7.7,0,0,13.5,0,1.3,0.7,3.8,0,0,0,0
6/13/2005,1.2,,1.2,7.5,0,0,1.3,5,0,0,0.4,1.1,0,0,19.7,0.1,0.3,0.1,1.4,2.2,21.7,0
6/14/2005,0,,0,0.2,0,0,0,0,0,0,0,0,0,19.8,0,0,2.8,0,0,0,0,5
6/15/2005,0,,16.5,25,0.7,13.8,26,0,72,1.8,0,3.9,43.3,6.5,25,0,0.8,20.9,0,18.1,0,0.1
6/16/2005,2.2,,0,0.4,0,69.1,0,0,1.3,0,2.7,0.3,0,0.6,0.6,0,1.6,0,0,0,18.7,0
6/17/2005,0,,0,0.2,0,0.8,20.5,0,0.9,44.2,0,0,11.2,0.3,0,0,0.3,0,9.5,17,4.1,97.2
6/18/2005,0,,0,1.2,0,0,1.5,0,0.8,0,0,0,0,0,0,6.1,0,0,0,0.3,8,0
6/19/2005,0,,0,0,0,0,0,0,0,0,0,0,0,0,0,2,0,0,0,0,0,0
6/20/2005,0,,0,0,0,0,0,0,0,0,0,0,4.7,1.3,0,0,0,0,0,0,0,0
6/21/2005,0,,0,0,0,0,0,0.3,0,0.3,0,0,0,0,0,0,0,0,0,0,0,0.2
6/22/2005,0,,0.3,0,0,1.1,6.8,0,0,0,0,0,1.2,0,0,6.9,1,0,0,33.7,9.1,34.3
6/23/2005,16.3,,0.2,24.2,0,3.2,0,22.7,0.4,5.9,23.8,16.7,0,0,26.7,46.6,1.1,0,0,0,0.2,0
6/24/2005,0,,0,0,0,1.1,10.1,0,0,15.1,1,0,35.5,0,1.7,2.3,0.2,0,5.6,7.2,1.5,3.7
6/25/2005,2.1,,0,0.4,0.5,0,0,0,0,12.4,2,14.7,0,0,42.1,9.9,2.8,0,0,0,2.5,3.2
6/26/2005,3.3,,0,25.1,0,0,16.3,1.1,0,27.5,1.9,3.2,1.4,1,42.7,0,0,0,14.4,8,18.8,11.8
6/27/2005,0,,0,0.4,0,0,0,0.1,0,0,0,0,0,0,0.8,0,0,0,0,0.2,0,0
6/28/2005,0,,0,0,0,0,0,0,0,0,0,0,0,0,0.1,0,0,0,0,0,0,0
6/29/2005,0,,0,2.6,2.6,0.6,0,0,0,0,0,0,0,0,33.2,0,0.3,0,0,0,0,0
6/30/2005,0.5,,0,5.3,0,0.8,0,6.4,0,0,0.1,1,0,1.7,13.1,2.4,7.4,0,0,0,0,0
7/1/2005,0,,0,0,0,0,0,0,0.5,1.7,1.5,0,0,0,0,0,0,0,0,0,0,0
7/2/2005,0,,0,0,0,1,1.1,0,0.3,0.4,0,0,10.4,0,0,0,0.2,0,64.4,0.3,0,2.2
7/3/2005,0,,0,0,0,0,0,0,0,0,0,0,3.4,0,0,0,0,0,0,0,0,0
7/4/2005,0,,0,0,0,0,3,0,0,0,0,0,0,0,0.5,0,0,0,0,0,0,0
7/5/2005,2.2,,0,0,0,1.1,6.2,0,0,0,0.8,0.5,30.4,0.2,0,0,0.1,0,0,0.6,0,0
7/6/2005,0,,0.4,0,0,0,0,0,0,0,0.7,0,0,0,0.2,0,0,0,21.4,0,0,30.3
7/7/2005,4.1,,0,0,0,0,0,0,0,0,0,0,0,0,0,0,0,0,0,3.1,0,0
7/8/2005,0,,0,0,0,0,0,0,0,0,0,0.1,0.6,0,0,0,0,0,0,8.4,0,0
7/9/2005,0,,0.2,1.7,0,0,0,0,0,0.5,0,0,0,1.8,0.4,0,0,0,31.8,0.6,0.5,0.1
7/10/2005,0,,0,0,0,0,0,0,0,0,0,0,0,0,1,0.5,0,0,0,0,0,0
7/11/2005,0,,0,0,0,0,1.3,0,0,0,0,0,0,0,0,0,0,0,0,0,0,0
7/12/2005,0,,0,0,0,0,1,0,0,0,0,0,0,0,0,0,0,0,0,1.8,0,0
7/13/2005,0,,1.5,17.8,0.3,0,0,3.5,1.3,36.9,3.8,0.1,0,0,0.1,0,0,7,35.8,3.6,0,0.2
7/14/2005,0,,0.1,9.3,0.2,0,1,3.1,0,6.1,0.5,0,14,0,0.5,3.7,0,0,0.1,2.7,26.2,1.4
7/15/2005,10.6,,0,0,0,0,24.1,0.9,0,0,0,0,0.5,0,0,0,0,0,0.3,17.1,0,0
7/16/2005,7.6,,53.1,0,0,0,0,45,0.3,72.4,4.9,0,37.9,0,0,0,0,20.6,0,0,27.7,17.1
7/17/2005,9.1,,17.7,5,76.2,14.1,30,19,43.7,0,9.9,16.1,9.3,28.9,0.2,20.1,0.9,17.3,0,22.2,30.6,0.3
7/18/2005,0,,0,0.2,0,0,0,0.4,0,19,0.1,0.3,0,0,0,0,0,0,61.3,0,0.2,30.7
7/19/2005,0,,0,0,0,0,0,0,0,0,0,0,12.2,0,0,0,0,0,0,0,0,0.9
7/20/2005,0,,0,0,0,0,19.6,0,0.4,63,0,0,3,1.1,0,0,0,0,23.6,1,0,58.2
7/21/2005,0,,0,0,0,3.3,41.8,0,0,0,0,0.3,0,1.1,0,0.1,0.2,0,24.9,3,17.5,4.3
7/22/2005,0,,0,0,0,0.8,0,0,0,0,0,0,6.6,0,0,0,0,0,0,0,0,1.1
7/23/2005,0,,0,0,0,0,26.1,0,0,1.3,0,0.3,1.2,0,0,0,0,0,18.8,0,0,8.4
7/24/2005,0.5,,0,0,0,2,15.7,0,0,15.8,0,0,40.2,0,0,0,0.6,0,36.9,24.7,14.2,12.1
7/25/2005,0.3,,0,1,0,1.1,1.6,0,0,0.9,0.4,0.2,0.6,0,0.6,20.1,0.2,0,0,5.4,4.9,0
7/26/2005,0,,0,9.5,0,0,0,0,0,0,0.2,0,0,0,0.3,0,0.2,0,0,0,0,0
7/27/2005,0,,0,0,0,0,0,0,0,0,0,0,2.5,0,0,0,0.2,0,17,0,0,38.7
7/28/2005,0.2,,0,0.5,0,0,14.2,0,0,0,1,0.2,2.5,0,0.8,29.1,0,0,3.3,26.8,11.3,4.3
7/29/2005,0,,0,0.2,0,0.1,0.1,0,0,13.2,0,0.2,1.2,0,0,0,0.6,0,0.6,0,0.1,33.3
7/30/2005,0,,0,0,0,0,0,0,0,0,0,0,2.5,0,0,0,0.1,0,0,0,0,2.5
7/31/2005,0,,0,0,0,0,0,0,0,0.3,0,0,0,0,0.7,0,0,0,0,0,0,0
8/1/2005,0,,0,0,0,0,0,0,0,0,0,0,0,0,0,0,0,0,0,0,0,0.1
8/2/2005,0,,0,5.2,0,0,0,0,0,0.8,0,0.2,13.2,0,0,0,0,0,0,6.9,0,0
8/3/2005,0,,0,0,0,0,0,0,0,0,0,0,1.8,0,0,0,0,0,0,0,0,0.2
8/4/2005,0,,0,0,0,0,0,0,0,1.5,0.7,0,0,0,10.3,0,0,0,0,7,0,0
8/5/2005,0,,0,0,0,0,0,0,0,0,0,0,0,0,0,0,0,0,0,0,0,0
8/6/2005,0,,0,0,0,0,0,0,0,0,0,0,0,0,1.1,0,0,0,0,0,0,0
8/7/2005,0,,0,0.8,0,0.2,0,0,0,0,0,0,10.2,0,0,0,0,0,0,0,0,0
8/8/2005,0,,0,0,0,0,0,0,0,0,0,0,0,0,0,0,0,0,0,0,0,0
8/9/2005,0,,0,0,0,0,0,0,0,0,0,0,0,0,0,0,0,0,0,0,0,0
8/10/2005,0,,0,0,0,0,0,0,0,0,0,0,2.1,0,0,0,0,0,0,42.3,0,6.2
8/11/2005,13.6,,0.2,0.6,0,0.2,0,0.1,0,2.2,0,0,0,0,0,0,0,0,0,0,0,0
8/12/2005,3.2,,0,1.5,0,4.6,34.7,14.8,0,10.2,3.1,8.6,19.6,5.2,2.3,3.1,1,0,25.4,16.1,17.7,10.8
8/13/2005,0.9,,0,0,0,1.2,1.8,5,0,15.8,0.9,4.2,0,0,4.9,2.5,0,0,1.3,0.2,0,0.1
8/14/2005,0,,0,0,0,1.2,0,0,0,0,0,0,0,0,0,1,0,0,0,0,0,0
8/15/2005,0,,0,0,0,0,0,0,0,0,0,0,0,0,0.1,0,0,0,0,0,0.5,0
8/16/2005,4.5,,0,0,0,0,9.9,5.6,0,1.3,0,15.1,24,0,0.6,6,0,0,40.2,22.3,6.1,20.7
8/17/2005,0.8,,0.1,0.6,0,0.8,6.2,0.4,5.2,3.2,3.6,1,8.6,0.2,5.7,0,0.3,0,2,1.1,0,4
8/18/2005,0,,0,0,0,0,7.5,0,0,0,0,1.4,9.9,0,0.4,2.2,0,1.4,0,0,1.2,0.2
8/19/2005,0,,0,0,0,0,0,0,0,0,0,0,4.4,0,0,0,0,0,0,0,0,0
8/20/2005,0,,0,0,0,0,0.7,3.2,0.4,9.2,0,0,37,0,0.2,0,0,0,4.8,50.3,0,18.3
8/21/2005,0,,0,0,0,0,4.2,0,0,1.1,0,0,0,0,0.2,0,0,0,0.4,1.7,0,1.1
8/22/2005,0,,0,0,0,0,0,0,0,0.6,0,0,0,0,0,0,0,0,0,0,0,0
8/23/2005,0,,0,0.5,0,0,1.7,0,1.4,1.5,0.5,0,11.5,0,0,0,0,0,0.3,15.6,0,6.1
8/24/2005,0,,0.1,0.7,0.1,0.8,0,0,0,0,0,0.1,0,1.2,6.7,0,1.5,0,0,0,0.2,0
8/25/2005,0,,0,0,0,1.3,0,0,0,0,0,0.7,0,0.3,1.1,0,0.3,0,0,0,0,0
8/26/2005,0,,0,0,0,0,12.5,0,0.7,0,0,0,3.1,0.9,2.5,0,0,0,0,0.9,0,7.4
8/27/2005,0,,0,0,0,0,0,0,0,0,0,0,3.9,0,0,0,0,0,0,0,0,6.7
8/28/2005,25.8,,7.5,13.2,0,0.5,37,14.7,19.8,25.6,50.4,4,31.2,0.5,40.2,17.9,0.1,0,13.5,35.6,22.5,32.5
8/29/2005,3.6,,0,11.9,21.7,5,0,0,0,0,0,0.5,0.4,3.1,36.9,0.8,1.6,0,0.2,0.2,0.2,0
8/30/2005,1.8,,0,0,0,0,0,0,0.2,0,0.7,0.9,8.4,0,6.8,7.2,0,0,0,0.1,1.1,0.3
8/31/2005,0,,0,0,0,0,0,0,0,0,0,0,0,0,0,0,0,0,0,0,0,0
9/1/2005,0.2,,25.1,0,10,0,47.3,6.2,0,14.9,0,0,32.4,0.1,0,0,0,0.3,70.8,65.9,6.2,96.4
9/2/2005,0,,0,0,0,0.1,0.8,4,0,0,0,0.2,0.2,0,0.4,0.1,0,0,0.5,0.7,0.2,0
9/3/2005,0,,0,0,0,0,0,0,0,0,0,0,0,0,0.7,0,0,0,0,0,0,0
9/4/2005,0,,0,0,0,0,0,0,0,63.4,0,0,0,0,0,0,0,0,18.8,0,0,30.2
9/5/2005,4.8,,0,1.4,31.2,0,15.8,3.6,1.6,9.2,3.9,2.6,4,17.2,0.8,10.5,17.6,0.8,3.5,3,16,4.1
9/6/2005,0,,0,0,0,3.3,0,0,0.4,0,0,0,0,4.4,9.3,0,3.8,0,0.1,0.3,3.6,0
9/7/2005,0,,0,0,0.7,0,0,0,0.8,3.3,0,0,0,0,0,0,0,0,0,0,0,0.1
9/8/2005,0.2,,11.8,0,0,0,19,3.8,0,12.7,1,1.1,9.1,0,0,5.1,0,0,11.9,2.9,11,29.1
9/9/2005,0,,0,0,0,0,0,0,0,0,0.9,0,0,0,0,0,0,0,0,0,0,0
9/10/2005,0,,0,0,0,2.3,1.5,0,0,0,0,0,0,0,0,0,0,0,0,0,0,0
9/11/2005,0,,0,0.4,0,0,0,0,0,0,0,0,0,0,0.7,0,0,0,0,0,0,0
9/12/2005,0,,0,0.7,0,0,0,0,0,0,0,0,0,0,0,0,0,0,0,0,0,3.1
9/13/2005,4,,0,0,0,0,0,0.1,0,0,0,0,0.3,0,0,0,0,0,10,4.3,0,25.5
9/14/2005,2.5,,0,0,0,0,10.6,9.1,0,0,0,10.8,0,1.1,0,38.6,0.5,0,12.5,0,5.7,24.1
9/15/2005,0,,0,0,0,0,9.7,0,0,0,0,0,0,0.5,0,0,0,0,0.1,0,0,0.8
9/16/2005,0,,0,0,0,0,0,0,0,1.8,0,0.1,2.3,0,0,0,0,0,0,0,0,0
9/17/2005,0,,0,0,0,0,0,0,0,0,0,0,0,0,0,0,0,0,8.2,32.5,0,1.5
9/18/2005,12.5,,0,0.3,0,0,0,0,0,0,0,2.6,0,0,0.1,0,0,0,0,3.5,0,0
9/19/2005,21.5,,0,0,0,0,0.6,58.8,0,0,0,0,0.8,0,0.1,0,0,0,3.2,26.2,3.2,0
9/20/2005,18,,0,0,0,0,23.6,3,1.6,1.5,0,0.8,5.9,0,0,10.8,0.1,0,0,24.9,3.8,27
9/21/2005,0,,0,0,0,0,6.6,0,0,0.6,0,0.8,0,0,16.1,1.3,0.4,0,0,3.1,0,1.9
9/22/2005,0,,0,0,0,0,0,1.6,0,13.3,0.1,0,0,0,0.7,0,0,0,0,0,0,3.5
9/23/2005,8.4,,0,36.6,3.2,0,0,10,12.8,0.5,62.8,37.3,8.9,32.1,3,5.7,1.4,0,0,10.1,9.8,18
9/24/2005,15.2,,2.3,18.6,0,3.4,0.2,14.1,0.6,112.1,3.9,33.7,0,0.4,1.8,61,0,2.4,0,0,23.9,7.2
9/25/2005,1.6,,0,5.1,1.2,0,3.1,2,0,8.6,3.7,14.2,0,0,24.6,9.5,0,13.9,3.7,34.8,9.2,0
9/26/2005,12.4,,14.5,0.9,0.8,44.6,0,11.7,1,111.5,0,30.8,6.5,9.2,4.5,0,10.3,3,0,1.1,4.2,1.6
9/27/2005,0.2,,0.5,0,10.6,17.4,93.3,0.6,5.9,20.9,26.2,0.2,0.5,0,4.8,0,1.8,0,11.7,0,0.6,0.6
9/28/2005,3,,8.8,0,11.2,2.3,0,15.2,1.1,0,3.8,35.2,0,0,6.2,0,0.1,2.3,32.8,0,0,0
9/29/2005,18.6,,1.2,7.9,0,1.2,0,0.6,0,0,0,0,0,2.5,0,0,1,0,0,0,17.2,0
9/30/2005,0.5,,0,14.8,1.8,0.2,6.9,5.7,2.2,0,0,3.7,17.4,1.1,0,0,0,0,0.6,1.8,0.2,25.3
10/1/2005,5.9,,0.1,3,0,0,0,0,0,0,0.1,0,0,0,0,0,0.3,0.3,0,0,0,0
10/2/2005,34.1,,0.3,0.9,0,5.2,48.6,0,0,0,0,18.3,3,1.4,0.9,25,0.6,0,20.1,2.7,34.5,9
10/3/2005,0.6,,0,0,0,0.4,60,0,0,23.8,0.1,7.3,0,2.3,0,32.2,0,0,0.6,2.7,55,0
10/4/2005,0,,0,10.3,0.5,0,1.7,0,0.3,2.6,0,2.6,2.2,0,1.1,2.9,1.3,0.4,8.7,0,0,1.1
10/5/2005,13.4,,29.5,1.8,42.2,0,0,56,44.4,6.2,16.6,2,0,0.5,23.2,4,0,23.4,0,0,14.3,0
10/6/2005,2.3,,7.6,5.9,9.1,0,36.1,31.2,8.3,0.8,0.4,0.3,2.4,0,0,32.3,0,3,15.3,16.2,34.8,38.2
10/7/2005,4.6,,1.8,20.1,16.4,3.7,0,0.7,2.5,0.3,11.3,57.7,0,6.2,6.2,0.2,5.6,0.1,0,0,0.6,0
10/8/2005,6.7,,57.7,24.4,8.3,0.2,0,0.7,0.2,36.6,12.3,17.6,0,0.6,11.5,2.9,0,0.5,0,0,4,19.2
10/9/2005,10.2,,0,0.4,0,0.2,0.6,22.8,0,3.7,0,29.6,20.7,5.7,22.3,8.1,0,0,5.7,0,1.3,1
10/10/2005,10,,6.8,7.4,0.6,3.1,0.4,11.5,0.2,5.9,1.1,31.8,0,0.2,1.8,8.5,0.5,0,0,0,5.3,0
10/11/2005,0,,1.4,0.3,0,8.8,0,0,0,0,0,5.5,0,0,9.3,28.2,0.1,0,0,0,27.5,0
10/12/2005,0,,0,0,0,0,0,0,0,0,0,0,0,0,0,0,0.4,0,0,0,0,0
10/13/2005,1,,0,0,0,1.2,0,0,0,0,0,0,0.4,0,0.1,33.5,0.1,0,0,4.9,16.1,19.1
10/14/2005,1.6,,0,0,15,0,0,0,0,0,22.2,1,0,0,0,5.9,0,0,0,0,30.3,12.4
10/15/2005,0,,0,10.6,19.6,5.3,2,6.8,0.2,0,34.8,0,0,0.3,0,0,22.8,9.4,18.8,8.2,0,4.2
10/16/2005,1.3,,0,0,0,0,0,13.3,0,0,0.5,10.6,0,0,0,3.7,1,0,0,0,0,0
10/17/2005,0,,0,0,0,0,0,0,0,0,0,0,0,0,0,0.4,0.5,0,0,0,0,0
10/18/2005,9.6,,0,0,0,54.1,0,6.4,0,0,0,8.6,0,0,0.3,5.3,9.1,1.5,0,0,0.2,0
10/19/2005,1.7,,10.4,0.4,17.6,0,0,18.8,6.2,28.9,6.1,19.9,0,4.8,14.4,7.3,0,0,0,0,16.7,0
10/20/2005,4.7,,0,3.9,0,41.2,2.2,9,0,5.9,5.6,6.9,0,36.9,8.1,14.1,63.5,0,0.3,0,5.8,10
10/21/2005,0,,0,14.5,0,139.5,0,0,0,0.6,0,0,0,35.3,28.4,0,55.2,0,0,0,0,2
10/22/2005,0,,0,2.1,0,0,0,0,0,0,0,0,0,0,0,0.6,0.2,0,0,0,0,3.8
10/23/2005,0,,0,13.3,1.1,9.6,0,0,0,1.8,1.5,3.5,0,0,9.3,0,0,0,0,0,0,0
10/24/2005,0,,5.8,0.9,43.3,20.5,0,0,21.5,0,0.8,0,0,7.2,2.4,0,0.6,5,0,0,0,0
10/25/2005,0,,0,0,0,1.9,0,0,7.2,0.3,0,0,0,0,1.7,0,0,0,0,0,0,0
10/26/2005,0,,0,0,0,0,0,0,0,0,0,0,0,0,3.9,0,0,0,0,0,0,0
10/27/2005,0,,0,0.3,0,0.3,0,0,0,0.9,0,9.3,0,0,0,0,0,0,0,0,0,0
10/28/2005,0,,0,0,0,0,0,0,0,0,0,0,0,1.1,0,18,26.8,0,0,0,0,0
10/29/2005,0,,0.4,29.7,0,0,0,0.3,0,0,0,1.9,0,0,5,0,0,0,0,0,0,0
10/30/2005,0,,0,3.1,0,0.1,0,0,0,0,19.5,2.5,0,0,0.2,0.6,0,0,0,0,0,0
10/31/2005,0,,0,9.5,0,2,0,8.1,0,0,0.1,0,0,28.7,8.4,0,2.3,0,0,0,1.7,0
11/1/2005,20.7,,1.6,26.3,53.8,7.3,0,0,0.6,14.1,8.4,9.3,0,13.8,31.8,45.6,8.1,0.6,0,0,31.3,0
11/2/2005,1.8,,9.7,1.2,28.3,0,0,13,3.7,0,13.9,0,0,2.1,0,0,0,2.5,0,0,0,0
11/3/2005,11.6,,0,34.8,0.2,11.7,0,1.9,57.2,0,8.3,1.1,0,0.4,9.9,0.5,3.2,35.5,0,0,0,0
11/4/2005,0.5,,0,0,0,27.1,0,25,21.4,9,2.1,7,0,30.6,11.2,7.9,14.2,1.7,0,0,26.1,0
11/5/2005,0,,0.4,2.2,0,1,0,0,0,18,2.6,1.7,0,0,13.3,2.9,0.5,0,0,0,1.9,0
11/6/2005,0,,0,0,0,0,0,0,0,0,6.3,3.9,0,0,1.1,0,0,0,0,0,0,0
11/7/2005,0,,0.4,2.3,0,0,0,0,0,0,0,0,0,0,0,0,0,0,0,0,0,0
11/8/2005,0,,0,0,0,0,0,0,0,0,0,0,0,0,0,0,0,0,0,0,0,0
11/9/2005,0,,0,5.8,0.1,0,0,0,0,0,0,0,0,0,2.8,0,0,0,0,0,0,0
11/10/2005,0,,0,14.3,0,6,0,0,0,0,0,0,0,0.1,0,0,0.9,0,0,0,0,0
11/11/2005,0,,0,0,0,17.3,0,0,0,0,0,0,0,0.2,7.8,0,0,0,0,0,0,0
11/12/2005,0,,0,0,0,0,0,0,0,0,0,0,0,0,0,0,0,0,0,0,0,0
11/13/2005,0,,0,0.1,0,0,0,0,0,0,11.2,0,0,0,0,0,0,0,0,0,0,0
11/14/2005,0,,0,0,0,0,0,0,0,0,0,13.3,0,0,0,0,0,0,0,0,0,0
11/15/2005,0,,5.4,0,0,0,0,0,0,0,0.4,0,0,12.3,18.6,0,1.5,0,0,0,0,0
11/16/2005,11.6,,0,0.1,9.3,8.6,0,0,0,0,0,0,0,0,0,0,0,0,0,0,0,0
11/17/2005,0,,2.5,1.1,5,0,0,2.4,0,0,0,0,0,0,0,0,0,0,0,0,11.5,0
11/18/2005,0,,0,0,0,0,0,0,0,0,0,0,0,0,0,0,0,0,0,0,0,0
11/19/2005,0,,3.1,0.2,0,0,0,0,0,0,0,9,0,0,8.1,0,0,0,0,0,0,0
11/20/2005,0,,0,0,0,0,0,0,0,0,0,0.3,0,0,0,0,0,0,0,0,0,0
11/21/2005,0,,0,0,6.2,0,0,0,0,0,0,0,0,0,0,0,0,0,0,0,0,0
11/22/2005,0,,0,6.2,0,0,0,0,0,0,0,0,0,0,0,0,2.3,0.5,0,0,0,0
11/23/2005,0,,0,0,0,0,0,0,0.6,0,6.2,0.9,0,0,0,0,0,0,0,0,0,0
11/24/2005,0,,0,1.1,0,0.8,0,0,0,0,0,0,0,0,0,0,0,0.3,0,0,0,0
11/25/2005,0,,11.1,0,9,0,0,9,2,0,2.1,3,0,0,3.2,0,10.6,0.2,0,0,0,0
11/26/2005,0,,0.2,10.3,0,0,0,0,0,0,0,0,0,0,0,0,0,0,0,0,0,0
11/27/2005,2.4,,0,0,0,7.4,0,0,0,0,0,0.3,0,0,0,0,0,0,0,0,0,0
11/28/2005,0,,0,5.4,0,0,0,0,0,0,0,0,0,0,0,0,0,0,0,0,0,0
11/29/2005,0,,0,3.1,2.9,0,0,0,0,0,0.8,0,0,0,2.4,0,0,0,0,0,9.2,0
11/30/2005,0.5,,0,9,6.4,0,0,0,0,0,16.5,0,0,0,0,0,0,0,0,0,0,0
12/1/2005,0,,0,15.1,23.1,7.4,0,4.5,6.1,0,13.5,0,0,0,0,29.4,17,0,0,0,7.1,0
12/2/2005,0,,0,0,0,0,45.3,0,0,0,10.6,0,0,0,0,0,0,0,0,0,0,0
12/3/2005,0,,0,0,0,0,0,14.8,0,0,28.9,0,0,0,0,0,8.5,0,0,0,0,0
12/4/2005,0,,0,0,0,3.4,0,0,0,0,0,0,0,0,0,0,0,0,0,0,11.7,0
12/5/2005,0,,1,0,0,0,0,9.5,0,0,0,0,0,0,0,0,0,0,0,0,0,0
12/6/2005,0,,0,0,0,2.4,0,0,0,0,0,29.8,0,0,0,0,0,0,0,0,0,0
12/7/2005,0,,0,15.2,30.5,0,0,0,0,0,0,0,0,0,0,0,0.7,0,0,0,0,0
12/8/2005,0,,2.2,0,0,0,0,0,33.9,0,0,0,0,0,0,0,0,0,0,0,0,0
12/9/2005,0,,0,0,0,13.7,0,0,0,0,1.5,0,0,0,0,0,0,0,0,0,0,0
12/10/2005,2.1,,0,0,0,10.6,0,24.5,12.9,0,4.8,0,0,7.2,0,0,0,0.2,0,0,0,0
12/11/2005,0,,0,1.4,0,0.2,9.7,0,0,0,0,0,0,0,0,0,0,0,40.9,0,0,0
12/12/2005,0,,0,0,0.3,0,0,0,0,0,0,0,0,0,0,0,0,0,0,0,32.7,0
12/13/2005,0,,0,0,0,0,0,0,0,0,0,0,0,0,0,0,0,0,0,0,0,0
12/14/2005,0,,0,0,0,10.3,0,0,0,0,0,0,0,0.1,0,0,0,0,0,0,0,0
12/15/2005,0,,0,0,0,0,0,0,0,0,0,0,0,0,0,0,0,0,0,0,0,0
12/16/2005,0,,0,0,0,0,0,0,0,0,0,0,0,0,0,0,0,0,0,0,0,0
12/17/2005,0,,0,0,0,0,0,0,0,0,0,0,0,0,0,0,0,0,0,0,0,0
12/18/2005,0,,1.6,0,0,0,0,0,2,0,0,0,0,0,0,0,0,0,0,0,0,0
12/19/2005,0,,0,0,0,0,0,0,1.3,0,0,0,0,0,0,0,0,0,0,0,0,0
12/20/2005,0,,0,0,0,0,0,0,0,0,0,0,0,0,0,0,0,0,0,0,0,0
12/21/2005,0,,0,0,0,0,0,0,0,0,0,0,0,0,0,0,0,0,0,0,0,0
12/22/2005,0,,0,0,0,0,0,0,0,0,0,0,0,0,0,0,0,0,0,0,0,0
12/23/2005,0,,0,0,0,0,0,0,0,0,0,0,0,0,0,0,0,0,0,0,0,0
12/24/2005,0,,0,0,0,0,0,0,0,0,0,0,0,0,0,0,0,0,0,0,0,0
12/25/2005,0,,0,0,0,0,0,0,0,0,0,0,0,0,0,0,0,0,0,0,0,0
12/26/2005,0,,0,0,0,0,0,0,0,0,0,0,0,0,0,0,0,0,0,0,0,0
12/27/2005,0,,0,0,0,0,0,0,0,0,0,0,0,0,0,0,0,0,0,0,0,0
12/28/2005,0,,0,0,0,0,0,0,0,0,0,0,0,0,0,0,0,0,0,0,0,0
12/29/2005,0,,0,0,0,0,0,0,0,0,0,0,0,0,0,0,0,0,0,0,0,0
12/30/2005,0,,0,0,0,0,0,0,0,0,0,0,0,0,0,0,0,0,0,0,0,0
12/31/2005,0,,0,0,0,0,0,0,0,0,0,0,0,0,0,0,0,0,0,0,0,0
1/1/2006,0,,0,0,0,0.3,0,0,0,0,0,0,0,0,0,0,0,0,0,0,0,0
1/2/2006,0,,0,0,0,0,0,0,0,0,0,0,0,0,0,0,0,0,0,0,0,0
1/3/2006,0,,0,0,0,0,0,0,0,0,0,0,0,0,0,0,0,0,0,0,0,0
1/4/2006,0,,0,0,0,0,0,0,0,0,0,0,0,0,0,0,0,0,0,0,0,0
1/5/2006,0,,0,23.2,0,0,0,0,0,0,0.2,0.7,0,0,0,0,0,0,0,0,0,0
1/6/2006,0,,0,0,0,0,0,0,0,0,0,0,0,0,0,0,0,0,0,0,1.3,0
1/7/2006,63.3,,0,28.3,2.4,0,0,9.9,0,0,0.5,37.5,0,2.4,22.4,0,0,0,0,0,0,0
1/8/2006,20,,0,2.7,0,0,0,0,0,0,6.2,36.8,0,0,0,0,0,0,0,0,0,0
1/9/2006,0,,2.9,0,0,0,0,0,0,0,0.1,18.5,0,0,4.5,0,1.3,0,0,0,0,0
1/10/2006,0,,0,0,0,0,0,0,0,0,0,0,0,0,0,0,0,0,0,0,0,0
1/11/2006,0,,0,0,0,0,0,0,0,0,0,0,0,0,0,0,0,0,0,0,0,0
1/12/2006,0,,0,0,0,0,0,0,0,0,43,0,0,0,0,0,0,0,0,0,0,0
1/13/2006,0,,0,0,0,0,0,0,0,0,0,0,0,0,0,0,0,0,0,0,0,0
1/14/2006,0,,0,3.1,0,0,0,0,0,0,5.9,0,0,0,0,0.4,0,0,0,0,0,0
1/15/2006,0.4,,0,0,0,0,0,0,0,0,0,0,0,0,0.9,0,0,0,0,0,0,0
1/16/2006,0,,0,0,0,0,0,0,0.4,0,0,0,0,0,0,0,0,0,0,0,0,0
1/17/2006,2.8,,0,0,0,0,0,0,0,0,0,0,0,0,0,0,0,0,0,0,0,0
1/18/2006,0,,0,0,0,0,0,0,0,3,0,0,0,0,0,0,0,0,0,0,0,1.2
1/19/2006,0,,0,0,0,0,0,0,0,0,0,0,0,0,0,0,3,0,0,0,0,0
1/20/2006,0,,0,0,0,0,0,0,0,0,0,0,0,0,0,0,0,0,0,0,0,0
1/21/2006,0,,0,0,0,0,0,0,0,0,0,0,0,0,0,0,0,0,0,0,0,0
1/22/2006,0,,0,0,0,0,0,0,0,0,0,0,0,0,0,0,0,0,0,0,0,0
1/23/2006,0,,0,0,0,0,0,0,0,0,0,0,0,0,0,0,0,0,0,0,0,0
1/24/2006,0,,0,0,0,0,0,0,0,0,0,0,0,0,0,0,0,0,0,0,0,0
1/25/2006,0,,0,0,0,0,0,0,8.3,0,0,0,0,0,0,0,0,0,0,0,0,0
1/26/2006,0,,0,0,0,0,0,0,0,0,0,0,0,0,0,0,0,0,0,0,0,0
1/27/2006,0,,0,0,0,0,0,0,0,0,0,0,0,0,0,0,0,0,0,0,0,0
1/28/2006,6.9,,0,0,0,0,0,68.5,0,43.2,0.6,9.4,0,0,1.1,0,0,0,0,0,0,0
1/29/2006,9,,0,10.9,0,0,3.9,0,0,13.8,16.3,8.2,0,0,14.6,47.2,0,0,0,35.9,8.1,0
1/30/2006,0,,0,0,0,0,0,0,0,0,0,0,0,0,0,0,0,0,0,0,0,0
1/31/2006,0,,0,0,0,0,0,0,0,0,0,0,0,0,0,0,0,0,0,0,0,0
2/1/2006,0,,0,0,0,0,0,0,0,0,0.1,0,0,0,0,0,0,0,0,0,0,0
2/2/2006,0,,0,0,0,0,0,0,0,0,0,0,0,0,0,0,0,0,0,0,0,0
2/3/2006,0,,0,0,0,0,0,0,0,0,0,0,0,0,0,0,0,0,0,0,0,0
2/4/2006,0,,0,0,0,0,0,0,0,0,0,0,0,0,0,0,0,0,0,0,0,0
2/5/2006,0,,0,0,0,0,0,0,0,0,0,0,0,0,0,0,0,0,0,0,0,0
2/6/2006,1.1,,0,2.1,0,0.7,0,9.3,0,0,9,6.1,0,0,20.6,0,0,0,0,0,0,0
2/7/2006,0,,0,0.1,0,0,0,0,0,0,10.6,0,0,0,0,0,0,0,0,0,4.2,0
2/8/2006,10.3,,0,0,0,0,0,0,0,0,0.9,0,0,0,13.5,0,1.1,0,0,0,0,0
2/9/2006,0,,0,0,0,0,0,5.2,0,0,2,0,0,0,0,0,0,0,0,0,0,0
2/10/2006,0,,0,0.2,0,0.5,0,7,0,0,4.5,1.3,0,0,0,0,0,0,0,0,11,0
2/11/2006,0,,0,0,0,0,0,0.5,0,0,16,8.2,0,0,11.1,0.7,0,0,0,0,8.1,0
2/12/2006,0,,0,0,0.6,0,0,0,0,0,5.3,0,0,0,0,0,5.7,0,0,0,0,0
2/13/2006,0,,0,0,0,0,0,0,0,0,0,0,0.6,0,0,0,0,0,0,0,1.3,0
2/14/2006,4,,0,0,8,0,0,0,0,0.5,0,43.4,3.2,0,5.9,0.6,0,0,0,0,14.4,7.1
2/15/2006,0,,6.3,55.6,0,0,0,0,0,0,38.1,1.9,0,0,0.1,0,0,0,0,0,0,0
2/16/2006,7.1,,1.7,0,0,0,15.4,20.6,0,1.8,1,0,0,0,0,0,0,0,22.9,13.8,0,0
2/17/2006,0,,0,0,3.2,1.1,0,0,0,0,0,26,0,0,8.3,0,0,0,0,0,0,0
2/18/2006,0,,1,40.2,0,0,0,8,0,0,0,0,0,0,0.6,0,0,0,0,0,0,0
2/19/2006,0,,0,0,0,0,0,0,0,0,0,0,0,0,0,0,0,0,0,0,0,0
2/20/2006,0,,0,0,0,0,0,0,0,0,0,0,0,0,0,0,0,0,0,0,0,0
2/21/2006,0,,0,0,0,0,0,0,0,0,0.1,0,0,0,0,0,0,0,0,0,0,0
2/22/2006,0,,0,0,19.7,0,0,0,0,0,0,0,0,0,0,0,0,0,0,0,0,0
2/23/2006,0,,0,16.4,0,0,0,0,0,0,0,11.3,0,0,0,0,0,0,0,0,0,0
2/24/2006,0,,0,0,0,0,0,0,0,0,0,0,0,0,0.1,0,0,0,0,0,0,0
2/25/2006,0,,2.4,0.2,0,0,0,0.2,5.9,0,4.8,0,0,3,0,0,0,0,0,0,0,0
2/26/2006,0,,0,0,0,0,0,10.1,0.1,0,0,0,0,0,0,0,0,0,0,0,0,0
2/27/2006,0,,0,0,0,0,0,0,0,0,0,0,0,0,0,0,0,0,0,0,0,0
2/28/2006,0.7,,0,0,0,0,0,0,0,0.4,0,0.2,0,0,51.3,5,0,0,0,0,6.6,0
3/1/2006,5.3,,12.3,1.2,2.7,0,0,16.1,0,14.5,0.3,0,0,0,4.3,5,0,0,0,0,8.7,0
3/2/2006,0,,0,0,0,0,0,0,0,0,0,0,0,0,0,0,0,0,0,0,0,0
3/3/2006,22.8,,0,11.1,2.9,0,0,11.8,0,0,51.5,36.3,0,0,13.3,8.8,0,0,0,0,2.8,0
3/4/2006,0,,0,0,0,0,0,0,0,0,0,0,0,0,0,0,0,0,0,0,0,0
3/5/2006,1.7,,0,12.2,0,0,0,0,0,0,0,0,0,0,0,11.8,0,0,0,0,0,0
3/6/2006,1.2,,0,6.4,0,0,0,0,0,2.5,7.9,6.9,0,0,0,0,0,0,0,0,0,0
3/7/2006,0.3,,9.5,3.3,51.8,0,0,8,0.2,0,22.6,8.8,0,0,5.8,0.7,2,2.8,8.7,0,9.1,0
3/8/2006,1.2,,0,0.2,0,0,0,0,0,0,0,0,0,0,0.2,0,0.3,0,0,0,0,0
3/9/2006,10.5,,26,19.7,0.7,0,15,60.1,0,0,13.7,10.6,0,0,11.9,0,0,0,0,0,0,0
3/10/2006,0,,0,0,0,0,0,0,4.8,0,0,0,0,0,0,0,6,0,0,0,0,0
3/11/2006,0,,0,0,16.3,0.8,0,0,0,0,0,0,0,0,0,0,0,0,0,0,0,0
3/12/2006,0,,27.5,10.1,0.1,0,0,0,0,0,3.4,0,0,0,0,0,0,0,0,0,0,0
3/13/2006,0,,37.4,0,0,0.1,0,0,0,0,0,0,0,0,0,2.8,0,0,0,0,2.7,0
3/14/2006,27,,1.5,0,0,0,3,0,0,3.1,0,13.5,0,0,0,6.2,0,3.9,0,0,0,0
3/15/2006,0,,0,2.2,0,4.4,0,0,7.2,0,1.8,0,0,2,0,0,0,3,0,0,0,0
3/16/2006,0,,16,0,5.2,0.1,0,2,5.1,0,1,0,0,1,0,0,1.4,0.4,0,0,0.8,0
3/17/2006,0,,0,0,0,0,0,0,0,0,0,0,0,0.7,0,0,0,0,0,0,0,0
3/18/2006,0,,0,0,0,0,0,0,0,0,0,0,0,0,0,0,0,0,0,0,6,0
3/19/2006,8.2,,0,0,0,0,0,0,0,0,1,23.7,0,0,0,11.9,0,0,0,0,1.6,0
3/20/2006,27.6,,0,4.4,0,22.4,0,0.4,0,8.5,0,9,0,0,9.7,6.5,0.7,0,0,0,5.1,0
3/21/2006,0,,0,0,0,0,0,0,0,0,0,0,0,0,0,0,0,0,0,0,0,0
3/22/2006,0,,37.1,41.5,3.7,20,5.5,10.8,8.5,0,16.7,0,0,17,17.5,4.2,0.8,24.5,0,0,24.9,0
3/23/2006,0,,0,0,0,0,0,0,0,0,0,0,0,0,0,0,0,0,0,0,0,0
3/24/2006,0,,0,0,0,0,0,0,0,0,0,0,0,0,0,0.5,0,0,0,0,0,0
3/25/2006,0,,0,4.6,0,0,0,0,0,1.6,0,0,0,0,0,0,0,0,0,0,6.7,0
3/26/2006,75.1,,0,0,2.5,0,0,0.1,0,3.1,34.2,0,0,0,16.8,33.1,0,0,0,0,12,2.1
3/27/2006,0,,0,2.9,0,0,0,0,0,0,10.4,3.2,4,0,3.2,12.4,0,0,0,17.7,5.2,0
3/28/2006,0,,0,0,0,0,0,0,0,0,0,0.5,0,0,2.5,0,0,0,10.4,0,0,0
3/29/2006,0,,1,0,0,0,0,0,0,0,0,0,0,0,0,0,0,0,0,0.3,0,0
3/30/2006,0,,0,8.3,0,0,0,0,0,0,0,0,0,0,0.2,0,0,0,0,0,0.5,0
3/31/2006,1.5,,0,0.2,10.2,0,0,1.2,0,0,26.4,0.3,0,0,1.6,2.8,0,0,0,0,0,0
4/1/2006,0,,0,0,0,0,0,0,0,0,0,0,0,0,0,0,0,0,0,0,0,0
4/2/2006,1.6,,0,0,3.1,9.8,0,0,12.1,0,17.7,17.6,0,16.1,27.7,0,1.8,6.9,0,0,0,0
4/3/2006,0.5,,16.2,0.6,0,0,0,0,0,0,3.5,0,0,0,0,0,0,0,0,0,0,0
4/4/2006,1.8,,0,2.4,15.8,16,2,42.8,15.7,0,18.6,13.4,15.6,21,41.6,1.9,1.2,5.5,0,0,0,0
4/5/2006,0,,1,0.2,0,0,0,6.7,0,0,0,0,0,0,0,0,0,0,0,0,0,0
4/6/2006,3.3,,0,0,0,0,1.3,0,0,0,0,0,0,0,0,7.8,0,0,0,5,26.5,0
4/7/2006,0,,0,0,0,0.4,0,0,0,0,0,0,0,0,0,0,0,0,0,0,0,0
4/8/2006,0,,0,0,0,0,5.2,0,0,0,8.4,0,0,0,0,2.6,0,0,0,0,7.6,0
4/9/2006,0,,0,0,0,2.6,0,0,0,0,0.2,4.6,0,0,0.3,0,0,0,0,0,0,0
4/10/2006,2.1,,0.8,15.9,2.4,1.8,0,0,0,0,0.5,0,0,0,2.3,1,0,0,0,0,0,0
4/11/2006,0,,0,0,0,0,0,0,0,0,0,0,0,0,0,0,0,0,0,0,0,0
4/12/2006,0,,0,0,0,0,0,0,0,0,0,0,0,0,0,0,0,0,0,0,0,0
4/13/2006,1.5,,0,0,0,0,0,0,0,0,0,7.6,0,0,10.9,0,0,0,0,0,0,0
4/14/2006,3.1,,0,11.4,0,4.4,0,0,0,0,0,1.6,0,0,0,0,0,0,0,0,4.2,0
4/15/2006,0,,0,0.5,0,0,2.4,0,0,0.8,0,0,0,1,0,0,0,0,0,0,6.2,0
4/16/2006,12,,9.7,0,3,0,0,8.4,0,0,16.3,6.7,0,0,0.6,0,0,0,0,0,0,0
4/17/2006,0,,0,1.7,0,2,0,0,0,0,2.6,0.2,0,0,0,4.2,0,0,0,0,21.5,0
4/18/2006,1.2,,0,14.7,0,0.6,0,0,0,0,7.5,0.5,0,7.3,37.6,0,0,3.5,0,0.2,0,0
4/19/2006,0,,5,0,0,0,19.5,0,0,0,0,0,0,0,10.2,9.8,0,0,0.2,0,6,10.5
4/20/2006,0,,0,0.8,0,0,0,0,0,0,0,0,4.1,0,0,0,0,0,0,0,0,9.2
4/21/2006,0,,0,0,0,0,0,0,0,0,0,0,0,0,0,0,0,0,0,0,0,0
4/22/2006,0,,0,0,0,0.8,0,0,0,0,0,0,0,0.9,0,0,2,0,0,0,0,0
4/23/2006,1.6,,0,28.6,0,0,63.8,0,0,6.5,0,0,59.7,0,0,1.3,0,1.2,58.3,42.3,37.2,52
4/24/2006,5.7,,0,8,35.1,18.8,0,0,0,0,23.6,2.2,0.4,0,22.9,2.6,0.2,0,0,0,1.9,0
4/25/2006,20.3,,42.5,1.4,7.3,23.2,2.5,0,9.2,0,1.3,10.3,2.6,24.6,11.4,33.1,16.4,0.4,0,0,0,0
4/26/2006,8.7,,0,26.6,0,0,0,2.6,0,0,0,0,0,0.4,0,0,0,0,0,0.4,0,23.1
4/27/2006,1.1,,0,12.3,4.5,0,72.2,0,0,0,29.3,1.1,0,0,4,0.4,0,0,0,2,0,0
4/28/2006,20.5,,0,7,0,12.3,0,0.2,0,0,21.1,0.9,0,1,0.4,0.8,1,0,0,0,0,0
4/29/2006,10,,0.4,0,0,0,0,0,0,0,0,0.2,0,0,0,0,0,0,0,0,0,0
4/30/2006,0,,0,0,0,0,1.8,0,0,0,0,0,0,0,0,0,0,0,0,0.4,28.4,0
5/1/2006,0,,0,0,0,0,0,0,0,0,0,0,0,0,0,0,0,0,0,0,0,0
5/2/2006,0,,0,16.8,0,0,8.5,0,0,5.1,0,0,0,0,0,22.8,0,0,0.4,0,0,25.2
5/3/2006,0,,0,23.3,0,0,0,0,0,0,10.1,0,0,0,0,0,0,0,0,0,0,0
5/4/2006,0.3,,0,0,0,0.9,8,0,0,0,0,0.2,0,0,0,0,0,0,21.8,1.5,0,25.5
5/5/2006,0,,29.4,0,0,2.2,0,5,0,0,0.6,11.1,0,0.1,4.3,8.9,2.9,0,0,0.1,0,0
5/6/2006,0,,15.8,0,0,21.1,0,0,0,14.1,1.8,3.8,0,0.5,0.6,5.2,0,0,1.2,0,24,0
5/7/2006,30.6,,57.1,11.9,12.3,3.9,0.3,4.9,25.9,20.2,49.6,11.8,0,42.2,11,36.8,11.2,22.5,0,0,19.6,6.6
5/8/2006,0,,0,14.5,0,28.7,0,0,0,0,0,0,0,7.6,0,0,14.4,0,0,0,0,0
5/9/2006,0,,0,1.4,0,0,0,0,0,0,0,0,0,0,0,0,1.4,0,0,0,0,0
5/10/2006,16,,92.4,27.8,83.9,14.5,50,17.2,53.2,0,39.2,40.7,0.6,41.1,45.7,2.1,50.7,11.2,0,0,0,0
5/11/2006,0,,0,0,0,0,0,0,0.4,0,0,0,0,0,0,0,0,0,0,0,0,0
5/12/2006,0,,2.9,0,0,0,0,0,0,0,0,0,0.4,0,5.6,0,0.5,0,2.4,1.7,0,0
5/13/2006,1,,36.3,15.6,22.5,7.3,0,31,56.7,0,5.6,3.4,0,29.2,7.4,0,24.4,14.3,0,0,13.1,27.6
5/14/2006,0,,0,0,0,0,0,0,0,0,0,0,0,0,0,0,0,0,0,0,0,0
5/15/2006,55.6,,113.2,16,101.3,14.1,26.7,10.8,11.5,0,56.7,4.6,2.4,17.8,118.4,26.6,150.5,19.3,58.6,4,41.7,17.7
5/16/2006,0.2,,65.5,0.4,3.1,1,0,11.1,14,0,1.7,0.6,0.2,0.2,0.6,0.4,0.3,23.2,0,2.3,0,0
5/17/2006,0,,1.8,16.1,0.7,5.4,0,0,3.1,0,3.7,0.9,0,2.5,0.2,0,6,1.9,0,0,0,0
5/18/2006,29.4,,5.6,49,0,0,0,0.1,0,0,1.1,69.7,0,50.8,3.1,10.4,0,0,4.2,0,0,5.2
5/19/2006,20.1,,23.8,0,0.3,79.1,0,1.6,0.2,11.7,13.2,5.3,28.8,17.6,0.1,11.2,2.5,1.5,0,0,0.7,1.7
5/20/2006,22.1,,2.7,14.8,3.4,0.3,3.2,100.2,3.5,10.6,29.9,9.9,14.5,1.5,19.8,30.1,2.1,1.7,0.1,3.3,20.4,0
5/21/2006,12.7,,15.2,4.6,1.9,14.2,2.6,0,0,0,0,0,0,0.3,1.2,0,3.2,0.1,0,4.5,10.6,0
5/22/2006,4.4,,30.7,2.2,4.9,10,2,7.7,26.4,0,14.2,0,0,55.8,28.3,0.6,38.5,46.2,0,0,0,0
5/23/2006,0,,0,0,0,11,0,0,0,0,0,0,0,1.2,0,0,3.2,0,0,5.5,28.2,3.7
5/24/2006,0,,0,0.1,0,0,0,0,0,0,0,0,0,0,0,0,0,0,0,4.9,0,0
5/25/2006,11.1,,0,1.8,0,0,51.8,0,0.4,3.1,0,4.2,3,0,1,28.2,0,0,34,1,4.8,34.5
5/26/2006,0,,0,0,0,0,1.6,0,0,0,0,15.8,0,1,0,0,0,0,0,0,0,0
5/27/2006,18.4,,2.3,0,0,0,0,0,0,0,0,0,0,0,0,0,0.3,0,0,0,0,0
5/28/2006,5.1,,22,20.4,5,12.2,1,20.4,15.2,0,11.4,1.9,5.7,33.6,14.3,0,27,27.6,15.3,8.8,0,0
5/29/2006,1.1,,0,0,0,0,0,0,0,0,0,0,0,0,0,0,0,0,0,3.4,0,0
5/30/2006,8,,0,11.1,6.2,5.2,0,24.7,26.1,0.5,7.3,3.4,0,34.9,34.8,0,20.3,39.4,0,0,11,0
5/31/2006,0,,5.5,1.2,0.1,1.6,0.5,0,0,0,0.4,0,0,0,0,0,1,0,0,0,0.7,17.2
6/1/2006,0.3,,0,0,0,0.5,0,0,0,0,0,0,0,0,0,0,0.3,0,0,0,0,0
6/2/2006,27.2,,0,1.3,0,0,14.7,1.4,0,9,0,40.2,0,0,60.4,5.9,0,0,11.1,3.3,21.7,0.3
6/3/2006,0,,0,1.1,0.4,6.7,0,16,4,0,6.1,0,0,33,0,0,13.7,8,0,0,0,0
6/4/2006,0,,0,0,0,0.9,0,0,0,0,1.2,0,0,0,0.7,0,0,0,0,0,0,0
6/5/2006,0,,1.5,1.3,10.2,0,0,1,0,0,0,0,0,0,0.5,0,0,0,1.3,0.7,0,0
6/6/2006,0.4,,0,0,1,0.2,0,0.8,0,0,0.8,0,2.9,0,0,0,0,0,0,0,0,0
6/7/2006,0,,1.9,20.9,17.5,12.6,9.7,0.6,12.6,0,35.8,10.3,1.4,8.1,2.6,59.3,78.6,24,2.5,11.6,17.6,6.3
6/8/2006,1.7,,0,0,0,37,26.6,6.1,0,0,0,1,9.1,8.3,0,3,9.6,0,4.9,0.5,10.5,11.8
6/9/2006,2,,68,6.7,23.4,66.3,4.5,15.9,67.3,4.9,24.2,1.3,1.5,13.3,0,0,91.3,59.8,35.9,2.1,1,7.4
6/10/2006,5.6,,5.5,11.4,6.8,83.3,0,20,4.3,7.5,87.7,0.4,0,39.4,4.3,0,10.2,9.8,0,0,0,0
6/11/2006,3.2,,0,0,0,0,4,0,0,21.8,0.2,0.3,7.1,0,0,20.3,0,0,0,54.5,1.6,12
6/12/2006,0.1,,0,0,0,0,0,0,0,0,0,0,0,0,0,0,0,0,0,0,0,0
6/13/2006,1.7,,0,0,0,0.5,0.6,1.1,0,20,0,0,0,0.3,0,0,0,0,7.1,0,0,18.7
6/14/2006,4.2,,4.8,0,8.4,0,23.4,10.7,4.5,15.4,20.9,0,17.4,0,0,3.4,0,20.5,3.4,29.8,0.7,1.3
6/15/2006,4.8,,0.7,32,0.7,46.9,0,0,5.9,0,2.1,0.3,0,27.7,0.4,0.3,3.6,8.1,0,0,0,0
6/16/2006,0,,0,0,0,1.3,0,0,0.1,0,0,0,0,0,0,0.2,0,0,0,0,0,0
6/17/2006,0.2,,0.7,0,0,0.8,0,0,4.3,0,0,45.6,42.6,15.7,0,2.2,1.9,6.3,0.2,0,9.6,0.5
6/18/2006,1.8,,22.1,0.4,0,1,12.7,4.5,1.5,0,30.4,0,0.6,21.2,0,0,0.4,0,0,0.7,0,0
6/19/2006,0,,0,6.4,0,2.8,0,0,9.3,0,0,2.2,0.3,0,21,51.9,4.8,27.5,0.3,0.3,0,1.1
6/20/2006,20.8,,15.6,0.6,0.2,0,0,154.2,0.9,1.1,7.7,4.8,0,0.7,6.2,7.9,0.1,2.9,3.5,3.5,10.3,25.6
6/21/2006,0,,0,4.3,21.8,3.7,0,9.6,0,0,3.3,2,0,0.3,1.7,0,2.7,0,0,0,6.2,15.6
6/22/2006,0,,0,5.9,0,1.3,9.2,11.2,0,10.3,28.8,0.1,0,0,4.1,12.3,0,0,0,0,4.6,2.7
6/23/2006,13.9,,0,0,0,0,1.9,0,0,0,0,0,0,0,0,1.6,0,0,2.6,0,15.5,2.6
6/24/2006,8.2,,0,0,0.7,0,0,34,0,0.3,3.3,19.3,0,0,0,12.1,0,0,0,0.2,19.2,1.1
6/25/2006,0,,0,0,0,0.8,0,0,0,0,0,0,27,0,0,0,0.4,0,0,19.4,0,0
6/26/2006,1.2,,0,4.9,0,1.3,0,0.5,0,0,0,0,0,0,1,0,0,0,0,0,0,0
6/27/2006,0,,0,0,0,5.6,12.8,0,0,0,0,0,0,0,0,0,0,0,0,0,0,0
6/28/2006,0.3,,0,0,0,0.7,0,0,0,0,0,0,0,0,0,0,0,0,0,16.3,0,0
6/29/2006,18.6,,0,0.2,0,108.5,0,1.4,3.4,0,5.6,7.8,0,11.8,43.2,0,10.5,0.6,0,0,0,0
6/30/2006,3.5,,0,0.2,0,0,1.2,0.2,0,16.7,0,9.8,7.9,0,0.6,68.7,0.3,0,15.1,0.5,1.2,33.6
7/1/2006,0,,0,0,0,0,0,0,0,0,0,0,0,0,0,0.4,0,0,0,0,0,0
7/2/2006,0,,0,0,0,1,1.1,0,0,0,7.8,0,0,0,0,0,0,0,0,23.4,0,0
7/3/2006,5.4,,0,0,0,4.5,1.2,0.7,1.4,0,0.3,0,1.7,3.5,2.7,0,2,0,12.9,23.3,0,0
7/4/2006,0.1,,0,0,0,51.8,0,13.5,0,0.9,1,0,0,0,1,0.4,3.1,0,0,0.3,0,0
7/5/2006,0,,2.1,0,0,15.5,0,5.3,0.6,0.3,0,0.5,0,0.2,1.9,0,103.5,0,0,0,0.1,11.6
7/6/2006,0,,0.4,1.1,1.1,0,0,0,0.1,0,1.6,0,0,0.3,0,0,0.1,0,0,0,0,0
7/7/2006,0.5,,0,0,0.2,3.9,0,0,0,0,0,0.8,0,0,0.2,0,0,0,0,0,0,0
7/8/2006,1.4,,0,8.8,0,0,0,0,0,0,0,0.1,0,0,0,0,0.3,0,0,0,0,0
7/9/2006,0,,0,0,0,0,0,0,0,0,0,0,13.3,0,0,0,0,0,0,0,0,0
7/10/2006,0,,0,4.5,0,6.4,30.2,0,0,0,0.1,0,0,0,0,0,0,0,22.7,0,0,0
7/11/2006,0,,0.5,0.5,0,0,0,0,0,2.5,0,0.5,0,0,0,1,0,0,0,0,0.3,0
7/12/2006,5.8,,0,0.2,2.6,0,0,1.8,1.5,0,0,0.2,0,0,0.6,0,0,0,0,0,3.6,0
7/13/2006,4.6,,0,0,0,0,11.4,2,0,6.8,2.4,0,36.2,2.6,0,0.1,0,0,0,0,0,0
7/14/2006,3.5,,0,26.9,0.7,2.1,2.8,0,0,8.1,1.2,28.5,32.7,0.2,52.8,77.1,8.4,0,7.2,3.4,39,6
7/15/2006,40.5,,1.2,0,0,0.6,44.7,0.4,0,27.4,16.6,4.8,1.1,0,40.2,2.9,1,0,6.9,10.4,2.1,14.9
7/16/2006,0,,0,0,0,0,0,0,0,0,0,0,0,0.5,0,0,0.5,0,0,0,0,0
7/17/2006,0,,0.6,0,0,0.2,29.9,0.3,0,8.9,1.9,0,20.3,1.8,0.8,1,0.1,0,10,29,5.5,0.7
7/18/2006,0,,1.4,6.4,0.4,0,0,0.6,3.4,6.6,2.5,0,0,0.6,11.3,0,0.4,0.6,0,0,0,0
7/19/2006,0,,0,0.8,0,0,0,3.5,0,12.7,1,7.4,0,0,5.6,0,0,0,42.7,3.5,0.1,19.9
7/20/2006,0,,0,0,0,0,0,0,0,0,0,0,10,0,2.2,0,0,0,0.5,0,0,2.5
7/21/2006,0,,0,0,0,0,0,0,0,0,0,0,0.8,0,0,0,0,0,3.8,2.2,0,36.2
7/22/2006,0,,0,0,0,0,0,0.2,0,4.1,0,0,19.1,0,0.6,0,0,0,9,0,0,0
7/23/2006,0,,0,1.6,0,0,0,0.3,0.1,0.3,0,0.3,0,2.4,0,0,0,0,0,0,0,0
7/24/2006,0.3,,0,1.9,0,0,0,0,3.7,0,0,0,0,0,0,0.1,0,0,0,0,0,1.5
7/25/2006,1.2,,0,2.8,0,0,2.9,0,0,0,0,0,3.6,0,0,0,0,0,0,0.3,0,2.3
7/26/2006,0,,0,0,0,0.4,0,0,0,0,0,0,0,0,0,0,0,0,0,0,0,0
7/27/2006,0,,0,2,0,0,0,0,0,0,0,0,0,0,0,0,0,0,0,0,0,8.4
7/28/2006,39.7,,0,0,0,0.7,22.3,0,0,0,3.6,22.6,0,0,5.2,0.5,5.4,0,36.6,0.7,0,17.3
7/29/2006,0.4,,0,2.1,0,6.5,11.8,1.6,6.9,3.7,2.1,1,0,1.8,0,1.9,6,12.8,1.6,3.2,0,1
7/30/2006,4.1,,5.4,19.6,1.6,1.8,0,0,24.4,9.2,1.3,0,10.2,0,6.4,0,0,14.2,0,0,0,16.2
7/31/2006,1,,0,0.2,0,0.2,20.6,0,0,0.2,0.9,0,44.6,1.4,0,0,1.4,0.5,2.2,1.2,0,5
8/1/2006,0.4,,12.2,0.3,6.5,1.6,18.9,0,5.8,44.1,7.8,0.4,0,34.4,9.1,0,14.8,1.9,13.5,0,0,2
8/2/2006,0.7,,1.1,13.1,0.7,6.5,44.2,4.7,6.7,76,3.6,0.9,0,8.4,12.9,0,2.2,3.5,2,4.2,1.7,0.5
8/3/2006,1.5,,0.8,1.7,0,3.1,0,4.6,0.6,0,2.4,2.5,0.4,2.4,1.8,0.6,0.1,0.8,0,0,0.2,18.9
8/4/2006,4,,0,2.3,0,1.6,0,0,0,16.2,3.2,10.9,0,4.4,27.2,0,9.1,0.1,0.5,0,0,0
8/5/2006,0.5,,0,0.2,0,0,0,0.5,0,42.8,1.1,0.9,0,0.2,0.7,0,0,0,0,0,0,1.2
8/6/2006,0,,0,0,0,0.8,0,0.4,0,0,0,1.7,0,0,15.9,0.2,0,0,0,0,0,4.6
8/7/2006,0,,0,0,0,0,0,0,0,3.5,0,0,0,0,1.2,0,0,0,13.4,0,0,4.4
8/8/2006,0,,0,0,0,0,0,0,0,0,0,0,40.6,0,0.2,0,0,0,0,0,0,0
8/9/2006,0,,0,0,0,0,0,0,0,0,0,0,0,0,0,0,0,0,0,0,0,0
8/10/2006,0,,0,0,0,0,4.6,0,0,5.2,0.3,0,0,0,0.2,0,0,0,103.6,13.7,0,0.4
8/11/2006,0,,0,0,1.3,0,16.7,0.5,0,0.4,1.1,0,22.3,0,0.5,0,0,0,6.3,8.7,0.1,0
8/12/2006,0,,0,0.2,0,0,0,0,0,3.9,4.9,11.2,4,0,0.2,0,0,0,1.3,12.6,0,0.9
8/13/2006,0,,0,0.1,0,0,0,0,0,0,0,0,0,0,0.7,0,0,0,0.1,2.9,0,0
8/14/2006,0,,0,0,0,0,0.3,0,0,0,0,0,11.9,3.3,0.2,0,0,0,1.5,31.3,0,3.4
8/15/2006,0,,0,0,0,0,0,0,0,0,0,0,0,0.9,0.4,0,0.3,0,0,0,6.8,0
8/16/2006,0,,0,0.1,0,0,7.8,0,0,0,0.9,0,0,0,5,0,1.4,0,1.2,0,0,17.2
8/17/2006,0,,0,0.6,1,0.2,0,0,0.4,0,0,2.1,2.9,1.1,1,0,0,0,0,0,0,0
8/18/2006,0,,0,0,0,0,0,0,0,0,0,0,3,0,0,0,0.1,0,0,0.2,0,0
8/19/2006,0,,0,0,0,1.8,0,0,0.9,0,0,0,0,0.2,0,0,0,0,0,0,0,0
8/20/2006,0,,0,0,0,0,0,0,0,0,0,0,0,0.5,0,0,0.8,0,0,0,0,0
8/21/2006,0,,0,0,0,0.9,0,0,0,0,0,0,0,0,0,0,0,0,0,0,0,0
8/22/2006,0,,0,0,0,0,0,0,0,1.2,0,0,0,0,18.3,0,0.1,0,0,0,0,0
8/23/2006,0,,0,3.4,0,0,0,0,1.7,0,0,0,0.3,0,0.2,0.1,0.6,0,0,0,0,0
8/24/2006,0,,0,0,0,0,1.1,0,0,0,0,0,0,0,0,0,0,0,0,0,0,0
8/25/2006,0,,0,0,0,0,0,0,0,0,0,0,0,0,0,0,0,0,0,0,0,0
8/26/2006,7.4,,3,0.3,0,0,70.7,0.4,0,42,0.5,0,73.7,0,0,4.7,0,0,57.5,36.9,41.9,15.8
8/27/2006,0,,0,0,0.1,0,0,0,0,22.5,0.6,0,0,0,0,7.7,0,0,0,0,0,0
8/28/2006,0,,0,0,0.2,1,3.2,0,0,0,0,0,3.9,0,0,2,1.1,0,0,0,0.5,0
8/29/2006,0,,0,0,0,0,0,0,0,0,0,0,0,0,0,0,0.3,0,0,110.5,0,0
8/30/2006,0,,0,0.3,0,0,0,0,0,0,0,0,7.1,0,0,0,0,0,0,83,0,0.2
8/31/2006,0,,0,18.3,0.4,0,0.3,1.8,0,26.8,0,34.6,13.3,0,8.3,0,0,0,10.3,0.7,0,1.6
9/1/2006,4.8,,0,2.7,11.2,2,1.9,0.2,0,0,10,1.9,14.1,0.6,1.3,1.1,0,0,4.9,23.9,0,6
9/2/2006,2.5,,1.6,0.8,0,12.5,0,0.4,0,0,0,0.3,0,0.8,0,0,1.2,0,0,0,0,0
9/3/2006,42,,11.7,28.9,26.3,4.9,10.2,24.2,22.4,35.7,22,14,20.1,0.6,10.8,9.2,5.2,16.3,26.7,9.8,21.7,17.8
9/4/2006,38.7,,12.2,1.8,2.4,2.1,0,2.1,0,5.8,6.2,1.4,0,0.3,30,0,0.2,0,0,0,0.5,0
9/5/2006,0.3,,0,0,1.3,0,0,0,0,0,0,0.3,0.5,0,1.6,0,0,0,1.5,0,21.2,0
9/6/2006,0,,0,0.3,0,0,0,0,0,36.2,0,0.7,0,0,0,0,0,0,0,9.3,0,0
9/7/2006,0,,23,0,17.7,0.1,18.6,0,5.8,0,33.5,0,13.1,1.3,0,0,0.4,49.3,9.3,14.9,0.8,1.3
9/8/2006,0,,0,1.5,0,6.9,1.2,1.1,3.9,3.5,0,0,9.6,8.9,2.3,0,2.9,0.8,4.9,1.8,0,0.5
9/9/2006,0,,4.6,30,0,1.9,19.3,2.4,1.4,21.3,0,0,6.2,3.1,0.7,0,1.5,2.4,7,0.2,1.4,4.7
9/10/2006,14.6,,0.5,0.3,0.8,0.8,0,0,11.4,9.4,0,1.2,0,1.3,4.2,0,0.1,7.1,0,1.3,0,0
9/11/2006,1.1,,0,0,0,0,0,0,0,0,7.6,0.1,0,0,0.1,0.3,0.3,0,0,0,0,34.5
9/12/2006,11.8,,1.7,2.4,6.2,10,16.7,11.6,0,32.4,2.5,4,22.8,1.6,6,5.5,0.2,3.7,26.6,10.5,13.6,6.1
9/13/2006,12.3,,0,0,0,10.9,0,1.4,0.2,0.4,11.7,1,0,0.3,1.7,0,0,0,0,4,1.7,3.2
9/14/2006,1.3,,0,13.5,0,0,0,0.2,0,0,1.7,0.1,0,0,0,0,23.9,0,0,0,0,0
9/15/2006,30.2,,41,0.3,17.5,0,0.5,8.1,0.4,21.6,21,34,21,0,32.6,2.2,0,2.7,9.8,11,39.5,30.3
9/16/2006,0,,0,22.4,1,4.9,4.3,0,2,22.4,7.4,0.4,0,1.6,7.3,0,1.3,0.5,0.3,0,0,0
9/17/2006,3.4,,0,1.1,0,0,0,0,0.1,12.6,0,0,0,0,4,0,0,0,0,0,0,7.6
9/18/2006,1,,0.8,0,0,1.8,3.5,3,0,9.4,7.3,1,24.7,0.2,0.1,26.6,1.8,0,10.6,14.6,24.3,18.2
9/19/2006,2.6,,0,1.9,10.8,0,0,0,0,0,0,0,0,0,0,2.4,0,0,0.2,12.8,0,14.3
9/20/2006,21,,0,0,0.8,0,6.5,4.1,0,7.7,2.6,0,0,0,0,0,0,0,0,0,0,4.4
9/21/2006,0.3,,4.6,0,0,0,0,0,0.8,6.8,2.4,0,0,0,0,0,0,0.6,0,0,1.9,0
9/22/2006,3.3,,0,0,0.3,0,15.6,0.5,0,17.8,0,0.6,14.9,0,0,10.3,3.6,0,15.2,31.9,14.3,4.9
9/23/2006,0,,0,0,2.6,0.2,6.9,3.8,0,0,0,0.5,0.4,0.9,3.7,0,0,0,0.1,3.9,0,3
9/24/2006,4.2,,0,18.1,0,0.9,14.5,0.9,0,3.1,0,0,0,0,1,2.7,0,0,1.3,11.9,1.3,1.7
9/25/2006,0,,0.2,9.9,0.1,0,0,1.6,4.2,9,19.6,8.3,0,0,0.6,46.4,0,0,4.4,0,11.4,16.4
9/26/2006,6.6,,0,1.8,0,12,0,0,0,0,0,13.6,0,0,2.1,0.2,18.7,0,9.2,0,39.1,0.1
9/27/2006,25.2,,25.9,24.3,37.9,2.2,2.6,22.9,17.5,0,36.7,27.4,0,0,23.5,0,21.5,12.5,0,0,0,0
9/28/2006,1.3,,0,0,0,15.2,12.3,0,0,0,0,0,0,0,0,0,0.7,0,19.2,0,2.3,17.7
9/29/2006,0.4,,0,0,0,0,0,0,1,2.9,0,0.6,0,0,3,0,0.7,2.6,0,0,0,0
9/30/2006,0.5,,0.2,1,0,0,0,0.6,0,0,0,0,5.7,0.5,0,0,0,2.3,0,57.6,0.7,40.8
10/1/2006,0,,0,0.1,0,3.4,0,0.8,2.1,0,0,0.4,0,28.3,0.1,0.4,14.5,0.1,0,0,0.3,0
10/2/2006,0,,15.8,0.3,0,0,12.5,2,1.6,8.1,0,0,0.1,28,2.5,8,2.7,0,40.5,0.6,4.6,19.4
10/3/2006,18.3,,37.7,23.6,1.8,0,2.5,15.6,0,0,34.8,10,0,0.2,3.2,29.5,0,0.5,5.2,13.8,14.8,5.1
10/4/2006,0,,0,0,0,1.2,0,0.3,0,0,0,0.5,0,0,0,0,0,0,0,0,0,0
10/5/2006,0,,0,0,0,10.5,0,12.9,0.9,0,0,6.3,0,2.2,0.3,11.8,0,0,0,0,9.6,0
10/6/2006,0,,0,1.1,0.2,2.1,0,0,0,0.5,0,0,15.5,0,9.3,0.4,1.2,3.5,0,2.8,2.2,0
10/7/2006,0,,0,0,0,0,19,10,0,9.4,0,2.3,11.6,0,0,29.2,0,0,0.5,11.3,66.7,1
10/8/2006,1.6,,0,11.1,0,0,3.4,0.2,0,3.8,0,0,36.3,0.1,0.7,7,0.1,0,14.2,35,19.2,12.6
10/9/2006,1,,1.4,0,0,0,0.5,2.6,0.1,0,11.3,2,0,0,3.2,6.3,0,0,28.7,3.2,25.4,5.9
10/10/2006,12.8,,0,0,0,0.5,0,0,17.2,8.8,0,51.7,0,0,2.4,14.4,0.1,0,1.3,0,15.3,0
10/11/2006,1.3,,25.8,7.9,17.1,1.9,19.1,28.8,12.4,0,12,5.3,5.4,30.3,2,14.6,85.4,37.4,2.3,1.4,15.7,5.5
10/12/2006,0.3,,0.2,15.1,0.6,0.8,0,6.5,1.1,2.9,64.6,17.8,2.6,41.1,16.8,15.4,5.6,2.8,1,0,0.5,0
10/13/2006,1.6,,6,24.5,0,0,5.9,10.1,0,17.3,12.2,0.3,0,0,24.4,5.6,53.9,0,6.8,0,2.2,15.1
10/14/2006,0,,0,18.9,77.1,0,0,30.6,0,0,2.6,1.8,0,0,10.6,6.5,0,0,4,0,0,0.2
10/15/2006,28.9,,0,0,0,0,0,5.2,0,0,0,0.1,0,0,2,4.7,0,0,0,0,0,0
10/16/2006,41.8,,0,0,0,0,4.5,2,0,0,0,0,0,0,0,9.1,0,0,6.9,0,1.7,1.4
10/17/2006,0,,0,0,0,0,0,0,0,0,0,2,0,0,0,0,0,0,0,0,0,0
10/18/2006,9.3,,16.3,12.1,1.7,58.5,28,1.6,11.8,24.1,0,0.7,11.7,27.3,4.4,9.5,14.7,38.2,12.9,7.5,30.3,1
10/19/2006,10.2,,15.5,9.9,2.2,12.5,7.6,1.1,22.2,2.6,7.1,19.4,0,15.6,2.2,34,17.4,22.2,0,6.7,8.3,0
10/20/2006,0,,0,0,0,0,0,0,0,0,0,0,0,0,0,0,0,0,0,0,0,0
10/21/2006,0,,0,0,0,0,0,0,0,0,0,0.2,0,0,0.2,1.3,0,0,0,0,0,0
10/22/2006,0,,37.1,12.5,2,0,0,2,5.1,4.8,3.6,9.7,0,0.6,5.8,34,0,5.7,0,0,2.8,0
10/23/2006,0,,0,0,0,48.9,10.8,0,0,0,0,0,0,28.3,19.9,21,21.5,0,0,0,21.9,0
10/24/2006,0,,0,0,0,1.8,0,0,0,0,0,0,0,0,0,0,6.8,0,0,0,0,0
10/25/2006,0,,0,14,0.7,0,0,0,0,0,3.3,3.2,0,0,1.8,0,0,0,0,0,0,1.1
10/26/2006,0.5,,0,0,0,0,0,0,0,0,0,0,0,0,0,0,0.3,0,0,0,0,0
10/27/2006,2.7,,0,0,0.6,0,0,0,0,1.5,0,1.9,0,1,1.2,0.6,0,0,0,0,32,0
10/28/2006,0,,0,0.4,0,6.6,21.1,19,0,31.6,0,6.9,0,0,6.6,4.1,0.1,0,0,0,15.7,0
10/29/2006,4.6,,0.2,14,0,46.6,0,3.2,0,0,14.8,15.1,0,8.2,26.8,0,28,1,0,1.1,0,0
10/30/2006,0,,0,0,0,0,0,0,0,7,4.7,0.8,0,0,13.1,0,0,0,0,0,8.1,0
10/31/2006,0,,0,1.1,0,0.1,0,0,1.1,0,0.4,0,0,0,0,0.2,0,0,0,0,1.8,0
11/1/2006,49.3,,0,2.5,0.3,16,0,6.7,2.2,0.6,5.8,19.1,0,1.1,3,8.1,0,0,0,0,0,0
11/2/2006,1.2,,0,22.2,1.4,0,1.1,2.5,0,0,8.4,0.8,0,0,1.9,0,0.4,0,0.9,0,1.5,0
11/3/2006,0,,0,0,1.7,3.9,0,0,0,0,4.4,0.3,0,0,1.6,0,0,0,0,0,5.2,0
11/4/2006,0,,2.1,10.7,22.8,0,0,0,0,0,1.2,0,0,0,0,5.6,0,0,0,0,5.1,0
11/5/2006,0,,0,5.6,6.3,0,0,26.4,0,0,0,12.3,0,0,2.4,0,0,0,0,0,8.3,0
11/6/2006,2.9,,0,8.6,0,0,0,0,0,0,0,0,0,0,0,0,0,0,0.6,0,0,0
11/7/2006,0,,0,19.4,0,0,0,0,0,0,0,0,0,0,0.3,0,0,0,0,0,0,0
11/8/2006,0,,0,0,0.2,1.3,0,0,0,0,0.5,0,0,0,0,1.3,0,0,0,0,2.8,0
11/9/2006,0,,0,0,0,1.5,0,0,0,0,0,0,0,0,0,0,0,0,0,0,0,0
11/10/2006,0,,0,0,0,0,0,0,0,0,0,0,0,0,0,0,0,0,0,0,0,0
11/11/2006,0,,0,3.8,0,15.2,0,0,0,0,0,0,0,0,0,0,0,0,0,0,0,0
11/12/2006,0,,0,0,0,29.1,0,0,3.7,0,0,0,0,32.1,5.1,0,19.2,0,0,0,0,0
11/13/2006,0,,0,15,0,0,0,0,5.3,0,0,0,0,0,0,0,0,0,0,0,0,0
11/14/2006,0,,0,1.8,0,0,0,0,0,0,0,0,0,0,1,0,0,0,0,0,0.9,0
11/15/2006,0,,0,0,0,0,0,0,0,0,0,0,0,0,0,0,0,0,0,0,0,0
11/16/2006,0,,0,0,0,0,0,0,0,0,0,0,0,0,0,0,0,0,0,0,0,0
11/17/2006,0,,0,0,0,3.9,0,0,0,0,0,0,0,0,0,0,0,0,0,0,0,0
11/18/2006,0,,0,0,0,26.7,0,0,0,0,0,0,0,0,0,0,0,0,0,0,0,0
11/19/2006,0,,0,0,0,6,0,0,0,0,0,0,0,0,0,0,0,0,0,0,0,0
11/20/2006,0,,0,0,0,0.5,0,0,0,0,0,0,0,0,0,0,0.9,0,0,0,0,0
11/21/2006,0,,0,0,0,0.1,0,0,0,0,47.8,0,0,0,0,0,0,0,0,0,0,0
11/22/2006,0,,0,0,0,13.8,0,0,0,0,0,0,0,0,0,0,0,0,0,0,0,0
11/23/2006,0,,0,2.3,0,0,0,0,0,0,0,0,0,0,0,0,0,0,0,0,0,0
11/24/2006,0,,0,0,0,0,0,0,0,0,0,0,0,0.1,0,0,0,0,0,0,0,0
11/25/2006,0,,0,0,0,19.3,0,0,0,0,0,0,0,0,0,0,25.3,0,0,0,0,0
11/26/2006,0,,0,0,1,1.3,0,0,0,0,0,0,0,0,0,0,0,0,0,0,0,0
11/27/2006,0,,0,0,0,0,0,0,0,0,0,0,0,0,0,0,0,0,0,0,0,0
11/28/2006,0,,0,0,0,0,0,0,0,0,0,0,0,0,0,0,0,0,0,0,0,0
11/29/2006,0,,0,0,0,0,0,0,0,0,0,0,0,0,0,0,0,0,0,0,0,0
11/30/2006,0,,0,0,0,15.1,0,0,0,0,0,0,0,22.2,0,0,0,0,0,0,0,0
12/1/2006,4.6,,0,4.6,0,4.7,0,0,0,0,10.5,0,0,0,0,0,0,0,0,0,0,0.1
12/2/2006,0,,0,1.1,0,2.6,0,5,0,0.4,5.1,0.7,0,0,20.9,7.6,0,0,0,0,0,0
12/3/2006,0,,0,3.7,26.8,14.5,0,0,0,0,0,0,0,0,13,0,0,0,0,0,0,0
12/4/2006,0,,0,0,0,0,0,0,0,0,0,0,0,0,0,0,0,0,0,0,0,0
12/5/2006,0,,0,0,0,0,0,0,0,0,0,0,0,0,0,0,0,0,0,0,0,0
12/6/2006,0,,0,0,0,0,0,0,0,0,0,0,0,0,0,0,0,0,0,0,0,0
12/7/2006,0,,0,0,0,0,0,0,0,0,0,0,0,0,0,0,0,0,0,0,0,0
12/8/2006,0,,0,0,0,0,0,0,0,0,0,0,0,0,0,0,0,0,0,0,0,0
12/9/2006,0,,0,0,0,0,0,0,0,0,0,0,0,0,0,0,0,0,0,0,0,0
12/10/2006,0,,0,0,0,0,0,0,0,0,0,0,0,0,0,0,1.9,0,0,0,0,0
12/11/2006,0,,0,0,0,0.1,0,0,0,0,0,0,0,0,0,0,0,0,0,0,0,0
12/12/2006,0,,0,0,0,16.5,0,0,0,0,0,0,0,0,0,0,0,0,0,0,0,0
12/13/2006,0,,0,0,0,0,0,0,0,0,0.3,1.1,0,0,2.2,0,0,0,0,0,0,0
12/14/2006,1.7,,0,0,0,0,0,0,0,0,0,0,0,0,0,0,0,0,0,0,0,0
12/15/2006,0,,0,1.2,0,33.2,0,0,0,0,3.9,0,0,3.8,0,0,0,0,0,0,0,0
12/16/2006,0,,0,1.3,0,0,0,0,0,0,1,0,0,0,0,0,0,0,0,0,0,0
12/17/2006,0,,0,0,0.8,0,0,0,0.1,0,0,0,0,0,0,0,0,0,0,0,0,0
12/18/2006,0,,0,0,0,0,0,0,0,0,0,0,0,0,0,0,4.6,0,0,0,0,0
12/19/2006,0,,0.8,0,0,0,0,0,0,0,0,0,0,0,0,0,0,0,0,0,0,0
12/20/2006,0,,0,0,0,0,0,0,0,0,0,1.9,0,0,9.9,0,0,0,0,0,0,0
12/21/2006,0,,0,0,0,0,0,0,0,0,0,0,0,0,0.7,0,0,0,0,0,0,0
12/22/2006,0,,0,0,0,11.1,0,0,0,0,0,0,0,0,0,0,0,0,0,0,0,0
12/23/2006,0,,0,0,0,15.1,0,0,0,0,0,0,0,0,0,0,0,0,0,0,0,0
12/24/2006,0,,0,0,0,0,0,0,0,0,0,0,0,0,0,0,0,0,0,0,0,0
12/25/2006,0,,0,0,0,0,0,0,0,0,0,0,0,0,0,0,0,0,0,0,0,0
12/26/2006,0,,0,0,0,0,0,0,0,0,0,0,0,0,0,0,0,0,0,0,0,0
12/27/2006,0,,0,0,0,0,0,0,0,0,0,0,0,0,0,0,0,0,0,0,0,0
12/28/2006,0,,0,0,0,0,0,0,0,0,0,0,0,0,0,0,3.9,0,0,0,0,0
12/29/2006,0,,0,0,0,0,0,0,0,0,0,0,0,0,0,0,0,0,0,0,0,0
12/30/2006,0,,0,0,0,0,0,0,0,0,0,0,0,0,0,0,0,0,0,0,0,0
12/31/2006,0,,0,0,0,0,0,0,0,0,0,0,0,0,0,0,0,0,0,0,0,0
1/1/2007,0,,0,0,0,0,0,0,0,0,0,0,0,0,0,0,0,0,0,0,0,0
1/2/2007,0,,0,0,0,0,0,0,0,0,0,0,0,0,0,0,0,0,0,0,0,0
1/3/2007,0,,0,0,0,0,0,0,0,0,0,0,0,0,0,0,0,0,0,0,0,0
1/4/2007,0,,0,0,0,0,0,0,0,0,0,0,0,0,0,0,0,0,0,0,0,0
1/5/2007,0,,0,0,0,0,0,0,0,0,0,0,0,0,0,0,0,0,0,0,0,0
1/6/2007,0,,0,0,0,0,0,0,0,0,0,0,0,0,0,0,0,0,0,0,0,0
1/7/2007,0,,0,0,0,0,0,0,0,0,0,0,0,0,0,0,0,0,0,0,0,0
1/8/2007,0,,0,0,0,0,0,0,0,0,0,0,0,0,0,0,0,0,0,0,0,0
1/9/2007,0,,0,0,0,0,0,0,0,0,0,0,0,0,0,0,0,0,0,0,0,0
1/10/2007,0,,0,0,0,0,0,0,0,0,0,0,0,0,0,0,0,0,0,0,0,0
1/11/2007,0,,0,0,0,0,0,0,0,0,0,0,0,0,0,0,0,0,0,0,0,0
1/12/2007,0,,0,0,0,0,0,0,0,0,0,0,0,0,0,0,0,0,0,0,0,0
1/13/2007,0,,0,0,0,0,0,0,0,0,0,0,0,0,0,0,0,0,0,0,0,0
1/14/2007,0,,0,0,0,0,0,0,0,0,0,0,0,0,0,0,0,0,0,0,0,0
1/15/2007,0,,0,0,0,0,0,0,0,0,0,0,0,0,0,0,0,0,0,0,0,0
1/16/2007,0,,0,0,0,0,0,0,0,0,0,0,0,0,0,0,0,0,0,0,0,0
1/17/2007,0,,0,0,0,0,0,0,0,0,0,0,0,0,0,0,0,0,0,0,0,0
1/18/2007,0,,0,0,0,0,0,0,0,0,0,0,0,0,0,0,0,0,0,0,0,0
1/19/2007,0,,0,0,0,0,0,0,0,0,0,0,0,0,0,0,0,0,0,0,0,0
1/20/2007,0,,0,0,0,0,0,0,0,0,0,0,0,0,0,0,0,0,0,0,0,0
1/21/2007,0,,0,0,0,0,0,0,0,0,0,0,0,0,0,0,0,0,0,0,0,0
1/22/2007,0,,0,0,0,0,0,0,0,0,0,0,0,0,0,0,0,0,0,0,0,0
1/23/2007,0,,0,0,0,0,0,0,0,0,0,0,0,0,0,0,0,0,0,0,0,0
1/24/2007,0,,0,0,0,0,0,0,0,0,0,0,0,0,0,0,0,0,0,0,0,0
1/25/2007,0,,0,0,0,0,0,0,0,0,0,0,0,0,0,0,0,0,0,0,0,0
1/26/2007,0,,0,0,0,0,0,0,0,0,0,0,0,0,0,0,0,0,0,0,0,0
1/27/2007,0,,0,0,0,0,0,0,0,0,0,0,0,0,0,0,0,0,0,0,0,0
1/28/2007,0,,0,0,0,0,0,0,0,0,0,0,0,0,0,0.6,0,0,0,0,0,0
1/29/2007,10.2,,0,0,0,0,0,0,0,0,8.4,0.2,0,0,0.6,0,0,0,0,0,0,0
1/30/2007,0,,0,0,0,0,0,2.2,0,0,37.3,0,0,0,0,0,0.2,0,0,0,0,0
1/31/2007,0,,0,0,0,2.2,0,0,0,0,0,0,0,0,0,0,0,0,0,0,11.2,0
2/1/2007,0,,0,0,0,0,0,0,0,0,0,0.5,0,0,0,0,0,0,0,0,0,0
2/2/2007,0,,0,0,0,0,0,0,0,0,0,0,0,0,0,0,0,0,0,0,0,0
2/3/2007,0,,0,0,0,1.6,0,0,0,0,14.4,0,0,0,0,0,0,0,0,0,0,0
2/4/2007,0,,0,0,0,6.1,0,0,0,0,0,0,0,0,0,0.8,0.3,0,0,0,0,0
2/5/2007,1.1,,0,0,0,0.1,0,0,0,0,8.4,1,0,0,0,0,0,0,0,0,12.1,0
2/6/2007,8.3,,0,0,8.1,0,0,0,0,0,0,0,0,0,0,0,0,0,0,0,0,0
2/7/2007,0,,0,0,0,0.1,0,0,0,0,0,0,0,0,8.1,0,7.6,0,0,0,0,0
2/8/2007,5.6,,0,0,0,16,0,0,0,0.3,0,9.6,0,0,0.9,0,0,0,0,0,7.7,0
2/9/2007,17.4,,0,0.9,6.4,20.6,0,35.5,0,0,3.5,5.8,0,0,12.6,18.2,0,0,0,0,4.6,0
2/10/2007,0,,0,0,0,0,0,0,0,0,0,0,0,0,0,0,0,0,0,0,0,0
2/11/2007,0,,0,0,0,0,0,0.8,0,0,0.1,0,0,0.1,0,0,0,0,0,0,0,0
2/12/2007,0,,8.9,0,0,0,0,0,0,0,0,0,0,0,0,0,0,0,0,0,0,0
2/13/2007,0,,0,0,0,1.6,0,0,0,0,0,0,0,0,0,0,0,0,0,0,0,0
2/14/2007,0,,0,0,0,0,0,0,0,0,0,0,0,0,0,0,0,0,0,0,0,0
2/15/2007,0,,0,0,0,0,0,0,0,0,0,0,0,0,0,0,0,0,0,0,0,0
2/16/2007,0,,0,0,0,0,0,0,0,0,0,0,0,0,0,0,0,0,0,0,0,0
2/17/2007,0,,0,0,0,0,0,0,0,0,7.4,0,0,0,0,0,0,0,0,0,0,0
2/18/2007,0,,0,0,0,0,0,0,0,0,0,0,0,0,0,0,0,0,0,0,0,0
2/19/2007,0,,0,0,0,0,0,0,0,0,0,0,0,0,0,0,0,0,0,0,0,0
2/20/2007,0,,0,1.2,28.4,0,0,2.6,0,0,0,0,0,0,0,0,0,0,0,0,0,0
2/21/2007,0,,0,0,0,0,0,0,17.4,0,0,0,0,0.3,0,0,0,0,0,0,0,0
2/22/2007,0,,0,0,0,0,0,0,0,0,0,0,0,0,0,0,0,1.2,0,0,0,0
2/23/2007,0,,0,0,0,0,0,0,0,0,0,0,0,0,0,0,0,0,0,0,0,0
2/24/2007,0,,0,0,0,0,0,0,0,0,0,0,0,0,0,0,0,0,0,0,0,0
2/25/2007,0,,0,0,0,0,0,0,0,0,0,0,0,0,0,0,0,0,0,0,0,0
2/26/2007,0,,0,0.5,0,0,0,0,0,0,16.4,0,0,18.9,0,0,0,0,0,0,0,0
2/27/2007,0,,0,2.5,0,0,0,0,0,0,0,0,0,0,0,0,0,0,0,0,0,0
2/28/2007,0,,0,0,0,9.7,0,0,0,0,0,0,0,0,0,0,0,0,0,0,0,0
3/1/2007,0,,0,0,0,0,0,28.5,0,0,0,0,0,0,0,0,0,0,0,0,0,0
3/2/2007,0,,0,0,0,0.1,0,0,0,0,0,0,0,0,0,0,0,0,0,0,0,0
3/3/2007,0,,0,0,0,0,0,0,0,0,0,0,0,0,0,0,0,0,0,0,0,0
3/4/2007,0,,0,0,0,0,0,0,0,0,0,0,0,0,0,0,0,0,0,0,0,0
3/5/2007,0,,0,0,0,0,0,0,0,0,0,0,0,0,0,0,0,0,0,0,0,0
3/6/2007,0,,0,0,0,0,0,0,0,0,0,0,0,0,0,0,0,0,0,0,0,0
3/7/2007,0,,0,0,0,0.1,0,0,0,0,0,0,0,0,0,0,0,0,0,0,0,0
3/8/2007,0,,0,0,35.3,0,0,0,0,0,3.6,0,0,11.3,0,0,15,0,0,0,0,0
3/9/2007,0,,0.4,3.2,0,0.1,0,0,0,0,42.7,0,0,0,0,0,0,0,0,0,0,0
3/10/2007,13.2,,0,0,0,0.1,0,0.7,0,0,0,0,0,0,0,0,0,0,0,0,0,0
3/11/2007,0,,0.3,13.9,0,0,0,0.7,0,0,0,0,0,7.6,0,0,0,0,0,0,0,0
3/12/2007,0,,0,0,0,0,0,0,0,0,0,0,0,0,0,0,0,0,0,0,0,0
3/13/2007,0,,0,0,0,0,0,0,0,0,0,0,0,1.4,0,0,0,0,0,0,0,0
3/14/2007,0,,0,0,0,0.4,0,0,1.8,0,0,0,0,11.2,0,0,0,0,0,0,0,0
3/15/2007,34.1,,0,0.8,17.8,0,0,2,1.5,24.2,12.1,8.2,0,0.6,20.6,0,0,1.9,0,0,0.2,0
3/16/2007,0,,0,0.4,1.3,9.9,0,0,0,0,0.8,0.2,0,14,0,57.5,36.3,0.4,0,0,0,0
3/17/2007,0,,0,0,0,0,0,0,0,0,0,6.4,0,0,4.2,1.5,0,0,0,0,0,0
3/18/2007,0,,0,0.2,15.1,0,0,62.7,0,4.5,3.3,0,0,0,0.2,0,0,0,0,0,0,0
3/19/2007,0,,0,0,0,0,0,0,0,0,0,0,0,0,0,0,0,0,0,0,0,0
3/20/2007,0,,0,0,0,0,0,0,0,0,0,0,0,0,0,0,0,0,0,0,0,0
3/21/2007,0.3,,0,0,0,0,0,0,0,0,0,0,0,0,0,0,0,0,0.5,0,0,2.8
3/22/2007,0,,0,0,0,0,0.6,0,0,4.7,0,3.8,0,0,0,3,0,0,11.5,0,10.7,17.1
3/23/2007,16.4,,0,0,0,1.6,0,0,0,0,0,2.6,0,0,10.7,0,0,0,0,0,0,0
3/24/2007,0,,0,0,0,0,0,0,0,0,0,0,0,0,0,0,0,0,0,0,0,0
3/25/2007,0,,0,0,0,0,0,0,0,0,40.8,0,0,0,0,28.2,0,0,0,14.9,0,0
3/26/2007,15.5,,16.9,17.7,46.8,20.9,0,27.5,59.2,0,0,15,0,30.5,3.7,0,27.5,64.5,0,0,0,0
3/27/2007,0,,0,0,0,0,0,0,0,0,0,0,0,0,0,0,0,0,0,0,0,0
3/28/2007,0,,0,0,0,0,2.7,0,0,0,0,0,0,0,0,0,0,0,0,2.5,0,0
3/29/2007,0.1,,0,0,0,0,0,0,0,0.6,0,0,0,0,0,26,0,0,0.8,0,51.9,9.3
3/30/2007,0,,2.6,0,0,10.3,0,0,0,0,0,20,0,0,20,0,4.4,0,0,0,0,0
3/31/2007,0,,0,0,0,0,0,0,0,0,0,0,0,0,0,0,0,0,16.3,0,0,21.5
4/1/2007,19.5,,74,69.2,78.4,57.3,0,8.3,55.9,10.8,56.6,46.4,0,22.8,11,5.6,50.2,69.7,5.5,22.2,37.1,0
4/2/2007,0,,0,0,0,0,60.1,0,0,0,0,0,0,0,0,0,0,0,0,0.1,0,0
4/3/2007,0,,0,0,0,0,0,0,0,0,0,0,0,0,0,0,0,0,0,0,0,0
4/4/2007,1.2,,31.4,0,0,3.4,0,16.2,9.8,44.7,0.4,20.3,0,49.1,21.5,0,0.1,0,0,0,0,65.1
4/5/2007,0.3,,24.3,30.4,21.1,0,44.7,13.3,1.2,0,9.7,24.8,0,23,21.1,0,0,2.3,0.8,31.5,0,7.2
4/6/2007,0,,0,0,0,1,0,0,0,0,0,0,0,0,4.8,0,0,0,0,0,0,25.6
4/7/2007,79.6,,116.4,32,20.4,28.5,0,58,17.5,2.6,21.3,25.9,0,8.5,30.3,28.7,6.1,27.7,0,0,30.9,1.5
4/8/2007,0,,9.5,0,0,0,0,0,0,0,0.5,0,0,0,0,0,0,0,0,0,0,0
4/9/2007,0,,0,0,0,2.8,0,0,0,0,0,0,0,0,0,0,0,0,0,0,0,0
4/10/2007,0,,0,0,0,0.6,0,0,0,0,0,0,0,0,0,42.4,0,0,0,0,0,0
4/11/2007,0,,0,0.4,0,1.4,0,10.9,0,0,0.5,0,16.9,0,0,12.2,0,0,0,21.5,8.3,0
4/12/2007,0,,0,0,0,0,25.7,0,0,30.6,0,0,11.3,0,0,3.2,0,0,43,48.1,48,12.3
4/13/2007,0,,0,0,0,0,0,0,0,0,0,0,0,0,0,0,0,0,0,0,0,0
4/14/2007,0,,0,0,0,0,0,0,0,0,0,0,0,0,0,0,0,0,0,0,0,0
4/15/2007,9,,0,5.6,0,0,0,28.2,0,0.6,3.5,24.9,0,0,13.9,0,0.2,0,0,0,0,0
4/16/2007,0,,0,2,0,0.7,0,0,0,0,0,0,12.5,0,0.6,0,0,0,0,0,0,0
4/17/2007,1.6,,0,0,0,3.7,0,0,0,3.4,0,11.5,29,2.2,0,39.1,2.4,0,1.7,0,3.7,0
4/18/2007,0,,0,6.9,0,0,0,0,0,0,0,0,0,0,0,0,0,0,0,0.3,0,0
4/19/2007,0,,0,0.8,0,0,0,0,0,0,0,0,0,0,0,0,0,0,0,0,0,0.7
4/20/2007,2.3,,0,0,0,0,1.5,0,0,0,0,0,0,0,0,0,0,0,0,0,0,0
4/21/2007,0.5,,0,10.1,0,0,22.6,0,0,2.1,0,25.6,0,0,0,11.6,0,0,0,0,0,0
4/22/2007,16.5,,0,15.3,0,24.9,1.6,6.9,0,5.1,5.4,4.1,46.1,2.6,26.4,0.4,43.6,0,0,0.5,2.7,0
4/23/2007,1.5,,0,0,5,0,0,0,0,0.4,11.7,0,0,0,0.3,6.2,0,0,0,0,1.2,0
4/24/2007,0,,0,0,0,0,0,0,0,0,0,0,0,0,0,0,0,0,0,0,0,0
4/25/2007,0.7,,0,2.2,12.3,0,0,0,0,0,0,20.1,0,0,0.6,0,0,0,0,0,0,0
4/26/2007,6.8,,0,0,2.7,0.6,0,0,0,0,0,73.4,0,0,26.5,0,0.3,0,14.8,2.7,0,0
4/27/2007,36.4,,5.7,28.6,2.5,0,12.8,0.3,0,0,3.6,19.6,2.1,0,6,11.8,0,0,10,8.5,0,45.1
4/28/2007,0,,0,9.1,0,0,0,26,0,0,0,0,0,0,0,0,0,0,0,0,0,0
4/29/2007,0,,0,1.8,0,0,2.2,31.6,0,0,20.9,0,15.8,0,8.3,0,0,0,0,6,0,0.8
4/30/2007,24.7,,0,0,0,0,0,0,0,0,1.5,14.3,21.3,0,1,0,0,0,7,15.5,0,0
5/1/2007,2.6,,0,0,0,0,10.6,0,0,6.4,0,0,42.2,0,0,5.6,0,0,45.9,4.9,35.5,32.2
5/2/2007,0,,0,0,0,0,1,0,0,0,0,0,0,0,0,1.3,0,0,0,0,1,0
5/3/2007,0,,0,3.3,0,0,0,0,0,43.4,0.8,0.5,0,0,5.2,17.2,0,0,0,0,15,0
5/4/2007,1.6,,0,5.3,0,0,0,0,0,0,0,13.3,0,0,0,0,0,0,0,0,0,0
5/5/2007,26.7,,0.1,2.3,0,0.1,0,5.5,0,0.1,3.8,4.9,0,1.2,65.4,0,1.4,0,0,0,0,0
5/6/2007,0.2,,0,0,0,0,0.8,0,0,0,0,0,0,0,0,0,0,0,0,9.1,0,0
5/7/2007,0,,0,0,0,0,3,0,0,0,0,0,0.2,0,0,0,0,0,0,0,0,0.4
5/8/2007,0,,2.3,0,1.2,0,0,34.5,0,0,1.7,25.7,0,0,3,0,0,0,3.3,0,0,0.5
5/9/2007,0,,0,0,0,0,0,14,0,0,0,0,0,0,0,6.5,0,0,0.3,0,0,0
5/10/2007,11,,0,2.5,0.3,0,0,18.5,35.2,16,26.8,0,0,0,1.4,1,0,2.4,0,0,13.1,0
5/11/2007,9.6,,72.5,16.1,60.1,42.8,0,18.8,24.2,0,19.7,43.6,0,26.1,12.5,6.7,25.6,22.2,0,0,0.1,0
5/12/2007,0,,0,0,0,0,0,0,0,0,0,0,0,0,0,0,0,0,0,0,0,0
5/13/2007,1,,8,1.8,0,2.9,22,1.8,0.5,16.9,0.8,0.2,32.4,1,0.7,8.1,0.4,0,53.9,126,21,15.2
5/14/2007,9.2,,0.4,0.4,0,0,0,0,0,20.5,0,0,0,0,0.2,1.1,0,0,0.4,0.5,0.6,0.5
5/15/2007,0,,0,21.9,0.6,0,2.4,0,0,1.2,1,26.3,0,0,0.1,3.4,0.2,0,0,0,0,0
5/16/2007,0,,0,0,0,0.2,7.5,0,0,0,0,0,0,0,3.5,0,0,0,0,0,0,0
5/17/2007,0.3,,0,25.3,4.1,0,0,0,0,0,0,0,0,0,5.9,0,0,0,0,0,0,0
5/18/2007,0,,0,0.8,0,0,10,0,0,2.9,1.8,0,1.1,0,0,0,0,0,16.8,18.7,0,31.3
5/19/2007,0,,0,17.3,0,0,8.5,0,0,0,0,0,0,0,0,0,0,0,11.5,0,0,1.6
5/20/2007,0,,31.9,0,6.2,0,0,5.1,0,28.7,1.2,0,0,0,0,49.1,0,0,0,0,29.3,0.5
5/21/2007,3.5,,3,5,21.5,20.8,0,1.7,32.1,0,6.2,36.5,0,57.8,11.6,0,10.7,35.1,0,12.6,0,0
5/22/2007,0,,3.1,0,1.1,8.2,0,15.5,0,0,0,0,0,0,4.8,0,3.9,0,4.2,0,0,8.8
5/23/2007,0,,0,0,0,0,0,0,0,0,0,0,0,0,0,0.2,0,0,0,20.9,0,0
5/24/2007,0,,0,0,0,0,0,0,0,0,0,0,0,0,0,0,0.3,0,0,0,0,0
5/25/2007,0,,0,0.3,2.1,0,0,0,0,0,1.6,0,0,0,0,0,0,0,0,0,0,0
5/26/2007,0,,0,0,0,17.3,0,0,0,0,0,0,0,0.4,0,0,28.4,0.4,0,0,0.2,0
5/27/2007,9.6,,7.4,21.3,16.4,14,9.7,12.7,4.7,0,31.1,7.5,0,13,23.3,22,32.1,4.4,1.1,0,21.7,0
5/28/2007,0,,0,0,0,0,2.7,0,1.8,0,0,0,0,0,0,0.9,2.5,0,0,0.4,0,0
5/29/2007,0,,0,0,0,5.8,0,0,47.2,31.7,0,0,10.7,0,0,0,3.1,59.4,0,0,0,5.3
5/30/2007,9.2,,0,0,0,9.9,1.6,0,0,0,0,5.7,5.4,0,20,14.6,16.4,1.1,0,4.9,28.7,0
5/31/2007,0,,0,0,0,3.4,0,0,0,0,0,0,0,0,0,0,0,0,0,0,0,0
6/1/2007,0,,0,0,0,0,0,0,7.8,0,0,0,0,1.9,0,0,0.2,0,12.5,0,0,31.8
6/2/2007,10.5,,52.7,3.9,35.9,51,31.5,2.1,39,48.1,38.6,8.9,0,56.7,25.3,18.3,26.2,62.9,12.9,0.2,8.5,7.4
6/3/2007,4.6,,10.9,1.8,0.1,40.6,0,1.2,17.6,0.1,7.2,12,0,36.5,20.1,14.9,56.6,6.3,0,0,14.8,0
6/4/2007,56.3,,3.8,3.3,0.3,45.6,0,1,0,30.1,0.7,1.1,0,0,0.2,8.4,5.1,0.6,0,0,28.5,0.3
6/5/2007,8.6,,0,0,0,209.5,0,0,0.4,0,0,0,0,9.9,0,0,2.1,0,0,0,0,0
6/6/2007,22.1,,0.4,28.6,9.2,54,7.5,34.4,7.1,21.5,7.3,18.6,40.6,86.4,31.6,2.1,4.8,0,15,16.2,1.9,12.1
6/7/2007,1.3,,1,0.8,2.1,65.5,0,0.2,0.3,6.2,4.8,0.8,0,2.9,3.3,32,22.4,0.9,7.9,0,9.6,2.8
6/8/2007,0,,0,0,0.2,2.4,0,0,0,0,0,0,0,0.1,0,0,1,0,0,0,0,0
6/9/2007,0,,0,0,0,7.4,0,0,0,0.2,0,0,0,0,0,0,0.2,0,0,0,1.2,18.1
6/10/2007,23.8,,0.1,21.2,25.8,23.2,0.5,17.5,2.7,3.4,13.2,7.4,0,1.9,24.5,0,12.5,1.2,0,0,0.4,0.3
6/11/2007,0.3,,1.9,0,0,0.7,0,1.1,0,0,0,0.7,0,0,0.4,0,0.2,0,0,0,0,1.8
6/12/2007,0,,2.2,0.8,0,11,3.5,0,0,0,0,0,0,4.2,0.3,0,6.4,0.4,0,0,0,0
6/13/2007,14.7,,14.7,16.3,9.3,4.8,12.2,28.2,25.4,0,32.9,0,0,1.3,17.8,15.2,0.6,11.2,0,0,7.8,0.1
6/14/2007,0.2,,0,0,0,0.5,0,0,1.1,0,0.5,0,0,0,0,1.1,0.2,0.1,0,0,0,0
6/15/2007,0,,0,0,0,1.8,0,0,0,0,0,0,0,0.9,0,0,0.7,1.8,0,0,0,0
6/16/2007,0,,0.8,3.3,0,3.7,2.3,0,0,0,0,0,27.1,0.3,0,0.1,0,0.1,0,23.4,1.3,0
6/17/2007,0,,0,0.1,0,0,0,25.5,0,0,0,0,0,0,0.8,0.6,0,0,0,0,0.8,0
6/18/2007,1.6,,0.2,0.3,0,0,0,0,0,0,0.6,0,0,3.1,6,0,0.2,0.1,0,0,4.8,0
6/19/2007,0,,0,0,0,12.5,0,0,0,0,0,0,0,0,0.1,0,0,0,0,0,0,0
6/20/2007,1.5,,21.2,2.8,3.8,1.2,0,46.4,28.6,2,39.6,76.5,0,1.2,0,66.2,0.3,34.5,0,0.9,31.5,0
6/21/2007,1.6,,0,0,1.5,1,0,0,12.6,0,0,0.4,0.8,0,1.3,0.2,0.9,1.5,0,0,0,0
6/22/2007,0,,0,0,0,0,0,0,1.1,4.4,0.6,0.3,21.7,9.2,0.6,0,0.7,0,5.5,0,0,5.5
6/23/2007,13.7,,18.8,0.5,0,75.6,7.6,0,0,11.5,0,0,0,0,29.9,10.5,5.3,12.4,0,31.7,2.5,0
6/24/2007,31.9,,45.4,0.3,11.7,120.4,0.1,56.7,10.2,39.2,9.2,15.8,0,1,2.9,29.4,25.8,40.3,31.2,0,29.3,0.3
6/25/2007,1.6,,0,0,0,77.1,0.2,1.5,0,0.2,12.2,0,0,2.4,0,0.3,0.7,0,0,0,0,0
6/26/2007,0,,0,2.8,0,15.4,0,0,0,0,0,30.9,0,0.2,8.1,0,9.1,0,0,0,0,0
6/27/2007,0,,0,0,0.3,5.2,0,0,0,0,1.9,1.2,0,0,0,0,6.1,0,0,0,0,33.3
6/28/2007,4.1,,0,8.1,17.1,69.7,0,46.4,6.1,0,0.5,0.6,0,0,0,1.4,8.7,26.9,0,0,0,4.4
6/29/2007,0,,6.9,5,0.1,29.4,0,0,6,0,0.2,0.8,0.7,0,0.7,13.2,0.2,58.9,0,0,1.9,0
6/30/2007,0,,0,0,0,0,0,0,0,0,0,0,47.6,0,7.5,3.8,0,0,0,0,2.4,0
7/1/2007,0,,0,0,0,0,0,0,0,0,0,0,0,0,0,0,1.6,0,0,0,0,0.1
7/2/2007,0,,0,0,0,0,0,0,0,0.2,0,1.5,0,0,0,0,0,0,0,0,0,0
7/3/2007,0,,0.6,6.7,0,0,0,0,0,0,2.5,0.4,8,0,2.8,0,0,0,0,0,0,0
7/4/2007,0,,9,0,0,11.5,9.8,0,44.2,1.9,0.5,13.4,5.8,9.7,0,0,54,83.6,0,0,0,4.4
7/5/2007,3.2,,0,0,0,91.9,0,0,2.5,29.4,0,4.7,0,4.8,2.2,3,21.2,0,0,0,4.2,0
7/6/2007,0.4,,0,2.7,0,105,0,0.8,4.3,0,0.4,0,0,14.2,0.4,0,13,15.9,0,0,0,0
7/7/2007,1.3,,8.2,20.2,5.4,0,0,2.7,16,0,53.6,0,0,0.7,62.2,0,0,18.8,0,0,3.4,0
7/8/2007,0,,0,0,0.1,0,0,3.7,0,0,0,0,0,0,3.5,0,0,0,0,0,0,0
7/9/2007,0,,0,0,0,0,0,0,0,0,0,0,0,0,0,0,0,0,0,0,0,0
7/10/2007,0,,0,0,0,0,0,0,0,0,0,0,0,0,0,0,0,0,0,0,0,0
7/11/2007,0,,0,0,0,0,0,0,0,0,0,0,0,0,0,0,0,0,0,11,0,0
7/12/2007,0,,0,0.8,0,0,0,0,0,4.2,0,0,19.6,0,0,0,1.1,0,1.8,0,0,0
7/13/2007,0,,0,0,0,0.1,0,0,0,0,0,0.5,0,0,12.1,0,0,0,0,0,0,12.4
7/14/2007,19.7,,0,0.3,0.1,3,0,0,0,0,0,0,20.5,0.1,0,0,0.1,0,0,23.2,0,0
7/15/2007,0,,0,0,25.1,0,0,0,0,0,0,0,30.2,0,0,0,0,0,0,0,0,0
7/16/2007,11.2,,4.8,12,53.4,0,0,27.3,5.5,0,4.2,13.8,28.3,0.3,0,0,0,0.1,27,5.2,0,10.8
7/17/2007,3.1,,1,0.6,0,0,0.3,0,21.9,0,49.8,22.9,18.1,0,0,0,2.8,22,48.5,7.3,4.4,1
7/18/2007,0,,0,5.7,10.7,31.6,0.1,41.7,1.2,39,36.8,0.8,0,0.1,0,0,76.4,9.3,43.9,0.4,0,16.5
7/19/2007,0,,0,2.8,55.7,38.4,0,1.4,0,0,3.4,0,0,0.4,13.4,0,0.1,0,0,0,0,0
7/20/2007,58.5,,9,19.4,0,153.1,32.9,60.5,16,21.4,9.8,44.4,2.7,31.2,2.8,35.9,25.2,76.6,0,1.4,66,12.6
7/21/2007,0,,0,0.4,0,16.4,1.2,1,0.3,0,0,5.1,0,2.6,3.2,2.1,30.7,2,0.2,0.1,0,1.3
7/22/2007,5.7,,0,15.5,0,7.2,7.1,3.8,0,4.5,0,4.9,37.8,3.6,2.9,36.7,0.7,0,6,0,8.2,11.7
7/23/2007,0.9,,0,5.4,0,1,0,0,0,0,0,0,1.1,0,1.9,0,0.2,0,0,0.4,0,0
7/24/2007,0,,0,0,0,5.7,0,0,0,0,0,0,0,0,0,0,0.2,0,0,0,0,0
7/25/2007,11.3,,1.7,0.5,0.1,1.1,25.9,1.4,0.5,29.1,6.4,68,37.3,7,55.4,28.6,16.2,0,6.6,6.6,32.4,20.5
7/26/2007,4.2,,26.2,4.9,21.2,26.8,0.5,12.4,4.4,1.9,13.3,2.4,3.4,10,29.1,3.8,7.9,15.2,0,0,1.4,11.8
7/27/2007,22,,9.7,2.1,0.4,0,1.8,19,1.1,7.8,10.7,6,48.8,0.3,2.8,12.3,3.3,0,23.9,61.8,5.1,5
7/28/2007,0.3,,0,0,0,0,0,0,0,0,0,0,0.4,0,0.1,20.8,0,0,0.9,4.4,5,9.5
7/29/2007,0,,0,0,0,0.1,2.1,0,0,2.7,0.7,3.8,20.1,0,4.4,0,0.3,0,0,0,0,5.8
7/30/2007,0,,0,0,0,0,0,0.4,0,0.3,0,0.3,0,0,11.6,3.6,0,0,0,0,0.7,1.6
7/31/2007,0,,0,0,0,0,14.8,0,0,0,0,0,2.6,0,0,0,0,0,1.5,0,0,0
8/1/2007,0,,0,0,0,0,0,0,0,0,0,0,1.3,0,0,0,0,0,0,0,0,0
8/2/2007,0,,0,0,0,0,0,0,0,0.2,1.2,0,2.4,0,0,0,0,0,14.2,0.5,0,2.2
8/3/2007,0,,0,1.5,0,0.1,0,6,0,3.3,0,0,0,0,1,0,0,0,0,0,0,0
8/4/2007,0,,0,2,0,0,0,0,0,0,0.2,0,36.4,0,0.6,0,0,0,2.9,4.5,0,0
8/5/2007,0.2,,0,8.3,2.7,0.6,1.6,1.2,0,0,7.7,0.3,1.6,0,5.3,0.2,0,0,1.1,9.5,0,0
8/6/2007,0,,0,0,0,0,0,0,0,0,0,0,1.9,0,0,0,0,0,0,0,0,0
8/7/2007,0,,0,0,0,0,0,0,0,0,0,0,0,0,0,0,0,0,0,0,0,0
8/8/2007,0,,0,0,0,0,57.3,9.4,0,38.4,0,0,7.1,0,0,27.1,0,0,59,2.4,68.9,16.9
8/9/2007,0,,0,5.8,0,3.3,0,2.8,1.1,0,20,2,0,0,1.2,0,3.1,0,0,0,0,0
8/10/2007,0,,0,3.9,1.3,0.5,0,0.1,0,17.4,0.4,20,38.2,1.2,17.1,6.7,2.4,0.4,1.4,0,0,30.1
8/11/2007,0.2,,0.8,13.7,1.5,0,5.7,7,0.2,9.1,4.6,0.6,0,0,29.2,0,1.1,0,10.3,7.6,0,8.2
8/12/2007,4,,0,3.7,0,4,2.3,7.9,0,27.5,0,5.1,0,0,1.7,0.3,6.3,0,1.3,4.3,0,0
8/13/2007,0.1,,0.3,0,0,1.9,3.6,1.6,0,22.7,1,0.3,23.9,2.4,7,0.5,0.6,0,11.1,8.3,1.2,18.3
8/14/2007,12.3,,0.6,5.4,1,3.2,1,2,0,4.6,5.5,23.8,11.4,2.7,2.2,36.8,6.1,0.3,35.8,7.2,35.4,22.6
8/15/2007,2.5,,0,0,0,1,0,0.3,0,0,0,0,0,0.5,0.6,0,0,0,0,0,0,0.2
8/16/2007,0,,0,0,0,0,0,0,0,0,0,0,0,0,0,0,0,0,17.5,0,0,37.2
8/17/2007,2.6,,0,0,0,0,5.5,0,0,0.2,0,0,26.9,0,0,0,0,0,11.5,17.9,0,2.2
8/18/2007,0,,0,0,0,4.7,0,0,0,0,0,0,0,0,0,0,0,0,0,0,0,0
8/19/2007,0,,0,0,0,0,0,0,0,0.7,0,0,0,0,0,0,0,0,0,0,0,5.8
8/20/2007,14.2,,5.9,0,12.8,0,33.8,2.5,0,6,25.9,0,22.2,0,2.6,0,0.7,0,0.5,37.9,0,3.4
8/21/2007,12.6,,24.4,2.3,5.5,12.5,6.3,2,4.3,1.4,0.4,1.6,1.3,1.8,4.4,3.5,5.4,14.5,3.6,11.4,4.2,2.3
8/22/2007,0,,0.5,0.8,0,0.5,0.2,0,0,0,0,0,0,0.4,0.4,0.2,1.6,0,2.8,0.3,0,0
8/23/2007,0,,0.3,0,0,1.2,0.9,0,0.3,0,0,0.1,17.4,0,1.2,0,0,0,0,0,0,0
8/24/2007,1,,2,0.6,0,0,12.1,4.4,0.8,1.6,1.4,0.8,59.7,0.8,0,1.5,0.1,0.5,7.2,13.4,15.1,6.9
8/25/2007,0.6,,1.2,0.2,0,0.5,0.2,0.8,0,0,0,3,0.6,0.1,0.1,0.3,0,0,0,2.6,1.8,0.8
8/26/2007,0,,0.3,0,0,0,0,2.4,0,0,0,0,4.4,0,0.5,0,0,0,0,0,0,0
8/27/2007,0,,0,0,0,0,10.5,1.8,0,20.9,0,0,35.9,0,0.1,0,0,0,8.6,17.4,0,7.5
8/28/2007,0,,0,0,0,0,1.1,0,0,4.3,0,0,26.5,0.1,0.6,0,0,0,8.4,1.4,0,57
8/29/2007,0.1,,0,0,0,0,0.8,0,0,0,1.3,0.7,12.3,0,0,0.6,0.7,0.5,0,12.4,0,0
8/30/2007,0.2,,16.7,0.7,0,1.4,14.7,0,6,0,0.1,36.6,3,0,0,10.2,0,3.3,0.8,5.3,12.5,1.5
8/31/2007,34,,29.9,3.5,0.5,36.6,87.8,19.2,57.4,25.6,27.3,22.8,72,37.7,16.8,12.6,32.6,18.6,6.6,22.4,1.2,14
9/1/2007,51.7,,0.6,6.7,20.9,26.8,0.2,3.3,5.5,7.2,7.7,68.5,5.6,14.7,16.3,32.7,15.8,4.3,0.3,2.4,1.6,0.6
9/2/2007,5.8,,1.7,31.5,16.1,2.4,0,0.8,1.4,0,3.5,8.8,2.7,1.3,13.7,2.5,0,0.8,0,0.4,1.8,0
9/3/2007,7.6,,0.3,10.6,0,23.8,0.4,1.4,0,5.4,0,1.2,7.6,3.3,9.9,2.7,44.3,0,0,2.5,28.1,7.1
9/4/2007,0,,0.8,0.4,0.2,7.5,27.6,47.8,1.5,8.4,0,13.4,0,26.5,0.4,27.3,16.3,0.9,0.1,2.5,56.3,12.8
9/5/2007,9.7,,0.9,8,1,0.8,0,9,5.9,2.2,19,7.5,4.1,6.2,0.7,0,5.1,3.6,54.9,1,6.7,25.5
9/6/2007,27.8,,0,3.3,0,3.3,27.3,0,0,0,0,12.7,0,0.2,2.8,0.3,0.4,0,13.6,6.4,0,11.1
9/7/2007,0,,0,0.2,0,0.9,0.2,0,0,0,1,0,0,0,3.2,0,0.6,0,1.2,0,0,0
9/8/2007,6.1,,9.8,8.3,7.8,0.2,22.7,78.8,0,13.2,21.4,47.9,12.7,0.2,10.5,22.2,2.1,0.3,18,8,40.3,38.4
9/9/2007,0.6,,0,4.6,0,0,0.9,0,0,0,1.8,11.9,3.5,0.3,2.6,25.7,0,0,0,0.4,7.7,10.5
9/10/2007,0,,0,4.7,0,2.1,9.5,1.2,0,6.5,0,0.5,0,0,1.5,0,0,0,0.1,6.1,0,0
9/11/2007,24.5,,3.9,0.4,14.1,0,0,7.2,3.6,2.9,0,0,0,0,0,0,0,2.7,18.2,0,0,1.3
9/12/2007,44.9,,5.7,0,4.6,0.2,13.2,0,2.3,0,1,2.4,0,0.2,7.6,40.3,2.3,0,0,8.1,6.3,8.7
9/13/2007,0,,0,0,0,0,0,0,0,0.8,0,17.6,0,0,0.6,0,0,0,0,0,1.2,0.3
9/14/2007,13.8,,0,0,0,0,9.1,0,0,0,0,0,0,0,0,0,0,0,2.4,0.7,0,0
9/15/2007,69.6,,1.7,0.2,44.9,0.4,19.2,0.2,0,0,7.9,67.6,5.1,0.2,0,0,0,0,6.6,15.2,11.7,0
9/16/2007,3.9,,0,1.7,0,0,0,8,0,5.1,10.8,17.1,6.6,0.1,3.9,21.3,1.4,0,0.6,0.4,1.2,0
9/17/2007,0,,0,0.9,0,0,0,0.2,0,7,4.6,0,0,0,0.9,0,0,0,26.5,0,6.7,13.3
9/18/2007,20,,0,9,0.6,8,3.9,3.6,0.2,9.4,0.5,31.1,32.4,43,20.5,14,0.2,0,52.3,28.8,32,7.7
9/19/2007,16.5,,0,0,15.2,1,0,7.1,0.2,0.3,6.4,1.4,0,0,0,0.5,30.1,0,2.7,0.9,0,6.3
9/20/2007,12.9,,3.7,26.8,41.5,0.7,2.7,1.8,68.3,0,22.4,32.3,0,0,1.8,0,38,24.7,0,0,0,0.1
9/21/2007,48.3,,0,0,0.4,0,1.8,10.7,0,26,0,64.3,10,0,8.4,35.4,0,0,19.3,8.4,6,1.5
9/22/2007,8.3,,0,0,0,0,23.2,0,0,55.3,0,0.4,0,0.6,0,29,0,0,18.7,0.2,13.2,30.3
9/23/2007,0.2,,0,0,0,0,2.8,16.6,0.2,0.4,0,67.7,10.9,3.2,1,49.8,5.3,0.3,0,0.4,0,1.1
9/24/2007,3.5,,0,49.6,8.1,0,0,1.8,0,18.4,0,0.8,0,0.4,6.4,0,0,0.8,18.9,0,0.3,20.5
9/25/2007,10.1,,0,0,0,0,3.7,10,0,1.5,0,14.9,0,0,0,11.2,0,0,5.4,0,4,1.8
9/26/2007,9.1,,0,0,0,0,0,0,0,0,0,25.6,5.4,0,0.6,2.5,0,0,0,0,0,0
9/27/2007,0,,0.4,0,4,17.5,0,0,0,27.2,7.5,0,6.9,0,0,0,0,0,18.4,10,0,33.5
9/28/2007,18.8,,0,0.7,1.1,0,3,45.3,0,0.2,5.9,16.9,0,1,24.4,0,0,0,0,0.5,0,6.2
9/29/2007,0,,0,1.8,3.6,0,13.2,0,0,0,1.6,0,0,0,0,13,0,0,0.7,0,2.2,0.1
9/30/2007,0,,0,1.8,0,0,0,1.4,0,11.5,2.2,2,0,0,0,0,0,0,0,0,1.1,8.7
10/1/2007,0,,0,0,0,1.3,0,0,0,0,0,21,0,0,1.8,0,0,0,0,0,0,0
10/2/2007,10.4,,15,2,3.1,0,0,5.7,0,8.9,29.3,2,0.8,0,11.5,6,0,0.6,0,25.5,15.3,3.7
10/3/2007,0,,0,0,0,0,0,0.3,0,0,0,0,0,0,0,0,0,0,0,0,4,0
10/4/2007,0,,0,1.6,0,4.4,3,0,0,7.8,0,0,0,0.7,4.5,5.3,17.5,0,3,0,48.1,1.7
10/5/2007,1.8,,17.1,26.3,0,31,0,4.8,13.7,29.4,7.7,7.2,0,4.1,27.5,19.2,22.2,26.7,17.1,0,0.2,8.3
10/6/2007,0,,0.1,6.5,8.4,3.4,7.1,22.6,0.5,8.7,14,0.3,0,2.6,17,0.7,0.6,0,0,0,6,1.7
10/7/2007,0,,0,25.3,0.3,4.5,0,0,3.1,0,0,8.2,0,55.6,2.6,11.3,29.2,0,0,0,7,0
10/8/2007,0,,10.2,0,1.3,67.7,3,1.9,4.2,0,4.2,0.1,0,22.5,0.4,9.5,22.3,6.4,7.3,0,22.7,1.8
10/9/2007,20.2,,0.4,2.1,0,30.8,0,0.8,1.4,0.9,0,8.3,0,1.9,2.7,1.8,7.4,0.7,0,4.2,1.8,0
10/10/2007,7.4,,0,7.6,8.4,1.2,0.4,0,0,0,1.4,0,0,0,0,0,0.2,0,0,0,0,0.4
10/11/2007,0,,0,23.4,0.8,0.8,0,1.6,0,0,0,0,0,0,13.5,15.6,0,0,0,0,0,0
10/12/2007,0,,0,6,9,0,0,9.5,0,0,0,0,0,0,0.2,2,0,0,0,0,3.3,0
10/13/2007,3.4,,0.8,7.2,3.9,24.8,0,0,18,0.2,7.7,8.2,0,40.7,28.4,9.1,69.6,11.9,0,0,1,0
10/14/2007,4,,0,0,0,0,0,5.4,0,0,0,0,0,0,0,3.5,0,0,0,0,11.2,0
10/15/2007,0,,0,4.9,0,1.9,0,0.6,0,0,0,0,0,0,0,1,0,0,0,0,0,0
10/16/2007,0,,0,0,0,0,0,0,0,0,1.2,0,0,0,0,0,0,0,0,0,0,0
10/17/2007,0,,0,1.4,0,0,0,0.9,0,0,16.2,0,0,0.2,1.6,0,0,0,0,0,0,0
10/18/2007,0,,13.4,0.5,14,0.5,0,18.8,0,0,30.2,21.2,0,24.8,0,19.9,5.8,12.2,0,0,25,0
10/19/2007,0.5,,9.4,5.4,13.3,0,51.6,21.1,0,0,22.6,23.7,0,17.9,62,0,0,0,19.5,0,11.1,21.3
10/20/2007,1.6,,0,13.8,0.7,0,4.6,2.8,0,0,5.6,1.2,0,0,0,0,0,0,0,11,6.8,0.8
10/21/2007,0,,0,0.6,0,0,2,0,0,3.1,1.5,2.3,0,0,0.3,0.1,0,0.5,11.3,6.5,1.4,0
10/22/2007,0,,0,0.1,1.2,17.6,0,1.4,0,0,0,0,0,0,1.8,0,0,0,0,0,0,0
10/23/2007,11.3,,12.8,20.9,17.1,23.9,0,32.4,16.3,0.2,17.6,26,0,32.3,9,13.8,9.2,34.5,0,0,3.5,0
10/24/2007,0,,0,0,0,3.5,0,6.2,0.2,0,1.8,0,0,2.2,0,0,0,0.3,3.3,8,8.3,5
10/25/2007,0,,0,26.3,15.5,3.4,6.2,0.7,0,4.3,14.7,0,0,0,14.7,17.7,0,0,0,0,0.7,6.6
10/26/2007,0.1,,4,0,0,0.9,8.8,12.8,0,0,0,0,0,0.6,0,0.3,21.1,0,4,47.3,24,50.3
10/27/2007,32.9,,10.1,19,15.4,7.9,0,9.8,8.7,3.8,11,17.9,0,3,11.3,3.7,5,21.4,0,0,25.6,0
10/28/2007,5,,0,0,0,0,0,0,0,10.6,1.5,0,12.9,0.2,18.5,0,0,0,0,0,0,0
10/29/2007,0,,0,11.2,13.3,0,0,0.5,0,0,0.3,5,0,0,3.3,0,0.5,0,0,4.2,0,0
10/30/2007,9.6,,0,0,0,0.5,0,0,0,0,0,1.3,0,0,26.5,0,0,0,3,6.6,4.9,12.3
10/31/2007,0.9,,0,0,0,38,0,1.4,0,0,0,0,0,0,0,0,0,0,0,0,0,0
11/1/2007,0,,0.7,21.7,9.8,5.8,0,1,10.2,0,5,0,0,3.2,0,0,0,0,0,0,0,0
11/2/2007,9,,0,1,0,0,0,0,0,0.4,0.8,14.5,0,0,0,16.2,0,0,0,0,0,0
11/3/2007,0,,0,0,0,3.4,0,0,0,0,0,8.6,0,1.9,0,0.4,5.1,0.8,0,0,0,0
11/4/2007,0,,38.9,0.9,28.3,5.3,13,0,2.7,1.9,0,10.2,0,0.5,7.1,0,4.2,3,0,0,0,0.4
11/5/2007,0,,0,8,0,0,0.1,0,0,0,0,0.9,0,0,0,2.3,0,0,0,0,0,0
11/6/2007,0,,0,0,0,0,0,0,0,0,0,0,0,0,0,13.5,0,0,0,0,18.4,0
11/7/2007,0,,0,1.7,0,0,0,0,0,0,4.5,0,0,0,0,2,0,0,0,0,7.1,0
11/8/2007,0,,0,0,0,2.2,0,8.7,0,0,0,0,0,0,1.3,7,0,0,0,0,13.1,0
11/9/2007,3.1,,2,0,8.9,3.6,0,8.3,2.5,0,9.4,0,0,1.7,0,0,0.8,3.9,0,18.7,0,0
11/10/2007,0,,0,0,0,0,1.3,0,0,0,0,3.1,0,1.2,11.5,11.8,0,0,0,0,0,0
11/11/2007,0,,0,0.7,0,1.3,0,0,0,0,0,0,0,0.4,0.5,0,0.5,0,0,0,0,0
11/12/2007,0,,0,8.5,0,0,0,8.8,0,0,23,0,0,0,0,0,0.3,0,0,0,0,0
11/13/2007,0,,0.6,0,0,4.6,0,0,2.1,0,0.6,1.3,0,0,0,0,1,0,0,0,0.1,0
11/14/2007,0.6,,0,0,0,2.7,0,0,0,8.1,0,0,0,0,0,0,0,0,0,0,0,0
11/15/2007,0.2,,1.5,0,0,0,0,0.6,9.8,0,0,0,0,16.7,1.7,6.5,5.7,35.5,0,0,15.4,0
11/16/2007,5.7,,0,1.8,10.7,0,0.5,0,0,2.7,5.6,0,0,0,0.9,0,0,0,0,0,0,0
11/17/2007,0,,0,0,0,0,0,0,0,0,0.9,9.2,0,0,0,9.3,0,0,0,0,6,0
11/18/2007,0,,0,0,0,0,2.2,0,0,0,0,0,0,0,0,0,0,0,0,0,0.8,0
11/19/2007,0,,0.1,11.3,0,0,0,0,0,0.7,0,0,0,0,2.2,0,0,0,0,0,0,0
11/20/2007,0,,0,0,1.3,2.2,0.2,0,17.1,0,0,0,0,0,0,0.6,0,8.8,0,0,2.6,0
11/21/2007,17.4,,0,11.3,0,5.3,0,0,0,0,0,3.6,0,0,43.7,0,0,0,0,0,1.2,0
11/22/2007,0,,0,0,0,0,0,0,0,0,0,0,0,0,0,0,0,0,0,0,0,0
11/23/2007,0,,0,0,0,0,0,0,0,0,0,0,0,0,0,0,0,0,0,0,0,0
11/24/2007,0,,0,0,0,6.8,0,0,0,0,0,0,0,0,0,0,15.5,0,0,0,0.5,0
11/25/2007,0,,0,0,0,0,0,0,0,0,3.4,0,0,0,0,0,0,0,0,0.6,0,0
11/26/2007,0,,0,5.2,0,1.6,0,30,0,0,0,0.3,0,0,0.2,18.2,0,0,0,0,0,0
11/27/2007,0,,0,0,0,0,0,0,0,0,2.7,0,0,0,2.2,0,0,0,0,0,0,0
11/28/2007,0,,0,0,0,0,0,0,0,0,0,0,0,0,0,0,0,0,0,7.6,0.7,0
11/29/2007,0,,0,0,0,0,0,14.6,0,0,0,0,0,0,0,0,0,0,0,0,0,0
11/30/2007,0,,0,0,0,0,0,0,0,0,8.2,0,0,0,0,0,0,0,0,0,0,0
12/1/2007,2.5,,0,0,0,0,0,0,0,0,0,0,0,0,0,0,0,0,0,0,0,0
12/2/2007,0,,0,0,0,0,0,0,0,0.5,0,9.2,0,0,0,0,0,0,0,0,0,4.5
12/3/2007,24.8,,31.8,16.8,0,0,0,0,0,51.9,0.5,0,0,0,0,0,0,0,0,0,0,6.3
12/4/2007,0,,70.1,32.3,0.5,2.6,0,0.2,4,0,1.1,5.5,0,3.4,0.7,0,4.9,3,0,0,0,0
12/5/2007,0,,0,8.5,0,0,0,0,0,0,0,0,0,0,0,0,0,0,0,0,0,0
12/6/2007,0,,0,0,0,1.6,0,0,0,0,0,0,0,16.4,0,0,0,0,0,0,0,0
12/7/2007,0,,0,0,0,0,0,0,0,0,0,0,0,0,0,0,0,0,0,0,0,0
12/8/2007,0,,0,0,0,0,0,0,0,0,0,0,0,0,0,0,0,0,0,0,0,0
12/9/2007,0,,0,0,0,1.8,0,0,0,0,0,0,0,0,0,0,6.8,0,0,0,0,0
12/10/2007,0,,0,0,0,0,0,0,0,0,0,0,0,0,0,0,0,0,0,0,0,0
12/11/2007,0,,0,0,0,0,0,0,0,0,0,0,0,0,0,0,0,0,0,0,0,0
12/12/2007,0,,0,0,0,0,0,0,0,0,0,0,0,0,0,0,0,0,0,0,0,0
12/13/2007,0,,0,0,0,0,0,0,0,0,0,0,0,0,0,0,0,0,0,0,0,0
12/14/2007,0,,0,0,0,0,0,0,0,0,0,0,0,0,0,0,0,0,0,0,0,0
12/15/2007,0,,0,0,0,41.2,0,0,0,0,0,0,0,0,0,0,0,0,0,0,0,0
12/16/2007,0,,2,0,0,9.8,0,0,0,0,0,0,0,0,0,0,0,0,0,0,0,0
12/17/2007,0,,0,0,0,8.6,0,0,0,0,0,2.9,0,12.7,0,0,0.2,0,0,0,0,0
12/18/2007,0,,0,0,0,0,0,0,0,0,0,0,0,0,0,0,0,0,0,0,0,0
12/19/2007,8.5,,0,4.7,0,0,0,0,0,0,0.5,2.2,0,0.4,1.1,0,0,0,0,0,7.3,0
12/20/2007,0,,0,0,0,0,0,0,0,0,0,0,0,0,0,0,0,0,0,0,0,0
12/21/2007,0,,0,0,0,0,0,0,0,0,0,0,0,0,0,0,0,0,0,0,0,0
12/22/2007,0,,0,0,0,0,0,0,0,0,0,0,0,0,0,0,0,0,0,0,0,0
12/23/2007,0,,0,0,0,0,0,0,0,0,0,0,0,0,0,0,0,0,0,0,0,0
12/24/2007,0,,0,0,0,0,0,0,0,0,0,0,0,0,0,0,0,0,0,0,0,0
12/25/2007,0,,0,0,0,0,0,0,0,0,0,0,0,0,0,0,0,0,0,0,0,0
12/26/2007,0,,0,0,0,0,0,0,0,0,0,0,0,0,0,0,0,0,0,0,0,0
12/27/2007,0,,0,0,0,0,0,0,0,0,0,0,0,0,0,0,0,0,0,0,0,0
12/28/2007,0,,0,0,0,0,0,0,0,0,0,0,0,0,0,0,0,0,0,0,0,0
12/29/2007,0,,0,0,0,0,0,0,0,0,0,0,0,0,0,0,0,0,0,0,0,0
12/30/2007,0,,0,0,0,0,0,0,0,0,0,0,0,0,0,0,0,0,0,0,0,0
12/31/2007,0,,0,0,0,11.3,0,0,0,0,0,0,0,0,0,0,0,0,0,0,0,0
1/1/2008,0,,0,0,0,0,0,0,0,0,0,0,0,0,0,0,0,0,0,0,0,0
1/2/2008,0,,0,0,0,0,0,0,0,0,0,0,0,0,0,0,0,0,0,0,0,0
1/3/2008,0,,0,0,0,0,0,0,0,0,0,0,0,0,0,0,0,0,0,0,0,0
1/4/2008,0,,0,0,0,0,0,0,0,0,0,0,0,0,0,0,0,0,0,0,0,0
1/5/2008,0,,0,0,0,0,0,0,0,0,0,0,0,0,0,0,0,0,0,0,0,0
1/6/2008,0,,0,0,0,0,0,0,0,0,0.6,0,0,0,0,0,0.6,0,0,0,0,0
1/7/2008,0,,0,0,0,0,0,0,0,0,0,0,0,0,0,0,0,0,0,0,0,0
1/8/2008,0,,0,0,0,0,0,0,0,0,0,0,0,0,0,0,0,0,0,0,0,0
1/9/2008,0,,0,0,0,0,0,0,0,0,0,0,0,0,0,0,0,0,0,0,0,0
1/10/2008,0,,0,0,0,0,0,0,0,0,0,0,0,0,0,0,0,0,0,0,0,0
1/11/2008,0,,0,0,0,0,0,0,0,0,0,0,0,0,0,0,0,0,0,0,0,0
1/12/2008,0,,0,0,0,0,0,0,0,0,0,0,0,0,0,0,0,5.2,0,0,0,0
1/13/2008,0,,0,0,0,0,0,0,0,0,0,0,0,0,0,0,0,0,0,0,0,0
1/14/2008,0,,0,0,0,0,0,0,0,0,0,0,0,0,0,0,0,0,0,0,0,0
1/15/2008,0,,0,0.5,0,0.2,0,0,0,0,0,0,0,2,0,0,3.7,0,0,0,0,0
1/16/2008,0,,13.6,0,0,3.7,0,0,2.4,0,5.6,0,0,0.7,0,0,24.4,0,0,0,0,0
1/17/2008,0,,0,0,0,0,0,0,0,0,0,0,0,0,0,0,0,0,0,0,0,0
1/18/2008,0,,0,0,0,0,0,0,0,0,0,0,0,0,0,0,0,0,0,0,0,0
1/19/2008,0,,0,0,0,0,0,0,0,0,0,0,0,0,0,0,0,0,0,0,0,0
1/20/2008,0,,0,0,0,0,0,0,0,0,0,0,0,0,0,0,0,0,0,0,0,0
1/21/2008,0,,0,0,0,0,0,0,0,0,0,0,0,0,0,0,0,0,0,0,0,0
1/22/2008,0,,0,0,0,0,0,0,0,0,0,0,0,0,0,0,0,0,0,0,0,0
1/23/2008,0,,0,0,0,0,0,0,0,0,0,0,0,0,0,0,0,0,0,0,0,0
1/24/2008,0,,0,0,0,0,0,0,0,0,0,0,0,0,0,0,0,0,0,0,0,0
1/25/2008,0,,0,0,0,0,0,0,0,0,0,0,0,0,0,0,0,0,0,0,0,0
1/26/2008,0,,0,0,0,0,0,0,0,0,0,0,0,0,0,0,0,0,0,0,0,0
1/27/2008,0,,0,0,0,0,0,0,0,0,0,0,0,0,0,0,0,0,0,0,0,0
1/28/2008,0,,0,0,0,0,0,0,0,0,0,0,0,0,0,0,0,0,0,0,0,0
1/29/2008,0,,0,0,0,0,0,0,0,0,0,0,0,0,0,0,0,0,0,0,0,0
1/30/2008,0,,0,0,0,0,0,0,0,0,0,0,0,0,0,0,0,0,0,0,0,0
1/31/2008,0,,0,0,0,0,0,0,0,0,0,0,0,0,0,0,0,0,0,0,0,0
2/1/2008,0,,0,0,0,0,0,0,0,0,0,0,0,0,0,0,0,0,0,0,0,0
2/2/2008,0,,0,0,0,0,0,0,0,0,0,0,0,0,0,0,0,0,0,0,0,0
2/3/2008,0,,0,0,0,0,0,0,0,0,0,0,0,0,0,0,0,0,0,0,0,0
2/4/2008,0,,0,0,0,0,0,0,0,0,0,0,0,0,0,0,0,0,0,0,0,0
2/5/2008,0,,0,0,0,0,0,0,0,0,0,0,0,0,0,0,0,0,0,0,0,0
2/6/2008,0,,0,5.2,0,0.7,0,0,0,0,0,0.6,0,0,37.6,0,1,0,0,0,0,0
2/7/2008,8.3,,0,6.2,0,0,0,4.1,0,0,6.2,0,0,0,0,0.6,0,0,0,0,0,0
2/8/2008,0,,0,2.8,0,0,0,0.5,0,0,1.5,48.1,0,0,1.2,0,0,0,0,0,0,0
2/9/2008,0,,0,17.2,0,0,0,0,0,0,0,0,0,0,35.9,0,0,0,0,0,0,0
2/10/2008,0,,0,4,0,0,0,0,0,0,0,0,0,0,0,0,0,0,0,0,0,0
2/11/2008,0,,0,0,0,0,0,0,0,0,0,0,0,0,0,0,0,0,0,0,0,0
2/12/2008,0,,0,0,0,0,0,0,0,0,0,0,0,0,0,0,0,0,0,0,0,0
2/13/2008,0,,0,0,0,4.7,0,0,0,0,0,0,0,0,0,0,0,0,0,0,0,0
2/14/2008,0,,0,0,0,0,0,0,0,0,0,0,0,0,0,0,0,0,0,0,0,0
2/15/2008,0,,0,0,0,0,0,0,0,0,0,0,0,0,0,0,0,0,0,0,0,0
2/16/2008,0,,0,0,0,0,0,0,0,0,0,0,0,0,0,0,0,0,0,0,0,0
2/17/2008,0,,0,0,0,0,0,0,0,0,0,0,0,0,0,0,0,0,0,0,0,0
2/18/2008,0,,0,0,0,0,0,0,0,0,0,0,0,0,0,0,0,0,0,0,0,0
2/19/2008,0,,0,0,0,0,0,0,0,0,0,0,0,0,0,0,0,0,0,0,0,0
2/20/2008,0,,0,0,0,0.6,0,0,0,0,0,0,0,0,0,0,0,0,0,0,0,0
2/21/2008,0,,0,0,0,0,0,0,0,0,0,0,0,0,0,0,0,0,0,0,0,0
2/22/2008,0,,0,0,0,0,0,0,0,0,0,0,0,0,0,0,0,0,0,0,0,0
2/23/2008,0,,0,0,0,0,0,0,0,0,0,0,0,0,0,0,0,0,0,0,0,0
2/24/2008,0,,0,0,0,0,0,0,0,0,0,0,0,6.7,0,0,0,0,0,0,0,0
2/25/2008,0,,0,0,0,0,0,42.1,0,0,0,1.7,0,0,9.6,0,0,0,0,0,0,0
2/26/2008,0,,0,0,0,0,0,13.1,0,0,0,1.1,0,0,0,7.9,0,0,0,0,0,0
2/27/2008,0,,0,0,9.1,0,0,0,0,0,7,2.2,0,0,0,0,0,0,0,0,0,0
2/28/2008,2.5,,0,37.2,0,0.8,0,0,0,0,0,0,0,0,0,18.4,0,0,0,0,0,0
2/29/2008,0,,0,9.4,0,41.2,0,0,0,0,0,0,0,0,0,14.5,0.6,0,0,0,0,0
3/1/2008,0,,0,39.8,0,0,0,2.6,0,0,0,0,0,0,2.9,0,0,0,0,0,22.3,0
3/2/2008,1.9,,0,0.9,0,0,0,3.7,0,0,0,0.6,0,0,0.2,2,0.3,0,0,0,3.8,0
3/3/2008,0,,0,0,0,0,0,0,0,0,0,0,0,0,0,17.4,0,0,0,0,0,0
3/4/2008,0.5,,0,1.2,0,0,0,12,0,0,0,0.6,0,0,7.8,1.8,0,0,0,0,9.9,0
3/5/2008,0,,0,0,10.7,0,0,10.6,0,0,23.8,0,0,0,0,0,0,0,0,0,0,0
3/6/2008,46.1,,10.5,20,21,55.7,0,1.9,3,0,26.9,0,0,22.7,24,0,1.4,0,0,0,0,0
3/7/2008,0,,0,0,0,0,0,0,0,0,0,0,0,0,0,0,0.1,0,0,0,0,0
3/8/2008,0,,0,0,0,0,0,0,0,0,0,0,0,0,0,0,0,0,0,0,0,0
3/9/2008,0,,0,0,0,0,0,0,6.3,0,0,0,0,0.4,0,0,39.1,0,0,0,0,0
3/10/2008,8.8,,0,15.3,0,0,0,0,0,0,0,2.2,0,0.6,0,0,0.1,0,0,0,0,0
3/11/2008,0,,0,0,0,14.3,110.3,0,0,0,0,0,1.2,0,0.4,0,0,0,25,16,17.5,55.1
3/12/2008,29.3,,37.6,4.3,5.9,0,0.2,2.4,1.1,33.5,15.5,0,0,0,82.8,0.1,0,33,0,2.4,30.1,2.3
3/13/2008,0,,0,0,0,0,0,0,0,0,0,0,0,0,0,0,0,0,0,0,0,0
3/14/2008,0,,0,0,0,0,0,0,0,0,0,0,0,0,0,0,0,0,0,0,0,0
3/15/2008,0,,0,2.1,0,0,0,0,0,0,0,0,0,0,0,1.1,0,0,0,0,0,0
3/16/2008,3.2,,0,1.2,0,0,0,0,0,0,0,3.3,0,0,2.3,0,0,0,0,0,0,0
3/17/2008,0,,1.7,1,0.7,1.9,0,13,0,0,0,0,0,0,0,1.8,0,0,0,0,1,0
3/18/2008,22.8,,0,1.6,0,0,0,0.1,0,0,0,26.1,0,0,0,0,0,0,0,0,0,0
3/19/2008,1.1,,0.5,0.6,0,0,0,1.2,0,0,0,0,0,0,8.2,0,0,0,0,0,0,0
3/20/2008,0,,0,0,0,0,0,0,0,0,0,4,0,0,2.4,0,0,0,0,0,0,0
3/21/2008,0,,0,0,0,0,0,0,0,0,0,0,0,0,0,0,0,0,0,25.4,10.2,0
3/22/2008,0.1,,0,0,0,0,23.7,0,0,0,0.8,0,6.6,0,0,5.3,0,0,5.5,0,31,1.4
3/23/2008,0,,0,0.3,0,0,0,18.6,0,0,0.7,2.7,0,0,3.2,0,0,0,0,0,0.5,0
3/24/2008,0,,0,14.1,0,0,0,0,0,0,16,22.6,0,0,0,0,0,0,0,0,0,0
3/25/2008,0,,0,0,25.4,0,0,0,0,0,3.8,0,0,0,1.1,0,0,0,0,0,0,0
3/26/2008,0,,0,0,1.1,4.2,0,0.8,0,0,0.3,0,0,0,0.2,0,0,0,0,0,0,0
3/27/2008,0,,0.2,0,0,1.1,0,0,1.5,0,0.8,0,0,0,0,0,0.6,0,0,0,0,0
3/28/2008,0,,0,10.6,2.1,3.4,0,26.5,0,0,0,0,0,0,0,0,0,0,0,0,0,0
3/29/2008,23.1,,0,0,0,0,0,0.6,0,0,0,0,0,0,0,0,0,0,0,0,0,0
3/30/2008,0,,0,0,0,0,0,0,0,0,1.8,0.3,0,0,5.2,0,0,0,0,0,0,0
3/31/2008,28.7,,0,1.1,12.9,9.2,0,52.1,41.2,6.8,9.9,35,0,9,2.9,20.3,0.3,56.5,0,0,0.4,15.2
4/1/2008,1.6,,0,0,0,0,0,0,0,0,0,0,0,0,0,0,0,0,0,0,0,0
4/2/2008,0,,31.2,75.1,76.1,33.4,0.1,2.3,2.9,0,34,0.8,0,54.8,0,24.5,33.2,2.2,0,0,0.3,0
4/3/2008,0,,0,0,0,5.2,0,0,0,3.6,0,0,1,18.9,0,0,6.9,0,0,0,0,0
4/4/2008,0,,20.9,0,0,0,0,0,0,0,1.4,6.7,0,0,0,0,0,0,4.4,0,29.1,0
4/5/2008,0,,0,0,2.9,0,0,26.2,19.9,0,21.8,0,0,36.4,7.4,0,13.7,0,0,0,0,0
4/6/2008,31.9,,16.2,0,0,0,0,0,0,0,1,0.6,0,0,0,0,0,0,0,0,0,0
4/7/2008,0,,0,1.3,9.7,3.3,0,6.8,12.3,0,12.4,0,0,0,32.7,0,0.3,4.7,0,0,0,0
4/8/2008,0,,0,0,0,0,0,0,0,0,0,0,0,0,0,0.2,0,0,0,0,0,2.7
4/9/2008,0,,2.8,0,0,0,0,0,0,0,0,0,0,0,0,2.8,0,0,0,0,0,0
4/10/2008,0,,0.2,0,0,0,0,0,16.5,0,0,0,0,0,0,0,0.3,0,0,0,0,0
4/11/2008,0,,0,5.9,0,10.5,0,0,0,0,2.2,44.2,0,1.1,3.9,0.8,0.1,0,0,0,0.2,0
4/12/2008,0,,0,0,0,0,0,0,0,0,0,27,0,0,0,0,0,0,0,0,0,0
4/13/2008,0,,0,0,0,0,0,0,0,0,0,0,0,0,0.4,0.7,0,0,0,0,13.5,0
4/14/2008,11.2,,0,1.2,0.3,0,0,0,0,0,0,14.6,0,0,0,6.6,0,0,0,0,0.3,0
4/15/2008,0,,0,0,0,0,0,0,0,0,0,0,0,0,0,0,0,0,0,5,0,0
4/16/2008,0.8,,0,0.1,0,0,0,0,0,0,16.6,0,0,0,0,86,0.4,0,0,5.6,7.5,0
4/17/2008,1.5,,18.7,0.1,17.7,22.4,11.6,0,18.1,0,0.9,0.4,0,0,6.6,0,4.9,3.6,0,0,0,0
4/18/2008,0,,0,0,0,0,26.8,0,3,0,0,0,0,0,0,0,0.4,4.3,17.6,11.5,0,0
4/19/2008,0,,0,0,0,0,0,0,0,0,0,0,0,0,0,0,0,0,0,0,0,0
4/20/2008,0,,0,0,0,0,0,0,0,0,0,0,0,0,0,0,0,0,0,0,0,0
4/21/2008,0,,0,0,0,0,7.2,0,0,0,0,0,31,0,0,0.8,0,0,6,11.4,12.1,0
4/22/2008,50.2,,19.4,34.2,59.8,0,0,45.6,33.2,46.6,35,32.1,0,0.8,15.8,22.2,0,9.2,0,0,37.2,0
4/23/2008,0,,0,0,0,6.5,0,0,0,0,0,1.1,0,0,1.3,0.8,16.9,0,0,0,0.9,0
4/24/2008,0,,1.2,4,0.3,0,20,0.9,23.9,4.6,7.3,2.4,0,6,0,23.6,0.3,3.1,44,46.2,7.3,12.2
4/25/2008,0,,0,0,0,3.6,0,0,0,0,0,1.3,0,10,0,3.3,1.9,0,0,0.3,0.6,0
4/26/2008,1,,0,0,0,0,19.3,0,0,28.3,0,0,58.4,0,0,0,0,0,17.9,0,0,3.3
4/27/2008,73.8,,0,2,2.5,33.4,0,5.1,69.3,2.6,38.4,0,0,3.6,2,0,17.6,31.3,4.6,0,3.5,0
4/28/2008,7.2,,0,0,3.3,0,0,42,0,0,0,0.3,0,0,21.7,8.3,0,0,0,0,7.5,0
4/29/2008,3.1,,0,8.2,0,10.9,0,0,6.5,0,0,0.5,0,3.9,10.6,24.3,7.1,0,0,0,1.2,0
4/30/2008,0,,0,0,0,0,0,0,0,0,0.5,0,1.7,0,44.4,0,0,0,0,0,0,0
5/1/2008,0,,0,0,0,0,0,4.5,0,0,0,0,0,0,0,0,0,0,0,0,0,0
5/2/2008,28.6,,58.7,49,16.9,12.7,0,17.8,58.4,0,21.3,17,0,43.3,21.3,1.6,3,37,26.1,0,2.8,13.4
5/3/2008,0,,0,0,0,0.2,0.3,0,0,0,0,0,0,0.2,0,0,0,0,1.6,0,0,0
5/4/2008,0,,0,0,0,0,0,0,0,0,0,0,0,0,0,0,0,0,0,0,0,0
5/5/2008,9.8,,0.4,2.4,20.1,11.6,0,24,22.3,0,63.3,2.9,0,13.2,2.9,0,12.5,19.2,0,0,0,0
5/6/2008,0,,4.9,1,8.9,0,0,0,32.6,0,2.4,0,0,2.1,0,0,0,6.9,0,0,0,0
5/7/2008,0,,0,0,0,3.4,0,0,0,0,1.2,0,5.9,0,0,0,0,0,0,0,0,0
5/8/2008,0,,2,0,0,0.8,5.4,18.1,4.2,0,0.5,21.1,0,0,0,0,0,1.8,0.4,2.3,4.2,0
5/9/2008,6.5,,0,1.2,2.8,1.3,0,0,0,0,6.8,28.4,0,0.2,2.1,0,0,0,0,0,0,0
5/10/2008,0,,0,0,0,0,0,0,0,0,7.8,0,0,0,0,0,0,0,0,0,0,0
5/11/2008,31.6,,33.7,26.7,15.3,17.4,8.8,7.8,0.8,0,13.4,45.9,0,3.2,14.7,0,8.4,7.5,0,3.4,0,0
5/12/2008,0,,0,0,0,0,2.8,0,0,27.9,0,0,12.1,0,0,3.2,0.1,0,44.1,4.5,18.2,5.3
5/13/2008,3.7,,14.4,1.6,2.6,7.7,0,0.5,46.6,12.1,1.6,21.6,0.3,0,0,1.4,0,2.3,0,0,0.1,0.3
5/14/2008,0.2,,0,0,0,0.2,0,0,0,0.9,0,0,0,0,0,0,0,0,0,0,0,0
5/15/2008,0,,0,0,0,24.1,0,0,0,0,0,0,0,0.2,0,0,7.9,0,0,0,0,0
5/16/2008,0,,12.4,8.7,0,8.8,8.2,0,2,28.3,1.3,9.2,2.2,21.6,32.9,0,5.5,8.3,0.6,16.9,0,0
5/17/2008,0,,0,0,0,0,0,0,0,0,0,0,0,0,0,0,0,0,0,0,0,0
5/18/2008,27.7,,0.2,1.2,33.5,7.5,22.2,11.1,151,50,47.6,16.2,2.8,9.9,60.4,53.4,34.7,0.4,4.6,34.5,7,19.4
5/19/2008,4,,20.4,14,1.8,48.4,0,0.4,0.1,0,21.5,0,0,2.1,1.8,0,16.1,0,0,0,0,1.1
5/20/2008,0,,0,0,0,0.7,8.9,0,0,0,2.8,0,8.6,0.3,0,0,0.6,0,26.5,47.1,0.3,29.6
5/21/2008,7.2,,0,13.1,0,9.7,0,7.8,9.5,0.4,0,16.1,0,13.2,12,1.1,0,5.3,0,0,0,0
5/22/2008,0.4,,0,0,0,12.1,0,0,0,0,0,1.5,0,0,0,7.9,0,0,0,0,0,0
5/23/2008,0.7,,4,1.3,0,1.8,1.6,3.4,0,0,30.1,0,0,0,0,0,0,0.2,0.1,0,0,2.1
5/24/2008,5.6,,11.7,6.1,15.5,26.8,4.8,13.7,14.1,25.4,9.3,2,0,28.6,4.7,15.2,58,12,12.3,0,5.5,10.2
5/25/2008,0.5,,0.4,0.5,1.4,4.3,4.4,0,0,0,0,0.4,0,0,1.1,1.2,3.9,0,0,0,6.3,0
5/26/2008,0.3,,0,0.5,0,0,0,0,0,0,1.8,0,0,0,0,0,0,0,0,0,0,0
5/27/2008,21.6,,0,7.2,0.9,19.3,0.8,5.2,10.4,14.8,6.5,19,0,0,26.1,15.2,0,1.6,0,0,20.5,5.5
5/28/2008,39.6,,9.4,32.8,17.9,131.8,0,28.2,36.4,21.7,18,35.2,0,95.5,47.9,15.7,59.8,26.7,0,0,0.1,0
5/29/2008,1,,6.5,2.9,8,6,0,0,6.9,0,20.4,1.3,0,4.8,16.8,0,5.4,10.6,0,0,0,0
5/30/2008,0,,0,0,0,0,1.6,0,0,0,0,0,0,0,0,10,0,0,0,0.6,12.7,0
5/31/2008,0,,0.3,14.5,1.9,0,6.7,1,0,0,0,1.8,0,7.4,0,7,4.2,0,0.6,0,7.6,60.6
6/1/2008,0,,0,0,0,0,0,0,0,0,0,0,0,0.4,0,0,0.4,0,0,0,0,0
6/2/2008,0,,0,0,0,0,0,0,0,11.6,0,0,0,5.8,0,0,23.2,0,0,0,0,31.5
6/3/2008,26.6,,81.1,8.1,24.9,3.1,2,1.9,2.9,0.8,13.5,2.1,0,8.3,56.3,4.8,31.2,2.5,0,0,0.4,0
6/4/2008,0,,0,0,0,0,0,0,0,0,0,0,0,0,0,0,0,0,0,0,0,0
6/5/2008,0,,0,0,0,6.7,0,6.4,0.2,0.7,0,0,0,0,0,0,3.4,0,0,0,0,0
6/6/2008,0,,0,3.1,3.9,25.1,0,0,32.5,2.1,5.3,0,0,2.4,1.6,0,54.4,0,0,4.2,11.2,0
6/7/2008,1.9,,0.1,6.3,0,27,0,0,0,0,0,0.9,0,0,27.7,0,3,0,0,0,0,0
6/8/2008,0,,9.6,0,0,0,0,0,0,21.1,0,0,0,0,0,0,0,0,21.1,0,0,0
6/9/2008,0,,0,0.6,0,43.9,0,0,3.9,0,11.6,6.1,0,13.4,3.8,7.7,3.2,0.2,0.4,0,5.3,0
6/10/2008,2.1,,0.5,5.4,0,15.2,0,3,2.3,0.8,2.4,10.6,0,54.9,0.2,1.7,6.4,2,0,1.7,0,0
6/11/2008,2,,0.2,0,0,0,0,0,0,0,0,1.2,0,0,0,0,5.7,0,0,0,0,0
6/12/2008,16.7,,28.7,0,3.4,0,1.7,28.9,1,93,0,9.2,3.4,0,0,13.4,0,0,56.1,10.4,11,67.1
6/13/2008,0,,2,38.8,1.9,70.2,17.1,3.5,2.2,0,16,0,0,12,0,5.5,81.1,3.2,4.8,0,0.3,0
6/14/2008,24.5,,20.3,5.3,55.3,50.7,0,0.4,0,0,58.6,67.9,0,0.2,42.9,25.9,40.9,2,0,0,5.7,0
6/15/2008,0,,6.5,0,26.3,0,0,0,25.3,0,17.7,0,0,0,0,0,0,12.8,0,0,0,0
6/16/2008,0,,0,0,5.7,0,0,0,12.6,0,0,0,7.4,0,0,0,1.3,29,0,0,0,5.4
6/17/2008,13.7,,25.1,24,0.5,61.6,13.4,3.9,8.3,0.3,0,5.5,10.3,57.1,17.9,0,31.1,0.7,18.3,1.3,0.2,19.8
6/18/2008,17.9,,2.9,1.1,3.1,0,17.4,1.9,0,0.4,0,0,0,0,0.2,0.5,0,1.8,2.2,0,2.3,2.5
6/19/2008,0,,0.8,0,0,0,0,0,0,0,0,0,0,0,0,0,0,0,0,0,0,0
6/20/2008,0,,0,0,0,4.2,0,0,0,0,0,0,0,0,0,0,0,0,0,0,0,0
6/21/2008,105.7,,2.3,1.9,0,29.2,0,1.3,0,0,0,0.2,0,0,0,0,0,5.9,0,0,0,0
6/22/2008,0,,0,0,0,0,0,0,0.4,0,0,0,1.5,0,12.8,0,0,0,0,0,0,0
6/23/2008,0,,0,1.7,0,4.2,39,0.2,17.4,0.1,1,32.2,0.1,0,2.4,3.8,0,1.1,0.6,29,9.7,21.8
6/24/2008,3.5,,20.9,27.4,4,12.2,7.9,83.3,0,31.8,3.4,56.2,16.5,0.6,21.3,72.1,0.1,0,0.3,0,17.1,52.5
6/25/2008,0,,0,2.2,0,3.1,1.6,0,0.2,0,4.4,0.9,1.4,2.8,0,7.2,0.1,4.2,4.8,8.1,0.3,7.3
6/26/2008,0.9,,0,0.2,0,0,0,23.2,0,0.3,3,0,0,0,0,0,0,4.4,0,0,0,0
6/27/2008,30.9,,0,0,0.2,0,0,44,0,46.4,7,0,21.7,0,0.1,0,3.6,0,0,14.7,0,0.9
6/28/2008,0.8,,0.4,0.8,0.7,0.3,8.8,14.8,2.9,0.7,3.3,43.1,16.4,1.7,11.6,10.4,0,7.8,25.8,35.9,0.3,0
6/29/2008,9.3,,0,41.2,6.3,19,0.1,12,0.5,39.8,19.7,50.6,38.8,0.4,25.9,20.6,62.9,0,5.4,0,11.3,24
6/30/2008,0,,5.4,0.1,0.4,0,19.6,10.3,0,0,0.5,0,3.3,0,0,0.4,0,0,1,4,0,0.6
7/1/2008,0,,0,0,0.5,31.5,0.2,0,3,3.7,28.9,1.6,2.3,0,0.4,0,0,0,0,0,0,0
7/2/2008,3,,3.3,4.5,1.2,0,1.7,21,0,0,0.5,4.7,0,6.3,10.8,12.1,16.4,0,0,2.4,0.7,0
7/3/2008,28,,0,1,0,0.6,1.7,1,0,1,0,0,0,0,0,0,0,0,0,0,14.2,0
7/4/2008,0.6,,0,18.9,12.4,36.5,0.2,0.2,0.6,0,0.5,11.8,11.3,3.9,1.3,0,22.4,0.6,30.9,51.1,0,5.6
7/5/2008,0,,0,0,0,0,0.2,0,0,1.5,0,0,0,0,0,0,0,0,28.6,0,0,1.9
7/6/2008,0,,0,0,9.7,0,1.1,0.6,0,0.9,12.9,2,2.6,0,0,15.3,0,0,19.3,3.6,5,27
7/7/2008,0,,0,5.7,0,0,3,0,0.2,68.5,0.7,0,11.6,0,0,0,0,0,0.4,0.6,25.1,9.4
7/8/2008,0,,0,0,0,0,0,0,0,0,0,0,0,0,8.1,0.8,0,0,0,0,1.1,0.8
7/9/2008,0,,0,0,0,0,0,0,0,0,0,0,0,0,1.1,0.1,0,0,0,0,0,0
7/10/2008,0,,0,0,0,0,0,0,0,0,0,0,0,0,0,0,0,0,0,0,0,0
7/11/2008,0,,0,0,0,0.9,0,0,0,0,0,0,0,0,0,0,0,0,0,7.5,0,0.8
7/12/2008,0,,0,5.4,0,2.3,0,0,0,0,0,0,0,0,0,0,0,0,0,0,0,0
7/13/2008,0,,0,0,0,0.3,0,0,0.7,0,0,0,0,0,0,0,0,0,0,0,0,0.8
7/14/2008,0.4,,0.4,0,0,0.4,0,0,0.5,90,11.1,17.2,2,0,0,0,0,0,0,2.6,0,0
7/15/2008,0.8,,3.4,17.8,0.4,0,0.3,0,0,7.2,0,4.6,14.6,0,29.5,20.5,0,0,0,21.7,41.3,1.2
7/16/2008,1.7,,0,0.4,0,0,0,0,0,0,0,0,0,0,4.9,0.1,0,0,0.8,23.5,0,0
7/17/2008,0,,0.2,0,3.1,0,0,0,0,0,0,0,0,0,0,0,0,0,0,0.6,0,0
7/18/2008,18.7,,0,5.2,9.4,2.1,11.1,20.6,0,52.6,1.9,0,21,0,0,0,0,0,1.2,9.2,0,2.9
7/19/2008,1.7,,7,6.9,0.2,0.5,0,14.3,0,14.4,19.6,11.1,14.8,0,11.1,6.8,18.7,0,0,0.8,19.3,0
7/20/2008,6.2,,2.7,0.3,0.2,1.8,0.9,12.9,0,0,1.8,0,0,0,4.8,0,2.7,1.8,3,23.4,0,6.1
7/21/2008,0.5,,0.2,0,4.2,5,0,16.9,0,45.1,1.2,1,0,0,0,0,0,0,11.5,0,0,29.8
7/22/2008,4,,3.8,47.4,39.3,55.2,9.7,5.9,43.9,17.6,3.4,19,9.4,24,8.7,8.6,37,16.1,6.4,8,12.9,32.4
7/23/2008,0,,0,0,0,0,0,0.4,0,0,0,3.2,0,0,9.3,0.9,0.4,0,0,0,0,0
7/24/2008,0,,0,0,0,0,0.5,0,0,0,6.4,0,0,0,0.3,1.7,5.9,0,0,0,0.2,0
7/25/2008,0,,0,0,0,0,0,0,0,11.5,13.6,0,62.1,0,0,0,0,0,22.4,13,0,32.2
7/26/2008,6.9,,6.6,9.7,34.8,1.7,11.3,91.9,3.2,56.3,6.4,0,0.1,0.2,5.1,0,1.4,0,0,5.2,0,2.3
7/27/2008,2.8,,0.5,2.7,0.4,0,12.1,1.6,0,82.4,0.6,22.7,20.3,0,13.8,0,0.9,0.9,2.8,1.8,4.5,20.8
7/28/2008,0,,0,0,0,0,0.4,0,0,0,0,0,0,0,0,0,0,0,0,0,1.2,0.3
7/29/2008,0,,0,0,0,0,4.2,0,0,5.2,1.7,0.1,0,0,0.8,0,0,0,0.6,12.1,0,17.5
7/30/2008,1.5,,0,0.3,38.7,1.2,0,3.3,62.8,18.2,31.9,27.1,0,3.8,1.9,0,0.3,86.2,1.1,16.1,0,0
7/31/2008,0,,30.6,4.8,0,0,0,5.9,16.3,3,0.5,5,116,0,20.3,14.6,1.6,13.8,19.8,16.9,8.6,20.4
8/1/2008,0,,0,2.6,0.2,0,0,3.4,0,1.9,0,0,0,0,0.6,0,0,0,0,0,0,22
8/2/2008,0,,0,0,0,0,11.5,0,0,120.5,1.6,0.1,0,0,0.3,0.3,0,0,0,0,0.6,1.1
8/3/2008,0,,0,0,0,0,1.2,0,0,0.6,0,0,12.8,0,0.4,7.7,0,0,28,9,3.9,18.1
8/4/2008,0,,0,0,0,0,0,0,0,0,0,0,0.5,0,0,0,0,0,5,0,0,1.2
8/5/2008,0,,0,0,0,0,0.3,0,0,0.4,4.1,7.5,13.5,0,0,0,0,0,92.6,6,0,0.3
8/6/2008,0,,0,0,0,0,0,0,0,0.4,0,0,0,0,0,0,0,0,0,0,0,0
8/7/2008,8.6,,1.1,2.4,1.1,0,2.6,88.6,0,15.7,50.8,75,3.1,0,14,33.1,0,0,4.8,9.4,22,9.5
8/8/2008,11.8,,1.3,41.7,1.6,0,17,29.4,0,4.7,18.9,1.1,3.8,0,9.1,0,0,0,2.6,40.3,0.7,26.5
8/9/2008,0,,0,0,0,0,0,0,0,0,0,0,0,0,0.2,0,0,0,0,1.2,0,0
8/10/2008,0,,0,0,0,0,0,0,0,0,0,0,0,0,0,0,0,0,0.6,0,0,15.2
8/11/2008,0,,0,0,0,0,0.6,0,0,2.7,0,0,0,0,0,0,0,0,35.1,9.7,0,42.1
8/12/2008,0,,0,0,0,0,66.9,3,0,9.4,0,0.5,5.3,3.4,0.5,2.4,0,0,2.2,14.5,20.4,3
8/13/2008,1,,0,2.7,0,0,1.3,0,1.3,15.1,0,8.1,12.3,0,0.6,1.3,3.4,0,2.4,18.4,1.7,2.1
8/14/2008,0.6,,0,1.1,0,0.2,5.7,0,0,0,1.3,20.4,2,0,0.2,0,0,0,2.8,7.5,0,0
8/15/2008,0,,0.8,0,0,0,17.1,2.4,0,1.4,0,0,1.2,0,0,5,0.2,0,28.3,0.9,15.8,26.2
8/16/2008,1.4,,1.8,7.1,1,2.1,6.8,1.3,0.4,0,9.2,3.2,55.4,0.2,7.5,0,3.8,0.1,0,33.3,10.7,0
8/17/2008,2.8,,0.1,3.9,0,3.8,0.3,1.2,0.2,1.2,1.2,1,3.3,0,0.9,1.4,2,0.2,0.6,2.8,0,0
8/18/2008,0,,0,1.6,0,0,0,0,0,0,2.4,0.1,34.3,0,0,1.4,0,0,0,0,0,0
8/19/2008,0,,0,0,0,0,0.2,0,0,3.1,0,0,16.7,0,0,0,0,0,1.8,0.3,0,0
8/20/2008,0,,0,0,0,0,0,0,0,0.4,0,0,26.2,0,0,0,0,0,0,0,0,0
8/21/2008,0,,0,0,0.7,0,3.5,0.5,0,0,0.4,0,0,0,0,19.6,0,0,0.8,53.6,37.9,19.2
8/22/2008,0,,0,0.2,0,0,17.5,1.8,0,20.6,2.4,5,2,0.2,7.8,26.4,1.4,0,14.3,35.5,21,4.4
8/23/2008,1.3,,0,0,0,0,0.2,0,0,0,0,0,1,0,0.3,0,0,0,0,0.8,0,0.4
8/24/2008,0,,0,0,0,0,0,0,0,0,0,0,1.9,0,0,0,0,0,12.9,0,0,10.2
8/25/2008,1.8,,3.5,0,1.3,0,0.5,2.2,0.4,3.6,62.6,0,11.4,0.2,3.2,16.8,15.5,4.2,5.7,18.6,0,3.5
8/26/2008,0,,0,1,0,0,0,0,0,0.7,6.9,0,4.3,0,29.6,0,0.5,0,0,0.3,0.3,0
8/27/2008,1.9,,0,0,0,0,0,0,0,1.8,15.5,0.9,0,0,0,0,0,0,3.3,0,0,10.3
8/28/2008,55.6,,16.2,27.4,6.1,0.1,32,53.8,26.7,99.5,2.8,49.6,34.9,22.3,15.6,30.5,1.9,25.9,81.6,17.2,56.9,56.3
8/29/2008,39.8,,9.1,10.9,3.2,10,0,23.3,0.2,31.8,28.9,9.7,2.3,13.1,4.1,0.8,4.1,1.3,9.2,36,0.4,2.9
8/30/2008,0,,0,0.9,0,0,0,0,0,0,1,0.4,0,0,0.1,0,0,0,0,0,0,2.4
8/31/2008,0.5,,0,0.9,0,1.1,0,6.2,0,0,0.7,10,0,1,1.1,7.7,2.1,0,0,0,0,0
9/1/2008,4.1,,0,0,45.8,0,30,0,0,1.1,0,0,0,0.1,1.1,30.2,3,0,23.4,6.8,3.8,25.8
9/2/2008,19.7,,0,0,0.4,6.1,0,0,0,27.9,1.5,16.5,22,1.9,9.6,0.6,7.7,0,0.1,0,0,1.5
9/3/2008,0,,0,1.6,0.1,0,15.6,0,0,7.1,0.4,0,31.4,0,0,1.2,0.1,0,16.6,14.1,0,19.2
9/4/2008,3.5,,78.6,1,0.2,0,7.3,2.5,0.1,0,4.9,24.8,8.7,4,53,4.8,2.1,1.6,7.9,13.5,4.8,30
9/5/2008,27,,0.2,12.9,1.3,0,18.2,46.8,0,0.2,0,2.2,0,0,1.9,0,0,0,5.3,0.2,0,3.6
9/6/2008,0,,0,0,0,0,0,0,0,0,1.8,0,0,0,0,0,0,0,0,34.8,0,0
9/7/2008,0,,0,0,0,0,0,0,0,0,0,2.6,0,0,0,0,0,0,0,0,0,0
9/8/2008,0,,0,0,0,0,0,0,0,0,0,0,3.3,0,0.4,15.6,0,0,0,54.1,0,0.3
9/9/2008,0,,0,0,0,0,0,0,0,0,0,0,0,0.2,0,0,0,0,11.6,0,0,22.8
9/10/2008,27.2,,0,0,0,0,2.3,2.3,0,0.2,0,1.1,0,0,1.7,0,0.3,0,2.3,55.5,0.6,0
9/11/2008,0,,7.3,13.7,0.6,0,0,0,0.6,0.3,0,14.4,6.7,1.6,2.2,0,1.6,0,33.5,1.8,0,0
9/12/2008,0,,0,0,0,1.3,22.8,0,0.9,0,0,0,5.7,0,0.4,0.1,0.1,0.3,27.1,0,0.2,10.7
9/13/2008,2.9,,0,1,0,0,2.4,0,0.6,0.3,0,0.1,0,0,0.1,0,0,0,0,0,0,0.4
9/14/2008,0,,0,6.9,0,0,13.7,0,0,0.4,0,0,14.6,0,0.5,0,0.6,0,2.1,5.9,0.2,17.5
9/15/2008,0,,0,0,0,0,0.1,0,0,0,0.4,0,37.1,0,0.1,0.3,0.7,0,0.4,29.9,0,23.6
9/16/2008,0,,0,0,0,0,0,0,0,0,0,0,0,0,0,0,0,0,0,0,0,0
9/17/2008,2.6,,12.5,5.3,4.4,31.3,0,10.7,13.2,15.3,19,31.9,9.4,4.1,23.2,0.3,15.6,0.3,0,0,0,0
9/18/2008,0,,0,4.9,0.4,19.4,0,0.1,4.4,0,0,0,0,3.9,14.5,10,4.1,6.1,4.8,17,12,1.6
9/19/2008,2.7,,10.5,0,0.1,3.3,14,8,2,0,15,41.1,0,1.9,24.5,24.2,10.8,2.8,7.2,0,20.5,10.1
9/20/2008,8.3,,34.6,6.4,0,0.2,1,3.5,1.4,0.2,2.1,0.8,3,0,0.5,45.7,0.1,1.8,7.6,5,6.2,4.4
9/21/2008,1.6,,0.3,5,0.4,0,0,4.3,0,0.9,4.1,0,0,0,3.3,0,0,0,0,0,0,0
9/22/2008,4.1,,5.8,51.6,3.2,2.4,0,47.3,0.1,0.4,2.6,3.3,0,1.2,1.6,0,3.2,0,0,0,0,0
9/23/2008,0.8,,1.5,0,0,5.1,1.6,2.3,1.3,0,2.4,7.7,0.9,1.4,1,55.1,0,0.5,3.2,0,19.1,0.8
9/24/2008,1.8,,0,0.6,0.1,0,0,0.9,0,0,5,0,0,0,13.3,0.6,0,0,7.4,0,0,8.1
9/25/2008,3.6,,0.2,2.4,19.5,17.3,22.1,0,0,1.3,0,22.2,5.7,0.3,32.7,0,0,0,34.6,6.7,0,2
9/26/2008,2,,0.7,17.1,5.8,26,32.5,0,0,45.8,0,0,3.1,0,0,29.2,0,0.5,14.5,9.4,74.1,36.8
9/27/2008,1.5,,0.3,1.2,6.9,0.4,7.2,9.9,0,25.7,0,0,2.4,1.8,7.5,0.1,3.5,0,28.6,17.2,0.4,77.3
9/28/2008,4.6,,0,14.2,1.4,5.6,0.2,0,4.8,0.7,1.8,1.6,4.4,1.4,0,0.1,0,7,0.6,0.4,0,0
9/29/2008,1.7,,0,0.3,0,0.1,0,0,0,0,0,0,5.6,0,0,0,0,0,0.9,0,0,0
9/30/2008,45.2,,0,0,0,0,77.4,0,0,86.7,0,0.4,5.6,0,0,1.5,1.3,0.8,5.3,5.5,104,1.5
10/1/2008,34.1,,0,45.8,3.3,0.7,1.3,17.6,0,0,24.6,3.5,0,2.3,1.1,18,0.2,0,0,0,10.5,0
10/2/2008,0,,0.6,0,0,1,0,0,0,0,0,0,0,0,0,0,0,0,2.6,0,0,16
10/3/2008,15.6,,0,0.5,0,0,41.4,0,0,33.2,3.2,0.3,28.7,0,0,20.8,0.1,0,13.5,17.6,15.6,89.3
10/4/2008,15.6,,0,12.9,0,12.7,0,0,0,0,7.6,0,0,0,0,0,0,0,1.6,0,0,2.1
10/5/2008,13.8,,0,0.3,16.5,0,0.2,1.8,0,0,0.6,5,0,0,11.8,3,0.7,0,30.2,0,1.4,0
10/6/2008,29,,38.7,99.6,31.9,3,13.2,46,6.1,0,9.8,13.6,0,0,50.9,10.9,0,8.6,3,1.6,29.4,6.4
10/7/2008,0,,0,27.7,6.7,4.7,0,0,6.7,0,0,0.1,0,0,0,0,0.3,0,0,0,0,0
10/8/2008,0,,0,0,0,1.2,0,0,0,0,0,0,0,0,0,0,4.5,0,0,0,0,0
10/9/2008,2.8,,11.2,6.8,0,6.4,0,10.7,0.3,0.4,0.6,0,0,1.5,0,0,1.1,0,0,0,0,0.3
10/10/2008,0,,0,0,0,0.1,43.6,5.5,0,2.8,0,0,19.8,0.4,2,3,0.2,0.3,2.7,16.4,94.3,1
10/11/2008,10.3,,2.1,0,0.1,0,7.4,4,0.6,25.6,1,11.8,0.9,3.8,26.8,3,0,1.3,3.8,68,11.2,9.4
10/12/2008,11.5,,3.1,0,0,0,7,0,0.9,3,0,0,14.8,0,0,9.8,0,0,1.3,0.3,6.4,1.1
10/13/2008,0,,0,0,0,0,0.2,0,0,19.8,0,5.1,0,0,13,8.7,0,0,17.6,0,15.9,14.1
10/14/2008,0,,0.1,15.6,0,0,0.7,0,0,0,3.4,0,0,0,2.9,8.1,0,0.2,0,0,0,0
10/15/2008,10.5,,0.4,0,0.3,0,0,1.6,0,28.2,6.3,2.4,0,0,11,27.8,0,0,0.1,0,27.4,0
10/16/2008,20.5,,0,22.6,5.6,12.9,5.2,15.8,2.6,60.4,34.1,7.1,0,0,71.6,30,0,11,0,3,15.6,0
10/17/2008,1.3,,0,0,0,0,5.5,1.5,0,0,0,0,0,0,27.5,16.2,0,0,2,0,5.3,0
10/18/2008,0.6,,0,0,0,0,13.2,4,0,0,0,0.2,0,0,10.3,0,0,0,0,0,11.6,0
10/19/2008,0,,0,0,0,0.5,0,0,0,21.8,0,4.5,0,0,0,0,0,0,0,0,7.4,0
10/20/2008,12.4,,2,8,0,3.1,13.8,8.3,0,0,0,0.2,0,0,0,0,4.1,0,0,1.4,0,0
10/21/2008,0,,13,1.2,0,26.3,0,0,41.4,0.3,0,0,0,47.4,0,0,2.6,22.5,4.4,0,0,0.3
10/22/2008,0,,0,0,0,0.3,0,0,0,0,11.7,0,0,0,0,0,4.2,0,0,9.2,4.8,0
10/23/2008,8,,1.6,0,8.5,0,0,34.2,0,0,0,0.9,0,0,0,0,0,0,0,0,0,0
10/24/2008,0,,0,1.6,0,0,0,0,0,0,0,0,0,0,0,0,0,0,0,0,0,0
10/25/2008,0,,0,0,3.5,0.2,0,0,0,0,0,0,0,6.9,0,0,0,0,0,0,0.6,0
10/26/2008,0,,0,0.4,0,0,0,0,0,0,0,6.3,0,0,0,0,0,0,0,0,0,0
10/27/2008,13.2,,0,40.1,0.3,0,0,8.6,0,0.3,2.5,0,0,0.8,3.5,0,3.6,0,0,0,4.8,0
10/28/2008,0,,0,0,0,0,0,0,0,0.2,0,0,0,0,0.3,5.1,0,0,0,0,0,0
10/29/2008,6.4,,5.6,37,0,0,0,41.5,0,3.5,1.2,0.7,0,0,18.4,17.1,0,0,0,0,14.9,0
10/30/2008,0,,0,0,0,21,0,0,2.6,1.2,9,13.4,0,2.5,0,7.2,34.8,0,0,0,12.6,0
10/31/2008,5.2,,4.8,5,0.8,3.1,0,0,0,0,1.6,0,0,0,0,0,2.2,0,0,0,0.6,0
11/1/2008,0,,0.3,0,0,18.6,0,0,0,0,0,0,0,0,0,0,0,0,0,0,0,0
11/2/2008,0,,0.2,18.3,4.5,30.5,0,0,0,0,4.1,0,0,0,1.4,0,6.8,0,0,0,0,0
11/3/2008,0,,9,0,0.2,0,0,19.7,31.1,0,0,0,0,0,0,0,1,7.9,0,0,0,0
11/4/2008,0,,6.7,2.8,1.8,0,0,0,0,0,2,1,0,0,0,0,0,0,0,0,0,0
11/5/2008,0,,0,19.5,0,0.1,0,0,0,0,0,0,0,0,2.6,0,0,0,0,0,0.2,0
11/6/2008,0,,1.4,2.1,0,2.4,0,0,0,0,0,0,0,0,0,0,0,0,0,0,0,0
11/7/2008,0,,0,0,0,0,0,0,0,0,0,0,0,0,0,0,0,0,0,0,0,0
11/8/2008,0,,0,0,0,30.2,0,0,0,0,0,0,0,30.1,0,0,12.1,0,0,0,0,0
11/9/2008,0,,0,0.8,0.4,0,0,0,0,0,0,0,0,0,0,0,0,0,0,0,0.1,0
11/10/2008,0,,13.7,0,0,3,0,0,66.8,0,13,6.4,0,32.3,4.2,0.7,73.6,19,0,0,4.1,0
11/11/2008,0,,0,7.3,0,0,0,0,0,0,0,1.2,0,0,0,0.7,0,0,0,0,6.2,0
11/12/2008,0,,0.6,2.4,0.2,0,0,0,0,0,0,0,0,0,0,0,0,0,0,0,0,0
11/13/2008,0,,3,0,0,14.7,0,0,18.6,0,0,0,0,6.3,0,0,1.1,3,0,0,0,0
11/14/2008,0,,0.6,0,0,0,0,0,0,0,0,0,0,0,0,0,0,0,0,0,0,0
11/15/2008,0,,0,0,0,0,0,0,0,0,0,0,0,0,0,0,0,0,0,0,0,0
11/16/2008,0,,0,0,0,0,0,0,0,0,0,0,0,0,0,0,0,0,0,0,0,0
11/17/2008,0,,0,0,0,0,0,0,0,0,0,0,0,0,0,0,0,0,0,0,0,0
11/18/2008,0,,0,0,0,43.8,0,0,1.8,0,0,0,0,91.8,0,0,7.4,0,0,0,0,0
11/19/2008,0,,0,0,36.8,0,0,0,0,0,0,0,0,0,0,3.3,0,0,0,0,0,0
11/20/2008,0.7,,0,0,0,0,0,0,0,0,0,9.5,0,0,0,15.7,0,0,0.2,0,16.9,3.1
11/21/2008,0,,18,4.6,6,0,0,0,0,0,4.1,0.2,0,0,0,19.3,0,0,1.6,0,3.8,0
11/22/2008,0,,0,0,0,0,0,0,0,0,0,0,0,0,6.5,0,0,0,0,0,0,0
11/23/2008,0,,0,0,0,0,0,0,0,0,0,0,0,0,0,0,0,0,0,0,0,0
11/24/2008,0,,0,0,0,0,0,0,0,0,0,0,0,0,0.3,0,0,0,0,0,0,0
11/25/2008,0,,0,32.1,0,0,0,0,0,0,0.5,0,0,0,21.2,0,0,0,0,0,7.1,0
11/26/2008,2.6,,0,17.1,0,1.1,0,0,0,0,0,0,0,0,0,0.4,0,0,0,0,0,0
11/27/2008,0,,0,0,0,0,0,0,0,0,0,0,0,0,0.3,0,0,0,0,0,0,0
11/28/2008,0,,0,0,0,0.5,0,0,0,0,0,0,0,0,0,0,0,0,0,0,0,0
11/29/2008,0,,0,0,0,0,0,0,0,0.2,0,0,0,0,0,0,0,0,0,0,0,0
11/30/2008,0,,0,0,13,18.2,0,0,0,0,0,0,0,0,0,0,0.9,0,0,0,0,0
12/1/2008,0,,0,0,13.6,0,0,0,0,0,0,0,0,0,0,0,2.5,0,0,0,0,0
12/2/2008,40.9,,0,0,0,0,0,0,0,0,0.4,0.1,0,0,9,0,0,0,0,0,0,0
12/3/2008,3.7,,0,5.2,7,1.8,0,33,0,0,33,8.4,0,14,9.4,12.6,14.1,0,0,0,0,0
12/4/2008,0,,0,0,5.8,0,0,0,0,31.1,0,0,0,0,0,0,0,0,0,0,0,0
12/5/2008,0,,14.1,0.6,19.1,15.9,0,10.8,123.7,0,25.8,0,0,55.4,0,0,30.6,44.6,0,0,0,0
12/6/2008,0,,0,0,0,0,0,0,0,0,0,0,0,0,0,0,0,0,0,0,0,0
12/7/2008,0,,0,0,0,0,0,0,0,0,0,0,0,0,0,0,0,0,0,0,0,0
12/8/2008,0,,0,0,0,0,0,0,0,0,0,0,0,0,0,0,0,0,0,0,0,0
12/9/2008,0,,0,0,0,0,0,0,0,0,0,0,0,0,0,0,0,0,0,0,0,0
12/10/2008,0,,0,0,0,0,0,0,0,0,0,0,0,0,0,0,0,0,0,0,0,0
12/11/2008,0,,0,11.2,0,7.8,0,17.4,0,0,1,0,0,0,14.2,7.6,0,0,0,0,0,0
12/12/2008,0,,0,2.1,0,0,0,0,2.7,0,0,24.2,0,0,9.8,0,0,0,0,0,0,0
12/13/2008,0,,0,0.4,0,0,0,0,0,0,13.6,0,0,0,0,0,0,0,0,0,0,0
12/14/2008,7.1,,0,50.6,0,0,0,0,0,0,6.6,0,0,0,0,3.2,0,0,0,0,1.6,0
12/15/2008,0,,0,0,0,0,0,0,0,35,0,0,0,0,0,0,0,0,0,0,0,0
12/16/2008,0.1,,0,4.2,0.1,0,0,0,0,0,7.2,22.1,0,0,85.6,0,0,0,0,0,0,0
12/17/2008,0,,0,17.4,0,0,0,0,0,0,0,0,0,0,0,15.9,0,0,0,0,0,0
12/18/2008,0,,0,0,0,0,0,0,0,0,0,0,0,0,0,0,0,0,0,0,0,0
12/19/2008,0,,0,0,0,0,0,0,0,0,0,0,0,0,0,0,0,0,0,0,0,0
12/20/2008,0,,0,0,0,0,0,0,0,0,0,0,0,0,0,0,0,0,0,0,0,0
12/21/2008,0,,0,0,0,0,0,0,0,0,0,0,0,0,0,0,0,0,0,0,0,0
12/22/2008,0,,0,0,0,0,0,0,0,0,0,0,0,0,0,0,0,0,0,0,0,0
12/23/2008,0,,0,0,0,0,0,0,0,0,0,0,0,0,0,0,0.1,0,0,0,0,0
12/24/2008,0,,0,0,0,0,0,0,0,0,0,0,0,0,0,0,0,0,0,0,0,0
12/25/2008,0,,0,0,0,0,0,0,0,0,0,0,0,0,0,0,0,0,0,0,0,0
12/26/2008,0,,0,0,0,0,0,0,0,0,0,0,0,0,0,0,0,0,0,0,0,0
12/27/2008,0,,0,0,0,0,0,0,0,0,0,0,0,0,0,0,0,0,0,0,0,0
12/28/2008,0,,0,0,0,0,0,0,0,0,0,0,0,0,0,0,0,0,0,0,0,0
12/29/2008,0,,0,0,0,0.9,0,0,0,0,0,0,0,0,0,0,0,0,0,0,0,0
12/30/2008,0,,0,0,0,0,0,0,0,0,0,0,0,0,0,0,0,0,0,0,0,0
12/31/2008,0,,0,0,0,0.4,0,0,0,0,0,0,0,0,0,0,5,0,0,0,0,0
1/1/2009,0,,0,0,0,0,0,0,0,0,0,0,0,0,0,0,0,0,0,0,0,0
1/2/2009,0,,0,2.9,0,0.6,0,0,0,0,0,0,0,0,0,0,0,0,0,0,0,0
1/3/2009,0,,0,0,0,0.7,0,0,0,0,0,0,0,0,3.4,0,0,0,0,0,0,0
1/4/2009,0,,0,0,0,13.3,0,0,0,0,0,0,0,0,0,0,0,0,0,0,0,0
1/5/2009,0,,0,0,0,0,0,0,0,0,0,0,0,0,0,0,0,0,0,0,0,0
1/6/2009,0,,0,0,0,0,0,0,0,0,0,0,0,0,0,0,0,0,0,0,0,0
1/7/2009,0,,0,0,0,0,0,0,0,0,0,0,0,0,0,0,0,0,0,0,0,0
1/8/2009,0,,0,0,0,2.3,0,0,0,0,0,0,0,0,0,0,0,0,0,0,0,0
1/9/2009,0,,0,0,0,23.2,0,0,0,0,0,0,0,1.1,0,0,12.6,0,0,0,0,0
1/10/2009,0,,0,0,0,0,0,0,0,0,0,0,0,0,0,0,0,0,0,0,0,0
1/11/2009,0,,0,0,0,0,0,0,0,0,0,0,0,0,0,0,0,0,0,0,0,0
1/12/2009,0,,0,0,0,0,0,0,0,0,0,0,0,0,0,0,0,0,0,0,0,0
1/13/2009,0,,0,0.1,0,0,0,0,0,0,0,0,0,0.2,0,0,0,0,0,0,0,0
1/14/2009,0,,5.3,0,0,1.1,0,0,0,0,0,0,0,0,0,0,0,0,0,0,0,0
1/15/2009,0,,0,0,0,0,0,0,0,0,0,0,0,0,0,0,0,0,0,0,0,0
1/16/2009,0,,0,0,0,0,0,0,0,0,0,0,0,0,0,0,0,0,0,0,0,0
1/17/2009,0,,0,0,0,0,0,0,0,0,0,0,0,0,0,0,0,0,0,0,0,0
1/18/2009,0,,0,0,0,0,0,0,0,0,0,0,0,0,0,0,0,0,0,0,0,0
1/19/2009,0,,0,0,0,0,0,0,0,0,0,0,0,0,0,0,0,0,0,0,0,0
1/20/2009,0,,0,0,0,0,0,0,0,0,0,0,0,0,0,0,0,0,0,0,0,0
1/21/2009,0,,0,0,0,0,0,0,0,0,0,0,0,0,0,0,0,0,0,0,0,0
1/22/2009,0,,0,0,0,0,0,0,0,0,0,0,0,0,0,0,0,0,0,0,0,0
1/23/2009,0,,0,0,0,0,0,0,0,0,0,0,0,0,0,0,0,0,0,0,0,0
1/24/2009,0,,0,0,0,0,0,0,0,0,0,0,0,0,0,0,0,0,0,0,0,0
1/25/2009,0,,0,0,0,0,0,0,0,0,0,0,0,0,0,0,0,0,0,0,0,0
1/26/2009,0,,0,0,0,0,0,0,0,0,0,0,0,0,0,0,0,0,0,0,0,0
1/27/2009,0,,0,0,0,0,0,0,0,0,0,0,0,0,0,0,0,0,0,0,0,0
1/28/2009,0,,0,0,0,0,0,0,0,0,0,0,0,0,0,0,0,0,0,0,0,0
1/29/2009,0,,0,0,0,0,0,0,0,0,0,0,0,0,0,0,0,0,0,0,0,0
1/30/2009,19.3,,0,0,15.2,0,0,0,4.9,0,19.5,0,0,18.8,0,0,0,0,0,0,0,0
1/31/2009,0,,0,0,0,0,0,0,0,0,0,0,0,0,0,0,0,0,0,0,0,0
2/1/2009,0,,0,0,0,0,0,0,0,0,0,0,0,0,0,3.9,0,0,0,0,17,0
2/2/2009,0,,0,0,0,0,0,0,0,0,0,17.4,0,0,39.9,26.4,0,0,0,0,0.2,0
2/3/2009,0,,0,0,0,0,0,0,0,0,0,0,0,0,0,0,0,0,0,0,0,0
2/4/2009,0,,0,0,0,0,1.6,0,0,0,0,0,0,0,1.1,0,0,0,0,1.3,1.3,0
2/5/2009,0,,0,0,0,0,0,0,0,0,0,5.7,0,0,0,0,0,0,0,0,0,0
2/6/2009,9.5,,0,0,0,0.5,0,0,0,0,0,0,0,0,0,0,0,0,0,0,0.3,0
2/7/2009,0,,0,0,0,0,0,0,2.2,0,0,0,0,3.4,0.1,0,0,0,0,0,0,0
2/8/2009,15.9,,0,55.7,5,8.8,0,42.3,0,0,10.2,0,0,0,0.1,0,3.1,0,0,0,0,0
2/9/2009,0,,0,0,0,1.2,0,0,0,0,0,0,0,0,0,0,0,0,0,0,0,0
2/10/2009,0,,0,21.5,1.1,0,0,0,0,0,0,0,0,0,6.2,0,0,0,0,0,0,0
2/11/2009,5.4,,0,1.3,0,0,0,2.6,0,0,0,10.5,0,0,2.1,0,0,0,0,0,0,0
2/12/2009,0,,0,0,4.9,0,0,0,0,0,0,0,0,0,0,0,0,0,0,0,0,0
2/13/2009,0,,0,0,5.7,0,1,0,0,0,53.4,0,0,0,0.1,0,0,0,0,0,4.1,0
2/14/2009,0,,0,0,0,1,0,1.3,11.9,0,71.2,60.2,0,35.4,0.4,0,2.4,38.2,0,0,0,0
2/15/2009,0,,0,0,0,0.3,0,0,0,0,0,0,0,0,0,0,0,0,0,0,0,0
2/16/2009,0,,0,0,0,0,0,0,0,0,0,0,15.4,0,0,0,0,0,2.1,11.5,0,1.2
2/17/2009,3.3,,0,3,0,0,2.5,0,0,52.6,0,0,0,0,0,15.1,0,0,1,0,0,1.3
2/18/2009,1.3,,0,0,0,0,0,2.5,0,0,0,30.2,0,0,4.4,2.6,0,0,0,0,3.6,0
2/19/2009,0,,0,0,0.3,0,0,0,0,0,2.5,0,0,0,4.3,0,0,0,0,0,0,0
2/20/2009,0,,0,0,0,0,0,0,0,0,0,0,0,0,0,0,0,0,0,0,0,0
2/21/2009,0,,0,0,0,0,0,0,0,0,0,0,0,0,0,0,0,0,0,0,0,0
2/22/2009,0,,0,0,0.6,0,0,4.5,0,0,12,0.8,0,0,0,0,0,0,0,0,0,0
2/23/2009,0,,43.8,4,0,0,0,0,0,0,0,0,0,0,0,0,0,0,0,0,0,0
2/24/2009,0,,0,0,0,0,0,0.4,0,0,0,0,0,0,18.5,0,0,0,0,0,0,0
2/25/2009,0,,0,3.9,1.6,0,0,0,0.9,0,1.9,0,0,0,6.7,0.6,0,7,0,0,0,0
2/26/2009,0,,0,0,0,0,0,0,0,0.6,0,6.4,0,0.4,0,0,0,0,0,0,0,0
2/27/2009,5,,0,0.3,0,0,0,0,0,0,0,0,0,0,17.3,0,0,0,0,0,0,0
2/28/2009,0.2,,0,0,2.6,0,79.8,0,0,0,0,0.2,0,0,0,5.2,0,0,0,0,0,0
3/1/2009,0,,0,0,0,0,0,0,0,0,0,0,0,0,0,0,0,0,0,0,0,0
3/2/2009,0,,0,0,0,11.8,0,0,38.6,0,0,0,0,2.4,0,0,12.5,0,0,0,0,0
3/3/2009,0,,0,0,0,0,0,0,0,0,0,1,0,0,0,0,0,0,0,0,0,0
3/4/2009,0,,0,5.6,0,0,0,0,0,0,0,0,0,0,0,0,0,0,0,0,0,0
3/5/2009,0,,0,0,0,0,0,0,0,0,0,0,0,0,0,0,0,0,0,0,14.7,0
3/6/2009,0,,0,1.1,1.4,0,0,15.7,0,0,21.8,0,0,0,5.6,0,0,0,0,0,0,0
3/7/2009,0,,0,0,0,0,0,0.4,0,0,0,0,0,0,5.5,0,0,0,0,0,0,0
3/8/2009,55.1,,0,2,27.1,2.9,0,26,37.4,0,29.5,48,0,33.9,52.6,0,5.6,4.7,0,0,0,0
3/9/2009,0,,0,0,0,0,0,0,0,0,0,0,0,0,0,0,0,0,0,0,0,0
3/10/2009,0,,0,0,0,0,0,0,0,0,0,0,17.6,0,1,21.5,0,0,0,0,9.2,0
3/11/2009,17.1,,0,11.7,0.4,5.2,27.5,0,0,0,34,3.9,0,0,12.7,11.8,0,0,0,13.8,0,2
3/12/2009,8.8,,0,0,0,0,0,0,0,0,1.3,0,0,0,0,0,0,0,0,0,0,0
3/13/2009,46.7,,0.1,18.3,5.3,0,0,0,0.2,0,18.5,0.6,0,1.6,11.5,0.6,4,0.7,0,0,15.2,0
3/14/2009,0,,4.8,0,0.2,0,0,1.5,0,0,0,0,0,0,0,0,0,0,0,0,0,0
3/15/2009,0,,0,0,0,0,0,0,0,0,0,10.4,0,0,25.6,41.1,0.9,0,0,0,14,0
3/16/2009,0,,0,0,0,0.3,0,0,0,0,0,0,0,0,0,0,0,0,0,0,0,0
3/17/2009,0,,0,0,0,0,4,0,0,0,0,0,1,0,0,0,0,0,2.9,9.5,0.6,0
3/18/2009,0,,0,0,0,0,0,0,0,0,0,0,0,0,0,0,0,0,0,0.1,0,0
3/19/2009,3.8,,0,0,2.2,0,19.7,0,0,0.8,2.7,0,0,0,0,16.4,0,0,3.8,0,66.9,0
3/20/2009,0,,0,0,0,0,0,0,0,0,3.4,0,0,0,0,12.7,0,0,0,0,0,0
3/21/2009,0,,0,0,9.1,0.6,0,0,0,0,21,0,0,0,0,0,0,0,0,0,0,0
3/22/2009,0,,0,0,0,0,0,0,0,0,0,0,0,0,0,0.1,0,0,0,0,12.7,3.6
3/23/2009,0,,0,0,0,0,5.2,0,0,0,0,0.1,0,0,0,22.3,0,0,0.5,0,12.5,0.8
3/24/2009,0,,0,0,0,0,0,0,0,0,0,0,0,0,0,0.2,0,0,0,0,0,0
3/25/2009,0.3,,0,0,20,0,0,2.4,0,0,4.8,38.1,0,0,8.2,0.8,0,0,0,4.5,5.1,0
3/26/2009,0,,0,0,0,0,0,0,0,0,0,0,0,0,0,13.8,0,0,0,0,8.7,0
3/27/2009,0,,0,0,0.5,0,0,0,0,0,0,6.5,0,0,20.1,0.8,0,0,0,0,8.6,0
3/28/2009,6.4,,13.6,0,28.9,0,0,17.2,0,68.4,0,0.1,0,0,0,5.7,0,0,0,0,0,38.2
3/29/2009,0.5,,0,0,18.2,0,7,0,0,2.1,0,1.9,0,0,0.6,13.5,0,0,14.1,10.9,4.1,5
3/30/2009,0,,0,11.3,0,0,0,36.5,2.4,0,32.1,0,0,0,0,0,0,0,0,0,0,0
3/31/2009,3.5,,0,0,0,0,0,0,0,32.4,0,0,0,0,0,0,0,0,0,0,0,0
4/1/2009,13.8,,0,0,19.3,0,10.6,0.9,0,78.7,0,21.8,7.8,0,0,1.6,0.4,0,49.7,65.1,2.9,66.8
4/2/2009,0,,0,0,0,0,0,0,0,0,0,0,0,0,0,0,0,0,0,0,0,0
4/3/2009,0,,0,0,0,0,0,0,0,0,0,0,0,0,0,0,0,0,0,0,0,0
4/4/2009,15.1,,0,0,0,0,0,0.8,0,2.8,0,15,0,0,1.1,27.6,0,0,0,0,12.6,40.5
4/5/2009,0,,0,0,0,0,0,0,0,0,0,0,0,0,0,0,0,0,0,0,0,0
4/6/2009,0,,0,0,0,0,0,0,0,0,0,0,0,0,0,0,0,0,0,0,0,0
4/7/2009,10.7,,0,0,0,0.8,0,0,0,0.3,0,12.7,0,0,41.6,0.8,0,0,0,0,0,0
4/8/2009,0,,0,0,43.9,0,12.5,0,0,0,8.4,0,0,0,0,10.1,0,0,0,0,22.8,0
4/9/2009,0,,18.2,47.8,0,0,0,0,0,0,0,0,0,0,0,0,22.1,0,0,0,0,0
4/10/2009,0,,0,0,0,0,0,0,0,0,0,0,0,0,0,0,0,0,0,0,0,0
4/11/2009,0,,0,0,0,0,0,0,0,0,0,0,0,0,0,0,0,0,2.3,0,0,0
4/12/2009,0,,0,0,0,0,2.5,0,0,0,0,0,6.6,0,0,15.1,0,0,0,6.5,16.5,5.6
4/13/2009,15.7,,26.5,28.5,23.2,33.2,0,12.3,18.2,75.1,23.3,45,0,29.6,39,20.5,46.6,34.1,0,0.2,10.1,25.7
4/14/2009,0,,0,0,0,0,0,0,0,0,0,0,0,0,0,0,0,0,0,0,0,0
4/15/2009,4.3,,18.9,1,13.5,0,1.5,8.6,22.3,11.9,1.9,15.8,1.4,4.6,0,26.8,0,5.4,23,0,2,0.5
4/16/2009,5.1,,0,0.7,0,2.6,0,0,0.4,0,0,13.8,0,30.6,27.6,1.5,8.5,0,0,0,0.2,0
4/17/2009,0,,0,0,0,0,0,0,0,0,0,0,0,0,0,0,0,0,0,0,0,0
4/18/2009,14,,30.7,5,22.9,0,0,7,18.6,4.8,1.3,11.6,0,1.7,4.6,2.5,0,0,0,0,0,0
4/19/2009,0,,0,0,0,0,0,0,0,0,0,0,0,0,0,0,0,32,0,0,0,0
4/20/2009,0,,0,0,0,0,6.3,0,0,0,0,0,0,0,0,0,0,0,14.4,0.5,1.9,17.1
4/21/2009,0,,7.9,7.4,9.9,2.2,0,4.8,36.3,0,11.7,0,0,14.1,0.6,0,4.8,18.8,0,0,0,0
4/22/2009,0,,0,0,0,0,0,0,0,0,0,0,0,0,0,0,0,0,0,0,0,0
4/23/2009,0,,0,0,0,0,0,0,0,0,0,0,0,0,0,0,0,0,0,0,1.7,0
4/24/2009,1.8,,14.2,30.6,23.6,35.7,2.2,3.5,5.9,0.9,49.3,4.1,0,35,13.8,4.1,15.8,6.7,17.2,0,1.6,35.8
4/25/2009,1.4,,0,40.6,0,38.1,0,0.3,0,0,9.7,0,0,0.4,1,0,2.6,0,0,0,0,0
4/26/2009,0,,42.9,2.8,3.5,0,0,3.7,10.1,0,1,0,0,6.8,0,0,0.3,7.7,0,1.1,0,0.1
4/27/2009,0,,0,0,0,9.1,4,0,0,0,0,0,0,2.8,0,32.9,3.6,0,7.6,0.2,37.7,29.1
4/28/2009,0,,0,0,0,0,0,0,0,0,0,0,0,0,0,0,0,0,0,0,0,0
4/29/2009,0,,0,0,0,0,25,0,0,0,0,0,14.8,0,0,8,0,0,8.4,0.8,16.2,0.4
4/30/2009,0.5,,0,0,0,0,0,0,0,0,0,0,0,0,0,2.8,0,0,0,0,0,0
5/1/2009,7,,0,0.3,1.8,44.5,0,0,0.1,0,37.6,29.9,0,0,0.7,11.6,0.4,0,0,0,0,0
5/2/2009,47.9,,23.4,0,0,0,0,0,5.7,0,0,0,0,13.2,2.8,0,0,12.8,0,0,0,0
5/3/2009,3.3,,0,0,0,21.8,10.7,0,0,0.4,0,0.1,0,0,0,0.2,12.2,0,8.5,13.7,0,0
5/4/2009,14.1,,11,0,2.8,0,7.5,7.2,6.2,5,1.9,0,28.5,0,0,0,0,1.6,15.8,46.5,9.1,74.6
5/5/2009,0.1,,2,16,3.9,15.4,0,0,0.5,0.1,2.9,2.3,0.6,25.5,0,4.3,16.8,0.6,0.9,8.6,4.8,0.3
5/6/2009,0.7,,9.7,41,0,2.6,0,18.7,0,3.4,0.5,2.4,0,0,0.2,0,0.5,0,0,0,0,0
5/7/2009,0,,2.8,9.3,3.3,75.3,0,29.8,11.6,0.7,28.2,0.3,7.6,2.5,35.8,0,46,5.2,0,0,0,0
5/8/2009,0,,0,0,0,0.4,0,0,0,0,0,0,0,0,0,0,7.8,0,0,0,0,0
5/9/2009,14.1,,23.1,40.5,14.8,40,0,19.7,22.1,0.8,23.8,18.5,0,17.6,21.5,0.8,37.4,17.2,0,0,0,0
5/10/2009,0.3,,0.3,0,0,1.5,3.2,0.2,0,0.1,0,0,0,0,1.8,8,0.8,0,0,0.8,14.8,0
5/11/2009,0,,0,0,0,0,0,0,0,0,0,0,0,0,5.3,0,0,0,0,0,0,0
5/12/2009,0,,0,0,0,0,0,0,0,0,0,0,0,0,0,0,0,0,0,0,0,4.9
5/13/2009,0,,0,0,0,0,0,0,0,0,0,0,0,0,0,4.1,0,0,0,0,0,0
5/14/2009,0,,0,31.1,0,0,30.2,0,0,0,0,0,0,0,24.8,2.3,0,0,8.7,3.2,0.2,0
5/15/2009,0,,0,0,0,0,0,0,0,0,0,0,0,0,0,0,0,0,0,0,0,0
5/16/2009,0,,0,0,0,0,0,0,0,0,0,0,0,0,0,0,0,0,0,0.6,0,0
5/17/2009,0,,0,0,0,0,31.6,0,0,0,0,0,0,0,9,0,0,0,6.8,0.3,13.7,4.7
5/18/2009,0.3,,0,0,0,0,0,0,0,0,0,0,0,0,0,0,0,0,0,0,0,3.2
5/19/2009,0.3,,0,39.6,0,0.2,0,4,0.4,0,51.3,17.9,0,0,48.7,60.9,0,0,0,0,43.3,6.2
5/20/2009,0,,0,2.1,0,14.7,0,0,0,0,0,0,0,0,0,0,1.4,0.6,0,0,0.7,0
5/21/2009,0,,0,0,12.1,0,15,0,0,0,0,0,0,0,0,0,0,0,36.3,0,0,5.6
5/22/2009,0,,0,0,0,0,0,0,0,0,0,0,0,0,0,0,0,0,0,0,0,0
5/23/2009,0,,0,0,0,0,0,0,0,0,0,0,31.5,0,0,0,0,0,0.9,19.5,0,3.3
5/24/2009,2.1,,0,32.3,83.7,0.2,0,33.7,0,0,18.3,25.7,0,0,0,3.2,0,0,0,0,8.1,0
5/25/2009,0,,4.5,0,0,46,0,0,0.7,0,0,0,0,24.4,0,41,9.6,1.5,0,0,33.9,0
5/26/2009,0,,0,0,0,4,0,0,0,0,0,0,0,0,0,0,0,0,0,0,0,0
5/27/2009,0,,0,0,0,12.8,34.5,0,0,0,0,0,2.5,0,0,0,0,0,4.3,10.9,14.1,14.2
5/28/2009,0,,0,0,3.1,6.8,0.3,6.6,0,0,0,0,0,0,0,2.4,0.3,0,0,0,3.3,0
5/29/2009,0.6,,56.4,1.6,4.8,0.4,0,0,24.2,2.4,54,67.5,0,3.6,11.5,12.3,0,25.3,23.5,0,22.8,3.7
5/30/2009,0,,0,1.6,0,9.6,0,0,1,0,0,0,0,2.1,0,0,24,0.8,0,0,0.5,0
5/31/2009,0,,0,0,0,33.6,0,0,0,0,0,0,0,4.7,0,0,44.2,0.7,0,0,0,0
6/1/2009,0,,0,14,0,0,0,3.4,0,0,10,0,0,0.6,0,0,2.6,0,0,0,9.6,3
6/2/2009,0,,0,0,0,5.1,0,0,2.6,0,0,0,0,0,0,0.3,0,0,0,0,0.8,0
6/3/2009,0,,0,0,0.8,16.4,0,0,0.4,0,0,0,25.1,1.3,0,0,20.9,28.7,0,3.4,0,0
6/4/2009,12.5,,4.8,0,0,61.8,0.3,0,0,1.9,7.9,0,0.3,0.8,35.6,28.2,11.6,1.1,0,0,5.3,17.4
6/5/2009,22.5,,0,0.8,0,10.6,7.1,20,0,34.7,0,23.2,8.4,0,16.4,0.4,1.9,0,17.2,50.6,12.6,29
6/6/2009,0,,1,0,0,43.2,0,4.3,0,0,0,0,0,0,2.3,0,0.2,1.4,0,0,0,0
6/7/2009,0,,0,0,0,0,0.8,0,0,0,0,8.7,36.2,0,0,0,4,0,1.1,44,0.4,18.3
6/8/2009,11.6,,0,0,0,1.1,0,0,0,0,0,3.1,0,0,1,0,0,0,0,0.2,0,0
6/9/2009,8.5,,0,5,0,40,0,33.7,0,16.2,0,27.8,0,2.6,20.2,1.1,6.1,0,0,0,0,0
6/10/2009,30.2,,0,0,0,109.2,18,0,5.5,33.5,0,0.1,8.3,41.7,0,0.3,0.1,1.4,6.7,0.8,9.4,17
6/11/2009,41.5,,2.3,7.9,40.7,106.4,0,5.8,22.4,8.5,22.4,60.4,0,73.9,69.1,32.4,37.8,3,0,0,2.2,0
6/12/2009,37.7,,51.4,39.7,2.7,0.5,1,1.9,2.2,45.2,1.4,0,0,4.8,0,4.5,7.4,0,0,0,0,0
6/13/2009,28.9,,5.6,0.4,6.9,0.5,22.5,0,61.8,0,0,19.1,0,14.1,16.2,1.2,2.5,22.4,0,0,7.2,0
6/14/2009,11.8,,0,0,0,1,0,0,0,0,0,0,0,0.1,52,0,2.1,0,20.1,27.6,0,14.8
6/15/2009,18.1,,35.9,43.1,9.9,31.8,38.8,18.6,20.5,60.6,10.9,43.3,0,49.8,5,57.6,53.6,51.6,11.8,12.9,23,9.4
6/16/2009,0,,0,0.3,0,5.6,0,0,0,0,0,1.8,0,0.7,6.5,0,1.4,0,0,0,0,0
6/17/2009,0,,29,3.8,1.9,0,0,0,0,0,4.6,0,0,0.8,0,0,1.8,0,0,0,0,0
6/18/2009,0.3,,1.3,14.5,0,14.7,17.3,0,0,16.9,0,31.2,1.3,0,0,20.2,23.3,0,0,11,25,3.7
6/19/2009,36.7,,0.9,3.6,1.5,5.2,2.8,10,2.7,0.7,11.4,10.9,0,14.6,1.2,0,25,17.4,0,9.1,0,0
6/20/2009,0,,0,0,0,12.3,15.6,0,1,0,0,0,48.3,5.6,0,3.6,5.9,0,17.7,0,2.7,11.2
6/21/2009,0,,0.9,0,0.5,0,6,0,0,1.1,0,8.9,0,0,11.7,0.7,9,4.1,0,0,3.4,0.2
6/22/2009,0,,0,12,0.5,14.3,0,0,0,0,11.2,0,0,0,0,0,1,0,0,0,0,0
6/23/2009,0,,19.3,5.2,22,1.4,0,0.6,20.5,0,15.1,0,0,22,6.6,0,68.6,33,0,0,0,0
6/24/2009,0,,4.7,0.8,0.4,28.7,9.5,0,5.9,0,0,0,0,1,3.3,0,33.3,1.8,0,0,0,0
6/25/2009,3.6,,62.5,9.1,36.1,35.8,0,0.3,8.1,0,6.8,17.3,0,37.4,8.9,0,8.3,11.3,0,0,0,0
6/26/2009,47.3,,7.1,19.2,7.4,6.4,16.4,89.2,0.3,6.8,41.2,90.3,7.1,41.7,22.9,10.8,37,11.5,17.2,29.6,4.8,12.5
6/27/2009,1.4,,14.5,0.3,0,2.3,0,0,17.9,0,0.4,4.7,0,2.4,15.6,0,5,18,0,0,0,0
6/28/2009,21.4,,33.8,0.7,10.9,45.4,0,3.5,31,0,7.4,0.4,0,4.3,39.5,21.2,36.6,42.2,0,0,0,0
6/29/2009,0,,34.6,0,1.3,0,0.5,0,0.9,6,0,0,15.9,0.2,0,1.4,1.2,10.1,0,12.6,17.1,0
6/30/2009,48.4,,11.3,5.1,0,0,6,32.7,2,0,2.4,25.5,25.8,0,32.2,5.5,0.1,30.9,5.5,26.8,0,7.4
7/1/2009,0.5,,0,16.1,0,0,0,0,0,0,0,0,0,0,0,0,0,0,0,1.1,0.7,0
7/2/2009,0.3,,0,0,0,0.9,0,0,0,0,0.4,0,0,36.3,0,0,0,0,0,0,0,0
7/3/2009,10.5,,0,33,0,8.6,21.5,0,0,16.3,0,12.8,0,0,15.4,36.9,0,0,27,0,14.8,0
7/4/2009,20.8,,0,0,0,27.8,0.5,0,0,4.8,0,51.4,0,5.6,20.1,35.5,2.1,0.8,2.1,13.4,30.2,0
7/5/2009,2.4,,0,0,0,62.9,0.3,33.5,1.7,0,0,0,0,86.5,9.6,0,11.6,11.9,13.8,0,0,0.7
7/6/2009,68.9,,0,15.9,0,17.5,16.1,24.2,12,0,4.9,53.4,0,38.2,1.7,36.5,68.3,1.4,0,0,5.5,0
7/7/2009,4.1,,1.7,1,0.4,160.4,0,3.2,70.8,29.6,0,0,0,50.5,2.4,1.4,22.5,23.5,0,0,0,5.3
7/8/2009,6.5,,6.1,86.9,4.7,105.7,5.1,5.8,17,7.6,7.5,27.6,0,45.4,0.6,25.4,38,9,0,0,25.1,0
7/9/2009,13.3,,5.2,0,0.1,10.1,4.2,1.6,2.8,23.2,5.7,72.7,3.8,18.8,4.5,7.3,29.7,0.8,3.8,3,34.1,0.6
7/10/2009,0.9,,1.9,3.2,0,0,0,1.7,1,16.9,7.7,3.3,0,3.5,4.4,2.9,0.9,0.5,11.4,0,4.8,13.5
7/11/2009,0,,0,0,0,0,17.5,0,0,0,0,0.3,0,0,4.4,0,0,0,0.3,13.5,1.3,0.2
7/12/2009,0,,0,0,0,0,0,0,0,0,0,0,0,0,0.1,0,0,0,0,0,0,0
7/13/2009,0.9,,0,0.8,0,0,0,3.6,0,0,0.4,0,9.9,0,0,0,0,0,0,16.2,0,20.2
7/14/2009,0.5,,0,0,0,0.7,17.5,0,0,0,0.3,0,0.1,0,1.1,0.3,0.5,0,0,0,1.3,0
7/15/2009,0,,0,0,0,0,0,0,0,0,0,0,0,0,0,0,0,0,0,0,0,0
7/16/2009,0,,7.2,0,0,0,0,4.3,0,0,0,0,0,0,0,0,0,0,0,44.6,0,0
7/17/2009,0,,0.1,0,0,0,59,0,0,0.1,0.3,0,2.6,0.1,0,2.1,0.1,0,17.7,0,1.2,11.7
7/18/2009,0,,0,3.2,0,0,17,0,0,0,0,0,0,0.8,0,0,0,0,0,0,0,1.7
7/19/2009,0,,0,0,0,0,0,0,0,0,0,0,9.7,0,0,0,0,0.2,0,0,0,0
7/20/2009,3.5,,11.6,0,0,0,0,1.8,0,16,0,0,8.6,0,0,0,0,0,62,0,0,32.8
7/21/2009,4.3,,1,1.9,0,0.2,5.6,0,0,0,10.9,3.1,0.7,0,0.1,23,0.3,0,9.5,17.7,4.2,6.6
7/22/2009,0,,0,1.7,0,6.8,0,0.1,0,0,0,6.3,0,1.1,0.5,0,1.1,0,1.4,0,22.7,0.8
7/23/2009,0,,0,0,0,0,0,0,0,0,0,0,0,0,0,0,0,0,0,0,0,0
7/24/2009,3.6,,0,6.3,41.1,0,0,0,0,13.3,2.7,0,13.4,0,0,0,0,0,8.6,0,0,33.2
7/25/2009,14.5,,0,0,0,0,11,4,0,0.8,0,30.4,0,0,0.4,0,0,0,16.7,14.3,8.1,0
7/26/2009,0,,0,0,0.1,0,0,0,0,0,0,0,0,0,0,0,0,0,0,0,0,0
7/27/2009,0.1,,1.8,0.3,0,0.4,17.8,1.2,0.2,3.1,0,0,39.5,0,4,0,0,0,10.1,10.5,0,26.9
7/28/2009,0,,0,2.1,0,0,0,0,0,0,0.6,0,0,0,4.2,0,0,0,0.6,0,0,4.9
7/29/2009,0,,0,0,0,0,0,0,0,0.7,0,0,0,0,0.3,0,0,0,0,0,0,0
7/30/2009,0.1,,0,0,0,0,9.7,0,0,45.5,0,0,35.3,0,13.5,0,0,0,44,25,0,68.5
7/31/2009,13.1,,0,32.7,0,0,57,7,0,9,1.4,12.2,0.8,0,1.3,0.8,0,0,11.7,3.4,4,14.1
8/1/2009,0,,0,0,0,0,0,0,0,0,0,5.7,0,0,8,3.2,0,0,0,0,26.9,0
8/2/2009,0,,0,0,0,0.6,0.5,0,0,0,0,0.2,2,0,1.2,0.5,0.5,0,0,0,0.1,0
8/3/2009,0,,0,0,0,0,0,0,0,0.6,0,0,0,0.4,0,0,0,0,29.5,0.4,0,0
8/4/2009,0,,0,9,0,0,0,0,0,0,0,4,0.8,0,6.6,0,0,0,0,0,0,0
8/5/2009,0,,0,0.5,0,0,10.2,0.4,0,42.2,0,0.3,22.4,0.4,0.4,0,0.5,0,39.9,14.9,0,20.4
8/6/2009,0,,0,3.8,0,0,4.1,0,0,2.8,1.8,0.8,0,0.3,0.9,2,5.7,0,12.1,0.3,1.1,0
8/7/2009,0.9,,0,0.3,0,0,0,0,0,0.3,0,0,0,0,0,1.5,0,0,0,0,0,0
8/8/2009,0,,0,0.4,0,3.7,0,0,0,6.8,2.2,0,0,0,0,0,0.5,0,0.2,0,0,11.4
8/9/2009,0,,0,0,0,0,0,0,0,0,0,0.1,15,0.3,0.1,0,0,0,2.6,0,0,0.6
8/10/2009,0,,0,0.1,0.3,0,0.3,66.4,0,0.3,1.1,0,3.2,0.3,0,0.1,1.3,0,0,8.7,0,0
8/11/2009,0,,0,1.6,0,0,0,3.4,0,5.2,0,0,0,0,0.2,0,0,0,1.5,1,0,0
8/12/2009,0,,0,1.1,1.9,0.7,0,0.5,0,23.5,8,0,0,0,0.5,0.2,0.2,0,0,0,0.6,0
8/13/2009,0,,0,1.2,0.4,0.6,0,2.2,0,90.4,2.1,0.3,66,0,0.8,0.2,0,0,13.1,38.3,0,62.1
8/14/2009,3.5,,0,1,2.4,2.2,0,0.2,0,0,0,0,0,0,24,0,0,0,45.3,2.6,0,7.6
8/15/2009,0.2,,0,0.5,0,0,0,0,0,0.5,1.5,0,0,0,0.2,0,0,0,1.9,1,0,0
8/16/2009,0,,0,0.2,0,0,0,0.4,0,0,0,0,1.2,0,0,0,0,0,0,0.7,0,6.6
8/17/2009,0,,0,0,0.7,0.6,0.3,44.8,0,50.7,0,0.1,0.5,0,0,0,0,0,1,0,0,7.1
8/18/2009,5.2,,0,0,0.2,0.8,0,6.8,0,0.8,4.2,0.7,0.5,0,4.8,0.2,1.4,0,2,12.3,0,3.1
8/19/2009,0,,0,0.4,0.2,4.8,0,0,0,0,0,4.7,0,0,6,0,0,0,5,0.1,0,0
8/20/2009,10,,0.1,6.3,2.5,0,3,3.2,0,5.8,2.8,0.7,3.1,0,0.1,0,0,0.4,14.9,10.7,0,0.6
8/21/2009,1.8,,0,1,6.7,0.1,55,0,0,0.1,11.8,0,0,0,0,0,4.1,0.4,0,11.2,0,2.4
8/22/2009,0,,0,0.4,0,0,7.1,0,0,0,0,0,1.6,0,0.1,0,0,0,1.3,0,0,0
8/23/2009,0,,0,0,0,0,0,0,0,0,0,0,0,0,0,0.1,0,0,2.4,1.3,0,0
8/24/2009,0.3,,22.8,0,0,0,8.8,0.9,0.5,16.1,0,0,14.5,0,0,0,0,0,9.9,19,0,44
8/25/2009,0,,1.6,0.3,59.1,0,0.2,0,9.8,0,10.4,0,0,0.4,0,0.4,7.5,9.3,0.5,7.8,6.9,0.2
8/26/2009,0,,0,0.1,0,0,17.7,0,0,8.2,0,0,0.8,0,0.6,0,0.5,0,3.4,0.3,0,11
8/27/2009,0,,0,0,0,0,0,0,0,0,11.7,0,0,0,0,0,0.4,0,0,0.5,0,0
8/28/2009,0,,0,0,2.6,0.6,67,28.2,0,36.8,0,0,59.4,0,0,0,0,0,26.8,54.3,29.7,37.7
8/29/2009,1.5,,0,3.6,0,1.6,1.3,0,0,0.5,0,0,17.5,0.2,0.4,0.1,4.5,0,1,5.6,0,0.2
8/30/2009,0.5,,0,1.2,0,1,0,0,0,0,0,0,0,0,1.5,0,2.6,0,0,0,0,0
8/31/2009,0,,0,3.3,0,0,0,0.9,0,3.1,0,0,25.5,0,0.9,0,0,0,0,0,0,0.4
9/1/2009,0,,0,0,0,0,0,0.6,0,11.8,0,0,20.5,0,0,0,0.3,0,15.4,0,0,1.2
9/2/2009,0,,0,0.2,0,1.2,0,0,0,0,0,0,0,1.4,0,0,0.1,0,0,11.4,0,1.7
9/3/2009,0,,0,0,0,0,0,0,0,0,0,0,0,0,0,0,0,0,0,0,0,0
9/4/2009,5.1,,0,0,13.1,0,2.2,0,0,0,0,28.8,0.8,0,0,0,0,0,0,2.1,0,0
9/5/2009,0,,0,0,0,1.2,4,0.7,0,0,6.1,1.8,49.1,0,0,0,0,0,1.3,32.9,0,10.9
9/6/2009,0,,0,0,0,1,2.7,0,0,0,0,0,0.8,0,0,8.6,0.3,0,0.2,5.3,0,0
9/7/2009,1.6,,0,0,0,0,0,0,0,0,19.2,0.1,3.6,0,0,0,4.9,0,2.2,30.9,0,4.3
9/8/2009,16.2,,0,1.1,0.1,0,59,25,0,14.2,3.2,15.9,0,0,0.4,8.4,0,0,24.7,23.4,30.4,24.5
9/9/2009,0,,0,33.2,0,0,0,0,0,0.4,0,0,0.5,0,0,4.1,0.7,0,4.7,0,4.8,0.4
9/10/2009,18.8,,0,0,0,1.5,0,0,0,2.8,0,0,28.1,0,2.4,0,0.2,0,8.2,5.5,0.1,17.2
9/11/2009,0.2,,0,0,0,0.8,0,0,0,10.1,0,0,4.6,0,1.4,0,0.2,0,0,11.4,0,3.4
9/12/2009,8,,0,0,13.3,1,0,1.9,0,0.4,9.4,0,9.4,0,1,0,1,0,12.8,0,0,45.7
9/13/2009,11,,8.5,0,12,0.1,10.4,19.3,0,6.6,37.7,14.1,0,0,18.5,0,0,0,6,16.2,0,3.7
9/14/2009,1.1,,0,0,0,0,2,0,0,60.3,1.6,6.5,17.3,0,0,0,0,0,9,0,0,22.4
9/15/2009,0,,0,0,0,0,15.9,27.3,0,64.2,1.9,1.1,1,0,0,4.3,1.7,0,2.3,14.8,7.5,4.4
9/16/2009,0,,0,0,0,0.4,0,4,0,17.4,0,0,5.5,0,1.7,0,0,0,1.5,15.8,0,8.5
9/17/2009,0,,0,0,0,0,0,0,0,0,0,0,0,0,0.2,0,0,0,0,0,0,0.4
9/18/2009,1,,0,0,0,0,3.5,0,0,0,0,0.6,0,0,0,10,0,0,0,0,0,0
9/19/2009,1.9,,0,0,0,0,1.1,0,0,0,0,0,22.7,0,0.2,0,0,0,14.3,25.5,0,19.4
9/20/2009,0,,0,0.3,0,1.6,0,0,0,0,0,1.5,0,0,0.2,0,0,0,0,0.7,0,0
9/21/2009,0,,0,0,0,0.1,0,1.1,0,0,0,0,0,0,0.4,0,0,0,0,0,0,0
9/22/2009,0,,0,0,0,0,4.1,0,0,24.8,0,0,0,0.2,0,3,0.3,0,8.8,7.1,14.3,16.5
9/23/2009,0,,0,16.9,0,0,0,0,0,0,0,0,0,0,0,0,0,0,7.8,0,0,1.3
9/24/2009,0.2,,0,0.3,0,1.1,0,0,0,0,0,0,0,0.2,0.4,0,0,0,10.1,0.1,0,25.5
9/25/2009,0,,14.8,17.9,12,0,1.5,2,4,0,0,0,0,2.6,0,0,0,8.1,1,1.1,5.3,0.2
9/26/2009,0,,0,0,0,0,20.1,0,0,4.9,2.9,0,0,0,0,1.1,0,0,0,7.6,8.1,15.5
9/27/2009,3.7,,0,0,0,0.6,0,0.9,0,8.4,1.4,14.1,0,0,0.4,19,0.1,0,0,0,12.9,0
9/28/2009,0.5,,0,17.7,0,0,24.2,0,0,0,0,14.8,0,0,0.3,0.7,0,0,57.3,0.4,4.8,25.8
9/29/2009,4.7,,0,1,0.2,0,6.7,0,0,13,0,0,0,0,0.4,26.3,0.5,0,0.6,2.2,6.9,1.3
9/30/2009,2.2,,0,0,0,0.8,0,0,0,0,0,0,13.3,0,0.6,0.9,0,0,1.5,1.6,7.3,11
10/1/2009,16.1,,0,0,0,0.8,0,0,0,0,0,19.4,0,0,21.2,0,0,0,0,0,0,7.3
10/2/2009,0,,0,2.5,0,0,0,0,0,0,0,8.4,0,0,0.6,0,0,0,0,0,0.2,0
10/3/2009,16,,0,13,0,0,8.1,3.3,0,0,5,1.9,0,0,0,2.3,0.2,0,0,4,3.3,0
10/4/2009,0.2,,0,0,0.3,2.4,0,0.1,0,17.3,0,0,3.2,0,0,0,0.4,0,0,5.3,3.2,19.5
10/5/2009,30.9,,0,6.1,0,0,0,3.1,0,1.4,0,31.2,0,8.3,6.9,13.3,0.6,0,0,0,7.3,0
10/6/2009,0,,0,0,0,0.7,0,0,0,0,0,0,0,0,0,0,0.4,0,0,0,0,0
10/7/2009,12.3,,0,20.8,0.6,0,9.5,9.2,0,51,28.7,16.4,8.6,0,3.5,0,0,0,23,33.5,0,12
10/8/2009,1.7,,0,0,0,0,9,17.8,1,44.9,0,0,0,0,0,0,0,0.4,1.4,6.7,0,0
10/9/2009,0.5,,0,0,0,0,0,11.6,0,0,0,1.1,0,0,0,0,0,0,1.6,1.6,0,12.9
10/10/2009,0.4,,0,0,0,0,0,0,0,0,0,0,0,0,0,0,0,0,0,0,0,0
10/11/2009,0,,0,0,1.6,0,0,0,0,0,0,0,14.4,0,0,0,0,0,0,4.1,0,0
10/12/2009,2.1,,0,0,0,0,0,0,0,0,0,0,0,0,0,0,0,0,6.3,0,0,0
10/13/2009,0.2,,0,0.5,10.3,1,3.2,0,0,0,10.5,5,0,0,1.2,1.9,15.9,0,1.8,0,23.1,68.6
10/14/2009,4,,0,7.7,4.5,0.4,4.1,39.2,0.3,31,15.9,4.3,12.8,0,9.7,24,0.1,0,19.1,12.6,2.6,12
10/15/2009,0.3,,0.2,0,3.6,0.6,0.8,0.1,0,0,0,2.4,0,0,8,8.6,0,0,7.6,0.1,0,2.8
10/16/2009,0,,0,0,0,0,0,0,0,0,0,0,0,0,0,0,0,0,0,0,0,0.1
10/17/2009,0,,0,0,0,0,0,0,0,0,0,0,0,0,0,0,0,0,0,0,0,0
10/18/2009,0,,0,0,0,0,2.5,0,0,0,0,0,0,0,0,0,0,0,0,0,0,0
10/19/2009,0,,0,0,11.1,0,0,12.9,0,0,17.4,0,10.6,0,0,0,0.6,0,0,0,0,0
10/20/2009,0,,0,0,0,0,0.6,34,0,34.5,15.6,0,0.8,0,0,0,0,4.3,17.6,0,0,0
10/21/2009,13.8,,11.6,2.5,0.7,0,13.6,27.9,0,6.1,22.3,0.1,0,0.1,0,0,0,0,0.4,0,0,0
10/22/2009,2.7,,0,0.6,0,0,1.8,0,0,19.7,0,7.8,0,0,20,0,0,0,0,0,28.6,15.9
10/23/2009,1,,0,9.6,0,0.3,8.2,4.5,0,37.6,0,6.1,0,0,0.7,0.2,0.5,0,4.5,18.5,5.3,20.6
10/24/2009,0,,0,5.2,0.5,4.1,1.9,0,0,2.3,26.3,1.5,0,0,0.6,14.6,0,0,1.8,4.1,0.1,6.1
10/25/2009,2,,0,0,5.7,26,0,4.2,1.3,0,9.3,11.7,0,0,22.3,0,6,0,0,0,0,0
10/26/2009,0,,0.2,0,0.2,0,0,0,0,0,0,0,0,0,0,45.7,9.7,0,0,0,14.5,0
10/27/2009,12.8,,0,0,0,0,1.2,0.4,0,0,0,10.6,3,0,0.1,0.8,0,0,0,0,10.7,33.7
10/28/2009,0.5,,24.1,28,44.3,2.1,0,1.2,0,0,60.1,0,0,0,0,0.5,2.6,17.1,0,0.6,0,0
10/29/2009,1.3,,11.4,4.3,0,2.9,2.7,1.1,0,0,2.8,10.7,18.1,1.6,0,0,41.6,0,22.3,12.8,2.3,14.8
10/30/2009,1.4,,0,0,0,0,15,0,0,0,0,0,0,0,0,1,0,0,1.2,0,22.1,0
10/31/2009,1.8,,4.3,8.3,4.7,0,0,0,0,18.1,0,0,1.1,0,0,0,0,0,0,7.9,29.9,2.4
11/1/2009,17.2,,0,11.2,0.5,0,0,0,0,0,22.8,1,0,0,27.4,7.4,0,0,0,0,16.8,0
11/2/2009,0,,0,0,0,1.3,0,0.5,0,0,0,0,0,0,0.2,19.9,0,0,0,0,3.9,0
11/3/2009,0.2,,9.8,5.8,0,4.9,0,0,0,0,0,12.5,0,0,27.7,2.5,4.4,0,0,0,0.8,0
11/4/2009,0,,0,14,0,4.6,0,1.1,0,0,11.7,0,0,0,2,17.2,0,0,0,0,3.1,0
11/5/2009,0,,0,0,0,0.5,0,0,0,0,0,0,0,0,0.7,0,0,0,0,0,0,0
11/6/2009,0,,0,0.2,0,3.4,0,0,0,0,4.4,0,0,0,0,35.1,0,0,0,0,0,0
11/7/2009,0,,1.6,0,11.1,2,0,0,0,0,3.2,3.5,0,0,27.8,0,0,0,0,0,1.6,0
11/8/2009,0,,0,0.6,25.3,0.9,0,8.4,0,0.4,1.8,4.9,0,0,1.5,42.6,9,0,0,0,0,0
11/9/2009,0.4,,0,0,27.6,14.2,0.5,5.6,0,8.2,0,0,0,0,0,13.1,5,0,0,0,16.4,0
11/10/2009,0,,1.1,0,0.3,0,0,0,0,0,0,0,0,0,0,0,0,0,0,0,0,0
11/11/2009,6.8,,0,1.5,0,6.1,0,0,0,36.9,0,11.3,0,0,0,38.1,0.1,0,0,0,21.7,1.3
11/12/2009,10.8,,0,0,0,0,0,0,0,6.7,0,11.4,0,6.2,16.8,9.1,0,0,0,0,0,0
11/13/2009,4.6,,0,0,0,1.4,0,8.2,0,2.4,0,0.6,0,0,16.1,4.2,0,0,0,0,6.8,0
11/14/2009,0,,0,19.8,23.8,0.6,0,0,0,0,0,0,0,0.2,4.5,0,0,0,0,0,0,0
11/15/2009,18.4,,75.6,1,0,0,0,0,0,0.7,0,0,0,0,0,13.8,0,0,0,1.5,4.1,0
11/16/2009,0,,0,0,0,2,0,1.6,0,0,0,0,0,0,0,0,0,0,0,0,0,0
11/17/2009,0,,0,0,0,4.5,0,0,0,0,0,0,0,0,0,0,0,0,0,0,0,0
11/18/2009,0,,0,0,0,6.1,0,0,0,0,0,0,0,0,0,0,0,0,0,0,0,0
11/19/2009,0,,0,0,0,29.1,0,0,0,0,0,0,0,0,0,0,0,0,0,0,0,0
11/20/2009,0,,0,0,0,2.6,0,0,0,0,0,0,0,0,0,0,0,0,0,0,0,0
11/21/2009,0,,0,0,0,0,0,0,0,0,0,0,0,0,0,0,0,0,0,0,0,0
11/22/2009,0,,0,0,0,0,0,0,0,0,0,0,0,0,0,0,0,0,0,0,0,0
11/23/2009,0,,0,0.3,0,0,0,0,0,0,0,0,0,4.9,0,0,0,0,0,0,0,0
11/24/2009,0,,0,8.7,0,3,0,0,0,0,0,0,0,0,0,0,0,0,0,0,0,0
11/25/2009,0,,0,0,0,0,0,0,0,0,0,0,0,0,0,0,0,0,0,0,0,0
11/26/2009,0,,0,0,0,0,0,0,0,0,0,0,0,0.3,0,0,0.1,0,0,0,0,0
11/27/2009,0,,0,0,0,11.5,0,0,0,0,0,0,0,0.3,0,0,0.8,0,0,0,0,0
11/28/2009,0,,0.4,0,0,0,0,0,0,0,0,0,0,0,27.6,0,0,0,0,0,0,0
11/29/2009,0,,0,0,0,2.6,0,0,0,0,0,0,0,0,0,0,0,0,0,0,0,0
11/30/2009,0,,0,0,0,0,0,0,0,0,0,0,0,0,0,0,0,0,0,0,0,0
12/1/2009,0,,0,0,0,0,0,0,0,0,0,0,0,0,0,0,0,0,0,0,0,0
12/2/2009,0,,0,0,0,0,0,0,0,0,0,0,0,0,0,0,0.3,0,0,0,0,0
12/3/2009,0,,0,0,0,1,0,0,0,0,0,0,0,0,0,0,0,0,0,0,0,0
12/4/2009,0,,0,0,0,0,0,0,0,0,0,0,0,0,0.8,0,0,0,0,0,0,0
12/5/2009,0,,0,0,5,0,0,0,0,0,0,0,0,0,0,0,2.4,0,0,0,0,0
12/6/2009,0,,0,0,0,0,0,0,0,0,0,0,0,0,0,0,0,0,0,0,0,0
12/7/2009,0,,0.1,0,0,10.1,0,0,0,0,0,0,0,0.5,0,0,0,0,0,0,0,0
12/8/2009,0,,0,0,0,0,0,0,0,0,0,0,0,0,0,0,1.9,0,0,0,0,0
12/9/2009,0,,0.3,0.1,0.1,1.1,0,2.7,1.3,0,0,0,0,8,0,0,2.6,20.5,0,0,0,0
12/10/2009,0,,0,0,0,0.9,0,0,0,0,0,0,0,0,0,0,33.8,0,0,0,0,0
12/11/2009,2.2,,0,0,0,0,0,0,0,0,10.6,12,0,0,53.1,0,0,0,0,0,0,0
12/12/2009,0.1,,13.2,0,0.5,0.8,0,15.4,0,1,0,11.2,0,0,5.8,14,0,0,0,0,28.4,0
12/13/2009,0,,0,0,0,0,8.3,0,0,0,0,0,0,0,0,0,0,0,0,0,0,0
12/14/2009,0,,0,0,0,0,0,0,0,0,0,0.7,0,0,0,0,0,0,0,0,0.3,0
12/15/2009,0,,0,1.5,0,0,0,0,0,0,0,0,0,0,0,0,0,0,0,0,0,0
12/16/2009,0,,0,4.6,0,0,0,0,0,0,0,0,0,0,0,0,0,0,0,0,0,0
12/17/2009,0,,0,0,0,0,0,0,0,0,0,0,0,0,0,0,0,0,0,0,0,0
12/18/2009,0,,0,4,0,0.3,0,16.3,0,0,0,0,0,0,0,0,0,0,0,0,0,0
12/19/2009,0,,0,0,8.4,0,0,2.2,0,0,0,0,0,0,0,0,0,0,0,0,0,0
12/20/2009,0,,0.4,0,3.4,4.7,0,1.8,0,0,0,0,0,0,0,0,0,0,0,0,0,0
12/21/2009,0,,2,10.1,4.8,0,0,0,0,0,24,9.5,0,2.8,5.3,0,0,0,0,0,0,0
12/22/2009,0,,0.3,4.1,0,0,0,0,0,0,1.5,0,0,0,0,0,0,0,0,0,0,0
12/23/2009,0,,0,0,0,0,0,0,0,0,0,0,0,0,0,0,0,0,0,0,0,0
12/24/2009,0,,0,0,0,0.1,0,0,0,0,0,0,0,2.4,0,0,0,0,0,0,0,0
12/25/2009,0,,0,6.2,0,23.6,0,0,44,0,0,0,0,20.3,0,0,1.4,13.9,0,0,0,0
12/26/2009,0,,0,0,0,0,0,0,0,0,0.2,0,0,0,0,0,0,0,0,0,0,0
12/27/2009,0,,0,0,0,0,0,0,0,0,0,0,0,0,0,0,0,0,0,0,0,0
12/28/2009,0,,0,0,0,0,0,0,0,0,0,0,0,0,0,0,0,0,0,0,0,0
12/29/2009,0,,0,0,0,0,0,0,0,0,0,0,0,0,0,0,0,0,0,0,0,0
12/30/2009,0,,0,0,0,0,0,0,0,0,0,0,0,0,0,0,0,0,0,0,0,0
12/31/2009,0,,0,4.2,0,0,0,0,0,0,0,0,0,0,0,0,0,0,0,0,0,0
1/1/2010,0,,0,27.8,0,0,0,0.3,0,0,0.8,0,0,0,0,0,0,0,0,0,0,0
1/2/2010,0,,0,0,0,0,0,0,0,0,0,0,0,0,0,0,0,0,0,0,0,0
1/3/2010,0,,0,0,0,0,0,0,0,0,0,0,0,0,0,0,0,0,0,0,0,0
1/4/2010,0,,0,0,0,3.2,0,0,0,0,0,0,0,0,0,0,0,0,0,0,0,0
1/5/2010,0,,0,0,0,13,0,0,0,0,0,0,0,0,0,0,0,0,0,0,0,0
1/6/2010,0,,0,0,0,0,0,0,0,0,0,0,0,0,0,0,0,0,0,0,0,0
1/7/2010,0,,0,0,0,0,0,0.3,0,0,0,0,0,0,0,0,0.3,0,0,0,0,0
1/8/2010,0,,0,0,0,0,0,0,0,0,0,0,0,0,0,0,0,0,0,0,0,0
1/9/2010,0,,0,0,0,14.5,0,0,0,0,3.8,0,0,0,0,0,0,0,0,0,0,0
1/10/2010,10.1,,0,20.5,0,4.2,0,0,0,0,0,13.9,0,0,31.9,0,0,0,0,0,0,0
1/11/2010,0,,0,0,0,0,0,0,0,0,0,0,0,0,0,0,0,0,0,0,0,0
1/12/2010,0,,0,0,0,0,0,0,0,0,0,0,0,0,0,0,0,0,0,0,0,0
1/13/2010,0,,0,0,0,0,0,0,0,0,0,0,0,0,0,0,0,0,0,0,0,0
1/14/2010,0,,0,0,0,0,0,0,0,0,0,0,0,0,0,0,0,0,0,0,0,0
1/15/2010,0,,0,16.5,64.8,27.1,0,27.3,27.1,0,15.6,0,0,2.8,0,0,0.7,7.8,0,0,0,0
1/16/2010,0.4,,0,0,0,0,0,0,0,0,0,0,0,0,0,0,0,0,0,0,0,0
1/17/2010,0,,0,0,0,0,0,0,0,0,0,0,0,0,0,0,0,0,0,0,0,0
1/18/2010,0,,0,0,0,0,0,0,0,0,0,0,0,0,0,0,0,0,0,0,0,0
1/19/2010,0,,0,0,0,0,0,0,0,0,0,0,0,0,0,0,0,0,0,0,0,0
1/20/2010,0,,0,0,0,0,0,0,0,0,0,0,0,0,0,0,0,0,0,0,0,0
1/21/2010,0,,0,0,0,0,0,0,0,0,0,0,0,0,0,0,0,0,0,0,0,0
1/22/2010,0,,0,0,0,0,0,0,0,0,0,0,0,0,0,0,0,0,0,0,0,0
1/23/2010,0,,0,0,0,0,0,0,0,0,0,0,0,0,0,0,0,0,0,0,0,0
1/24/2010,0,,0,0,0,0,0,0,0,0,0,0,0,0,0,0,0,0,0,0,0,0
1/25/2010,0,,0,0,0,0,0,0,0,0,0,0,0,0,0,0,0,0,0,0,0,0
1/26/2010,0,,0,20.8,0,31.6,0,0,0,0,0,0,0,0.3,0,0,0,0,0,0,0,0
1/27/2010,30.9,,0,8.5,4.1,0.4,0,0,3.4,0,27.2,0.8,0,1.5,8.4,0,26.6,3.8,0,0,0,0
1/28/2010,0,,21.7,0,0,0,0,0,0,0,0,0,0,0,0,0,0,0,0,0,0,0
1/29/2010,0,,0,0.3,0,0,0,0,0,0,0,0,0,0,0,0,0,0,0,0,0,0
1/30/2010,0,,0,0,0,0,0,0,0,0,0,0,0,0,0,0,0,0,0,0,0,0
1/31/2010,0,,0,0,0,0,0,0,0,0,0,0,0,0,0,0,0,0,0,0,0,0
2/1/2010,0,,0,0,0,0,0,0,0,0,0,0,0,0,0,0,0,0,0,0,0,0
2/2/2010,0,,0,0,0,0,0,0,0,0,0,0,0,0,0,0,0,0,0,0,0,0
2/3/2010,0,,0,0,0,0,0,0,0,0,0,0,0,0,0,0,0,0,0,0,0,0
2/4/2010,0,,0,0,0,0,0,0,0,0,0,0,0,0,0,0,0,0,0,0,0,0
2/5/2010,0,,0,0,0,0,0,23.4,0,0,6,0,0,0,2.6,0,0,0,0,0,0,0
2/6/2010,0,,0,0,0,0,0,0,0,0,0,0,0,0,0,0,0,0,0,0,0,0
2/7/2010,0,,0,0,0,0,0,0,0,0,0,0,0,0,0,0,0,0,0,0,0,0
2/8/2010,0,,0,0,0,0,0,0,0,0,0,0,0,0,0,0,0,0,0,0,0,0
2/9/2010,0,,0,0,0,12.5,0,0,0,0,0.3,0,0,1.4,0,0,0,0,0,0,0,0
2/10/2010,0,,1.5,0,0,0.4,0,0,10.7,0,51.6,1.4,0,0,0,0,0,0,0,0,0,0
2/11/2010,0,,0,0,0,0.9,0,0.7,0.8,0,0,0,0,9.3,0,0,0,0,0,0,0,0
2/12/2010,5.4,,0,0,17.9,0,8.1,8.9,0,6.9,67.4,4.4,22,0,1.8,9.6,0,0,58.8,4,0,15.5
2/13/2010,0,,21.2,4,6.8,6.4,0,39.7,60.3,0,1.7,0,0,25.6,0,0,23.1,74.8,0,0,0,0
2/14/2010,0,,0,0,0,0.5,0,0,0,0,0,0,0,0.6,0,0,0.7,0,0,0,26.9,0
2/15/2010,0,,0,0,0,0,0,0,0,0,0,0,0,0,0,3.6,0,0,0,0,0,0
2/16/2010,0,,0,0,0,0,0,0,0,0,0,0,0,0,0,0,0,0,0,0,0,0
2/17/2010,0,,0,0,0,0,0,0,0,7.8,0,22.6,0,0,46.8,8.6,0,0,0,0,0.3,0
2/18/2010,0.6,,0,0,0,0,0,0,0,0.3,0,0.9,0,0,0.9,1.8,0,0,0,0,0,0
2/19/2010,0,,0,0.5,0,0,0,0,0,0,0,0,0,0,5.8,0,0,0,0,0,0,0
2/20/2010,53,,0,2.3,8.8,0,0,19.4,0,0,0,0,0,0,0,0,0,0,0,0,0,0
2/21/2010,0,,0,4.7,0,0,0,16.7,0,0,0,0,0,0,0,0,0,0,0,0,5.5,0
2/22/2010,0,,0,9.7,0,27.3,0,25.5,0,0,9,15.4,0,0,15.5,4.3,0,0,0,0,0.5,0
2/23/2010,0,,0,0,0,12.2,0,1,0,0,3.6,0,0,0,0,0,0,0,0,0,9.8,0
2/24/2010,0,,21,0,9.2,0.5,0,10.1,3.5,0,0,0,0,0,0,0,0.1,0,0,0,0,0
2/25/2010,0,,0,0,0,1.5,0,0,0,0,0,0,0,0,0,0,0,0,0,0,0,0
2/26/2010,0,,0,4,0,0,0,0.5,0,0,4.5,1.2,0,0,0,0,0,0,0,0,0,0
2/27/2010,0,,0,3,0,0,0,0,0,0,9,0,0,0,1,0.8,0,0,0,0,0,0
2/28/2010,0,,0,1.3,0,0,0,0,0,0,0,6.8,0,0,0,0,0,0,0,0,0,0
3/1/2010,0.7,,0,0,0,0,0.5,0,0,0,0,0,0,0,0,0,0,0,0,0,0,0
3/2/2010,0,,0,65.2,0,0,0,0,0,0,0.1,0,0,0,19.7,0.6,0,0,0,0,1.3,0
3/3/2010,7,,0,2,0,0,0,1.6,0,0,20.6,0,0,0,0,0,0,0,0,0,0,0
3/4/2010,24.7,,0,3.2,1.7,0,0,0,0,0,14.2,0,0,0,0,0,0,0,0,0,0,0
3/5/2010,0,,11.3,0,12.2,0,0,0,0,0,0,0,0,0,0,0,0,0,0,0,0,0
3/6/2010,0,,5.4,0.1,0,6.1,0.1,0,0,0,0.6,0,0,0.4,0,3.9,0,0,0,0,0,0
3/7/2010,0,,0,0,0,0,0,4.5,0,0,0,0,0,0,0,12.7,0,0,0,0,17.3,0
3/8/2010,0,,0,21.7,0,14.1,13.1,0,0,0,0,15.9,0,0,16.4,14.1,2.7,0,4.8,0,0.5,0
3/9/2010,60.5,,10.8,36.1,94.9,25.2,0,17.6,4.8,0,24.1,3.4,0,9.4,8.9,45.1,5.9,14.5,0,0,0,0
3/10/2010,0,,0,0,0,0,1.1,0,0,0,0,0,0,0.4,0,0,6.2,0,0,0,0,0
3/11/2010,19.1,,0,1.4,0,8.1,0,0,0,0,0,9.8,2.3,0,43.2,1.8,0,0,0,0,0.4,7.5
3/12/2010,0.5,,0,16.8,13.1,0,0,0,0,0,15.4,0,0,0,18.7,0,0,0,0,0,0,0
3/13/2010,0,,4.2,0,1.3,30.3,0,11.2,0,0,2.8,0,0,0,0,0,0,0,0,0,0,0
3/14/2010,0,,0,0,0,28,0,0,0,0,0,0,0,0,0.1,0,0.1,0,0,0,5.9,0
3/15/2010,11.5,,33.4,0,0,0,0,3.6,13.8,3.1,0,0.8,0,1,0,0,0,17.9,0,0,0,0
3/16/2010,0,,0,0,0,0.8,0,0,0,0,0,0,0,0.6,0,0,0.6,0,0,0,0,0
3/17/2010,0,,0,0,0,0,18.5,0,0,0,0,4.8,0,0,43.6,25.8,0,0,22,0,34.9,11.7
3/18/2010,3.8,,0,0.5,0,0,0,0,0,5.1,0,3.6,0,0,28.6,0,0,0,0,0,0,0
3/19/2010,0,,1.6,0,0.7,0,0,0,0,0,1.8,3.7,0,0,3.5,0,0,0,0,0,0,0.1
3/20/2010,3.3,,0,6.7,13.3,13,0,13,14,0,1.5,0,0,8,0.3,3.9,5.3,28.5,0,0,8.3,0
3/21/2010,0,,0,0.1,0,0,0,0,0,0,0,0,0,0,0,0,0,0,0,0,0,0
3/22/2010,0,,0,0,0,0,0,0,0,0,0,0,0,0,0,0,0,0,0,0,0,0
3/23/2010,0,,0,0,0,0,0,0,0,0,0,0,0,0,0,0,0,0,0,0,0,0
3/24/2010,0,,0,0,0,2.5,0,0,0,0,0,0,0,0,0,0,0,0,0,0,0,0
3/25/2010,0,,0,0,0,0.6,0,0,0,0,0,0,0,0,0,0,0,0,0,0,0,0
3/26/2010,0,,0,0,0,0,0,0.9,0,0,0,0,0,8.4,0,0,23.3,0,0,0,0,0
3/27/2010,0,,0,0,0,0,0,0,0,0,0,0,0,0,16.7,5.3,0,0,0,0,0,0
3/28/2010,0,,0,5.6,0,0,0,33,0,0,0,0,0,9.9,0,0,0,0,0,0,0,0
3/29/2010,0,,0,0.6,0,0,0,0,0,0,0.4,8,0,0,0,2.6,0,0,0,0,0,0
3/30/2010,13,,0,20.7,4.3,0,0,0,0,0,1.3,2.6,0,0,0,0,0,0,0,0,0,0
3/31/2010,0,,0,0,2.9,0,0,0,0,0,0,0,0,0,0,0,0,0,0,0,6,0
4/1/2010,0,,0,7.5,21.6,11.6,0,33.8,0,0,13.9,0,0,0,2,0,0,0,0,0,0,0
4/2/2010,0,,0,2.7,0,15.4,0,0,0,0,0,0,0,0,68.1,0,8.4,0,0,0,0,0
4/3/2010,0,,0,33.3,0,15.1,0,0,0,0,6.1,0,0,0,0,0,0,0,0,0,0,0
4/4/2010,0,,0,0,0,0,14.7,0,0,0,0,0,0,0,0,0,0,0,0,0,0,0
4/5/2010,19.7,,1.2,7.8,2.3,21,0.3,0.5,1,0,33.6,22.7,0,3.7,17.7,9.9,7.4,7.6,0.9,30.8,10.7,31.4
4/6/2010,0,,0,0,0,0.5,0,0,0,0,0,0.6,0,0,0,0,1.9,0,0,0,0,0
4/7/2010,0,,0,0,0,0,0,0,4.4,0,0,0,0,0,0,0,0,0,0,0,0,0
4/8/2010,0,,0,0,0,6.9,0,21.5,0,0,0,0.7,0,0,0,54.5,10.4,0,0,0,93.1,0
4/9/2010,0,,2.2,0,0.2,1.8,0,0.9,2.9,0,0,0,0,3,0,0,10.7,15.5,0,0,0,0
4/10/2010,0,,0,0.3,0,0.8,0.2,0,0,0,0,0,0,3.8,0,0,0.1,0,0,0,0,0
4/11/2010,0,,0,0,0,0,19.9,0,0,0,0,0,0,0,0,0,0,0,0,0,0,0
4/12/2010,0,,0,0,0,23.9,0,0,0,0,1.3,0,0,0,0,0,0,0,0,0,0,0
4/13/2010,0,,0,0,0,0,0,0,0,0,0,0,7.5,0,0,0,0,0,0,11.5,0,0
4/14/2010,5.7,,0,16.7,0,0,0,11,0,0,13.1,0,0,0,0,0,0,0,0,0,0,0
4/15/2010,0,,0,36.2,0.6,0,6.6,1.2,0,0,12.6,5.7,0,0,20.6,0.6,0.7,0,0,43,1.8,0
4/16/2010,0,,0,0,0,0,0,0,0,34.7,0,3.6,0,0,0,0,0,0,11.8,0,0,21
4/17/2010,0,,0.5,0,1.9,10.5,0,0,0,0.5,0,0,0,0,0,0,0,0.6,0,0,11.3,0
4/18/2010,0,,0,0,0,0,0,0,0,0,0,0,0,0,0,0,0,0,0,0,0,0
4/19/2010,0.1,,0,14.3,0,0,8.5,0,0,0,0,5.6,0,0,0.3,6.7,0,0,0,0,0,0
4/20/2010,53.8,,0,3.6,13.5,0.4,0,17.3,0,1.3,5.1,20.9,0,0,5.7,4.1,0.4,0,0,0,3.8,0
4/21/2010,0,,0,0,0,0,0,0,0,0,0,0,0,0,0,0,0,0,0,0,0,0
4/22/2010,7.3,,0,19,9.1,0.2,0.2,31,0.5,0,29.3,0,36.7,9.5,15.5,22.1,6.8,0,89.1,72.5,50.4,6.9
4/23/2010,0,,0,0,6.2,4,0,0,0,0,0,0,0,0.2,0,0,1.5,0,0,0,0,0
4/24/2010,10.4,,48.6,0.7,6.1,52.4,0.4,47.2,0.6,15.1,6.6,4.4,0,12,8.3,48.5,48.4,0,0,0,20.1,37.6
4/25/2010,0,,0,0,0,0,0,0,0,0,0,0,0,0.9,0,0,0,0,0,0,0,0
4/26/2010,2.4,,1.3,2.5,1.3,32,0,7.8,0,22,2.8,0,1.5,0.6,3,0,34.5,0.1,73.3,29.1,3.7,106.9
4/27/2010,7.7,,0,10,0,1.6,0,0,0,0,0,7.9,0,0.1,3,13.4,7.9,0,1.5,0,5.3,1.2
4/28/2010,3.6,,17.8,21.2,46.7,71.9,0,27,7,0,15.1,0,0,4.4,45.7,0,30.3,16.9,0,0,0,0
4/29/2010,5,,0,0,0,0,60.9,0,0,5.2,0,0,31.3,0,0,0,0,0.5,0,0,0,0
4/30/2010,0,,0,0,0,0,0,0,0,0.2,0.4,5.2,0,0,0,43.7,0.3,0,0,0,15.2,0
5/1/2010,11.5,,0,0,0,0,8,0.9,0,0.3,0,22.2,5,2.9,16.5,24.2,0,0,0,15.5,26.7,6.2
5/2/2010,4.6,,7.8,75.2,1.4,17.8,0,1.8,5.1,0,3.8,18.5,0,55.4,6.3,49.1,8.7,6.3,0,0,17.7,0
5/3/2010,49.6,,0,0,0,0,0,0,0,0,0,0,0,0,0,1.3,0,0,0,0,4.5,9
5/4/2010,0,,0,0,0,0,0,0,0,0,0,0.1,0,0,23.1,0.6,0,0,0,0,5.3,0
5/5/2010,10.2,,0,16.8,3.8,2.2,4.2,15.4,0.3,30.5,4.3,29.1,0,0.2,6.2,23.9,14.7,0,1,0,9.4,3.8
5/6/2010,1,,0,0,0,0,0,0,0,0,0,0,0,0,31.2,0,0,0,0,0,0,4.8
5/7/2010,3.8,,0,0,0,1.1,0,0,0,1.7,0,0,6.4,0,0,18.3,0.5,0,3.7,7.3,35.1,0.1
5/8/2010,0,,0,13.2,4.6,0,0,0,0,0,5.4,0.3,0,0.2,0.2,0,3.5,0,0,0,0,0
5/9/2010,8.5,,0,0,0.2,0,0,0,0.5,1.7,0,0.1,0,5,0,0,1.1,5.1,0,0,7.7,0
5/10/2010,10.5,,0,0,0,13.3,0,0,0,0,0,0,0,1.1,0,0,6.9,0,0,0,0,0
5/11/2010,0,,0,0,0,1.5,0,0,0,1.6,0,0,10.5,0,0,0,0,0,0,0.3,0,6.7
5/12/2010,0,,0,0,0,41.4,0,0,0,0,0.5,0,0,0.9,0,0,11.6,3.9,0,0,2.2,0
5/13/2010,0,,0,17.5,12.8,0,0,0,0,0.9,20.1,0,0,0,0,0,0,0,0,0,1.8,0
5/14/2010,0,,0,0,0,0,0,0,0,9.1,0,0,0,0,0,0,0,0,0,19.5,0,0
5/15/2010,0,,0,0.9,0,0,3,0,0,6.5,0,0.1,0,0,0.5,0.7,0,1.1,0,0,2.3,0
5/16/2010,0.5,,0,18.5,0,1.2,0,0,0,0,3.3,0.1,0,1.7,24.1,0,5,0,0,0,0,0
5/17/2010,3,,17.6,13.1,23.5,13.5,0,22.7,25.3,0,18.5,14.3,0,19.3,6.7,3.8,5.3,41.5,0,0,0,0
5/18/2010,0,,0,0,0,0,0,0,0,0,0,1.9,0,0,0,0,0.2,0,0,0,0,0
5/19/2010,0,,0,0,0,0.5,24.6,0,15.5,26.3,0.8,0,25.3,45.9,0,0,0,0,0,1,1.2,0
5/20/2010,0,,0,0,1.9,35.9,32.6,0,1.7,10.9,1.2,0,2.5,0,2.9,0,45.6,0,0,8.9,1.6,0.8
5/21/2010,7.1,,0,0,0.1,1,0,6.2,0.2,0,6.3,4.9,0,0,28.2,2.9,0,0,0,0,0,0
5/22/2010,0,,3.1,0,6.4,0,0,0,1.1,0,0,0.3,0,2.1,0,0,0,0.3,0,0,0,0
5/23/2010,0,,0,4.8,6.4,0.4,0,0,0,0,0,4.9,0.2,0,17.8,0,0,0,0.5,42.2,10.4,0
5/24/2010,0,,0,21.9,0,0,0,0,0,0,0.2,0,0,0,0,0,0,0,0,0.2,0,0
5/25/2010,0,,0.8,0,9.3,0,0,17.8,0,6.8,0,0,7.9,0,0,0,0,0,0,39.5,0,0
5/26/2010,15,,1.9,36.6,1.3,30,0,0,4.4,0.4,34.5,4.8,0,28.1,0,0,37.8,1.8,0,0,0,0
5/27/2010,0,,0.5,0,0,2.5,0,2.1,34.2,0,0,0,0,1.2,26.2,0,34.7,45,0,0,1,0
5/28/2010,0,,0,17.5,8.8,7.2,0,2,0,0,0.7,0,0,0,0.3,15.6,16,0,0,0,0,0
5/29/2010,0.7,,6.7,18,6.8,166.8,3.7,0,0.1,0,15.2,0.7,16.3,13.8,0,0.4,63.3,1.5,4.5,6.9,1.2,0
5/30/2010,14.4,,0,11.7,28.8,90.9,0,39.5,1.3,14.8,35.1,6.6,0,54.2,0.3,0.9,35.8,7.3,0,0,21.9,0
5/31/2010,0,,0,0.3,0.2,1.2,0,0,18.8,0.8,0,0,80,1.6,6.2,0,6.1,3.3,0.6,4.1,0,11.6
6/1/2010,0,,0.1,0,0,16.4,0,0,0,0,0,1.9,0,0.4,0.3,0.9,2.7,0,12.5,0,2.4,0
6/2/2010,2.4,,28.5,26.7,0,52,0,3.3,0,0,0.8,23.9,0,0.1,1.4,23.8,1,0.1,0,0,7.7,0
6/3/2010,4,,0.8,0,0,19.4,101.1,0.7,5.7,0.5,0,2.8,13.2,6.1,2.3,23.9,19.6,30.2,21.8,19,65.2,89.6
6/4/2010,3.1,,3.3,10.2,2.3,50,5.6,73.4,8.5,9.3,7.4,0,0,19.9,2.2,0.2,15.1,11.4,0,0,0,0.1
6/5/2010,0,,0,0,0,0,0,0,0,0,0,0,0,0,0,0,0.2,0,0,0,0,0
6/6/2010,35.3,,8.4,14.3,39.3,0,0,33.2,0,0,3.6,48.4,0,0.6,47.9,36.2,0,0.6,3.9,0,27.6,6.6
6/7/2010,0.1,,0,14.8,0.2,7.3,0,2.5,0,0,5,0,0,22.6,0,0,12.1,0,0,0,0,0
6/8/2010,3.7,,0.4,0.5,0,70.7,0,4.6,4,0.3,2.7,12.7,0,71.5,0,0.7,8.8,0.5,0,0,0,0
6/9/2010,2.4,,4.7,8.9,0,0.6,38.5,40.2,122,0.5,3.5,7.8,70.6,2.5,11.3,30.2,0.2,73.9,25,18.9,24.2,8.6
6/10/2010,0,,0,6,0,1.6,0,0,0,0,0,0,0,0,0.6,0,0.2,2.4,0,0,15.1,3.4
6/11/2010,8.2,,0,0,0,15.4,0,0,7.5,0.4,0,0,0,2.5,0,0,0.6,0,0,0,0.2,0
6/12/2010,25.3,,0,1.3,0,0.5,1.2,0,0,14.1,0,14.3,6.7,0.3,21.6,37.5,0.4,0,0,0,2.2,0
6/13/2010,0,,1.6,9.8,1.9,25.5,0,7,2.6,0,1.2,4,0,17.4,3.9,5.1,4.9,10.9,0,0,0.2,0
6/14/2010,0,,1.5,17.4,14.2,1,14.1,0,3.4,8.3,0.7,0,0,2.8,3.5,23.7,4.5,4,0,0,3.8,5.1
6/15/2010,6.6,,0.5,79.7,5.9,0.7,0,1.7,15.3,1.2,0,83.6,0,3.5,0,12.9,46.5,4.1,0,0,2.5,0
6/16/2010,0.2,,0.9,28.5,0,58.2,68.8,0,33.2,11,0,5.6,25.7,31,20.9,8.6,57.5,23.5,66.3,6.8,0.5,19.7
6/17/2010,0,,0,0,0,0,0,0,1.9,0,0,0,0,0.4,0,0,2.7,4.5,0,0,0,1.4
6/18/2010,0,,0,0,0,4.4,0,0,0,0,0,0,0,0,0,0,0,0,0,0,0,0
6/19/2010,2.3,,15.1,36,2.7,8.4,0,0,1.3,0,9.4,0,0,2.1,0,0,0,26,0,0,12.3,4.5
6/20/2010,6.1,,4.2,15.8,0,2.6,4.6,0,24.1,0,0,0,1.7,0.6,0,0.1,0.2,50.1,26,0,0,13.4
6/21/2010,0.8,,0,0,0,1.2,0,0,2,39.6,0,0,10.5,0,0,0,0,2.1,0,0,0,0
6/22/2010,0,,0,0,7,1.4,0,4.9,0,0,0,0,0.3,11.4,0,0,1.6,0,0,0,0,0
6/23/2010,3.4,,1.8,0.1,0,91.8,0,2.4,20.7,0,0,0,0,14.4,3.7,26.9,3.9,0,0,0,14.7,0
6/24/2010,0,,0,2.4,0,30.9,21.3,0,37.7,1.1,0,0,0,42.3,1.8,15.3,124.7,30.8,25.4,0.5,0.2,6.3
6/25/2010,0.4,,0.8,0.7,0,3.2,0.6,12.5,5.1,6.7,0.5,0.1,16,3.7,0.2,0,4.9,1.2,6.1,1.9,0,12.9
6/26/2010,0,,0,0,0,0,12.4,0.3,0,0.3,0,0.3,0.9,0.1,0.9,0.6,0,0,2.3,1.3,1.8,0
6/27/2010,0.1,,4.6,5.9,0,0,0,0,0,0,0,0,0,0,1.2,0,0,0,0,0,0,2.1
6/28/2010,1,,0,0,0,0,0,0,0,0.3,0,1.2,0,0,0,26.2,0,0,5.6,0,2.1,0
6/29/2010,0,,0,0,0,0,0,0,0,0,0,0,0,0,0,0,0,0,3.8,0,0,12.2
6/30/2010,0.4,,0,0,0,0,0,0,0,0,0,19.2,0,2.9,6.3,20.6,7.8,0,0.6,0,0.6,33.3
7/1/2010,15.2,,2.1,0.8,12.8,8.5,13.5,48.3,81.6,56.4,0.5,0.9,0,2,0.7,0.1,0,4.6,0,0,3.2,5.6
7/2/2010,1.6,,0,0,0.4,0,0,0,0,0,24.1,0,11.4,0,65.7,0,1.1,0,0,5.9,0,0
7/3/2010,0,,0,0.1,0,0,0,0.4,0,0,1.8,0,0,0,0,0,0,0,0,0,0,0
7/4/2010,10,,3.6,0,4.2,0,0,0,0,0,0.9,41.2,0,0.1,23.6,0,0,0,0,0,26.5,0.5
7/5/2010,7.3,,0,22.6,0,5.4,30,0,0,0,0,0,24.2,2,0.8,3,6.3,0,3.7,37.5,13.8,11.5
7/6/2010,0,,0,0.2,0,3.5,0,0,0,0,0,0.1,0,0,3.7,0,0,0,0,0,0,0
7/7/2010,0,,0,0,5.4,0,0,7.1,0,16.2,0,8.9,0,0,0,0,0,0,15.1,0,0,4.9
7/8/2010,23.4,,3.8,2.1,1.8,0,0,0,0,0,0,0,0,0.4,5.8,0,0,5.5,5.9,0,0,0.4
7/9/2010,0.6,,2.4,0,5.3,6.8,0,0,0,9.3,25.5,11.4,0,8,13.6,3.5,21.9,32.8,4.5,0,3.2,4.7
7/10/2010,9.9,,0,6.2,5.7,0,6.7,0.6,0.3,52.6,4.1,0.5,0,24.1,17.7,19.5,0,24.5,2,10.1,40.8,1.5
7/11/2010,0,,0,0,0,0,3.7,0,0,0,0,0,23.5,0,0.1,0,0,0,0.4,6.7,0,39.6
7/12/2010,0,,0,0,0,0.1,0,0,0,0,0,0,0,0,0,0,0,0,0,0,0,0
7/13/2010,13.4,,0,0,0,1.2,0,0,0,7.2,0,2,0,0,1.5,24,0,0,0,0,45.5,0
7/14/2010,0,,0,0,0,4.6,0,0,0,0,0,0,0,0,0,6.5,0.2,0,0,6.2,31.6,0
7/15/2010,0,,4.2,0.6,0.9,2.7,0,0.7,1.5,3.6,2.2,0.3,0,3.3,0.8,85.7,3.6,1.8,0.7,0,71.2,0
7/16/2010,27.1,,1.3,1.5,0.3,1.1,4.8,0.9,1.6,3.4,3.4,10.3,36,12.3,12.1,15.4,9.7,0.5,0,18.6,3.2,0.5
7/17/2010,0,,0,0.6,0,0.5,1.6,0,0,0.5,0,4.5,2.8,0,4.3,1.1,1.3,0,0.3,0.7,11.6,0
7/18/2010,0,,0,0,0,0,0,0,0,0,0,0,0,0,0,0,0,0,2.7,0,0,70.5
7/19/2010,0,,0,0,0,0,0,0,0,0,0,0,0,0,0,0,0,0,0,2.5,0,0
7/20/2010,0,,0,0,0,0,0,0,0,0,0,0,0,0,0,0,0,0,0,0,0,0
7/21/2010,0,,0,0,0,0,0,0,0,0,0,0,0,0,0,0,0,0,0,0,0,0
7/22/2010,0,,0,0,0,0,0,0,0,0,0,0,13.7,0,0,0,0,0,32.9,21.2,0,19.9
7/23/2010,0,,0,0,0,0,0,0,0,0,0,0,7.2,0,0,0,0,0,5.6,2.5,0,20.9
7/24/2010,0,,0,0,0,0,0,0,0,0,0,0,0,0,0,0,0,0,0,0,0,0
7/25/2010,0,,0,0,0,0,0,0,0,0,0,0,0,0,0,0,0,0,0,0,0,0
7/26/2010,0,,0,0,0,19.9,0,0,1.4,0,0,0,0,0,0.4,0,0,0,0,0.2,0,0.3
7/27/2010,0,,0,0,3.4,0,0,0.8,1.8,1.8,0.6,3.2,0,0,0,0,0,4.2,6.4,0,12.5,0
7/28/2010,0,,0,0,0,0,0,0,0,0,0,0,10.7,0,0.1,0,0,0,1.8,0,0,0
7/29/2010,0,,0,0,0,0,0,0,0,0,0,0,25.7,0,0,0,0,0,16.5,0,0,0
7/30/2010,0,,0,0,0,0,0,0,0,0,0,0,0,0,0,0,0,0,9.1,11.3,0,0
7/31/2010,0,,0,0,0,0,0,0,0,0,0,0,1.8,0,0,0,0,0,0,0,0,0
8/1/2010,0,,0,0,0,0,0,0,0,2.5,0,0,0,0,0,0,0,0,0,0,0,0
8/2/2010,0,,0,0,0,0,4.9,0,0,0,0,0,1.5,0,0,0,0,0,4.9,0,0,0
8/3/2010,0,,0,0,0,1.5,0,0,0,0.6,0,0,2.6,0,0,8.1,0,0,0,0,1.2,0
8/4/2010,0,,0,0,0,0.6,0,0,0,0,0,0,0,0,0,0,0,0,0,2.1,0,0.4
8/5/2010,0,,0,0,0,0,0,0,0,0,0,0,0,0,0,0,0,0,0,0,0,0
8/6/2010,0,,0,0,0,0,0,0,0,0,0,0,0,0,0,0,0,0,0,0,0,0.6
8/7/2010,0,,0,1.5,0,0,72.4,0,2.8,1.2,0,0,0,0,0,0,0,0.3,23.2,88.2,0,1.6
8/8/2010,3.2,,3.2,0.9,1.3,3.6,4.6,0.2,1.2,72,3.3,16.9,0,7,5.1,0.8,1.6,3,20.2,1.1,1,5.1
8/9/2010,0,,0,0,0,0,6.6,0,0,3.4,0,0,1.1,0,0,0,3.4,0,5,0,0,0.3
8/10/2010,0,,0,0,0,1.3,13,0,0,0.1,0,0,26.7,0.9,0,0,1.2,0,61.7,29,4.8,1.1
8/11/2010,15,,1.8,22,3.9,14,15.7,6.5,2.3,2.7,42.8,26.6,0,16.4,19.1,12.2,16.6,0.5,0,18.7,6.5,22.5
8/12/2010,1.2,,0,0.2,0,2.7,0.3,0,0,11.1,0,8,3,0,5.7,5.2,0.2,0,43.9,0.5,1.2,8.5
8/13/2010,0,,0.6,8.6,0.3,1.1,1.3,0,0,0,6.1,1.3,4.9,0,0,0,0.1,0,28.8,0.8,1.4,146.9
8/14/2010,0,,0.5,0.2,0,0,0,0,0,0.3,0,0,78.8,0,0.3,0,0,0.5,10.5,0,0,6.6
8/15/2010,0,,0,0,0.6,0,0,0.7,0,0,0,0,0,0,0,0,0,0,0,0,0,0.2
8/16/2010,38.2,,2.4,6.4,0.6,0.3,11.3,7.2,0,40.3,2,22.8,6.9,0.3,14.9,41.1,0,0,14,0,26.8,20.7
8/17/2010,5.2,,48.8,33.4,6.3,3.4,23.3,5,11.8,0,13.3,7.9,0,0.1,10,1.7,0,9.1,0,38.4,0,0
8/18/2010,0,,0,0,0,0,5.9,0,0,7.6,1.4,2.8,11.7,0,1.4,0,0,0,0,0,0,0
8/19/2010,0,,0,0,0,0.5,0,0,0,0,0.1,0,0,0,0,0,0,0,0,0,0,0
8/20/2010,14.6,,8.2,0,21.2,0.2,29.8,11.6,8.2,37.5,13.2,0,77.2,8.7,0,0.8,27.6,13.8,46.6,17.7,0.7,41.9
8/21/2010,1.9,,0,32.6,0,0,0.3,0,0,0,7.5,24,3.6,0,4.9,1.4,5.3,0.8,0,1,8.7,0
8/22/2010,0.7,,0,5.8,0,0,2.5,1.2,0,0.4,4.8,0,0,1.4,0.7,0,0.8,0,0,0.4,0,3.3
8/23/2010,4.3,,0,0,0,0,1.1,0,0,10.6,18.9,0,0,0,2.4,0,0,0,0.4,0,0,7.4
8/24/2010,0.6,,0,2.4,0,0,4.7,0,0,0,0,0.8,10.1,0,0,15.1,0.5,0,0,1.2,9.1,0
8/25/2010,2.4,,0,0.9,0,0,0,5.7,0,1.3,0,0,0,0,0,0.7,0.2,0.1,0,2.1,0,0
8/26/2010,0,,0.5,0,0,0,2.2,0.3,0,0.9,0.4,0,10.1,0.1,0,0.2,0.6,0,0.8,15.3,0.5,0.4
8/27/2010,0,,0,0,0,0,0,0,0,0.6,0,0,0,0,0,0,0,0,0,0,0,0
8/28/2010,0,,0,2.9,0,0.4,0,0,0,0.3,0.4,0,0,0,7,0,0.1,0,0,0,0,0
8/29/2010,0.6,,0.9,2.8,0,6.2,0,0,0.6,0,4.6,0.6,0,4.2,2.6,0,5.8,0.4,0,0,0,0
8/30/2010,0,,0,1.2,0,1.4,37.3,0,0,10.7,1.2,0.2,59,0,1.2,0,2.1,0,23,78.5,0.2,9.3
8/31/2010,1.1,,0.4,1.2,0,20.6,2.3,0,0,40.4,2.1,1.2,8.3,0.2,0.3,4.2,2.5,0,4.2,0,10.5,23.8
9/1/2010,3,,0,9.8,0,0.2,0.4,0,0,2.2,1.8,15,1.1,0,1.8,5.9,1,0,14,5.9,0.8,0.2
9/2/2010,1.8,,0,0,0,0,0,0,0,0,1,0,26.9,0,0,0,0,0,1.5,0,0.7,2
9/3/2010,0,,0,0.3,0,0,16.6,0,0,18,0,1,2,0,0,0,0,0,17,16,0,40.6
9/4/2010,0,,0,0,0,2.4,0,0,0,2.5,0.7,2.5,0,1,7.9,0,0,0,0,0,0,0.4
9/5/2010,2.3,,2.7,0.3,2.3,0,13.2,10.3,12.3,10.7,2.4,0,34.9,0.8,0.3,0,2.3,25.5,5,43.6,0,3.9
9/6/2010,0,,1.8,4.1,0.3,3.4,2.3,5.2,3.4,0,0.6,0.1,0,0.1,0.7,0,2.3,3.1,1.7,1.8,0,0
9/7/2010,0,,0.7,0.3,0,0.2,0,0,0,17.8,0,0,2.5,0,0,0,0.2,0,8.3,0,0,9.4
9/8/2010,0,,0,0,0,0,36.8,0,0,0,0,0,8.7,0,3.1,3.2,0,0,55.4,13.5,4.5,10.3
9/9/2010,1.5,,0,0,0,0,0,9.6,2.1,0,0,0,6.5,0,0,0,0,0,0,1.2,0,0
9/10/2010,3.7,,0,0.7,2,0.5,0,15.4,0,0.6,2.6,0,0,0.2,0,38,0.3,0,0,0,3.5,1.9
9/11/2010,121.1,,9.2,1.1,7.2,0.6,0.9,16.3,0,28.7,35.6,9.9,0,0,15.2,0.3,4.5,0,1.7,12.8,7.4,2.8
9/12/2010,0,,0,0,0,0,0,2,3.1,6.7,1.2,28.3,0,1.2,0,0,5.1,0,0,0,0,8.1
9/13/2010,25.1,,0,0.2,0,1.9,28.5,0,0,2.6,3.3,0,47.6,9.5,0.6,0,0,0,7.5,17.8,1.1,7.3
9/14/2010,3.3,,35.1,0,1.1,0,15.8,9.6,0,34.8,0.3,0,0,0,0.9,0,0.4,0,30.3,0,0.5,15.1
9/15/2010,33.2,,1.6,6.4,43.5,22,7.9,2.6,5.1,0,48.8,6.1,1.8,0,11.8,0,0.5,0,0,0,0.6,0
9/16/2010,0,,0,0,0,6.9,0,0,0.4,0,0.3,0.5,0,0,0,0,1.3,0,0,0,0,46.7
9/17/2010,0,,9.3,2.8,1.6,4.1,0,13.4,2.1,0.4,5.7,0,0.5,12.7,0,4.5,6.2,15.6,45.9,4.5,50.2,15.6
9/18/2010,0,,5.4,0.5,2.3,1.2,4,5.9,10.8,15.5,0.3,0.9,0,5.2,8.9,0,1.6,13.1,0.3,5.7,55.1,6.8
9/19/2010,14.2,,10.8,55.6,1.5,2,0,13.8,0,27.2,1.9,1.3,0,0,11,0,0,0.1,17.6,0,0,33
9/20/2010,0,,0,4.9,8,7.9,33.2,0,3,0.3,34.8,0,32.5,9.7,1.2,0,15.3,0.9,21.5,25.8,20.6,2.5
9/21/2010,4.8,,0,0,14.1,0,0,0,0,0.6,2.3,0,0,0,19.4,0,4,0,0,0,0,0
9/22/2010,37.3,,2.8,18.5,12.4,0,53,74,4.7,16.6,3.7,46.6,0,18.8,6.7,3.5,6.1,0,0.3,0,44.6,20.8
9/23/2010,19.7,,45.4,6,67,48.5,4.2,17.1,2.6,9.3,23.7,18.1,0,6.2,15.8,37.8,54.7,11,12.2,3.3,7.4,18.6
9/24/2010,0,,1,23,8.2,0.9,7.9,0,3.5,0.8,5.7,25.5,0,1.5,10,45.7,4.6,23.8,0.6,0,17.5,5.4
9/25/2010,0,,0,0.9,0,5.8,0,0,0.9,0,0.2,0,0,0.1,0,0,4,0.1,0,0,1.6,0
9/26/2010,9.6,,0.8,0.1,0,2.7,0,9.5,0,14,0,0,0,0,0,2.4,0.7,0,0,0,1.1,3.5
9/27/2010,2.5,,0,1.2,1.3,0.5,18.2,0,0,11.6,2.1,7.7,5.2,0.2,8.3,10.1,0.9,0,4.2,2.4,12.3,15.4
9/28/2010,0,,0,0,0,8.8,0,15.5,0,0.9,0,0,0.1,0,0,0,0,0,10,2.2,0.2,5.4
9/29/2010,0,,1.7,0.4,0,0,0,0,0,0,1.9,0,0,0,29,0,0,0,0,0,3.8,0
9/30/2010,12,,3.4,0.2,0,0,11.7,6.8,0,0.2,2.6,2.4,0,0,1.2,0,0,0,0,0.1,17.2,14.8
10/1/2010,0.5,,0,11.2,0,0,20.6,0,0,0,0.9,0.5,2.5,0,10.3,0,0,0,12.9,8.6,0,1.7
10/2/2010,0,,0,0,0,0,0,0,0,0,0.4,1.1,0,0,0,0,0,0,0,0,0,10.8
10/3/2010,2.1,,1.8,10.4,0.7,7.1,30.6,5.8,0,0,0,9,4.3,0.6,13.5,3.3,0.3,0,3.5,0,33.4,1.6
10/4/2010,33.2,,7.5,27.2,1.1,6.9,0,0.8,1.1,6.6,5.6,2.6,0,13.9,0.6,2,15.8,0.5,8.6,6.6,0.5,2
10/5/2010,0,,20.1,0.2,0.2,2.1,18,8.3,0.8,0,0,0.1,0,1.7,15.8,0.1,0.2,7.5,0,4.8,3.4,0
10/6/2010,8.2,,18.3,47.6,1.2,0,0,0,0,0,7.5,22.7,52.2,0,0,0,2.8,0,30.6,1.7,0,21.9
10/7/2010,2,,2.3,3.9,6.5,4,9.9,57.6,0,22.2,4.1,0.4,0,24.5,22.6,21.2,0.7,0,3.3,0.2,52.1,0
10/8/2010,0,,0,0,8.4,0,0,0,0.6,0,45,4.8,0,0,0.3,0,7,0,0,0,1.5,0
10/9/2010,0,,12.9,0,0.9,0,0,0,0,0,1.5,0,0,0,2.3,0,0,0,0,0,0,20.4
10/10/2010,0.6,,52.9,61.5,23.5,76.3,15.4,46.5,16.1,0,8.5,31.3,0,9.6,23.7,4.1,5.5,18.4,0,0,0.1,0
10/11/2010,0,,0,0,0,15.7,0,0,0,0,0,0,0,0,5.2,0,39,0,0,0,0,0
10/12/2010,46.6,,0,2.1,65.2,45.3,6.5,0.5,0,4.3,9.3,0.2,0.4,0.4,3,9.3,41.1,0.5,2.3,9.3,2.4,7.8
10/13/2010,34.2,,2.1,0,0,8.4,0,0,0,0,0.8,2.3,12.2,0,0,4.6,0.3,0,0,6.6,6.8,0
10/14/2010,0,,0,17.2,0,52,13.2,8.9,0.2,0,0.4,9.1,0,3.3,20.5,10.2,1.2,0,0,11.1,2.2,0
10/15/2010,0,,0,0.7,0,29.2,0,0,0,0,0.7,0,0,0,0,0,0,0,0,0,0.3,0
10/16/2010,0,,0,0,0,0.6,0,0,0,0,0,0.4,36.5,0,0,0,0,0,0,0,0,0
10/17/2010,1.7,,0.7,12.9,3.9,13.7,39.5,2,0,0,0,6.5,0,0.7,17,4.5,5.5,0,0,0,10.2,0
10/18/2010,26.6,,0,6.8,0,2.6,0.8,0,0,0,0,2.7,3.5,0.1,6.5,3.6,0.8,0,24.3,0,5.6,1.2
10/19/2010,38.2,,4.8,0,46.1,16.1,10.5,28.2,46.2,60,56.8,22.7,12.3,1.2,1.1,46.4,0,18,5.8,5.1,9,0
10/20/2010,0,,0,0.3,1.3,28.9,2,0,1.2,4.9,1.5,1.2,2,4.7,2.5,3.9,15.9,0.3,0,0,0,0
10/21/2010,0,,0,0,0,0,0,0.3,0,0,0,0.4,0,0,0,0,0,0,0,0,0,0
10/22/2010,0,,0,0,0,2.2,35.1,3.7,0,0.3,1.1,0,0,0,4.2,0,0,0,5,0,17.2,28.6
10/23/2010,0,,0,2,1.1,20.3,0,0,0,0,14.2,0,0,0,10.7,8.2,22.7,0,0,0,0,0
10/24/2010,22,,0,0,0,6.4,94.7,8.2,0,3.1,1.4,2,5.2,0,0,3.6,6.8,0,7.1,11.3,0,6.5
10/25/2010,55.4,,0,0,0,23,8,0,0.3,0,10.5,0,0,0,0.2,0,0.9,1.9,20.1,0,0,0.4
10/26/2010,26.6,,0.4,16,0,1.7,0.3,5.3,0,4.3,9.9,46,2.5,1.6,2.5,0,0,0,13.8,5.4,0,0
10/27/2010,0.2,,0,2.7,0,1.7,8.2,0,0,0,0,11.2,0,0,0.8,0.4,0,0,11.3,0,40.5,35.1
10/28/2010,0,,0,0.4,0,0.1,4.1,0,0,0,0,0,0,0,0,12.6,0,0,5,0,43.8,11.8
10/29/2010,0,,0,3.1,0,9.4,0,0,0,0,2.1,2.6,0,0,0,0,0,0,6.8,0,0,1.4
10/30/2010,3.8,,2,1.6,0,0,0,0,0,0,0.3,0.2,0,0,18.7,0.6,0,0,0,0,4.5,0
10/31/2010,57.1,,1.4,12.7,0,4.7,30.1,25.4,13.2,1.5,0,4,0,0,0.5,0.6,1.2,16.8,24,0,0.2,6.2
11/1/2010,6,,0.7,6.9,2.8,85.9,0,14.1,0,4.2,6.8,0.2,0,0,22.1,3.7,0,0,0,0,9,0
11/2/2010,0,,7.7,0,1.1,0.3,4.3,0.3,0,0,0,0,0,1.2,0,0,0,0,0,0,0,0
11/3/2010,0,,0,3.7,0,32,0,0,0,0,0,4.6,0,0,0,0,0,0,0,0,0,0
11/4/2010,0,,0,1.8,17.5,0,0,0,0,0,8.4,0,0,0,0.6,0,0,0,0,0,0,0
11/5/2010,1.5,,74.7,2.9,52.4,0,0,7.8,9,65.8,3.5,9.1,0,3.4,0,0,0,57.9,0,0,0,0
11/6/2010,0,,0,0,0,30.6,0,0,0,0,0,2.8,0,0,4.8,13,34.1,0,0,1.8,11.7,0
11/7/2010,31.7,,0,0,0.2,13.3,0,0,1.2,0,8.9,15.3,0,6.6,3.1,0,23.2,8.6,0,0,13.4,0.3
11/8/2010,6,,0,0,0,0,0,0,0,0,0,0,0,0,0,0,0.1,0,0,0,0,0
11/9/2010,0,,0,0,0,0,0,0,0,0,0,5.4,0,0,0,0,2.3,0,0,0,0,0
11/10/2010,2.8,,1,0,0.8,4.8,0,0,0.4,0,0,9.9,0,0,6.5,23.8,0,0.6,0,0,4.6,0
11/11/2010,0,,0,14.1,0,1.1,0,0,0,0,0,0.1,0,0,0,0,0,0,0,0,0,0
11/12/2010,33,,0,1.6,0.9,1,0,0.3,0,0,0,27.1,0,29.8,2.3,0,29.4,0,0,0,0,0
11/13/2010,0,,0,2.8,18.7,30.7,0,0,7.2,0,0,0,0,7.8,0,7.6,2.2,8.4,0,0,0.1,0
11/14/2010,18.8,,0.6,8.8,2.2,0,0,0,0,0,0,0,0,0,0,0,0.6,0,0,0,0,0
11/15/2010,0,,0,0,0,0,0,0,0,0,0,0.3,0,0,0.2,0,0,0,0,0,0,0
11/16/2010,0,,0.1,3,0,0.4,0,0,0,0,0,0,0,0,1.1,0,9.1,0,0,0,9.6,0
11/17/2010,0.6,,1.5,1,0,58.2,0,0,23.6,0,23.1,0,0,19.9,3.3,0,7.5,1,0,0,0,0
11/18/2010,0,,0,11.8,0,0,0,15.7,0,0,1.9,0,0,5.1,0,0,0,0,0.8,0,0,0
11/19/2010,0,,2.6,1.1,9.7,0,0,0,0,0,6.3,0,0,0,0,0,0,0,0,0,0,0
11/20/2010,0,,13,0.1,5.7,7.6,0,0,8.5,0,5.6,0,0,13,5.7,0,17.7,15.9,0,0,4.4,0
11/21/2010,0,,0,0,0,0,0,0,7.3,0,0,0,0,0.1,0,0,2.1,0.8,0,0,0,0
11/22/2010,1.3,,0,9.5,0,0,0,1,0,0,0,4.1,0,0,1,0,0,0,0,0,0,0
11/23/2010,0,,0,3.5,0.3,0,0,0,0,0,0,0,0,0,0,11.8,0,0,0,0,0,0
11/24/2010,0,,0,0.1,0,0.5,0,0,0,0,0,0,0,0,0,0,0,0,0,0,0,0
11/25/2010,0,,0,11.2,0,0,0,0,0,0,0,0,0,0,0,0,0,0,0,0,0,0
11/26/2010,0,,0,5.3,0,12.8,0,0,2,0,0,0,0,0,0,0,0,0,0,0,0,0
11/27/2010,0,,0,0,6.2,8.7,0,0,0,0,0,2,0,29.8,0.3,0,4.7,0,0,0,0,0
11/28/2010,0,,0,0,0,0,0,0,0,0,0,0,0,0,0,0,0,0,0,0,1.2,0
11/29/2010,0,,7.4,0,0,0,0,0,0,0,0,0,0,0,0,0,0,0,0,0,0,0
11/30/2010,0,,4.1,0,0,5.8,0,0,0,0,0,0,0,0,0,0,0,0,0,0,0,0
12/1/2010,0,,0,2.3,0,0.4,0,0,0,0,0,0,0,0,0,0,0,0,0,0,0,0
12/2/2010,0,,0.9,0,0,0,0,0,0,0,0,4.6,0,0,28.2,0,0,0,0,0,0,0
12/3/2010,0,,3.2,4.7,0,1.5,0,0,0,0,0.3,0,0,0,0,0,0.6,0.2,0,0,0,0
12/4/2010,0,,0,6.1,0,3,0,0,0,0,0,0,0,0,0,0,0,0,0,0,0.2,0
12/5/2010,0,,0,0,0,0.4,0,0,28.3,0,3,0,0,15.4,14.7,0,5.6,0,0,0,0,0
12/6/2010,67.6,,0,0,0,0,0,0,0,0,0.8,0,0,28.1,0,0,0,0,0,0,0,0
12/7/2010,0,,0.1,22.4,0,0,0,6,0,0,5.9,0,0,0,0,0,8,0,0,0,0,0
12/8/2010,0,,0,2.5,0,0,0,0,0,0,0,0,0,0,1.6,0.3,4.8,0,0,0,0.7,0
12/9/2010,0,,0,0,0,0,0,0,0,0,0,0,0,0,0,0,0,0,0,0,0,0
12/10/2010,0,,0,0,0,0.4,0,0,0,0,0,0,0,0,0,0,0,0,0,0,0,0
12/11/2010,0,,0,0,0.5,0,0,0,0,0,0,0,0,0,0,0,0,0,0,0,0,0
12/12/2010,0,,0,0,0,87.9,0,0,29.4,0,0,0,0,1,0,0,0,11.5,0,0,0,0
12/13/2010,0,,0,0,0,0.1,0,0,0,0,0,0,0,0,0,0,0,0,0,0,0,0
12/14/2010,0,,0,0,0,0,0,0,0,0,0,0,0,0,0,0,0,0,0,0,0,0
12/15/2010,0,,0,0,0,0,0,0,0,0,0,0,0,0,0,0,0,0,0,0,0,0
12/16/2010,0,,0,0,0,0,0,0,0,0,0,0,0,0,0,0,0,0,0,0,0,0
12/17/2010,0,,0,0,0,0,0,0,0,0,0,0,0,0,0,0,0,0,0,0,0,0
12/18/2010,0,,0,0,0,0,0,0,0,0,0,0,0,0,0,0,0,0,0,0,0,0
12/19/2010,0,,0,0,0,0,0,0,0,0,0,0,0,0,0,0,0,0,0,0,0,0
12/20/2010,0,,0,0,0,0,0,0,0,0,0,0,0,0,0,0,0,0,0,0,0,0
12/21/2010,0,,0.1,0,0.3,8.4,0,0,0,0,0,0,0,0,0,0,0,0,0,0,0,0
12/22/2010,0,,0,0,0,2.8,0,0,0,0,0,14.1,0,0,0,0,0,0,0,0,0,0
12/23/2010,0,,0.8,0.4,0,0,0,0,0,0,0,7.1,0,0,0,0,0,0,0,0,0,0
12/24/2010,0,,0,0,0,0.7,0,0,0,0,0,0,0,0,0,0,0,0,0,0,7,0
12/25/2010,0,,0,0,0,0,0,0,0,0,0,0,0,0,0,17,0,0,0,0,0,0
12/26/2010,0,,0,16.5,47.6,0,0,0,0,0,0,0,0,0,0,0,0,0,0,0,0,0
12/27/2010,0,,0,0,0,29.5,0,0,0,0,0,7.1,0,0,0,0,0,0,0,0,0,0
12/28/2010,0,,0,29.9,0,39.3,0,0,0,0,0,3.8,0,0,0,0,0,0,0,0,0,0
12/29/2010,0,,0,0,0,0,0,0,0,4.4,0,1.6,0,0,0,0,0,0,0,0,0.7,0
12/30/2010,0,,0.8,10.6,0,4.6,0,0,0,0,3.2,0,0,0,8.7,2.7,2.2,0,0,0,0,0
12/31/2010,0,,0,0,0,0,0,0,0,0,0,0,0,0,0,0,0,0,0,0,0,0
1/1/2011,0,,0,0,0,0,0,0,0,0,0,0,0,0,0,0,0,0,0,0,0,0
1/2/2011,0,,0,0,0,0,0,0,0,0,0,0,0,0,0,0,0,0,0,0,0,0
1/3/2011,0,,0,0,0,0,0,0,0,0,0,0,0,0,0,0,0,0,0,0,0,0
1/4/2011,0,,0,0,0,0,0,0,0,0,0,0,0,0,0,0,0,0,0,0,0,0
1/5/2011,0,,0,0,0,0,0,0,0,0,0,0,0,0,0,0,0,0,0,0,0,0
1/6/2011,0,,0,0,0,0,0,0,0,0,0,0,0,0,0,0,0,0,0,0,0,0
1/7/2011,0,,0,0,0,0,0,0,0,0,0,0,0,0,0,0,13.9,0,0,0,0,0
1/8/2011,0,,0,0,0,0,0,0,0,0,0,0,0,0,0,0,0,0,0,0,0,0
1/9/2011,0,,0,0,0,0,0,0,0,0,0,0,0,0,0,0,0,0,0,0,0,0
1/10/2011,0,,0,0,0,0,0,0,0,0,0,0,0,0,0,0,0,0,0,0,0,0
1/11/2011,0,,0,0,0,0,0,0,0,0,0,0,0,0,0,0,0,0,0,0,0,0
1/12/2011,0,,0,0,0,0,0,0,0,0,0,0,0,0,0,0,0,0,0,0,0,0
1/13/2011,0,,0,0,0,0,0,0,0,0,0,0,0,0,0,0,0,0,0,0,0,0
1/14/2011,0,,0,0,0,0,0,0,0,0,0,0,0,0,0,0,0,0,0,0,0,0
1/15/2011,0,,0,0,0,0,0,0,0,0,0,0.6,0,0,0,0,0,0.6,0,0,0,0
1/16/2011,0,,0,0,0,0,0,0,0,0,0,0,0,0,0,0,0,0,0,0,0,0
1/17/2011,0,,0,0,0,0,0,0,0,0,0,0,0,0,0,0,0,0,0,0,0,0
1/18/2011,0,,0,0,0,0,0,0,0,0,0,0,0,0,0,0,0,0,0,0,0,0
1/19/2011,0,,0,0,0,0,0,0,0,0,0,0,0,0,0,0,0,0,0,0,0,0
1/20/2011,0,,0,0,0,0,0,0,0,0,0,0,0,0,0,0,0,0,0,0,0,0
1/21/2011,0,,0,0,0,0,0,0,0,0,0,0,0,0,0,0,0,0,0,0,0,0
1/22/2011,0,,0,0,0,0,0,0,0,0,0,2,0,0,0,0,0,0,0,0,0,0
1/23/2011,0,,0,0,0,0,0,0,0,0,0,33.6,0,0,13.4,0,0,0,0,0,0,0
1/24/2011,0,,0,0,0,0,0,0,0,0,0,4.3,0,0,0,0,0,0,0,0,0,0
1/25/2011,0,,0,0,0,0.9,0,0,0,0,0,0,0,0,0,0,0,0,0,0,0,0
1/26/2011,0,,0,0,0,13.3,0,0,0,0,0,0,0,0,0,0,0,0,0,0,0,0
1/27/2011,0,,0,1.4,0,0,0,0,0,0,26,25.3,0,0,0,2.6,0,0,0,0,0,0
1/28/2011,0,,0,0,0,0,0,0,0,0,9.5,0,0,0,0,0,0,0,0,0,0,0
1/29/2011,0,,0,0,0,0,0,0,0,0,0,0,0,0,0,0,0,0,0,0,0,0
1/30/2011,0,,0,0,0,0,0,0,0,0,0,0,0,0,0,0,0,0,0,0,1.8,0
1/31/2011,0,,0,0,0,0,0,0,0,0,0,0,0,0,0,0,0,0,0,0,0,0
2/1/2011,0,,0,21.5,0,2.4,0,0,0,0,23.5,11.8,0,0,10.9,0,0,0,0,0,0,0
2/2/2011,0,,0,0,0,0,31.8,0,0,0,0,0,0,0,0,30.5,0,0,0,8.8,3.8,0
2/3/2011,36,,11.6,3.9,12.1,0,0,0.4,0,0,47.9,0.7,0,0,0,0,0.2,0,0,0,0,0
2/4/2011,0,,0,0,0,0,0,0,0,0,0,0,0,0,0,0,0,0,0,0,0,0
2/5/2011,0,,0,0,0,0,0,0,0,0,0,0,0,0,0,0,0,0,0,0,0,0
2/6/2011,0,,0,0,0,0,0,0,0,0,0,0,0,0,0,0,0,0,0,0,0,0
2/7/2011,0,,0,0,0,0,0,0,0,0,0,0,0,0,0,0,0,0,0,0,0,0
2/8/2011,0,,0,0,0,0,0,0,0,0,0,0,0,0,0,0,0,0,0,0,0,0
2/9/2011,0,,0,0,0,2.1,0,0,0,0,0,0,0,6.6,0,0,2.9,0,0,0,0,0
2/10/2011,0.5,,0,53.6,24.2,0.3,0,0,48.5,0,8.7,0,0,0,0,0,0.3,26.2,0,0,0,0
2/11/2011,0,,0,0,0,0,0,0,0,0,0,0,0,0,0,0,0,0,0,0,0,0
2/12/2011,9.8,,0,0,0,0,0,0.7,0,0,0,38.6,0,0,22.9,0.5,0,0,0,0,10,0
2/13/2011,9.7,,0,0,0,0,0,0,0,0.4,0,0,0,0,0,0,0,0,0,0,0,0.3
2/14/2011,0,,0,17.5,0,0,0,0,0,0,0.3,1.8,0,0,22.1,0,0,0,0,0,0,0
2/15/2011,0,,0,0,0,38.4,0,0,0,0,0,0,0,0,0,0,0,0,0,0,0,0
2/16/2011,0,,0,0,0,0,0,0,0,0,8.8,0,0,0,0,0,0,0,0,0,0,0
2/17/2011,0,,0,0,0,1.7,0,19,0,0,0,0,0,0,8.2,0,0,0,0,0,0,0
2/18/2011,0.3,,16.6,21.3,7,0.5,0,44.4,0,0,1.9,0,0,0,5.5,0,0,0.2,0,0,0,0
2/19/2011,0,,0,0,0,0,0,0,0,0,0,0,0,0.1,0,0,0,0,0,0,0,0
2/20/2011,0,,0,0,0,0,0,0,0,0,0,0,0,0,0,0,0,0,0,0,0,0
2/21/2011,0,,0,0,0,0,0,1.2,0,0,0,0,0,0,0,0.6,0,0,0,0,2.5,0
2/22/2011,21.4,,1.3,33.4,0,14.3,0,5.7,71.4,0,4,7.8,0,6.3,0,0,8.7,36.8,0,0,0,0
2/23/2011,0,,0,0.5,0,0.7,0,0,0,1,0,0,0,0,0,30.4,0,0,8.7,0,0,0
2/24/2011,0,,0,0,0,0,0,0,0,0,0,0,0,0,0,0,0,0,0,0,0,0
2/25/2011,6,,9.2,13.6,34.4,49.2,0.4,19.1,0,0,2.3,7.1,0,0,19.4,32.5,4.2,42.4,3.6,0,18.6,0
2/26/2011,0,,0,0,0,0,0,13.7,47,0,0,58.3,0,0.7,0,0,0,0,0,0,0,0
2/27/2011,22.4,,0,0.6,0,0,0,0,0,1.3,6.8,10.3,0,0,0,1.5,0,0.1,0,0,0,31
2/28/2011,0,,0,0,0,0,0,0,0,0,0,0,0,0,0.5,0,0,0,0,0,0,0
3/1/2011,0,,0,0,0,0,0,0,0,0,0,0,0,0,0,0,0,0,0,0,0,0
3/2/2011,0,,0,0,0,0,0,0,0,0,0,0,0,0,0,0,0,0,0,0,2.8,0
3/3/2011,0,,0,0,0,0,0,0,0,0.7,1.8,75.5,0,0,0.7,12.2,0,0,5.2,5.2,8.2,50.6
3/4/2011,0.5,,0,0,0,0,0,0,0,0,0,0,0,0,0,0,0,0,0,0,0,0
3/5/2011,0,,0,0,0,0,0,0,0,0,0,0,0,0,0,0,0,0,0,0,0,0
3/6/2011,0,,0,1.5,0,0,0,0,0,0,0,0,0,0,0,0,0,0,0,0,0,0
3/7/2011,0,,0,8.9,0,0,14.1,0,0,0,0,45,0,0,5.1,0,0,0,0,1.4,0,0
3/8/2011,0.3,,0,0,0,10.1,0,0,0,2.7,0,0.9,0,0.3,0,0,7.2,0,0,0,0,0
3/9/2011,23,,0,0,0,0,0,5.4,0,0,0,0,0,0.2,0,0,0,0,0,0,0,0
3/10/2011,5.1,,0,6.8,0,0,0,9.5,0,0,0,0,0,0,21.3,0,0,0,0,0,0,0.8
3/11/2011,0,,0,0.1,0,0,0,0,0,0,26,0,0,0,0,0,0,0,0,0,0,0
3/12/2011,4.8,,0,1.4,14,0,0,0,0,0,12.3,17.7,0,0,34,0,0,0,0,0,0,0
3/13/2011,0.4,,0,0,0,2.8,0,0,0,0,0,0,0,0,0,0,0,0,0,0,4.5,0
3/14/2011,0,,0,1.1,0,2.6,2.8,0.3,0,0,12.6,0.5,1.2,0,6.8,0,0,0,0,10.6,3.1,14.3
3/15/2011,1,,0,10.9,8.9,0,0,13.1,0,0,2.4,0.3,0,0,1.3,10.3,0,0,0,0,0,0
3/16/2011,2.8,,0,0.6,3.4,30.1,0,0,0,0,2.5,0,0,0,0,2.4,0,0,0,0,0,0
3/17/2011,0,,0,0,0,0,0,0,0,0,0.7,0,0,0,0,0,0,2.2,0,0,0,0
3/18/2011,0,,16.2,0,12.7,1,0,18.3,0,0,1.2,0,0,0,0,4.3,0.2,0,0,0,0,0
3/19/2011,0,,0,28.6,0,4.4,4,4.6,0,0,0,40.2,0,0,13,3.3,0,0,0,0,15.5,0
3/20/2011,0,,0,0,0,0,0,0,0,0,0,20.2,0,0,0,0,0,0,0,0,0,0
3/21/2011,0,,0,1.4,0,3.1,16.2,1.6,0,0,0,5.5,0,0,43,1.1,0,0,2.6,0,0,8
3/22/2011,32.2,,0,0,0,0,0,0,0,0.2,0,2.8,0,0,26,0,0,0,0,0,13.9,0
3/23/2011,0,,0,0,0,0,0,0,0,0,0,6.2,0,0,0,0,0,0,0,0,0,25.5
3/24/2011,0,,0,20.4,0,19.6,0,0,0,0,0,3.3,0,0,6.9,0,0,0,0,0,0,0
3/25/2011,0,,0,15.9,0,0,0,4.9,0,1.3,19.3,12.4,0,0,3.4,2,0,0,0,0,0,0
3/26/2011,9.4,,0,7.8,0,0,0,0,0,0,0,0,0,0,0,0,0,0,2.3,0.6,0,0
3/27/2011,0,,0,0,8.6,0,0,2.9,0,0,0,0,0,0,0,0,0,0,0,0,0,0
3/28/2011,0,,0,19.5,8.1,0,0,0,0,0,13.9,0,0,0,0,0,0,0,0,0,0,0
3/29/2011,0,,17.1,0,0,0,0,0,0,0,0,0,0,0,1,1,0,0,0,0,0,0
3/30/2011,0,,0,0.1,0,0,0,0,0,0,0,0,0,0,0,0,0,0,0,0,0.3,0
3/31/2011,0,,0.3,0,0,0,0,0,0,0,0,0,0,0,0.1,0,0,0,0,0,0,0
4/1/2011,10.9,,0,0,4.3,3,0,0,0,0,0,0,0,0,0,0,0,0,0,0,0,0
4/2/2011,0,,0,11.3,0,0,0,0,0,0,0,9.3,0,0,0,1.4,0,0,0,0,3.3,0
4/3/2011,0,,40.5,0.6,8.9,0,0,10.3,0.2,0,2.5,0,0,0,1.3,0,0,6,0,0,0,11.3
4/4/2011,2.3,,0,0,0,29.9,6,0,0.9,0,14.7,4,1,84,0,0.1,37.5,0.2,12.2,35.9,2.6,0
4/5/2011,0,,0,0,0,0,0,0,0,0,1,0,0,0,0,0,0,0,0,0,0,0
4/6/2011,0,,0,0,0,0,0,0,0,0,0,0,0,0,0,0,0,0,0,0,0,0
4/7/2011,0,,0,0,0,0,0,0,0,0,0,0,0,0,0,0,0,0,0,0,0,0
4/8/2011,0,,0,0,0,0,0,0,0,0,0,0,0,0,0,0,0,0,0,0,0,0
4/9/2011,10.8,,0.1,0,0,4.5,4.9,36.8,36.2,1.8,2.8,0,0,0.2,0,0,4.7,0,0,0,40.3,1.1
4/10/2011,4.2,,0,0,0,5.5,0,0,0,0,19.9,0.1,0,16.3,5.6,0,0,3.7,3.8,0,0,0
4/11/2011,0,,0,0,0,0,0,0,0,0,0,0,0,0,0,0,0,0,0,0,0,0
4/12/2011,13.6,,0,0,0,0,0,0,0,0.5,0,30.3,0,0,58.2,0,0,0,0,0,0,0
4/13/2011,17.3,,0,0,0,0,0,0,0,5.4,0,1.1,0,0,0,0,0,0,0,0,7.2,0
4/14/2011,0,,0,0,0,0,0,0,0,0,0,2.6,0,0,0,0,0,0,0,0,0,0
4/15/2011,0,,17.3,0,0,0,0,0,0,0,0,0,0,0,0,0,0,0,0,0,0,0
4/16/2011,0,,0,0,0,0,0,0,0,0,0,0,0,0,0,0,0,0,0,0,0.3,0
4/17/2011,30.5,,21,42.5,5.9,9.7,0,36.4,8.7,2.2,0,72.4,0,39.5,78.5,24.1,4.3,8.8,0,0,10.2,11.5
4/18/2011,0,,0,0,0,0,0,0,0,0,6.7,0,0,0,0,0,0,0,0,0,0,0
4/19/2011,0,,0,0,0,0,40,0,0,0,0,0,6.2,0,0,0,0,0,6.1,17.6,0,3.7
4/20/2011,0,,0,0,0,0.2,0,0,0,0,0,0,0,0,0,0,0,0,0,0,0,0
4/21/2011,0,,0,0.7,0,0,0,45.6,0,0,0,0,1.8,0,0,0,0,0,0,0,10.5,0
4/22/2011,0,,0,9.6,0,0,0,0.6,0,0,34,0,0,0,0,0,0,0,0,0,0,0
4/23/2011,0,,59.8,0.5,12.8,5.9,22.4,0,28.8,0,1.4,0,43.6,3.3,0,6.4,1.1,29.8,9.6,4.7,4,0
4/24/2011,0,,0,0,0,0,0,0,0,0,8.2,0,0,0,0,0,0,0,0,0,0,0
4/25/2011,1.3,,2,0.7,17.8,0,0,0,0,0,0,0.1,0,0,15,0,0,0,0,0,0,0.8
4/26/2011,0,,0,0,0,0,0,0,0,0,0,0,0,0,0,0,0,0,0,0,9.4,0
4/27/2011,12,,0,8.3,0,0,0,1.2,0,0,9.9,0,0,0,0,0,0,0,0,0,6.7,0
4/28/2011,2.1,,33.3,45.7,6.1,11.1,0,9.9,59.8,0,0,2.9,0,57.8,6.9,0,42.4,56.2,0,0,0,0
4/29/2011,0,,12.7,0,0,4.1,0,0.5,7.1,0,51.5,0,0,3,0,0,6.7,15.9,0,0,0,0
4/30/2011,4.2,,0,0,0,1.6,0,0,0,0.4,0,0,0,0,0,0,0.4,0,0,0,0,0
5/1/2011,0.7,,0,0,0,0,0,0,0,0,0,0,3.6,0,0,0,0,0,0,0,0,11.5
5/2/2011,0,,0,9.1,8.7,0,11.2,0,0,0,0,0,0,0,6.4,3.5,0,0,0,0,14.7,0
5/3/2011,30.1,,35,6.4,10,0.9,0,23,15.6,6.7,5.2,0,0,20.8,1.8,0,11.5,19,0,0,0,0
5/4/2011,0,,0,0,0,0.5,0,0,0,0,0,0,0,0.6,0,4.4,0,0,0,0,0.2,0
5/5/2011,0,,0,0,0,0,0,0,0,0,0,0,0,0,0,0,0,0,0,0,0,0
5/6/2011,0,,0,0,0,0,0,0,0,0,0,0,15.3,0,0,0,3.2,0,0,29.4,0,0
5/7/2011,0.6,,0,0,0,0.1,0.8,0,0,0,0,0,0,0,0,0,0,0,0,1.2,0,45.4
5/8/2011,13,,16.8,24.8,30.5,0,1.3,37.7,4.1,5.3,32.6,0,6.5,5.1,10.8,0,0,2,1.5,8,32.4,5.8
5/9/2011,0,,0,0.9,0,16.4,0,0,0,0,0,0,0,0.1,0.1,19.2,7.9,0,24.8,0,15.7,0
5/10/2011,3.5,,0,4.9,2,14.9,0,0,0.1,0,0,0,62,0.7,21,11.9,8.3,0,0,0.7,0,0
5/11/2011,0,,0,0,0,0,22.3,2.7,0,0,0,1.9,1.6,0,0,35.9,0,0,0,3.2,40.5,9.1
5/12/2011,10.2,,0,0,0,31,0,0,0,0,0,2.4,0,0,5.8,0,0,0,0,0,0,0
5/13/2011,4,,5.7,0,0,9.1,0,0,0,0.2,0,0,0,0,0,0.5,0,0,0,0,9.8,0
5/14/2011,7.5,,1.5,10.5,10.8,6.4,1,15.2,12.6,0,7.2,0,1.6,9.3,0.1,0,12.2,11.4,0,0,0,0
5/15/2011,0,,0,0,0,0,0,0,0,0,0,0,0,0,0,0,0,0,0,0,0,0
5/16/2011,0,,0,0,0,0.1,0,0,1.6,0,0,0,0,0,0,0,0,8.8,0,0,0,5
5/17/2011,2.7,,1.2,0.7,0.2,0,41.8,8.6,0,13.4,9.1,2,17.6,0,0,13.1,1.3,0.9,0,2,11.8,25.2
5/18/2011,0,,41.2,0,3.3,11.3,0,0.2,44.7,0,0,0,0,12.7,0.8,0,0.7,65.4,0,0,1.1,0
5/19/2011,0,,0,2.5,0,11.7,0,0,0,0,0,0,0,12.1,0,0.8,38.6,0,0,0,0,0
5/20/2011,0,,13.1,0,0,0,0,0,9.8,0,0,0,0,63.8,0,0,4.7,0.1,0,35,0,17.7
5/21/2011,0,,0.9,5.1,0,4.7,0,0,0.4,0.3,5.6,0,0,0,23.4,0,0,0.4,0,0,0,0
5/22/2011,0,,0.4,0.5,0,2,0,0,25,0,0,2.4,43.1,1.1,0.4,0,1.7,1,0,1.1,0,5.3
5/23/2011,0,,0,0,0,2.2,0,0,53,0,0,0,6,12.9,28.3,0,0,1.7,0,7.1,0,0
5/24/2011,0,,0,1.2,0,0.5,0,0,0,0,0,0,0,0.8,0.5,0,0,0,0,0,0,0
5/25/2011,0,,37.2,0,0,83.5,0,1.8,36.1,0,0,0,0,0,0,0,0.7,11.1,0,0,0,0
5/26/2011,23.2,,0.3,1.5,0,0,18,27.6,0.4,72.9,0,53.8,26.3,0,21.7,51.3,0.3,1.7,0,22.6,29.6,11.8
5/27/2011,0,,7.1,0,0,3.3,0,4.8,0,7.9,0,3.2,0,0,4.7,0,3.8,0,1.5,0,0,0
5/28/2011,3,,0,5.3,0,6.9,13.9,8.4,4.7,31.5,0,18.8,0,0.2,22.3,4.8,1,1.5,0,13.9,4.2,4.4
5/29/2011,0,,0,0,0,4.2,0,0.8,0.4,0,0,0,0,0.5,7.7,0,2,1.7,0,0,0,0
5/30/2011,0,,12,14.1,12.2,94.2,5.9,0,18.3,0,1.6,15.6,0,24.8,10.5,0,3.2,1,0,0,41.5,21.7
5/31/2011,0,,0,0.2,0,3,14.2,0,0,0.6,0.4,0,10.8,0,0,0,1.4,0,6.5,0,1.7,0
6/1/2011,0,,30.2,0,0.4,2.3,2.1,0,0,0,2.2,0,0,0.6,0,0.2,0.9,0,0,0,0,0
6/2/2011,0,,0,0.1,0,5.2,0,0.5,2.6,0,0,0,0,3.4,0,0,2.1,3.4,0,0,0,0
6/3/2011,8.2,,0,12.4,3.9,7.8,0,12,0.4,1.1,38.6,30.9,0,9.2,1.7,8.2,0.1,0,0,31.5,1.5,1.4
6/4/2011,23.5,,0,49.1,37.2,10.6,78.4,16.1,25.9,26.7,13,23,3.4,102.7,33.2,48,8.1,16.1,12.6,0,12,0.5
6/5/2011,0,,0,0,0,0.2,0,0,0,0,0,0,0,0,0,0,0,0,0,0,0,0
6/6/2011,0,,0,2.5,0,0,0,0,0,0,0,0,0,0,0,0,0,0,0,0,0,0
6/7/2011,13.8,,1.5,11.6,13.1,15.7,8.4,9.7,0,19.1,24.6,4.4,11.9,15.9,17.3,5.4,6.9,1.2,7.5,0,11.1,51.3
6/8/2011,54.9,,6.4,4,15.6,32,0.3,0,32.9,15.8,2.2,5.6,2.5,9.2,28.1,10.7,33.1,50.9,0,0,11.7,0
6/9/2011,0,,0.4,0,0,0,0,0,0.3,0,0,0,0,0.5,0,0,0,0.5,0,0,0,0
6/10/2011,0,,0,0.6,0,65.9,0,0,0,0,0,0,0,9.4,0,0,1.8,0.7,0,0,0,0
6/11/2011,0.2,,12.1,16.1,0.6,47.6,0,0.2,13.5,0,10.2,0,13.9,11.3,17.6,0,97.1,47.9,10.2,0,0,0
6/12/2011,1.3,,6.3,0.1,0,54.3,1.5,0,7,1.7,0,18.3,0,7.4,10.6,2,49,9.6,11.5,0,45.4,1.2
6/13/2011,13.7,,0,0,0,0,0,0,0,0,0,0,6.1,0,0,2.7,0,0,0,26.8,0.5,0
6/14/2011,0,,0,0,0,0,0,0,0,0,0,0,0,0,0,0,0,0,51.3,7.5,0,7.5
6/15/2011,0.7,,0,1.3,2.9,20.7,0,0,5.8,15.1,3.5,0,0,8.9,0,25.5,0,6.6,5,0,14,9
6/16/2011,0,,1,0.9,0.2,1.5,3.9,0,1,0,0,0,0,0.4,0,8.9,0,5,0,0,2.1,0
6/17/2011,51.5,,38.5,1.6,33.5,29.8,0,3.7,0,0.6,7.6,10.4,0,0,14.6,46.8,0,0,37.9,8.9,30.6,33.7
6/18/2011,0,,0,0,0,84.3,0,0.5,0,0,0,0,0,67.8,0.3,0,34,0,0,0,0,0
6/19/2011,0.4,,0.9,28.3,1.4,6.9,0,0.9,0,0,0,16.8,0,0.1,3,0,2.7,0.4,0,7.9,2.7,0
6/20/2011,0,,3.5,10.4,0,2.8,1.9,0,0.6,0,0.7,0,18.9,0,0,0,0.2,4.6,0,8.5,0,0
6/21/2011,6.4,,0,0,10.9,19.7,7,0,2.8,2,0,0,0,0,28.7,3.1,7.9,0.5,0,0,0,22.6
6/22/2011,0,,1.8,4.7,0,11.6,0,16.8,2.5,0,32.6,0,60.6,9.2,4,0,38.4,2.3,0,0.9,0,0
6/23/2011,8.5,,0.4,89,71.7,173.5,1,24.3,5.9,2.6,5.1,42.2,0,4.3,13.9,110,13.3,2.8,63.7,2.1,39.6,0.5
6/24/2011,1.5,,2.8,4.8,0.3,1,18.9,3,0.7,21.9,0.6,49.2,3.2,0,31.3,27.7,10.8,14,2.4,24.4,4,91.8
6/25/2011,1.6,,0,0,0,0,0,0,0.6,0,0,3,0,1.1,1.2,0,0,1.4,0,0,0,1.3
6/26/2011,10.1,,24.5,0.6,17.3,0.7,5.9,44,12.7,24.7,51.3,28.5,0.4,0,25.7,12.9,0.1,2,6.5,0,3.8,23.4
6/27/2011,0,,0,13,0,44.4,0,0,0,0.1,1.6,3,0,0,0.8,1.6,3.9,0,0,0,0,0
6/28/2011,0,,0,0,0,0,0,0,12.2,0,0,0,0,0,1,0,0,0,0,0,0,0
6/29/2011,0,,0,0,0.1,0,0,1,0,0,1.1,0,26.9,0,3.2,0,0,0,6.4,0,0,5.6
6/30/2011,1.7,,0.3,1.5,1.1,2.1,0.7,7.3,4.3,10.7,1.4,9.1,0,2,0.4,11.8,0,7.4,12,12.6,1,68.4
7/1/2011,0,,0,0.2,0,0.3,0,0,1,16.7,0,0,0,0,1.3,0.1,0,0,0,0,0,0.5
7/2/2011,0.3,,0,0.8,0,0.4,0,0.3,0,0,2,0.3,0,0,1.4,0,0,0,0,0,2,0
7/3/2011,1.4,,37,60.8,16.5,38.2,6.7,16.1,44.1,8,30.6,6.5,0,35.4,64.8,15.4,27,39.1,28.7,0,30,45.2
7/4/2011,1,,0,0,0,0.2,0,0,0.6,0,0,5.8,0,1.2,10.1,1,0.9,0,0,0,0,0
7/5/2011,10.1,,0,0,0,0,0,3.9,0,0,0,0,0,0,0,0,0,0,0,2.1,0,0
7/6/2011,32.8,,0,2.6,0,0.3,0,0,0.6,0,0.4,0.7,12.9,0.3,0.2,0,8,0,0,0,4.4,0
7/7/2011,12.8,,0.5,0.2,0,2.9,0,0,7.3,0,0,46.5,0,0.3,0,0,0.2,0,0,0,0,0
7/8/2011,0,,0,0.5,0,0,0,0,6.1,0,0,0.1,0,5.7,1.1,0,0.9,0.3,0,0,0,0
7/9/2011,3.8,,0,7.7,0,8,2.6,0,3.8,17.2,0.2,0,0,76.2,0,0,34.1,6.5,26,3.9,0,91
7/10/2011,0,,23.5,22.6,7.6,0.4,15.8,55.2,27.7,98.6,4.3,0,4.2,0.3,0,0,7.7,5.8,120.3,0.4,0,54.8
7/11/2011,1,,0,26.2,0,0.1,28.2,18.3,1,0.5,2.2,0,0,0.9,0,0,0.3,0,0,13,4,0.2
7/12/2011,0,,0,0,0,2.3,0,0,0,0,0.4,0,0,0,0.1,0,0,0,0,0,0,0
7/13/2011,0.5,,0,0,0,7.1,0,1.4,0,5,0.7,1.4,0,0,0,0,0,0,0.3,11.4,0,3.2
7/14/2011,0,,0,2.4,0,0,3,0.2,0,0.6,1.1,0,0.5,0,0,2.6,1.2,0,0,0,0.4,1
7/15/2011,14.7,,3.4,0,23.6,0,0,8.8,0.3,14.6,2.1,31.4,3.8,0,2,3,0,0,14.6,5.6,15.2,0.8
7/16/2011,9.1,,0,14.5,2.6,17.8,5.1,3.8,0,0.2,0,0,1.1,0,0.6,0,45.9,0,0,0,0,0
7/17/2011,67.2,,9.9,29.6,11.5,4,6.8,34.5,0.1,41.4,71.1,18.1,0,0,1.5,47.9,0,0,0,28.4,37.5,5.2
7/18/2011,3.5,,0,7.6,0,0,11.6,0,0,0,0.6,0.5,30.2,0,0,13.9,0,0,0,8.9,10.5,0
7/19/2011,0,,0,0,0,0.1,0,0,0,0,0,0,6.1,0,0,0,0,0,0,0,0,0
7/20/2011,44.3,,35.7,19.8,70.4,0,0.5,54.1,1.8,36.8,11.9,58.6,0,0,16.7,4.3,3.8,103.7,15.6,19.8,38.7,24.8
7/21/2011,0,,0,0.2,1.1,0,0,0,3.2,0,1.9,0,0,7.4,14.7,0,0.3,0.5,0,0,0,0
7/22/2011,0,,0,0,0,0,0.8,0,0,0,0,0,0,0,0.1,0,0,0,0,0,0,0
7/23/2011,0.5,,0,0,0,0,0,0,0,0,0,7.1,0,0,0,0,0,0,0,0,0,0
7/24/2011,0,,0,0,0,0,0,0.6,0,0,0,0.8,0,0,0,0,0,0,0,0,0,0
7/25/2011,0.3,,0,0,0,0,0,0,0.3,0,1.5,0,7.3,0,0,0,0.3,0,0,0,0,0
7/26/2011,0,,0,0,0,5.9,0,0,1.2,0,0,0,0,1.9,0.2,0,0,0,0,0,0,0
7/27/2011,0,,0,0,3.1,0,0,0,0.8,0,6,0,0,0,0,0,0,0,0,0,0,0
7/28/2011,0,,0,0,0,4,0,0,0,0.5,0,0,0,0,0,0,0,0,0,0,0,0
7/29/2011,0.5,,0,0.1,0,3.6,12.5,0,0,21.5,0.3,0.8,12.5,0,2.7,0,0.2,0,96.6,10.7,0,0
7/30/2011,0,,0,1.5,0,0,4,0,0.1,0,0,0,37.9,0.1,0.2,0,0,0,0.3,0,0,0
7/31/2011,0,,0,0,0,0,0.1,0,0,0,0,0,3.9,0,0,0,0,0,0,0,0,0
8/1/2011,0,,0,0,0,0,23,0,0,0,0,0,28.7,0.8,0,0,0,0,0,40.1,0.4,3.3
8/2/2011,0,,4.3,2.4,0,14.4,0,0,0.1,0,0,0,11.6,0.7,0.5,0,0,0,16.6,0.3,0,28.7
8/3/2011,0.1,,0,0,0,13.1,7.9,0.8,1.2,27.8,0.5,0.5,0,0.9,1.8,2.5,3.7,0,7.1,7.4,15.8,1.7
8/4/2011,0.7,,0.6,27.4,0.4,25.2,18.8,11,1.6,7.3,12,5.4,0,5.6,0,2.5,15,0.4,5.5,0,1.5,2.2
8/5/2011,0.4,,3.1,0,0.3,1.7,0,0.8,0.6,0.4,0,0,0,0.8,0,0,2.2,0,0,0,0,0
8/6/2011,0,,7.6,0.1,0.2,0.9,0,3.5,0,0.8,0,0,24.5,0,0.4,0,0.1,1.7,14.9,2.5,0,6
8/7/2011,0,,0,0.2,0,0,0,0,0,37.8,0,0,0,0,0,0,0,0,1.4,0,0,3
8/8/2011,0,,0,0,0,0,8.4,0,0,0,0,0,17,0,0,0,0,0,11.8,4.5,1.2,1.9
8/9/2011,0,,0,0,0,0,0,0,0,0,0,0,0,0,0,0,0,0.1,0,0,0,0
8/10/2011,0,,0,0,0,0,0,0,0,7.1,0,0,0,0,0,0,0.7,0,10.2,1.5,0,10.9
8/11/2011,0,,0,0,0,0,0,0,0,1.4,12.5,0,0,1.6,0,0,1,0,0,17.2,0,0
8/12/2011,0.5,,0,0.6,0.5,0,0,0,3.4,4.3,6,0.1,76.6,5.8,0.2,0,1.2,2,0,0,0,0.8
8/13/2011,3.9,,0.3,7.4,0,0.6,14.4,5.3,0,9.8,14.2,1.4,7.1,0,0.6,0.6,0.4,1.6,32.6,11.5,59.3,7.4
8/14/2011,0,,0,0,0,0,3.6,0,0,0,0,0,0,0,0.2,0,0,0,0,0,0,0
8/15/2011,0,,0.4,0,0,0,0,0,6.9,16.5,0,0,20.1,0,0,0,0,0,10.8,72.8,0,0
8/16/2011,0,,0,0.5,0,7.5,0.2,0,0.2,0.3,0,1.3,15.9,1.1,0.3,0,0,0.4,0,0,0,1.5
8/17/2011,0,,0,0,0,0,0,0,0,0,0,4.7,0.9,0,0,6.2,0,0,0,0.6,1.2,8.5
8/18/2011,0,,0,0,0,0,0,0,0,0,0,0,5.4,0,0,0,0,0,0,0,0,0.3
8/19/2011,0,,0,0,0,0,0,0,0,0,0,0,1.1,0,0,0,0,0,0,8.7,0,0
8/20/2011,0,,0,0,0,0,0,0,0,0,0,0,19,0,0,0,0,0,0,0,0,0
8/21/2011,0,,0,0,0,0,0,0,0,1.7,0,0,42,0,0,0,0,0,0,0,0,0.3
8/22/2011,0,,0,0,0,0,0,56.4,0,0.5,0,0,11.1,0,0,0,0,0,23.9,0,0.2,0
8/23/2011,0,,0,0,0,0,4,0,0,0,0,0,13.8,0,0,0,0,0,3.5,7.1,0,2.7
8/24/2011,0,,0,0.8,0,0.8,0,0,0,0.9,0,0,0,0,0,0,0,0,7.9,0.2,1.3,43.4
8/25/2011,0.1,,0,0.3,0,1.2,42.3,0,0.5,0,25.9,0,68.3,0.8,15.8,0,1,0,0,6.6,0,64.4
8/26/2011,4.9,,0,2.8,0.1,12.7,20.7,9.3,0,29.4,0.7,0.2,1.3,14.5,3.8,0.9,3.7,0,0,0.4,8.4,0.3
8/27/2011,2.9,,1.4,23.3,2.3,19,77.6,42.8,1.8,9.4,6.5,29.4,5.9,12,8.4,0.9,22.2,0.6,2.3,18,2.5,18.8
8/28/2011,1.4,,0,4.9,1.3,0.8,0.7,0,0,2.7,5.8,0.9,0,0.1,3,0.3,0.9,0,0,4.4,10.4,2.2
8/29/2011,0.2,,0,4.6,0,1.2,0,0,0,0.8,0,0.3,0,0.6,3.6,0,0,0,0,0,0,0
8/30/2011,0.7,,0,0,0,4.5,14.3,5.1,0,0.6,20.4,0,38.2,0,0,5.6,7.9,0,13.5,10.2,17,41.4
8/31/2011,2.1,,0.4,0,0,2.1,0,0.8,0,34.7,2,16.4,5.6,5.3,0.6,8,3.8,0,0,14.5,2.7,1.7
9/1/2011,8.1,,0,0,0,0,0,0,0,0,0.1,0,0,0,0,0,0,0,0,0,2.5,0
9/2/2011,9.5,,0,49.8,0,0.1,23,29.8,0,10.6,6.8,46.5,1.8,0,14.8,7.7,0.1,0,5.4,24.5,3.9,0
9/3/2011,0,,0.2,3.2,0,0.9,4.1,0,0,1.6,0,0.2,0,0,0.3,1.2,0.3,0.7,14.1,0,0,56
9/4/2011,0,,0.1,0.1,0,0,0,0,0,0,0,0,0,0,0.4,0,0,0,1.5,0,0,2.2
9/5/2011,0,,0,0,0,0,0,0,0,0,8.6,0,0,0,0,0,0,0,0.7,0,0,0
9/6/2011,4.5,,0,0.2,0,0,5.3,0,0,0,29.7,0,0.5,0,0,0,0.2,0,29.5,0.7,0,0
9/7/2011,0,,0,0,0,0,0,0,0,0,0,0,0,0,0.4,0,0,0,0.6,0,0,0
9/8/2011,15.7,,0,18,2.8,0.8,55.7,0,2.7,37.9,10.1,7.7,1,3.6,3.3,7.8,9.7,0.6,27.4,1.9,5.4,12.7
9/9/2011,0,,1.5,1.5,7.8,1.4,0,0,2,52.8,0.4,0.3,2.8,0.6,0.6,0,3.3,0,0,0.8,0,0
9/10/2011,0,,0,0.1,0,0,1,2.4,0,0,0,0,3.5,0,0,1.9,0,0,7.4,14.2,0.5,12.6
9/11/2011,0,,0,0,0,0,30.4,0,0,1.9,0,0,0,0,0,0,0,0,11,0.8,0,0
9/12/2011,0,,0,0,0,0,0,0,3.9,0,0,0,5.7,0.3,0,0,0.1,0,0,0,0,0
9/13/2011,0,,0,2.6,0,6.3,1.2,0.3,0,0.3,0.3,26.6,1.1,2.4,1.4,87.5,4.1,0,0.4,25.7,2.2,10.8
9/14/2011,0,,0,17.7,0.4,0,0,8.3,0.5,0.9,0,5.2,0,0,2.5,0,1.3,0,0,0,1.7,0
9/15/2011,0,,0,0,0,2.3,1,0,0,0,0,0,36.1,0,12.5,0,0,0,1.6,21,0,3.7
9/16/2011,0,,0,0,0,2.2,1.4,1.1,0,13.3,0,0,50.2,0,0.2,0,0,0,40.7,21.2,0,16.3
9/17/2011,10.5,,0,3.8,0,1.3,5.4,2.9,0,12.1,0,0.1,0,0,0.6,0,9.9,0,0.3,38,0,0
9/18/2011,0,,0,0,0,0,0,2.9,0.5,0.2,1,0.3,0,0,0,0,0.1,0,2.6,0,0,0
9/19/2011,0.8,,1,1.9,6.4,5.1,0,8.9,0,1.5,0.5,19.8,0,0,5,0,0,0.1,8.7,0,0,19.7
9/20/2011,39.2,,4.6,24.7,57.7,0,2.6,30.9,5.6,3.5,69.3,7,13.8,6.3,79.1,10.9,0.3,9.3,16.2,23.2,5,0
9/21/2011,1.7,,0.8,31.9,0.3,1.5,10,4.8,3.9,4.6,12.6,9.9,4.5,9.3,44,2.7,0.8,2.2,17.5,0,29.6,37.3
9/22/2011,0,,0,0,0,1,0,0,0,0,0,0,0,0,0,0,0,0,0,0,0,0.7
9/23/2011,9,,0,8.5,0.2,1.9,0,7.3,0,0,18.7,0,0,0,1.5,0,0.1,0,0,0,36.6,0
9/24/2011,9.6,,0,7.5,0,0,5.2,5.2,0,1.3,33.3,11.2,5.2,0,1.3,7.2,0,0,0.4,2.2,24.6,0
9/25/2011,0,,0,0,0,0,0,0,0,11.5,0,0,0,0,0,0,0,0,0,10.5,0.2,0
9/26/2011,0.2,,4.7,16.8,0.3,3,24,18.3,7.6,15.7,20.4,2.9,0,22.8,4.9,25.3,0.8,3,7.2,21.4,29.9,11.2
9/27/2011,3,,33.7,0,5.1,0,0.5,5.9,0,1.1,33.2,5.9,0,0,0.3,0,0.6,0,0,0,0.5,1.7
9/28/2011,20.8,,0.2,3.3,0.6,0.4,0.6,22.9,1.2,0,1,6.8,0,0,31,47.8,0,0.3,11.5,0,26.2,1.2
9/29/2011,27.6,,0,16,0,0,1.5,20.1,0,0,1.4,0.5,3.4,0,0,0,0,0,0,0,0,0
9/30/2011,37.8,,0,0.4,3,48.2,6.5,3,0.3,41.2,20.7,4.7,12.7,0.9,21.5,22.9,16.6,0,19.6,2.5,14.9,0
10/1/2011,0.8,,0,40.6,16.3,0,0.9,0,0.5,0.3,14.3,1.5,0,4.1,16.5,12.7,36.1,0.1,0,0,9.9,0
10/2/2011,0,,0,0,0,0,0,0,0,0.1,0,0,0,0,0,0,0,0,0,0,0,0
10/3/2011,0,,0.7,9.4,0,0,0,0.3,0,0,0,6.8,0,0,2,0,0,0,0,0,1.5,0
10/4/2011,0,,0,13.2,0,0,2.3,3.4,0,0,0,0,4.6,0,0,0,0,0,1.5,19.5,0,0
10/5/2011,6.1,,5.8,5.3,0,0,7.7,25.3,0,0,0.6,6.5,0,2.4,0.2,0,0,0,34.2,0,7,0.7
10/6/2011,25.7,,0,0.4,0,34.2,28.7,0,0,65,0,1.3,4,5,0.5,0,0,0,0,8,10.9,53.3
10/7/2011,23,,0,1,0,51,0,7.1,0,5.8,1.6,27.9,0,0,20.1,0,0,0,0,0,9.6,1.4
10/8/2011,24,,28.7,0,0,3.8,4.6,0,0,4.2,1.5,2.1,0,0,3.3,0,48.1,0,0,0,0,0
10/9/2011,13.4,,0,0,0,82.4,43.3,0,0,79.5,0.4,2.1,1.6,0,27.9,2.1,0.1,0,27.9,1.8,14.8,10.7
10/10/2011,36.2,,0,2.3,0,35.3,0,3.6,0.1,16.5,5,7.9,3.2,0,0.7,0.9,5,0.5,0,7.9,0.5,0
10/11/2011,8.8,,8.1,0.7,4.2,3.3,0,23.5,4.3,12.2,3.7,3.8,0,0,6.8,7.8,0,8.5,0,0,5.5,2.5
10/12/2011,25.1,,0,2.6,0,11,0,0,0.3,15.7,0,8.2,0,0,6.4,22.5,0,0.6,0,0,8.7,0
10/13/2011,1.6,,5.8,0,8,48.2,0.7,4.4,0.7,25,0,22.4,0.5,20.4,3.1,4,0,1.2,0.2,3.5,0.5,0.3
10/14/2011,9.2,,0,13.5,0,14.4,16.7,0,0,2.5,0,2,0,0,0.6,1.1,0,0,0,0,0,0
10/15/2011,2.8,,0.2,1.5,9.2,32.4,4,15,0.7,0,4.5,0,0,0.6,0,27,0,0.6,4.6,17.8,2.3,4
10/16/2011,0,,0,0.4,1.9,1.7,0,2.5,0,0,0,0,0,0,0,0,0,0,0,0,0,0
10/17/2011,0,,2,16,9.8,0,0,7.7,0,0,0,17.9,0,0,22.1,0,0,0,0,0,0,0
10/18/2011,6.4,,10,2.3,11.2,14.7,0,18.3,5.2,5.5,2.8,0.2,0,7.4,1.2,60.9,12.4,4.7,0,4.6,6.5,4.7
10/19/2011,0,,0,0,0,0.5,0,0,0,0,0,0,0,0,0,0,0,0,0,0,0,0
10/20/2011,35,,0,0,0,0,0,0,1.1,5.4,0,6,0,0,0.2,0,0,0,9.9,0,2.7,0
10/21/2011,1.4,,0,1.2,0,43.7,0,0,0,0,0.7,0,0,0,0.4,3.4,0,0,0,0,3.7,0
10/22/2011,14.4,,2.2,1.5,20.8,8.6,0,33.3,0,18.1,7.7,17.2,0,3.3,24.8,48.1,0.3,3.8,0,0,40.9,0
10/23/2011,0,,0,3.1,0,0,0,0,0,0,0,0,0,0,0,0,0.2,0,0,0,0,0
10/24/2011,38,,52.3,5.4,34.6,57.2,0,32.6,58.3,0,13.8,26.8,0,36.1,25.3,1.5,23.1,66.8,0,0,0,0
10/25/2011,9.5,,5.2,40.7,42.1,12.2,0,6.6,97.7,0.7,29.3,13.2,0,17.8,0,8.1,0.7,71.7,0,0,14.7,0
10/26/2011,5.4,,0.3,0,1.3,8.3,0,0.5,1.3,0,15.6,0,0,2.5,0,0,0,5.1,0,0,0,1.9
10/27/2011,0,,0,0,0,0,0,0,0,0,0,0,0,0,0,0,0,0,0,0,0,0
10/28/2011,0,,0,0,0,0,0,0,0,0,0,0,0,0,0,0,0,0,0,0,0,0
10/29/2011,0,,0,3,0,0,0,0,0,6.7,0.5,0,0,0,0,1.5,0,0,0,0,0,0
10/30/2011,0,,8.2,18,1.2,0,0,0,14.1,0,27.8,14.3,0,0,2.7,0,0,3.3,0,0,0,0
10/31/2011,0,,0,0,0,0,0,0,0,0,0,0,0,0,0,0,0,0,0,0,0,0
11/1/2011,0,,0,0,0,0,0,13.1,0,0,0.7,0,0,0,0,0,0,0,0,0,0,0
11/2/2011,0,,0.5,0,0,0,0,2.6,0,0,0.1,0,0,0,0,0,4.9,0,0,0,12.8,0
11/3/2011,0,,0,32,0,13.1,0,0,0,0,6.8,0,0,0,0,0,2.2,0,0,0,0,0
11/4/2011,0,,1.2,0.8,0,8.3,0,0,0,0,0,0,0,0,0,4,33.3,0,0,0,5.5,0
11/5/2011,0,,29.2,4.7,0,0,1,0,0,0,0,16.7,0,0,0,0,0,0,0,0,0,0
11/6/2011,0,,1.6,3.7,8.5,2.4,0,0,0,0,3,0,0,0,0,0,0,0,0,0,0,0
11/7/2011,0,,0,16.7,0,2.7,0,0,0,0,1.1,0,0,0,0,0,0,0,0,0,0,0
11/8/2011,0,,0,0,0,1,0,0.1,0,0,0,0,0,0,0,0,0,0,0,0,0,0
11/9/2011,0,,0,0,0,0,0,0,0,0,8.6,0,0,0,0,0,0,0,0,0,0,0
11/10/2011,0,,0.6,10.4,0,14.2,0,0,0,0,0,11.6,0,0,0,0,0,0,0,0,0,0
11/11/2011,2.6,,0,10.7,0,54.8,0,0,0,0,0,0,0,0,0,0,0,0,0,0,2.6,0
11/12/2011,0,,7.4,15,0,6.5,0,0,0,0,0,0,0,1.9,0,0,0,0,0,0,0,0
11/13/2011,0,,0,28.2,0,0,0,0,0,0,0.4,0,0,0,0,0,0.2,0,0,0,0,0
11/14/2011,0,,0,9.6,0,11.3,0,0,0,0,0,0,0,0,0,0,0,0,0,0,0,0
11/15/2011,0,,0,0,0,0,0,0,0,0,0,0.1,0,0,0,0,0,0,0,0,0,0
11/16/2011,0,,0,0,0,0,0,0,0,0,0,0,0,0,0,0,0,0,0,0,0,0
11/17/2011,0,,0,0,0,0,0,0,0,0,0,0,0,0,3.9,0,0,0,0,0,0,0
11/18/2011,0,,0,0,0,0.2,0,0,0,0,0,0,0,0,0,0,0,0,0,0,0,0
11/19/2011,0,,0,0,0,0,0,0,0,0,0,0,0,0,0,0,0,0,0,0,0,0
11/20/2011,0,,0,0,0,0,0,0,0,0,0,0,0,0,0,0,0,0,0,0,0,0
11/21/2011,0,,2.3,0,2,0,0,0,0,0,0,0,0,0,0,0,0,0,0,0,0,0
11/22/2011,0,,0,0,22.8,0.7,0,4.5,18,0,0,0,0,0,0,0,0,12.2,0,1.5,0,0
11/23/2011,0,,24.5,0,0,10.5,0,0,0.5,0,0,9.2,0,0.4,26.9,0,4.8,0.6,0,0,0,0
11/24/2011,0,,0,1.2,0,0,0,0,0,0,1.5,1.3,0,0,4.9,6,0,0,0,0,0,0
11/25/2011,0,,0,25.4,0,0,0,0,0,0,0,0,0,0,0,0,0,0,0,0,0,0
11/26/2011,0,,0,0,0,0.7,1.1,0,0,0,0,0,0,0,0,0,0,0,0,0,0,0
11/27/2011,0,,1.1,0,0,0,0,0,0,0,0,0,0,0,0,0,0,0,0,0,0,0
11/28/2011,0,,9,4.2,0,0.8,0,0,0,0,0,0,0,0,42.2,2.4,0,0,0,0,0,0
11/29/2011,0,,0,14,0,0,0,0,0,0,0,0,0,0,0,0,0.4,0,0,0,0,0
11/30/2011,0,,0,0,0,0,0,0,0,0,0,0,0,0,0,0,0,0,0,0,0,0
12/1/2011,0,,0,0,0,0,0,0,0,0,0,0,0,0,0,0,0,0,0,0,0,0
12/2/2011,0,,0,0,0,0,0,0,0,0,0,0,0,0,0,0,0,0,0,0,0,0
12/3/2011,0,,0,0,0,14.4,0,0,0,0,0,0,0,0,0,0,0,0,0,0,0,0
12/4/2011,0,,0,0,0,0,0,0,0,0,0,0,0,0,0,0,0,0,0,0,0,0
12/5/2011,0,,0,0,0,0,0,0,0,0,0,0,0,0,0,0,0,0,0,0,0,0
12/6/2011,0,,0,0,0,0,0,0,0,0,0,0,0,0,0,0,0,0,0,0,0,0
12/7/2011,0,,0,0,0,0,0,0,0,0,0,0,0,0,0,0,0,0,0,0,0,0
12/8/2011,0,,0,0,0,0,0,0,0,0,0,0,0,0,0,0,0,0,0,0,0,0
12/9/2011,0,,0,0,0,0,0,0,0,0,0,0,0,0,0,0,0,0,0,0,0,0
12/10/2011,0,,0,0,0,0,0,0,0,0,0,0,0,0,0,0,0,0,0,0,0,0
12/11/2011,0,,0,0,0,7.9,0,0,0,0,0,0,0,0,0,0,0,0,0,0,0,0
12/12/2011,0,,0,0,0,0,0,0,0,0,0,0,0,0,0,0,0,0,0,0,0,0
12/13/2011,0,,0,0,0,0,0,0,0,0,0,0,0,0,0,0,0,0,0,0,0,0
12/14/2011,0,,0,0,0,0,0,0,0,0,0,0,0,0,0,0,0,0,0,0,0,0
12/15/2011,0,,0,0,0,0,0,0,0,0,0,0,0,0,0,0,0,0,0,0,0,0
12/16/2011,0,,0,0,0,0,0,0,0,0,0,0,0,0,0,0,0,0,0,0,0,0
12/17/2011,0,,0,0,0,0,0,0,0,0,0,0,0,0,0,0,0,0,0,0,0,0
12/18/2011,0,,0,0,0,0,0,0,0,0,0,0,0,53.2,0,0,0,0,0,0,0,0
12/19/2011,0,,0,1.8,0,1.2,0,0,0,0,0,0,0,0,0,0,1.1,0,0,0,0,0
12/20/2011,0,,0,0,0,0,0,0,0,0,0,0,0,0,0,0,0,0,0,0,0,0
12/21/2011,0,,0,0,2.4,0,0,0,0,0,0,0,0,0,0,0,0,0,0,0,0,0
12/22/2011,0,,0,0,0,0.1,0,0,0,0,0,0,0,0,0,0,1.3,0,0,0,0,0
12/23/2011,0,,0,0,0,0,0,0,0,0,0,0,0,0,0,0,0,0,0,0,0,0
12/24/2011,0,,0,0,0,0,0,0,0,0,0,0,0,0,0,0,0,0,0,0,0,0
12/25/2011,0,,0,0,0,0,0,0,0,0,0,0,0,0,0,0,9.6,0,0,0,0,0
12/26/2011,0,,0,40.2,0,3.3,0,0,0,0,0,0,0,0,0,0,0,0,0,0,0,0
12/27/2011,0,,0,0,0,0,0,0,0,0,0,0,0,0,0,0,0,0,0,0,0,0
12/28/2011,0,,0,0,0,0.3,0,0,0,0,0,0,0,0,0,0,0,0,0,0,0,0
12/29/2011,0,,0,0,0,0,0,0,0,0,0,0,0,0,0,0,0,0,0,0,0,0
12/30/2011,0,,0,0,0,0,0,0,0,0,0,0,0,0,0,0,0,0,0,0,0,0
12/31/2011,0,,0,0,0,0,0,0,0,0,0,0,0,0,0,0,0,0,0,0,0,0
1/1/2012,0,,0,0,0,0,0,0,0,0,0,0,0,0,0,0,0,0,0,0,0,0
1/2/2012,0,,0,0,0,0,0,0,0,0,0,0,0,0,0,0,0,0,0,0,0,0
1/3/2012,0,,0,0,0,2.5,0,0,0,0,0,0,0,0,0,0,0,0,0,0,0,0
1/4/2012,0,,0,0,0,0,0,0,0,0,0,0,0,0,0,0,0,0,0,0,0,0
1/5/2012,0,,0,0,0,0,0,0,0,0,0,0,0,0,0,0,0,0,0,0,0,0
1/6/2012,0,,0,0,0,0,0,0,0,0,0,0,0,0,0,0,0,0,0,0,0,0
1/7/2012,0,,0,0,0,0,0,0,0,0,0,0,0,0,0,0,0,0,0,0,0,0
1/8/2012,0,,0,0,0,0,0,0,0,0,0,0,0,0,0,0,0,0,0,0,0,0
1/9/2012,0,,0,0,0,0,0,0,0,0,0,0,0,0,0,0,0,0,0,0,0,0
1/10/2012,0,,0,0,0,0,0,0,0,0,0,0,0,0,0,0,0,0,0,0,0,0
1/11/2012,0,,0,0,0,0,0,0,0,0,0,0,0,0,0,0,0,0,0,0,0,0
1/12/2012,0,,0,0,0,0,0,0,0,0,0,0,0,0,0,0,0,0,0,0,0,0
1/13/2012,0,,0,0,0,0,0,0,0,0,0,0,0,0,0,0,0,0,0,0,0,0
1/14/2012,0,,0,0,0,0,0,0,0,0,0,0,0,0,0,0,0,0,0,0,0,0
1/15/2012,0,,0,0,0,0,0,0,0,0,0,0,0,0,0,0,0,0,0,0,0,0
1/16/2012,0,,0,0,0,0,0,0,0,0,0,0,0,0,0,0,0,0,0,0,0,0
1/17/2012,0,,0,0,0,0,0,0,0,0,0,0,0,0,0,0,0,0,0,0,0,0
1/18/2012,0,,0,0,0,0,0,0,0,0,0,0,0,0,0,0,0,0,0,0,0,0
1/19/2012,0,,0,0,0,0,0,0,0,0,0,0,0,0,0,0,0,0,0,0,0,0
1/20/2012,0,,0,0,0,0,0,0,0,0,0,0,0,0,0,0,0,0,0,0,14,0
1/21/2012,1.1,,0,32,2.1,25.5,0,0,9.7,0,6.1,48.1,0,0,55.1,1,0,35,0,0,0,0
1/22/2012,0,,0,0,0,0,0,0,0,0,0,0,0,0,0,0,0,0,0,0,0,0
1/23/2012,0,,0,0,0,0,0,0,0,0,0,0,0,0,0,0,0,0,0,0,0,0
1/24/2012,0,,0,0,0,0,0,0,0,0,0,0,0,0,0,0,0,0,0,0,0,0
1/25/2012,0,,0,0,0,0,0,0,0,0,0,0,0,0,0,0,0,0,0,0,0,0
1/26/2012,0,,0,0,0,0,0,0,0,0,0,0,0,0,0,0,0,0,0,0,0,0
1/27/2012,0,,0,0,0,12.9,0,0.2,0,0,0,0,0,0.1,0,0,0,0,0,0,0,0
1/28/2012,0,,14.9,0,0,0,0,0,7.8,0,15.8,0,0,1.2,0,0,4.8,12.9,0,0,0,0
1/29/2012,0,,0,0,0,0,0,0,0,0,0,0,0,0,0,0,1.2,0,0,0,0,0
1/30/2012,0,,0,0,0,0,0,0,0,0,0,0,0,0,0,0,0,0,0,0,0,0
1/31/2012,0,,0,0,0,0,0,0,0,0,0,0,0,0,0,0,0,0,0,0,0,0
2/1/2012,0,,0,0,0,0,0,0,0,0,0,0,0,0,0,0,0,0,0,0,0,0
2/2/2012,0,,0,0,0,0,0,0,0,0,3.1,0,0,0,0,0,0,0,0,0,0,0
2/3/2012,0,,10.5,0,7.5,0,0,0,0,0,0,0,0,0,0,0,0,0,0,0,0,0
2/4/2012,0,,0,0,0,0,0,0,0,0,0,0,0,0,0,0,0,0,1.5,0,0,0
2/5/2012,0,,4.5,0.1,27.3,6.4,0,4.5,0,0,1.4,0,0,0,4.3,0,0,0.3,0,0,0,0
2/6/2012,0,,0,0,0,0,0,0,0,0,0,0,0,0,0,0,0,0,0,0,0,0
2/7/2012,0,,0,0,0,0,0,0,0,0,0,0,0,0,0,0,0,0,0,0,0,0
2/8/2012,0,,0,0,0,0,0,0,0,0,0,0,0,0,0,0,0,0,0,0,0,0
2/9/2012,0,,0,0,0,0,0,0,0,0,0,0,0,0,0,0,0,0,0,0,0,0
2/10/2012,0,,0,0,0,0,0,0,0,0,0,0,0,0,0,0,0,0,0,0,0,0
2/11/2012,0,,0,0,0,0,0,0,0,0,0,0,0,0,0,0,0,0,0,0,0,0
2/12/2012,0,,0,0,0,0,0,0,0,0,0,0,0,0,0,0,0,0,0,0,0,0
2/13/2012,0,,0,0,0,0,0,0,0,0,0,0,0,0,0,0,0,0,0,0,0,0
2/14/2012,0,,0,0,0,0,0,0,0,0,0,0,0,0,0,0,0,0,0,0,0,0
2/15/2012,0,,0,0,0,0,0,0,0,0,0,0,0,0,0,0,0,0,0,0,0,0
2/16/2012,0,,0,0,0,0,0,0,0,0,0,0,0,0,0,0,0,0,0,0,0,0
2/17/2012,0,,0,0,0,0,0,0,0,0,0,0,0,0,0,0,0,0,0,0,0,0
2/18/2012,8.7,,21.1,4.4,0,0,0,19.3,21.3,0.2,0,38.1,0,0,8.1,0,0,26.4,0,0,0,0
2/19/2012,0,,0,0,0,0,0.6,0,0,0,0,0,0,1,0,0,38.5,0,0,0,0,0
2/20/2012,0,,2.3,0,1.4,0,0,23.6,3.3,17.1,0.4,0,0.9,0,0,0,0,11.5,42.3,0,55.6,42
2/21/2012,0,,0,0,0,1.2,0,0,2.5,0,0,0,0,0,0,0,0,0.2,0,7.1,0,0
2/22/2012,0,,0,0,0,8.6,0,4.4,0,0,0,0,0,0,1.8,2.1,0,0,0,0,9.2,0
2/23/2012,1.2,,0,21.8,4.5,16,0,3.3,0,0,11.6,21.3,0,0,15.8,29.1,0,0,0,0,8.3,0
2/24/2012,0,,0,0,0,0,0,0,0,0,0,0,0,0,0,0,0,0,0,0,0,0
2/25/2012,0,,0,0,0,0,0,0,0,0,0,0,0,0,0,0,0,0,0,0,0,0
2/26/2012,0,,0,19.7,0,0,0,0,0,0,0,7.6,0,0,33.2,0,0,0,0,0,0,0
2/27/2012,4.3,,0.6,0,0,0,0,0,0,0,0,5.9,0,0,0.8,0,0,0,0,0,1.5,0
2/28/2012,0,,14.4,19.4,6.9,2.9,3.4,0,4,0,18,2,0,0.8,26,11.3,19.2,17.1,0,0,2.8,0
2/29/2012,0,,0,0,0,0.1,0,0,0.4,0,0,0,0,0,0,0,3.6,0.1,0,0,0,0
3/1/2012,0,,0,0.5,0,0,0,0,0,0,0,0,0,0,0,0,0,0,0,0,0,0
3/2/2012,16.2,,0,27.8,0,0,0,16,0,0,0,1.6,0,0,12.1,2.5,0,0,0,0,0,0
3/3/2012,0,,0,0,0,0,0,0,0,0,0,0,0,0,0,0,0,0,0,0,0,0
3/4/2012,12.8,,0,1.5,0,0,4.7,1.6,0,2.5,8.1,0,0,0,6.2,3,0,0,15.7,3,0,0
3/5/2012,4.4,,0,0,13.3,0,0,0.6,0,0,0.2,10.5,0,0,0,21,0,0,0,0,0,0
3/6/2012,11.3,,0,0,0,0,0.5,7.4,0,0,22.9,23.7,0,0,0.6,0,0,0,0,2.2,7.7,0
3/7/2012,0,,0,0,0,0,0,0,0,0,7.1,0,0,0,0,0,0,0,0,0,0.7,0
3/8/2012,1.3,,0,0,0,0,0,0,0,0,0,0,0,0,0,10,0,0,0,0,0,0
3/9/2012,3.5,,0,1.9,0,0,8.4,0,0,4.8,5,0,0,0,8.7,0,0,0,12.6,0,3.6,25
3/10/2012,0,,2.4,13.6,0,0,0,0,0,0.2,23.1,1.8,0,0.2,0.6,6.5,0,0,0,0,0,0
3/11/2012,0,,0,0,8.6,0,0,0,0,0,0,0,0,0,0,0,0,0,0,0,0,0
3/12/2012,0,,0,0,0,0,0,0,0,0,0,0,0,0,0,0,0,0,0,0,0,0
3/13/2012,0,,0,0,0,0,0,0,0,0,0,0,0,0,0,0,0,0,0,0,0,0
3/14/2012,0,,0,0,0,0,0,0,0,0,0,0,0,0,0,0,0,0,0,0,0,0
3/15/2012,0,,0,0,0,0,0,0,0,0,3,0,0,0,0,0,0,0,0,0,0,0
3/16/2012,0,,3.8,0,0,0,0,0,0,0,0,0,0,0,0,0,0,0,0,0,0,0
3/17/2012,0,,22,7.3,6.4,12.9,0,0,0,0,0.2,0,0,0,0,0,0.8,0,0,0,0,0
3/18/2012,0.7,,24,16.3,5.6,0,0,2.1,0,0,24.8,10.8,0,0,16.3,0,0,0,0,0,0,0
3/19/2012,0,,0,0,0,0,0,0,0,0,0,0,0,0,0,0,0,0,0,0,0,0
3/20/2012,0,,0,0,0,0,0,0,0,0,0,0,0,0,0,0,0,0,0,0,0,0
3/21/2012,0,,13.4,0,0,0,0,0,0,0,5.1,0,0,0,0,0,0,0,0,0,0,0
3/22/2012,0,,0,0,9.2,0,0,0,0,0,0,0,0,0,0,0,0,0,0,0,0,0
3/23/2012,0,,0,0,0,0,0,0,0,0,0,0.7,0,0,0,0,6.4,0,0,0,0,0
3/24/2012,0,,0.1,0,14.2,0,0,0.4,0,0,0,0,0,0,0,0,0,0,0,0,0,0
3/25/2012,0.7,,0,9.8,2.9,8.8,0,32,11.7,0,4.4,42.9,0,12.8,0,0,3.5,57.2,0,0,5.5,0
3/26/2012,0,,0,0,0,0,0,0,0,0,0,0,0,0,0,43,0,0,0,0,0,0
3/27/2012,0,,0,0,0,0,0,0,0,0,5.1,0,0,0,0,0,0,0,0,0,0,0
3/28/2012,0,,0,0,0,0,2.4,0,0,0,0,0,0,0,0,0,0,0,0,0,0,0
3/29/2012,0,,0,0,0,2.1,0,0,0,0,0,0,0,0,0,0,0,0,0,2.1,0,0
3/30/2012,13.7,,6.3,23.7,8.2,0,0,0,0,0,2,0,0,0,0,0,0,0,0,0,0,0
3/31/2012,0,,0,0,0,0.8,32.2,0,0,0,0,0,0,0,0,0,0,0,0,0,0,0
4/1/2012,0,,0,14.4,13.2,0,0,20,0,73.3,0,0,0,0,0,0,0,0,77.7,0,0,0.4
4/2/2012,20.4,,14.9,0,0,0,6.1,0,0,1.2,22.7,19,0,0,0,19.8,0,0,0,0,10.8,0
4/3/2012,2.2,,9.6,25,0,7.5,0,5.1,13,0,18,11.2,0,0,0,0,0,11.6,0,0,0,0
4/4/2012,0,,0,7.8,0,0,0,0,0,0,2.2,0,0,0,0,1,0,0.2,0,16,0,0
4/5/2012,0,,0,0,0,0,0,0,0,0,0,0,0,0,0,0,0,0,0,2,7,0.6
4/6/2012,12,,0,0,11.4,1.6,0,39.8,5.5,0,0,1.2,0,0,7.1,0,0,0,0,0,0,0
4/7/2012,1.8,,0,5,1.3,0,0,0,0,0.2,0,0,0,0,0,0,0,0,0,0,0,0
4/8/2012,17.7,,0,0.3,0,7.3,8.4,0,0,16.8,7.1,24.4,15.1,0,9,26.4,0,0,13.2,10.5,12.5,22.1
4/9/2012,4.8,,26.3,0.7,0,0,0,6.6,0,0,3.5,0,0,1.4,0,4.3,0,1.2,0,0,0,0
4/10/2012,0,,0,2.1,0,0,0,0,0,0,0,0,0,0,0,0,0,0,1.4,0,0,27.6
4/11/2012,0,,0,0,0,0,0,0,0,0,0,0,0,0,15.1,0,0,0,0,0,0,0.3
4/12/2012,0,,0,3.7,0,2.6,48.6,1.9,0,0,15.9,0,32,0,7.4,27.8,1,0,39.8,7.1,1.2,18.2
4/13/2012,0,,0,0,0,0,0,0,0,0,0,0,0,0,0.2,0,0,0,0,0,0,0
4/14/2012,0,,0,0,0,0,0,0,0,0,0,0,0,0,0,0,0,0,0,0,0,0
4/15/2012,0,,0,0,0,0,0,0.9,0,0,0,0,0,0,0,0,0,0,0,0,0,0
4/16/2012,4.5,,15.5,19.3,0,0,0,14.9,17.7,0.3,0,0,0,0,4.5,0,0,0.2,0,0,0,0.4
4/17/2012,0,,6.3,4.4,0,25.8,0,0,5.1,0,0,0,0,4.6,0,0,0,0.8,0,3.5,0,0
4/18/2012,0,,0,0,0,0,0,0,0,0,0,0,2.8,0,0,0,0,0,0,22.5,0,0
4/19/2012,57.9,,0,71.3,2.6,14.3,65.2,47,6.8,5.3,2,38.4,0,34.3,24.1,3,17.2,0.4,0,0,45,47.6
4/20/2012,8.3,,0,0,1.7,0,0,0,0,0.2,0,0,0,0,0,0,0,0,0,0,0,0
4/21/2012,0,,0,0,6.3,0,0,0,0,0,0,0,0,0,0,0,0,0,0,0,0,0
4/22/2012,0,,0,0,7.3,0,0,0,0,0,0,0,0,0,0,0,0,0,0,0,0,0
4/23/2012,0,,0,0,0,0,0,0,0,0,0,0,0,0,0,0,0,0,0,0,0,0
4/24/2012,0,,23.6,0,0,4.5,5,54.8,0,21.4,0,1.2,0,0,0,3.2,0,0,10.7,0,19.4,0.8
4/25/2012,11,,5.4,0,23.3,4.4,0,5.9,21.6,0.2,8.7,23.5,0,5.4,16.8,10.6,6.3,13,0,0,19.3,0
4/26/2012,0,,0,0,2.2,0,0,0,0,0,0.7,0.4,0,0,0,0,0,0,0,0,0,0
4/27/2012,0,,0,0,0,0,3,0,0,0,0,0,38,0,0,0,0,0,0.9,4.3,0,7
4/28/2012,0,,0,0,0,0,0,0,0,0,0,0,0,0,8.6,0,0,0,0,0,0,0
4/29/2012,0,,0,0,0,0,0,0,0,0,0,0,12,0,0,0,0,0,0,0,0,0
4/30/2012,0,,0,0,0,1.9,0,5.5,10.1,0,0,0,0,0,0.5,0.7,0,0,0,2,1,0
5/1/2012,0,,0,5,0,0,20.3,1.8,0,0,0,0,42.8,0,0,0,0,0,15.6,60.1,0,4.2
5/2/2012,0,,0,0,0,54.3,0,4.9,0,0,0,1.9,0,0,0,0,0,0,0,0,0,0
5/3/2012,0,,4.3,1.6,5.6,37.6,0,2.6,34.2,34.7,7.2,12.5,12.6,32.4,8.4,41.8,22,46.9,15.5,4,10.3,4.3
5/4/2012,0,,0,0,0,0.6,0,0,0,0,0,0,0,0,0,0,0,0,0,0,0,0
5/5/2012,0,,0,0,0,0,12.5,0,0,0.9,0,0,0,0,0,0,0,0,0,0,3.5,0
5/6/2012,0,,0,0,0,0.3,0,0,0,0,0,1,0,0,0,0,0,0,0,0,0,0
5/7/2012,0,,0,0.6,0.6,0,2,0,0,0,0,5.6,0,0,0,0,0,0,0,0,21.4,0
5/8/2012,79.2,,10.4,0,0,7.4,12.7,0.8,23.1,12.2,25.9,31.1,9.2,16.9,10.5,16.8,11.6,24.4,7.8,9.8,4,15.5
5/9/2012,0,,0,0,0,34.8,0,0,0,0,0,0,0,0,0,0,0,0,0,0,0,0
5/10/2012,1.2,,0,0,0,0,9,0,0,32.1,0,0,2.8,0,0,0,0,0,3.6,0,0,16.4
5/11/2012,37,,0.1,0.6,4.6,26.1,0,10.6,0,0.7,0.6,5.2,0,5.1,4.3,6,10.6,1.7,0,0.2,0,1.6
5/12/2012,25.5,,0.9,14.8,9.1,0,0.3,0.1,0,10.2,23.7,0,26.7,0,0,0,0,0,0,0,0,0
5/13/2012,6.7,,0,0,0,0,0,29.7,0,16.3,0,68.6,25.1,0,6.4,76,0,0,0,2.8,21.3,0.6
5/14/2012,48.8,,1.1,40.3,1.9,5.5,0,62.5,0,0.5,5.2,1.1,0,6.4,3.4,0,1.1,0,0.1,0,2.4,0.2
5/15/2012,13.2,,0,0,0.4,0.4,0,2.6,0,11.4,0,9.6,0,0.3,0,6.1,0,0,2,4.4,11.8,42.7
5/16/2012,0,,0,7.2,7.1,0,2,0,0,0,13.6,0,0,0,0,0,0,0,0,0,0,0
5/17/2012,0.1,,0,0,0,0,0,19.3,0,0,0,5.6,0,0,0,0,0,0,0,0,0,0
5/18/2012,0,,0,0,21.8,0,0,0,0,3.3,0,0,0,0,0,13.9,0,0,18.3,0,0,7.5
5/19/2012,2.3,,32.6,2,0,38.6,0,3.6,30,2.1,14.7,7.1,0,25.4,1.3,0,47.8,10.4,0.2,4,22.2,0.1
5/20/2012,0,,0,0,0,0,0,0,0,0,0,0,0,0,0,0,0,0,0,0,0,0
5/21/2012,32.1,,6.4,0,15.2,2.9,0,0,18,0,18.8,16.6,0,16.4,53.1,5.3,37.9,0.1,0,0,8.5,0
5/22/2012,0,,0,0,0,0,0,0,0,0,0,0,0,0,0,0.1,0,0,0,0,0,0
5/23/2012,0,,0,0,0,3.1,0,0,0,0,0,0,0,4.4,0,0.8,0,1.4,1.7,16.6,0.7,0
5/24/2012,0,,0.5,1.2,0,129.9,0,0.4,1.9,0,0,0,27.6,15.3,4.1,0,46.1,22.2,3.8,0,14.5,22.6
5/25/2012,0.4,,17.6,1,0,29.6,11.2,0,0.4,0,21.9,0,0,9.8,56.2,26.8,11.1,3.3,0,0,0,0.2
5/26/2012,0,,0,0,6.8,7.6,0,0,0,0,0,0,0,1.7,0,0,16.2,0,0,0,0,0
5/27/2012,0,,0,0,0,0,0,0,0,8.8,0,0,0,0,0,0,0,0,0,0,0,0
5/28/2012,0,,6.2,0,1.5,10.5,30.5,14,0,2.5,0,1,0,113.4,0,34.6,11.3,0,6.7,22.1,93.5,33.3
5/29/2012,7.1,,0.5,5.6,0,5.3,0,4.5,7.8,0.6,4.5,89.6,0,0,5.6,6.7,69.6,48.6,0,0,4.5,0
5/30/2012,8.6,,0,0.1,65.6,34,4,47.1,3.7,13.3,0,13.7,7.1,0,15.7,61.2,10.3,27.9,2,14.7,23.4,2.8
5/31/2012,21.5,,0.6,5.4,1.4,0.8,0,1.2,0,7.6,19.2,0.6,0.5,0,18.3,24.6,0,0.8,2.4,0.4,13.5,19.6
6/1/2012,10.2,,0,0,0,0,0,11.4,0,0,0,0.8,0,0,1.6,0,0,0,0,0,0,0
6/2/2012,61.2,,29.3,38.5,39,45.2,11.4,60.5,26,0.4,28.5,57.6,3.5,25,11.8,29.3,12.4,14,2.5,0.2,2.6,17.6
6/3/2012,0.3,,0,2,0,1,0,0,0,0,0,0.6,0,0,30.8,0.3,3.1,0,0,0,0,0
6/4/2012,8.4,,25.2,23.8,35.7,2.5,0,8.4,16.1,0,17.9,0,0,6.8,0,0,0.5,27.7,0,0,0,0.3
6/5/2012,10.2,,0.4,7.5,2.4,33.8,0,40.5,0.7,8,8,0.8,0,14.5,8.9,14.4,22.1,1.9,0,0,35,0
6/6/2012,0,,1.1,0,0.4,2.6,0,1.4,0.3,0,0.6,0,0,1.9,0.3,0,8.9,0.2,0,0,0,0
6/7/2012,0,,0,0,0,0.4,13,0,0,0,0,0,0,0,0,0,0,0,1.5,24.7,0,6.1
6/8/2012,6.1,,0.5,0,1.8,0.1,0,8,0,0,53.7,26.2,0,0,4.9,0,0,0,0,0,0,0
6/9/2012,0,,0,1.4,0,0,0,0,0,0,0,0,0,0,0,0,0,0,0,0,0,2
6/10/2012,0,,0,0,0,0,0,0,0,0,0,0,0,0,1.1,0.2,0.1,0,0,6.5,0,0
6/11/2012,5.1,,0.6,0.6,0,9,0,0,27.8,0,0.5,7.2,0,35.2,0,0,25.2,15.5,0,0,0,0
6/12/2012,0.1,,0.9,7.9,0.2,0.4,15.1,0,0,18.2,1.8,23.4,3.4,8.9,25.1,20.6,0,2.8,10.5,6.5,7.3,18.3
6/13/2012,0.3,,0,0.3,0.1,0,0,0,0,0.5,0.9,0,2.2,0,0,0,0,0.1,0,0,0,0
6/14/2012,0,,0.5,0.3,0,7.9,0.9,0.6,0,20.5,0,0.1,0,52.5,0.6,0,3.1,0,0,0,1.3,22.6
6/15/2012,5.8,,0,21.5,0,30.2,34.6,0,0,0,0,2.6,0,20.1,0.1,0.5,12.3,0.1,0,0,2.9,0
6/16/2012,22.1,,0,51.1,0.2,37.2,9.6,0,0,0,0,0,0.2,10.2,0,0.2,61.4,0,12,1.6,0,14
6/17/2012,12.9,,28,12.6,29.5,52.4,5.6,33.7,4.5,41.7,31.2,58.4,0,8.8,19.7,45.4,82.6,7.5,0,6.2,105.6,3
6/18/2012,0.3,,0,7.2,0,3.4,0,0,2.9,0,29.2,3.4,0,0,4.9,9,0,0.1,0,0,28.6,0
6/19/2012,0,,0,0,0,6,0,0,0,6.4,0,0,0,0,0.6,3.8,0,0,0,0,0,0
6/20/2012,22.8,,6.1,35.9,5.7,28.2,0,22.6,0,2.7,8.5,76.1,0,0.5,20.1,10.9,4.2,0,0,1,0,0
6/21/2012,0.2,,5,0.4,0,9.9,14.6,10.1,0,0.3,1.7,0.1,2.5,0.6,0,0,0,0,0.1,5.8,14.1,0
6/22/2012,0,,0,0,0,0.3,0.9,0,0,0.2,0,18.2,0,0,3.9,1.8,1,0,4,1.2,0,0
6/23/2012,2.2,,0,0,0,11.2,0,0,0,16.6,0,0,0,0,0,7.9,0,0,8.2,0,0,19
6/24/2012,2.3,,0.6,0.4,0,20.8,33.6,12.1,47.9,29,1,6.8,22.6,0,20.6,27.4,24.5,34.1,37.4,14.5,28.5,1.2
6/25/2012,2.2,,0,3.3,1.3,5.3,0,23.3,0.5,0.9,0,1.6,0,1.5,2,0.1,17.1,0.6,0,0,0,0
6/26/2012,0,,0,11.9,0,4,0,0.6,5,0,0.2,60.3,0,0,5.1,29.7,0.6,0.4,0,0,0,0
6/27/2012,11.4,,2.8,6.2,0,15.7,0,0.5,4.1,78.8,8.6,0,6.4,2.2,40.9,0,106.1,4,0.6,0,0,9.5
6/28/2012,10,,30.8,7.1,12.7,1.6,80.2,6.5,2.3,57.9,43.8,35.6,38.5,4.7,22.4,44.1,9.7,2.6,50.3,43.8,2.7,35.8
6/29/2012,1.4,,0,3.6,0,2.2,0,2.1,0.5,0,0.4,0,0,0,2,11.1,0.5,0,0,0,0,0
6/30/2012,0,,0,0,0,2.5,0,0,0.6,0,0,0,0,0,0.1,0,0,0,0,0,0,0
7/1/2012,0,,2.6,0,0,4.8,8.6,9.1,0.2,1,0,0,2.4,8.8,10,0,4.5,1.7,8.2,22.4,0,13.5
7/2/2012,0.5,,7,71.8,0,0.2,0,0,18,58.5,5.2,30.5,0,2.4,0.9,0,5,8.9,0.1,0,0,17.9
7/3/2012,5,,7.5,3.7,14.7,65.3,0,14.9,4.1,7.9,16.5,23.3,4,10.9,40.4,22.3,5.4,33.9,14.1,2.5,6.2,0
7/4/2012,16.7,,0,11.6,0.8,3.4,1.5,0,0,9.8,5.4,10,0,0,13,3.2,0,0,13.7,1,0,2.2
7/5/2012,0,,0,0,0,0,13.6,0,0,0,0,0.3,2.5,0,1.4,0.1,0,0,3.9,0.7,1.2,0
7/6/2012,0,,0.8,0,0,0,0,0,0,0.9,0,0,0,0,0,0,0,0,0.5,0.2,0,5.2
7/7/2012,0,,0,0,0,0,0,5.3,0,0,1.5,1.6,32.1,0,46.3,0,0,0,1.4,5.6,0.8,4.4
7/8/2012,1,,0.1,0.1,2.9,1.4,24.6,0.7,0,0,0.3,0,0,0,9.5,21,0.5,0,0,0,2.7,0.1
7/9/2012,0,,0,0.3,0,0,0,0,0,0,0.3,0,0,0,1,0,0,0,0,0,0,0
7/10/2012,0,,0,0,0,0,0,0,0,0,0,0,0,0,0,0,0,0,0,0,0,0.7
7/11/2012,0,,0,0,0,0,0,0,0,0,0,0,34.4,0,0,0,0,0,0,0.2,0,0.9
7/12/2012,0,,0,0,0,0,0,0,0,0,0,0,0,0,0,0,0,0,0,12.2,0,0
7/13/2012,0,,0,0,0,0,0,0,0,0,0,0,11.2,0,0,0,0,0,45.4,0,0,0
7/14/2012,0.2,,0.5,4.3,0,23.6,13.2,4.8,0,23.8,0.7,0,50.8,10.6,0.6,16.4,34,0,1,49.7,16.1,87.7
7/15/2012,0,,0.4,14.9,2.1,0,0.8,4.7,0,0.2,4,2.9,1.6,4.2,2.7,0.2,4,0,0,0.2,0,3.5
7/16/2012,0,,0,0,0,0,0.4,0,0,14.6,0,0,0,0,0,0,0,0,0,0.6,2.2,0
7/17/2012,0,,0,0,0,0,0,0,0,0,0,0,0,0,0,0,0,0,13.8,0,0,0
7/18/2012,0,,0,0,0,0,0,0,0,0,0,0,1.8,0,0,0,0,0,2.7,0,0,3.8
7/19/2012,1.5,,0,0,0,0,11,0,5.1,11.5,0,0,0.5,0,0,6,0,0,0,1.2,39.7,4.1
7/20/2012,0,,0,0,0,0,0.1,0,0,0,0,0,0,0,0,0.8,0,0,29.3,0.2,1.3,0
7/21/2012,1.5,,0,0,5.8,0,25.4,1,0,0.5,0,24.2,57.1,0,6.9,0,0,0,0,9.4,0.3,72.9
7/22/2012,0,,0.6,1.7,0,0.8,1.5,0,0,0.8,0.7,0,0,0,0,17,0.4,0,0,0,1.8,3.4
7/23/2012,0,,0,3.4,0.4,0,0,1.5,0,3.2,0.7,0.6,0,0,7.4,2.3,0.1,0,0,0,0,0.7
7/24/2012,0,,0,1.3,0,0,0,1.7,0.2,0.4,0,0.4,30.9,0,0,0.1,0,0,0,0,0,0
7/25/2012,0,,0,1,0,0,0,0.5,0,1.2,0.4,0,0,0,0.6,0,0,0,0,0,0,0.1
7/26/2012,0,,0,0,36.7,0.5,0,0,0,5.5,14.8,0,0,0,0,0,0,0,0,0,0,0
7/27/2012,0,,0,0.1,0,2.8,0,0,0,0,1.6,0,1.2,0,0,0,1.4,0,0,8.6,0,9.2
7/28/2012,0,,0,0,0,0,33.1,27.5,0,2.4,0,0,9.1,0,0.4,0,0,0,8.5,0.2,0,31
7/29/2012,0,,0,0,0,0,0,0,0,0,0,0,0,0,0,0,0,0,0,0,0,0
7/30/2012,0,,0,0,0,0,0,0,0,0,0,0,0,0,0,0,0,0,0,0,0,0
7/31/2012,0,,0,0,6.9,0,14.4,0.9,0,2,0,0,2.3,0,0,0,0,0,12.2,24,0,14
8/1/2012,0,,0,2,0.3,9.6,0,7.8,0,1.8,2.1,0,0,1.8,0.4,0.1,1.4,0,0,0,0,1.3
8/2/2012,0,,0,1.1,0,0,0,0,0,0,0,0.7,0,0,0,0,0,0,0,0,0,0
8/3/2012,0,,0,1.2,0,0.5,4.1,0,0,12.4,0,0,20.1,0,0,0,0.4,0,0,6.3,0,9.9
8/4/2012,2,,0,0,0,0,0,0.2,0,0,0,0,0,0.3,0,0,0.1,0,0,0.8,0,0
8/5/2012,0,,0,0,0,0,2.2,0,0,0,1.4,0,0,0,0,0.1,0,0,0,0,0,3.6
8/6/2012,0,,0,0.2,0,0,0,0,0,0,0,0,14.6,0,0,0,0,0,0,4.4,0,0
8/7/2012,0.3,,0,1.1,0,0,1,0,0,7.9,0,0.3,1.1,1.4,0.3,0,0,0,1.5,7.5,0,0.6
8/8/2012,0,,0,3.1,0.2,0,0,0,0,0,0,0,0.6,0,0.3,1.4,0,0,0,0,0,0
8/9/2012,0,,0,0,0,0,0,0.2,0,0,0,0,0,0,0,0,0.1,0,0,0,0,0
8/10/2012,0.5,,0,0,0.4,0,5,0,0,33.4,0.5,0,5.1,0,0,1.6,0,0,52.1,0,0,0
8/11/2012,0,,0,0,0,1.7,0,3,0,0,1.3,0,6.6,0,0,0.1,0.5,0,0,4.6,0,0
8/12/2012,0,,0,0,0,0,0,0,0,0,0,0,3.5,0,0,0,0,0,0,3,0,0
8/13/2012,0,,0,0,0,0,0,0,0,0,0,0,0,0,0,0,0,0,0,0,0,0
8/14/2012,0,,0,0,0,0,45.6,0,0,1.1,0,0,3.5,0.5,0.1,0,0,0,24.8,37.1,0,13.4
8/15/2012,0,,0,0.4,0,1.4,1,0,0,0.6,0.5,0,1.2,0,1,0.1,0,0,0,0,0,0
8/16/2012,0,,0,0,0,0,0,0,0,0,0,0,0,0,1,0,0,0,0,0,0,0
8/17/2012,0,,0,0,0,0,0,0,0,0,0,0,0,0,0,0,0,0,0,0,0,0
8/18/2012,0.3,,1.8,0.2,0,0.8,6,0.8,6,0,0.6,0,5.4,6,0.6,0,1.7,2.3,18.4,30,0.1,22.5
8/19/2012,4.6,,2.6,0.4,0.3,0,0,0,1.9,2.7,7.6,0.9,0,6.9,8.1,0,0,2,0,0,0,0.6
8/20/2012,0,,0,0,0,0,0,0,0,0,0,0,0,0,0,0.1,0,0,0,0,0,0.1
8/21/2012,3.6,,3,0,0,15.8,32.4,1.8,0,3.3,1.7,1.5,12.1,0.6,1.8,4,9.3,0,1.6,15.5,2.5,8.4
8/22/2012,0,,0,4.8,0.1,1,20.7,5,1.1,0,1.3,0,0,7,0,0,5.7,0,0,0,0.5,0
8/23/2012,0.5,,0,0.8,0,0,0,7,0,1.2,0,0,0,0,2,0,0,0,0.4,0,0,0.1
8/24/2012,0,,0,0,0,0,2.6,0,0,0,0,0,1.8,0,2.3,0,0,0,0,0,0,11.8
8/25/2012,0,,0,0,0,0,0,0,0,0.8,0,0,20.4,0,0,0,0,0,0,10.2,0,10.2
8/26/2012,0,,0,0,0,0,0,0,0,0,0,0,0,0,0,0,0,0,0,2.6,0,22.6
8/27/2012,79.6,,0,0.1,3.1,0,0,2.8,1.5,0,12.5,0,0,0,0,0,0,0,2.2,0,0,0.3
8/28/2012,0.5,,0,0,0,1.4,0.3,0,0,13.4,0,0,24.9,0,0,0,1.3,0,0,5.1,0,47.4
8/29/2012,0,,0,0,0,0,0,0,0,0,0,0,0,0,0,0,0,0,0,0,0,0
8/30/2012,0,,0,0,0,0,0,0,0,0,0,0,0,0,0,0,0,0,0,0,0,0
8/31/2012,0,,0,0,0,0,0,0,0,0,0,0,7.9,0,0,0,0,0,0,11.7,0,0
9/1/2012,0.6,,0.4,0,0,0,0.5,1.1,0,30.4,0,0,27.7,0,0,0,0,0,38.5,0,0,36.5
9/2/2012,0,,0.5,0,0,4.9,4.5,0.2,0.7,0.8,0,0.6,13.5,0,1.6,0,4.5,0,0.5,43.6,4,0
9/3/2012,0,,0,0,0,4.4,0,0,0.8,0,0,0,0,0.3,1.6,0,0.9,1,0.3,0,0,0
9/4/2012,0,,0,0,0,0,0,0,0,0,0,0,0.6,0,1.3,0,0,0,0,0,0,0.4
9/5/2012,0,,0,0.1,0,2.1,14,0.6,0,2.2,0,1.2,47.3,0,2.7,0,1.1,0,12.1,10.4,0,5.5
9/6/2012,21.6,,0,7,0,0,0,2.2,7,0.6,20.4,5.1,0,0,0,0,0,4.7,0.6,0,0,0
9/7/2012,14.9,,0,0.5,13,0,39.4,10.9,2.4,21.6,24.8,1.1,0.9,0,0.8,2,0,0,0.4,0.6,18.4,1
9/8/2012,8.6,,0,0,0,0,13,4,0,21.7,6.8,0,0,0,0,23.8,0,0,41,19.8,0.8,5.5
9/9/2012,0,,0,0,0,0,0,0,0,1,0,0,0,0,0,0,0,0,0,0,0,0.9
9/10/2012,2.1,,0,0.9,0,0.4,3.3,4.9,0,0.9,1,0.4,0,0,0,0,0,0,0,0,0,0
9/11/2012,21.9,,0,0,0.1,0.5,0,2,0,57.7,20.3,0,33.8,0.3,23.5,0,0,0,19.6,9.5,1.6,0.7
9/12/2012,0,,0,0,0,0.5,1.6,0,0,2,0,0,0,0,2.9,0,0,0,15.1,5.8,0,6.8
9/13/2012,0,,0,0,0,0,0,0,0,0,0,0,0,0,3,0,0,0,0,0,0,0
9/14/2012,0,,0,0,0,0,0,0,0,0,0.6,0,20.4,0,0,0,0,0,0,6.6,0,0
9/15/2012,0,,0,0,0,1.6,1.6,0,0,0,0,0,0,0,0.4,0,0,0,6.9,0,0,10.5
9/16/2012,0,,0,0,2.3,0,10.4,0,0,0,0,0,16.5,0,0,0,0,0,0,0,0,4
9/17/2012,0,,0,0,0,0,0,0,0,0,0,0,8.6,0,0,0,0,0,8.6,23.8,0,1
9/18/2012,0,,0,0,0,0,0,0,0,0.3,2.5,0,0,0,0,0,0,0,0,10.4,0,0
9/19/2012,8.1,,0,4,24.6,1.8,41.6,4.6,1.5,4.2,3.6,5.3,31.9,1.2,0,13.7,0.1,2.4,5.6,10.7,26.7,0
9/20/2012,1.8,,1.5,1.2,41.2,0,36.9,36.8,0.4,10.4,0,10.8,0,8.6,0.2,17.4,0,0,0,34.6,11.8,2.7
9/21/2012,0.7,,0,4.2,0,0.7,0.5,3,0,0.3,0,0.3,1.1,2.4,27.5,2.1,0,0,0.1,0,0.7,6.7
9/22/2012,32.1,,0,40.6,0,0,59.3,0.5,0,63.2,0,11.4,29.4,1.2,51.3,8.1,0.7,0,7,101.7,32.4,7.5
9/23/2012,4.5,,0,0,0,0,0,16,0,0.3,8.1,0,0,0,0,0,0,0,0,0,2.4,0
9/24/2012,0,,0,13.6,0,0,0,2.4,0,0,0,4,0,1.8,0,0,0,0,4.1,1.5,0,35
9/25/2012,0,,0,0,0,13.8,0,0,0.8,11.5,0,0.1,0,0.3,0,0,1.2,0,0,0,0,6.7
9/26/2012,1,,0,30,0,28,12.9,0,3.9,27.6,0,8.6,1,0.7,6.6,18.3,1,1.8,13,23.2,8.5,16.1
9/27/2012,30.2,,10.5,4,63.8,8.1,17.9,140.3,28.1,3.7,8.9,20,0,0.6,65.9,1.5,0.4,11.2,0,0,1.8,0
9/28/2012,0,,12.2,2.1,0,0,0,0.3,0.9,5.5,0,1.2,0,0,0,0.1,0,0,0,0,1.6,0
9/29/2012,4.6,,0.6,1.2,32.2,0,18.1,0,10.7,10.1,1,0,2.4,6.4,0,21,2.1,15.3,23.5,17.7,6.5,14.4
9/30/2012,11.2,,26.6,2.5,0,0,0,6.5,0.6,0.6,0,12.4,0,0,8.4,0,0,0.4,0,0,0,0
10/1/2012,0,,27.4,5,0.2,0.9,3.1,1.8,0,0,0,0.4,2.7,1.3,24.4,6.1,7.3,0,0,7,14.4,1.3
10/2/2012,0,,2.6,0,17.5,0.2,16.5,1.5,0,0,0,7.2,0.4,0,0.8,43.2,0.3,0,0,9.6,20.3,3.8
10/3/2012,0,,0,0,0,3.9,0,0,0,0,0,13.2,0,0,0,5.5,17.7,0,4.9,38.9,0.6,5.9
10/4/2012,31.4,,0.3,0.2,34.4,0.4,0,9.9,0,8.6,8.7,21.2,0,0,0.5,0,0.2,0,0,0,16,0
10/5/2012,0,,1.9,1,0.8,56.4,0,0,0,0,4.6,1.7,0,7.6,11.4,2.3,6.9,0,0,4.4,0,3.6
10/6/2012,0,,11.3,24.7,33.4,5.8,0,7.4,10.2,20.2,37.1,14.8,0,11.1,6.6,48.7,0,2.1,0,11.5,0,20
10/7/2012,0,,0,0,8.4,1.6,6.1,1.2,0,11.1,10.4,0,29,31.1,1.3,0,0.5,0,7.6,33.7,0,32.6
10/8/2012,6.2,,0,0,0,0.5,0,11.8,0,9,10,0.1,0.7,0.1,0,13.8,0,0,0,0.4,1.1,7.6
10/9/2012,0,,0,0,0,0.8,0,0,0,2.1,0,2.9,0,0,0,12.3,0,0,14.8,7.4,22,8
10/10/2012,0,,2.2,5.6,1.4,0.6,3.3,8.4,0,0.5,2.2,9.8,0,0,24.1,3.6,0.7,0,0,0,14.2,0
10/11/2012,0,,0,10.2,0.3,3.2,0,0,0,0,6.9,0,0,0,0.6,0,0.2,0,0,0,0,0
10/12/2012,4.2,,1.1,0.1,1.1,7.2,0,0,0,0,0,0,0,0.9,0,0,0.8,0,0,0,0,0
10/13/2012,0,,0,30.2,0,2.6,0,1.9,0,0,4.1,0,0,0,0,6.4,0,0,0,0,0,0
10/14/2012,0,,0,20.2,0,0,0,0,0,0,3.6,0,0,0,0,0,0,0,0.3,4.5,6.1,15.2
10/15/2012,0,,40.9,25,0.7,0,9.3,4.2,0,0,0.5,0,5.3,0,6.2,0,0,0,63.5,1.3,1.1,0.5
10/16/2012,1,,0,0.1,0,4.4,9,2.9,0,64,0,29.8,0,2.4,0.5,0,0.8,0,0,4.8,2.4,6.9
10/17/2012,0,,12.2,4,0,12.5,0,0,0,19.1,5.9,12.8,2,0,16.6,5.5,0,0,0,0,8.7,0
10/18/2012,0,,4.6,35.2,0,0,0,0,0,0,0,27.9,0,0,0,0.5,0,0,0,0,0,0
10/19/2012,51.1,,9.4,10.8,15.8,98,6.8,12.8,24.7,0,29.2,0.8,0,60.7,34.6,0,48.8,33.5,0,0,0,0
10/20/2012,0,,0,0,0,0,7.6,0,0,0,0,0,0,0,0,7.9,0,0,0,2,0.2,9.7
10/21/2012,1.1,,0,15,0,1.9,0,17.9,0,0,3.3,1.5,0,0,0,1.2,0.4,0.2,10,11.6,0,14.1
10/22/2012,1,,0,0,0,2.2,1.5,7.3,0,0,0,0.5,3.4,2,13.5,19,0.7,0,0,0,1.5,7
10/23/2012,11.8,,46.4,4.9,29.1,10.6,0,7.6,13.8,4.1,13.4,5.8,0,33.6,1.1,18.3,26.7,28.6,1.6,0,0,0
10/24/2012,0,,0.4,0,0.7,14.4,0,0,0,0,0.2,0,0,2.4,0,0,2.8,0,0,0,0,1.4
10/25/2012,0,,2.2,7.5,44.8,4.3,1,15,3.5,1.1,14,14.9,0,2.7,8.9,17.8,6.7,3.2,0,0,14.5,7.4
10/26/2012,0.5,,0,0,6.3,0,1.5,7.3,2.5,38.4,6.5,0,0,7.9,0,2.5,0.8,10.5,31.5,1.6,14.1,12.9
10/27/2012,2.6,,9.4,12.6,6.7,0,0,0,0,3.6,0.5,2.5,0,20.8,0,0,4.1,0.5,8.1,0,19.6,0
10/28/2012,23.8,,0,0,0,0.4,7.5,12.8,0,16.3,0,50.6,4.2,0,26.9,17.1,0.3,0,11.8,6.9,0.8,4.5
10/29/2012,0,,0,0,0,6.6,0,0,0,0,0,0,0,0,0.2,0.3,0,0,1.2,0,0,0
10/30/2012,0,,0,79.8,0,0,0,2.1,0,0,33.1,7.2,0,0,0,0,0.3,4.7,0,0,0,0
10/31/2012,0,,7.2,0,0,0,0,0,0,0,0.9,0,0,0.3,0,0,0,0,0,0,0.5,0
11/1/2012,0,,0,0,0,0,0,0,0,0,0,0,0,0.1,4.8,0.4,1.6,0,0,0,5,0
11/2/2012,0,,0,0,0,21.8,0,0,0,0,0,0,0,0.2,0,0,0,0,0,0,4,0
11/3/2012,0,,0,0,0,0,0,23,0,0,0,0,0,0,0,0,0,0,0,0,9.3,0
11/4/2012,0,,0,2,0,10.8,0,0,0,0,10.5,0,0,3.6,0,0,0,0,0,0,0,0
11/5/2012,0,,4.5,0,0,4.8,0,0,0,0,0,0,0,0,0,0,23.5,0,0,0,0,0
11/6/2012,1.3,,0,0,0,3.2,0,2.6,0,0,0,0,0,0,0,0,4.7,0,0,0,0,0
11/7/2012,0,,1,0.1,17.1,3.5,0,0,0,0,0.3,0.4,0,0,0,0,0,0,0,2.2,0,0
11/8/2012,0.3,,0.1,10,10.1,0,0,6.3,0,0,0,0,0,0,0.2,4.3,16,0,0,0,0,0
11/9/2012,26.2,,1.1,26.9,24.6,6.4,0,1.8,0,7.4,5,5.2,0,6.7,0,1.8,0.4,0,0,0,0,0
11/10/2012,0,,0,4.6,0,12.1,0,0,0,0,8.4,6.7,0,0,8.6,0,0.3,0,0,0,0,0
11/11/2012,0,,4.1,35,0,0,0,0,0,2.7,19.1,0,0,0,30.8,0.1,0,0,0,0,10,0
11/12/2012,0,,0,0,0,0,0,0,3.4,0,0,0.2,0,2.6,0,0.5,47.3,0,0,0,0,0
11/13/2012,0,,5.4,0,0,0.3,0,0,0,0,0.4,0,0,0,0,0,0,0,0,0,0,0
11/14/2012,0,,0,4.2,6,0.1,1.8,17.1,0,0,5.7,4.2,0,0,15.6,0,0,0,7.8,0,0,0
11/15/2012,0,,0,0,0,0,0,0,0,0,0,0,0,0,0,0,0,0,0,0,0.1,0
11/16/2012,0,,2.9,9.6,0.7,0,0,0,0,0,0,0,0,0,0,0,0,0,0,0,0,0
11/17/2012,0,,0,0.6,0,1.6,0,0,0,0,0,0,0,0,2,0,0,0,0,0,0,0
11/18/2012,0,,0,0,0,0,0,0,0,0,0,0,0,0.3,0.7,0,0,0,0,0,0,0
11/19/2012,37.6,,0.4,1.4,8.6,50.4,0,9.1,0,0,13.3,11.5,0,0,29.8,0,0,0,0,0,0,0
11/20/2012,0.4,,0,9.2,0,0,0,5.8,0,0,0.9,0,0,0,1.3,0,4,0,0,0,0,0
11/21/2012,0,,0,21.6,3.6,6.4,0,0.6,0,0,0.4,0,0,0,0,0,13.8,0,0,0,0,0
11/22/2012,29.7,,0,12.4,0,0,1,1.6,0,0,2.3,0,0,0,0,0,0,0,0,0,15.6,0
11/23/2012,0.6,,0,26,0,2.7,0,0,0,0,0,0,0,0,0,0,0,0,0,0,0.8,0
11/24/2012,0,,0,0,0,0,0,2,0,0,1.5,9,0,0,7.8,27.8,0,0,0,0,13.3,0
11/25/2012,0,,0,20,0,0,0,0.9,0,0,0,29.7,0,0,3.1,0,1.4,0,0,0,0,0
11/26/2012,1.7,,20.8,24.3,0.3,0,0,0,0,0,19.1,2.8,0,0,4.2,0,0,0,0,0,0,0
11/27/2012,0,,0,0,0,0,0,0,0,0,0,0,0,0,0,0,9.9,0,0,0,0,0
11/28/2012,0,,0,0,2.9,0,0,0,0,0,0.3,0,0,0,0,0,0,0,0,0,0,0
11/29/2012,0,,0,0,0,0,0,0,0,0,0,0.9,0,0,0,0,0,0,0,0,0,0
11/30/2012,0,,0.5,0,0,3.1,6.9,0,0,0,0,0,0,0,0,0,0,0,0,0,0,0
12/1/2012,0,,0.6,0,0,0.3,0,0,0,0,0,0,0,0,0,0,0,0,0,0,0,0
12/2/2012,0,,0,28.5,2.9,5.5,0.5,0,5.2,0,13.6,37.2,0,0,9.1,6.2,0.4,0,0,0,0,0
12/3/2012,0,,0,0,0,14.2,0,0,0,0,0,0,0,0,0,0,33.3,0,0,0,0,0
12/4/2012,0,,0,0,0,2.8,0,0,0,0,0,0,0,0,0,0,0,0,0,0,0,0
12/5/2012,0,,0.2,0,0.5,23.7,0,0,0,0,0,0,0,0,0,0,0,0,0,0,0,0
12/6/2012,0,,0,4,5.3,31.4,0,16.1,23,0,13.6,0,0,11.9,0,0,1.6,0.9,0,0,0,0
12/7/2012,0,,0.2,0,0,0.1,0,0,0,0,0,0,0,0.2,0,0,0,0,0,0,0,0
12/8/2012,12.2,,0,2.6,9.8,0,0,0,0,4.4,12.5,0,0,0,0,0,0.2,0,0,0,0,0
12/9/2012,0,,0,0,0,0,0,0,0,0,0,0,0,0,0,0,0,0,0,0,0,0
12/10/2012,0,,0,0.8,2.3,4.7,0,5.6,0,0,0.4,20.4,0,0,4.2,0,0,0,0,0,0,0
12/11/2012,3.1,,6,2,0,6.1,0,7.3,0,0,0,3,0,0,0.7,0,0,0,0,0,0,0
12/12/2012,0,,0,18.3,16.9,4.5,0,44.3,0,0,0,0,0,0,0,3.2,0,0,23.9,0,0.6,0
12/13/2012,0,,2.6,0,0,0,0,0,0,0,0,0,0,0,0,0,0,0,0,0,0,0
12/14/2012,0,,1.8,0,0,0,0,0,0,0,0,0,0,0,0,0,0,0,0,0,0.3,0
12/15/2012,0,,0,0,0,0.1,0,0,0,0,0,0,0,0,0,0,0,0,0,0,0,0
12/16/2012,0,,5.9,0,0,0,0,0,0,0,1.6,0,0,0,0,0,0,0,0,0,0,0
12/17/2012,0,,0,0,0,0,0,0,0,0,0,0,0,0,0,0,0,0,0,0,0,0
12/18/2012,0,,0,0,0,0,0,0,0,0,0,0,0,0,0,0,0,0,0,0,0,0
12/19/2012,0,,0,0,19.4,0,0,0,0,0,0,0,0,0,0,0,0,0,0,0,0,0
12/20/2012,0,,0,0,0,0.2,0,0,0,0,0,0,0,0,0,0,0,0,0,0,0,0
12/21/2012,0,,0,0,0,0,0,0,0,0,0,0,0,0,0,0,0,0,0,0,0,0
12/22/2012,0,,0,0,0,0,0,0,0,0,0,0,0,0,0,0,0,0,0,0,0,0
12/23/2012,0,,0,0,0,0,0,0,0,0,0,0,0,0,0,0,0,0,0,0,0,0
12/24/2012,0,,0,0,0,0.4,0,0,0,0,0,0,0,0,0,0,0,0,0,0,0,0
12/25/2012,0,,0,0,0,0,0,0,0,0,0,0,0,0,0,0,0,0,0,0,0,0
12/26/2012,0,,0,0,0,0,0,0,13.7,0,0,0,0,4.2,0,0,19.7,15.6,0,0,0,0
12/27/2012,0,,0,0,0,0,0,0,0,0,0,0,0,0,0,0,0,0,0,0,0,0
12/28/2012,0,,0,0,0,0,0,0,0,0,0,0,0,0,0,0,0,0,0,0,0,0
12/29/2012,0,,0,0,0,0,0,0,0,0,0,0,0,0,0,0,0,0,0,0,0,0
12/30/2012,0,,0,0,0,0,0,0,0,0,15.3,0,0,0,0,0,0,0,0,0,0,0
12/31/2012,0,,0,0,0,0,0,0,0,0,0,0,0,0,0,0,0,0,0,0,0,0
1/1/2013,0,,0,0,0,0,0,0,0,0,0,0,0,0,0,0,0,0,0,0,0,0
1/2/2013,0,,0,0,0,0,0,0,0,0,0,0,0,0,0,0,0,0,0,0,0,0
1/3/2013,0,,0,0,0,0,0,0,0,0,0,0,0,0,0,0,0,0,0,0,0,0
1/4/2013,0,,0,0,0,0,0,0,0,0,0,0,0,0,0,0,0,0,0,0,0,0
1/5/2013,0,,0,0,0,0,0,0,0,0,0,0,0,0,0,0,0,0,0,0,0,0
1/6/2013,0,,0,0,0,0,0,0,0,0,0,0,0,0,0,0,0,0,0,0,0,0
1/7/2013,0,,0,0,0,0,0,0,0,0,0,0,0,0,0,0,0,0,0,0,0,0
1/8/2013,0,,0,0,0,0,0,0,0,0,0,0,0,0,0,0,0,0,0,0,0,0
1/9/2013,0,,0,0,0,0,0,0,0,0,0,0,0,0,0,0,0,0,0,0,0,0
1/10/2013,0,,0,0,0,0,0,0,0,0,0,0,0,0,0,0,0,0,0,0,0,0
1/11/2013,0,,0,0,0,0,0,0,0,0,0,0,0,0,0,0,0,0,0,0,0,0
1/12/2013,0,,0,0,0,0,0,0,0,0,0,0,0,0,0,0,0,0,0,0,0,0
1/13/2013,0,,0,0,0,0,0,0,0,0,0,0,0,0,0,0,0,0,0,0,0,0
1/14/2013,0,,0,0,0,0,0,0,0,0,0,0,0,0,0,0,0,0,0,0,0,0
1/15/2013,0,,0,0,0,0,0,0,0,0,0,0,0,0,0,0,0,0,0,0,0,0
1/16/2013,0,,0,0,0,0,0,0,0,0,0,0,0,0,0,0,0,0,0,0,0,0
1/17/2013,0,,0,0,0,0,0,0,0,0,0,0,0,0,0,0,0,0,0,0,0,0
1/18/2013,0,,0,0,0,0,0,0,0,0,0,0,0,0,0,0,0,0,0,0,0,0
1/19/2013,0,,0,0,0,0.4,0,0,0,0,0,0,0,0,0,0,0,0,0,0,0,0
1/20/2013,0,,0,0,0,0,0,0,0,0,0,0,0,0,0,0,0,0,0,0,0,0
1/21/2013,0,,0,0,0,0,0,0,0,0,0,0,0,0,0,0,0,0,0,0,0,0
1/22/2013,0,,10.4,2.9,0,2.1,0,13.6,5.5,20.5,13.6,0,0,0.7,0,0,54.4,41,0,0,0,0
1/23/2013,7.6,,0,0,6.4,0,0,0,0,0,0,0,0,0,0,0,0,0,0,0,0,0
1/24/2013,0,,0,0,0,2.7,0,0,0,0,0,0,0,0,0,0,0,0,0,0,0,0
1/25/2013,2,,0,0,0,0,0,0,0,0,0,0,0,0,0,0,0,0,0,0,0,0
1/26/2013,0,,2.1,0,0,0,0,0,28.5,0,0,0,0,30.9,0,0,0,0.5,0,0,0,0
1/27/2013,0,,0,0,0.7,0,0,0,0,0,0,0,0,0,0,0,0,0,0,0,0,0
1/28/2013,0,,0,0,0,0,0,0,0,0,0,0,0,0,0,0,0,0,0,0,0,0
1/29/2013,0,,0,0,0,0,0,0,0,0,0,0,0,0,0,0,0,0,0,0,0,0
1/30/2013,0,,0,0,0,0,0,0,0,0,0,0,0,0,0,0,0,0,0,0,0,0
1/31/2013,0,,0,0,0,0,0,0,0,0,0,0,0,0,0,0,0,0,0,0,0,0
2/1/2013,0,,0,0,0,0,0,0,0,0,0,0,0,0,0,0,0,0,0,0,0,0
2/2/2013,0,,0,0,0,0,0,0,0,0,0,0,0,0,0,0,0,0,0,0,0,0
2/3/2013,0,,0,0,0,0,0,0,0,0,0,0,0,0,0,0,0,0,0,0,0,0
2/4/2013,0,,0,0,0,0,0,0,0,0,0,0,0,0,0,0,0,0,0,0,0,0
2/5/2013,0,,0,0,0,0,0,0,0,0,0,0,0,0,0,0,0,0,0,0,0,0
2/6/2013,0,,0,0,0,0,0,0,0,0,0,0,0,0,0,0,0,0,0,0,0,0
2/7/2013,0,,0,0,3.4,0.2,0,0,0,0,0,0,0,4.8,0,0,5,0,0,0,0,0
2/8/2013,0,,0,0,0,0,0,0,0,0,0,0,0,0,0,0,0,0,0,0,0,0
2/9/2013,0,,0,0,0,0,0,0,0,0,0,0,0,0,0,0,0,0,0,0,0,0
2/10/2013,0,,0,0,0,0,0,0,0,0,0,0,0,0,0,0,0,0,0,0,0,0
2/11/2013,0,,0,0,0,0,0,0,0,0,0,0,0,0,0,0,0,0,0,0,0,0
2/12/2013,0,,0,0,0,0,0,0,0,0,0,0,0,0,0,0,0,0,0,0,0,0
2/13/2013,0,,0,0,4.4,8.2,0,0,0,0,0,0,0,9.3,0,0,0,0,0,0,0,0
2/14/2013,0,,0,0,0,0,0,0,0,0,0,0,0,0,0,0,0,0,0,0,0,0
2/15/2013,0,,0,0,0,0,0,0,0,0,1.1,0,0,0,0,0,0.6,0,0,0,0,0
2/16/2013,0,,0,0,0,0,0,0,0,0,0,0,0,0.2,0,0,0.7,0,0,0,0,0
2/17/2013,0,,0,0,0,0,0,0,0,0,0,0,0,0,0,0,0,0,0,0,0,0
2/18/2013,0,,0,0,0,0,0,0,0,0,0,0,0,0,0,0,0,0,0,0,0,0
2/19/2013,0,,0,0,0,0,0,0,0,0,0,0,0,0,0,0,0,0,0,0,0,0
2/20/2013,0,,0,0,0,0,7,0,0,0,0,0,0,0,0,0,0,0,0.4,64.1,0,20.2
2/21/2013,29,,0,14.5,0,0,3.4,15.2,0,9.2,0,26.4,0,0,26.9,0,0,0,0,0,0.2,0
2/22/2013,0,,0.1,0,0,0,0,0,0,0,0,0,0,0,0,0,0,0,0,0,0,0
2/23/2013,0,,0,0,0,0,0,0,0,0,0,0,0,0,0,0,0,0,0,0,0,0
2/24/2013,0,,0,0,0,0,0,23.3,0,0,0,0,0,0,0.2,0,0,0,0,0,0,0
2/25/2013,18.2,,0,14.7,0,4.8,0,0,0,0,0,20.6,0,0,8.9,0,0,0,0,0,0.6,0
2/26/2013,6.6,,0,0,0,0,0,0,0,0,0,6.9,0,0,0,72.6,0,0,0.8,0,33.2,0
2/27/2013,0,,0,0,0,0,0,0,0,27.3,0,0,0,0,5,9.9,0,0,0,0,0,0
2/28/2013,0,,0,0,0,0,28.3,0,0,0,0,0.8,0,0,0,48.1,0,0,0,0,1.2,28.5
3/1/2013,0,,0,0.6,0,0,0,0,0,0,0.8,0,0,0,0,2,0,0,0,0,0,1.1
3/2/2013,0,,8.5,8.6,17.5,0,0,0,0,0,1.7,19.2,0,0,0,0,0,0,0,0,0,0
3/3/2013,0,,0,0,0,0,0,0,0,52.4,0,17.8,0,0,5.5,7.7,0,0,0,0,42.6,0
3/4/2013,119.1,,41.5,14,15.1,0,0,51.6,5.7,2.4,14.1,17,0,34.2,42,0,0.9,3.6,0,0,0,0
3/5/2013,0,,0,0,0,0.8,0,0,0,0,0,0,0,0,0,0,0,0,0,0.8,0,0
3/6/2013,0,,0,0,0,0,0,0,0,0,0,0,0,0,0,0,0,0,0,0,0,0
3/7/2013,0,,0,0,0,0,0,0,0,0,0,0,0,0,0,0,0,0,0,0,0,0
3/8/2013,10.2,,0,1.2,0,0,0,0,0,0,0,0,0,0,0.5,0,0,0,0,0,0,0
3/9/2013,8.6,,4.3,6,10.5,0,0,42.4,0,0,27.2,0,0,7.9,7.6,15.8,0,0,9.1,0.4,3.2,1.5
3/10/2013,0,,0,0,0,0,0,0,0,0,0,0,0,0,0,0,0,0,0,0,0,0
3/11/2013,0,,0,0,0,0,0,0,0,0,0,0,0,0,0,0,0,0,0,1.2,0,0
3/12/2013,0,,0,0,2.3,20.2,0,0,0,0,0,0.5,0,0,0,0,0,0,0,0,0,0
3/13/2013,0,,0,0,0,0,63.4,0,0,0,0,0,0,0,3.5,0,0,0,7.8,3.4,2.7,2.5
3/14/2013,0.3,,0,4.4,0,0.4,17.5,0,0,0,0,0,0,0,0,1.6,0,0,9.8,0,18.8,0
3/15/2013,23.8,,0,12.3,0,40.5,0,15.7,0,0,5.8,27,0,0.6,3.3,19,0,0,0,0,8.2,0
3/16/2013,0,,0,0,0,0,0,0,0,0,0.5,0,0,0,0,0,0,0,0,0,0,0
3/17/2013,0,,0,0,0,0,0,0,0,0,0,0,0,0,0,0,0,0,0,0,0,0
3/18/2013,0.1,,0,0,0,0,9.3,0,0,0,0,0,7.1,0,0,3.2,0,0,36.8,29.1,3.4,1.3
3/19/2013,0,,0.5,0,2.3,0,0,0,0,0,0,0,0,0,0,0,0,0,0,0,0,0
3/20/2013,0,,0,5.3,0,9.1,0,0.9,0,0,23.6,0,0,0,0.6,0,0,1.6,0,0,0,0
3/21/2013,41.1,,0,9.9,0,12.1,0,0,0,0,0.4,10.2,0,0,23.8,10.1,0.1,0,0,0,0,0
3/22/2013,0,,0,0,0,0,0,0,0,0,25.5,0,0,0,0,0,0,0,0,0,0,0
3/23/2013,0,,0,0,0,0,0,0,0,2.4,0,0,0,0,0,0,0,0,12.2,0,0,0
3/24/2013,0,,0,0,0,0,0,0,0,0,0,0,0,0,0,0,0,0,0,0,0,2.9
3/25/2013,0,,0,0,0,0.3,1.7,0,0,9.1,0,0,0,0,0,14.9,0,0,0,0,2.1,1.5
3/26/2013,0,,0,0,0,0,0,53,0,0,1.1,0,0,0,4.7,39.6,0,0,0,0,15.9,0
3/27/2013,2.7,,0,0,0,0,46.3,0,0,52.6,0,0,5,0,0,0,0,0,50.4,33.7,5.2,42.2
3/28/2013,10.1,,0,0.9,0,4.6,0.5,0,0,1.9,0,13.8,0,0,0.9,2.1,0,0,0,4,7.8,0
3/29/2013,0,,0,28.7,0,0,0,0,0,0,0,0,0,0,0,0,0,0,0,0,0,0
3/30/2013,0,,0,4.6,0,0,0,13.6,0,0,10.5,0,0,0,2,0,0,0,0,0,0,0
3/31/2013,0,,1.3,52.2,6.8,0,0,9.6,11.2,0,7.7,2.4,0,47,0,0,17.6,12.7,0,0,0,0
4/1/2013,0,,12.9,0,13.2,0,0.6,3,5.4,41.5,4.5,0,0,0,0,6.7,0,5.3,0,0,0,0
4/2/2013,0,,0,1.6,0,13.1,0,0,0,0,0.9,0,0,10.6,0,2.8,0,0,0,0,0,0
4/3/2013,0,,0,0,0,0,0,0,0,0,0,0,2.2,0,0,0,0,0,0,59.2,0,1.2
4/4/2013,0,,0,0,0,0,0,0,0,0,0,0,0,0,0,0,0,0,0,0,0,0
4/5/2013,0,,0,0,0,0,49.7,0,0,0,0,0,0.4,0,0,1,0,0,0.6,20.2,7.7,18.5
4/6/2013,3.4,,0,4.5,11.4,0,0,0,0,0,0,0,0,0,0,0,0.6,0,0,0.4,0,0
4/7/2013,0,,0,0,1.3,0,0,0,0,0,5.4,0,0,1.4,0,0,0,1,0,0,0,0
4/8/2013,0,,0,0,0,0,0,2.8,0,0,0,8.2,0,0,12,0,0,0,0,0,0,0
4/9/2013,0.8,,0,0,0,0,19.5,2.1,0,1.2,0.2,5.2,0.6,0.4,15.6,4.4,0,0,0,0,20,0
4/10/2013,0,,0,0,0,0,0,0,0,0,0,0,2.5,0,0,0,0,0,0,0,0,0
4/11/2013,0,,0,0,0,0,0,0,0,0,0,0,0,0,0,0,0,0,0,0,0,0
4/12/2013,0,,0,0,0,0,34,0,0,8.2,0,0,0,0,0,65.4,0,0,0,10.8,59.6,0
4/13/2013,0.4,,0,0,0,0,0,0,0,10.2,0.3,27.6,0,0,0,5.5,0,0,0,0,0,0
4/14/2013,6.4,,0,0.1,0,0,0,0,0,0.5,0,0,0,0,0,0,0,0.5,1,0,5.4,0
4/15/2013,0,,0,0,0,0,0,0,0,7.4,0,65.8,0.8,0,0,0,0,0,0,9.4,0,0
4/16/2013,0,,0,0,0,9.7,0,0,0,0,2.3,0.2,0,0,0,0,0,0,13.6,0,0,44
4/17/2013,0,,0,0.1,0,0.1,0,28,0,0,9.7,30.4,0,0,0,0,0,0,0,0,0,0
4/18/2013,35.1,,0,9.6,0,3.2,0,33.7,0,0,1.8,0,0,2.6,45.8,44.6,4.9,4.8,0,0,0,0
4/19/2013,0,,0,0,2.6,7.7,0,7.7,0,0,0,0,0,0,0,0,0,0,3.5,0,0,1.8
4/20/2013,0,,4,1.1,1.7,0,0,0,0,15.4,0.3,0.3,0,0,1.4,0,0,0,0,0,27.5,2.9
4/21/2013,20.8,,0,0,6.3,0,0,1.4,0,0,0,0,0,0,0,0,0,0,0,0,0,0
4/22/2013,27.8,,3.1,9.1,7.3,3.6,1,2.1,0,23.9,6.1,4.6,74.6,2,101.7,15.7,3.1,0,4.8,0,4.5,60
4/23/2013,0,,0,0.8,0,3.1,0,0,0,0,0,0,0,0,0,0,2.2,0,0,0,0,0
4/24/2013,0,,0,0,0,0,0,0,0,0,1.9,0,0,0,0,0,0,0,0,12.6,0,0
4/25/2013,0,,45.1,0,23.3,0,1,19.1,0,104.8,2.7,1.5,0,0,0,0,0,29.7,0,0,3.8,2.9
4/26/2013,21.7,,1.1,2.8,2.2,17,0,0.6,13.2,0,8.1,24,0.1,20,29.4,0,4.9,4,0,0,27.4,0
4/27/2013,0,,0,0.5,0,0,0,0,0,0,0,0,0,0,0,0.1,0,0,0,0,0,0
4/28/2013,0,,4,0,0,0,0,0,0,0,0,0,0,0,0,0,0,0,3.6,0,0,0
4/29/2013,0,,0,0,0,0,0,0.3,0,0,0.6,0,0,0,9.8,0,0,0,0,0,5.2,0
4/30/2013,5.1,,37.7,16.2,0,18.2,0,25.9,28.1,12.5,12,0,78.2,15.3,0,0,9,15.7,31.4,0,0,46.1
5/1/2013,0.4,,6.6,2,0.4,2.7,23.7,0,5,0,1.6,3.6,1.3,6.2,1.5,4.5,0.2,2.9,2.5,0.8,72,0.9
5/2/2013,0,,0,0,0,0,0,0,0,0,0,0,0,0,0,0,0,0,0,0,0,0
5/3/2013,0,,0,0,0,0,0.1,0,0,2,0,11.9,0,0,0.6,37.3,0,0,0,0,0,0
5/4/2013,0,,0,17.9,0,0.4,1.6,0,0,0,0,12.9,0,0,1.5,10,0,0,0,2.2,1.2,8.1
5/5/2013,0,,0,0,0,0,0,0,0,0,0,0,0,0,0,0,0,0,0,0.8,0,0
5/6/2013,0,,0.7,8.4,8.6,0,0,2.4,0,0,34.9,0,0,0,3.8,0,0,0,0,0,4,0
5/7/2013,0,,0,0,0,9.5,0,0,0,0,0,0,0,2.7,0,0,4.6,0,0,0,0,0
5/8/2013,11,,0,0,3.8,0,0,0,3,0.8,1.7,0.4,0,0,0,21.1,0,17.2,0,9,0,0
5/9/2013,0,,0,1.9,0,0,0,0,0,0,0,0.7,0,1.2,0,0,0,0,0,0,0,0
5/10/2013,15.9,,0,17.5,16.5,0,38.5,34.4,5.2,0,19.2,16.5,105.5,25.6,19.9,52.2,0,0.6,22.1,15.4,10,3.8
5/11/2013,0,,34.8,0,2.2,39.2,0,0,19.9,0,0.6,0,0,15.8,0,0,0.7,7.1,0,0,0,0
5/12/2013,0,,1.8,6,0,10.5,0,0,0,0,0,0,0,0,0,0,12,0,0,0,0,0
5/13/2013,0,,0,0,0,0,0,0,0,0,0,0,5.8,0,0,0,0,0,16.6,13.6,0,2.3
5/14/2013,0.2,,1.8,0,0,0,0,0,0.8,0,0,13.2,0,0.8,0.7,0,0,0,0,0,0,0
5/15/2013,5.9,,31.2,22,1.1,33.2,9.2,0,0,0,0.9,0.2,0,13.3,14.6,0,6.2,1.2,0,14,0,5.8
5/16/2013,0,,0,0,0,0.3,1.2,0,0,0,0,0,0,0,0,0,0,0,0,0,0,1.1
5/17/2013,22.1,,0,12.6,0,23.7,0,20.9,0,20.5,8,43.7,0,0,1.7,29,9,0,0,0,7.2,0
5/18/2013,89.3,,10.3,1.6,1.5,17.4,0,14.8,3,5.8,2.5,20.7,0,22.3,18.2,36.9,66,6.9,0,0,10.5,1
5/19/2013,0,,0,0,0,1.4,0,0,0,0,0,0,0,0,0,0,0.5,0,0,0,0,0
5/20/2013,0,,0,0,0,0,0,0,0,0,0,0.5,0,0,0,0,0,0,0,0,0,0
5/21/2013,0,,0,0,0,0,0,0,0,0,0,0,0,0.6,3,0,0,0,0,0,0,13.5
5/22/2013,21.2,,32.6,10.8,40.2,6.5,41.1,32.3,0.5,8.3,4.8,0.6,0,0,16.8,9.4,0,0,0,0,29.4,0
5/23/2013,0,,0,0,0,4.4,0,0,0,0,0,0,0,1.7,0,0,3.8,0,0,0,0,0
5/24/2013,0,,0,0,0,0.1,3.8,0,0,0,0,0,2.6,0,0,0,0.4,0,3.7,0,2.3,15.2
5/25/2013,18.9,,22.1,0,0,0,0,0,15.7,15.5,0,0,0,0,18.6,19.1,2.5,16.5,0,0,22,0
5/26/2013,0,,2.5,0,0,14.4,0,0,10.6,0,0,1,0,28.2,0.1,34.4,2.2,26.9,0,4.1,25.6,0
5/27/2013,0,,0,0.3,0,0.5,0,5.4,0,0,0.8,33.8,15,0,2.2,0,3.8,0,18.4,30.4,2.5,2.5
5/28/2013,24.1,,0.5,32,0.5,0,0,30.8,0,19,17.8,45,0,0,41.1,40,0,0,0,0,2.8,0
5/29/2013,0,,15.2,21.9,0,5.3,0.3,0,0.3,0,2,0,0,43.2,0,0,0.7,27.7,0,0,0,0
5/30/2013,12.6,,83,0.6,21.4,76.7,0,11.5,4.6,5.3,0.5,1.6,0,0.3,0.5,5.3,4.5,0.2,0,5.2,2.9,0
5/31/2013,0,,0,0,0,66.4,0,0.4,0,0,0,1.1,0,10.6,2,7.4,30.4,0,0,0,0,0
6/1/2013,16,,4.6,18.3,130.8,17.6,93.5,56.4,23.7,3.8,18.9,19.8,12.3,11,9.6,5.1,16.5,6.1,14.3,20.3,20.4,16.5
6/2/2013,0,,3.9,0,0.3,47.3,0,0,6.9,0,4.3,3.3,0,0,0.1,0,10.3,12.2,0,0,0,0
6/3/2013,0.6,,0,0.6,6.1,46.7,0,0,12.1,0,0.5,0.6,0,12.3,64.1,0,113.2,48.4,0,0,0,0
6/4/2013,0,,0,0,0,29.2,0.3,0,0,0.5,0,0,0,0,0.2,17.2,0,0,0,0,30.1,36.5
6/5/2013,1.2,,34,14.7,1.1,54.9,0,12.7,26,30.9,28.4,17,0,25.1,4,0.2,59.3,35.2,1,0,3.2,7.3
6/6/2013,0,,0,0,0,6.8,0,0,0,0,0,0,0,0,0,0,2,0.1,0,0,0,0
6/7/2013,0.1,,0.4,6.3,0,27.1,0,0,0,0,0.2,0,0,0.4,5.2,0,1.2,0,0,0,0,5
6/8/2013,17.5,,0,7.9,0,0,3.7,16.2,4.7,0.6,0.4,16.1,0,1.6,29.4,44.4,0,0.5,0,0,16.6,3
6/9/2013,1.1,,18.1,40.6,0.5,30.9,0,0,20.7,0,22.4,0,2.3,25.6,11.9,0,8.9,23.9,0.9,0,0,7.5
6/10/2013,0,,0,35.8,0.9,3.3,0,0,0,0,5.4,0,0,1.8,0.6,0,2.1,0,0.5,0.4,0,0
6/11/2013,0,,11.2,7.4,2.1,30.7,0,17.6,0,0,18.2,6.9,0,0,2.8,0,0,0.3,0,0,7.5,0
6/12/2013,0,,0,0,0,2.3,0,0,9.7,16.1,0,0,0,8.2,0,0,69.9,9.4,0,0,0,0
6/13/2013,0,,0,0,0,53.4,0,1,0,0,0,0,0,0.6,0,0,9.4,0,0,0,0,0
6/14/2013,0,,1.9,0,0,0,3,11.8,1.6,47.7,0,0,0,0.3,0,0,0,0.3,4.9,0,0,7.9
6/15/2013,0.3,,0,0.8,7.3,2.7,0,0,0,0,33.2,5.9,0,0.1,1.3,1.3,0,0,0,0,2.4,0
6/16/2013,25,,0,0,0,1.3,0,0,0,0,0,2.5,0,0,0,0,0.2,0.6,0,0,0,0
6/17/2013,0,,0,0,0,0,0,0,11.3,12.1,0,0,0,55.8,0.1,0,0,1,0,11,0,0
6/18/2013,10.4,,0,0,0,0,2.2,8.2,0.3,0,0,24.6,0,5.8,5.2,0,0,0.2,11.1,2.6,3,30.9
6/19/2013,0.5,,0,0.6,0.4,0.6,0,1.4,0,6.9,0,0.5,21,0,4.1,0,0,0,0,0,0,13.3
6/20/2013,1.5,,0,0,0,0,5.5,20.6,3,0,0.1,0,1.6,0,0,0,7.5,0,0,0,0,0.3
6/21/2013,0,,0,0,11.6,0,0,0,0.3,0,0,0.4,0,0,0,0,0,0.4,0,0,0,0
6/22/2013,0,,0,0,0,0,0,0,0,0,0,0,0,0,0,0,0,0,0,0,0,0
6/23/2013,0,,0,0,0,0,0,0,0,8.7,0,0,0,0,0,0,0,0,18.3,0,0,15.2
6/24/2013,0,,0,0,0,0,0,0,0,0.2,0,0,0,0,0,0,0,0,1.3,0,0,0
6/25/2013,0,,0,0,0,0,0,0,0,0,0,0,0,0,0,0,0,0,0,0,0,0
6/26/2013,0,,0,0,0,0,0,0,0,0,0,0,0,0,0,0,0,0,0,0,0,0
6/27/2013,0,,0,0,0,0,0,0,0,0,0,0,0,0,0.5,0,0,0,0,2,0,0
6/28/2013,2,,0,0,0,32.7,3.3,0,0,10.3,2.9,0,0,0,32.3,0,1.7,0,0,0,0,0
6/29/2013,6.7,,0,82,0,32.2,31.4,0,0,0.3,12.9,17.3,1.5,16.4,0,0,1.1,0,8,12.8,1.4,7
6/30/2013,0,,0.4,0,0,0,0,0,0,0.4,0,0,0,0,0.3,10.2,0,0,9,1,0.7,46.4
7/1/2013,0,,0,0,0,0,0,0,0.4,0,0,0,1.5,0.3,0,0,0,0,0,0,0,0
7/2/2013,0,,0,0,0,0,0,6.8,0,20.1,0,0,0,0,0,0,0,0,0,4,4.8,0
7/3/2013,0,,0,0,0,0,0,0,0,0,0,0,0,0.1,0.3,0,0,0,0,0,0.3,0
7/4/2013,18.2,,30.3,0.1,55.1,17,0,5.9,2.1,0,2.7,36.8,0,3.1,0.4,0,0.1,0.9,0,0,0,3.5
7/5/2013,3,,0,23.4,37.2,1.6,0.2,7.2,1.3,1.7,4.7,0,0,0.9,2.8,43.6,4.2,3,56.6,13.2,34.6,47.5
7/6/2013,1.4,,0,3,0,0.5,0.2,0,0,0,0,0,0,0,9.2,0,3.8,0,0,0,0,0
7/7/2013,0,,0,0,0,3.7,0,0,0.4,1.8,10.3,0,0,0,4.3,0,1.9,0,0,0,0,0
7/8/2013,0,,0,0,0,2,0,0,0,8.8,1.3,2.9,5.3,2.3,0.6,11.4,0,0,3.3,0,0.1,19.1
7/9/2013,0,,0,0,0,0,1.8,0,0,0.2,1.8,0,0,0.6,0,0,0,0,0,0,0,0.5
7/10/2013,0,,0,0,0.4,0,0,0,0,0,0,0,15,0,0,0,0,0,0.1,13.5,0,0
7/11/2013,0,,0,5.4,2.3,0,24.9,3.8,0,49.2,0.4,9.5,0,1.7,2.9,44,0.3,0,26.7,5.6,0,11.7
7/12/2013,32.1,,0,9.4,44.7,22.9,0,2.7,0,0.5,65.5,23.3,0,0,10,8.3,7.5,0,0,0,19.8,0
7/13/2013,0,,0,0.6,0,16.3,0,0,0,0,5,12.5,0,0,0,1,10,0,0,2.6,12,0
7/14/2013,10.6,,0,0.3,7.6,0.6,0.2,0,0,5,0.3,0,24.6,0.6,0.2,2.4,4.1,0,23.7,2.1,8.5,13.5
7/15/2013,0.1,,0.7,3.4,9.6,0,0,0,1.3,34.1,13.7,7.7,0,20.7,0.1,6.6,0,0,0.3,0,2.1,18.8
7/16/2013,0,,0,0,0,0,0,0,0,12.1,0,0.3,0,0,46.2,1,0,0.1,0,0,22.3,0
7/17/2013,0,,0,0.4,0,2.8,0,0,0,86,0,0,0,0,0,0,0,0,0,0,0.4,0
7/18/2013,0,,0,0,0,0,0,2.6,0,0,6.2,0,0.5,0,0.8,0,0,0,0,0,0,0
7/19/2013,0,,0,0,4.3,2.3,4.7,0,0,5.8,0,0,29,1.7,1.7,0,1.5,0,1.4,31.8,0.6,8.6
7/20/2013,0,,0,0.4,0,1,28.1,0,0,27.6,0.5,0.4,0,0.1,0.4,0.2,0,0,15.2,0,0.9,21.5
7/21/2013,11.3,,0,0,0,0,0.4,0,0,18.1,2.3,7.4,0,0,3.3,3.6,0.2,0,2.4,2,0,5.6
7/22/2013,0,,0,0,0,0,0.3,0,0,0,1.7,6,0,1.6,23.1,0.3,0.4,0,0,0.4,0,0
7/23/2013,0.8,,23.3,0.3,4.8,1.7,0,14.7,0,17.8,19,0,32.7,0,0,0,0.2,0,24.7,30.1,0,18.3
7/24/2013,12.8,,1.7,29.1,17.8,15.3,29.1,1.1,12.1,24.7,22.1,25,16.3,1.2,22.4,9.5,2.4,25.8,1.9,15.3,4.6,0
7/25/2013,0.7,,0,0.7,0,2.9,0,0,0,0,0.7,4.6,0,0,0.7,0.2,0.9,0,0,0,0,0
7/26/2013,0,,0,5.5,0,20.8,0,0,0,0,15.9,0.2,0,1.4,0,0,5.3,0,0,0,0.5,0
7/27/2013,0,,0.2,0,0,2.6,0,0,12,0.7,0.8,0,0,0.9,0.5,0,6.4,2.2,0,0,0,0
7/28/2013,0,,0,1.3,0,19.7,0,0,0.1,0,1.7,0.5,8.5,3.6,2.2,0.4,0.9,0.4,0.2,0,0,0
7/29/2013,0,,0,0.1,0,0.6,0,0,0,1.5,0,0.9,0,0,8,2.4,0,0,0,0,0,0
7/30/2013,0.5,,0,0,0,0,0,0,0,0,0,0,0,0,0,0,0,0,0,0,0,0
7/31/2013,0,,0,0,0,0,0,0,0,0,0,0,0,0,0,0,0,0,0,0,0,0
8/1/2013,0,,0,0,0,0,0,0,0,0,0,0.3,5.9,0,2.9,0,0,0,0,0,0,0
8/2/2013,0,,0,0.8,0,0,0,0,0,0,0,0,0,0,0.8,0,0,0,0,0,0,0.3
8/3/2013,0,,0,0,0,0,0,0,0,0,0,0,0,0,0,0,0,0,0,1,0,0
8/4/2013,0,,0,0,0,0,0,0,0,0,0,0,0,0,0.4,0,0,0,0,1.4,0,0
8/5/2013,0,,0,0,0,0,0,0,0,0,0,0,0,0,0,0,0,0,0,0.4,0,0
8/6/2013,0,,0,0,0,0.6,0,0,0.4,0,0,0,44.5,0,0,0,2.4,0.3,0,0,0,0
8/7/2013,0,,0,0,0,0,0.1,0,0,0,0,0,34.9,0,0.3,0,0,0,0,15,0,0
8/8/2013,0,,0,0,0,0,0,0,0,0,0,0,1.5,0,3.2,0,0,0,0.4,0,0,5.9
8/9/2013,0,,0,0,0,0,0,0,0,0,0,0,2,0,0.2,0,0,0,0,0,0,0
8/10/2013,0,,0,0,0,0,0,0,0,0,0,0,0,0,0,0,0,0,0,0,0,1.5
8/11/2013,0,,0,0,0,0,0,0,0,0,0,0,0,0,0,0,0,0,0,0,0,0
8/12/2013,0,,0,0,0,0,0.9,0,0,0,0,0,0,0,0,0,0,0,0.2,0,0,0
8/13/2013,0,,0,0,0,0,0,0,0,0,0,0,0,0,0,0,0,0,2.9,0,0,0
8/14/2013,0,,0,0,0,0,0,0,0,0,0,0,0,0,0,0,0,0,0.5,0,0,0
8/15/2013,0,,0,0,0,0,15.7,0,0,13.5,0,0,18,0,1,0,0,0,11.8,142.4,8.8,17.5
8/16/2013,0.2,,0,0,0,0,0.2,0,0,2.1,1.2,0.3,0,0,3.5,1,0.1,0,0.6,1.6,0,0.9
8/17/2013,0,,0,0,0,0,0,0,0,0,0,0.3,0,0,3.2,0,0,0,0,0,0,0
8/18/2013,0,,0,0,0,0,0,0,0,0,0,0,13.2,0,0,0,0,0,0,0,0,0
8/19/2013,0,,0,0,0,0,0,0,0,0,0,0,41.1,0,0,0,0,0,0,2,0,2.8
8/20/2013,0,,0,0,0,1,0,0,0,0,0,0.3,25.4,0,1.2,0,0,0,59.8,4.7,0,40.9
8/21/2013,0,,0,0,0,0,0.8,0,0,0,0,0.1,0.4,1,0.1,0,0.1,0,2,2.4,0,1.4
8/22/2013,0,,0,0.4,0,0,15.7,0,0,0,0,0,46.1,0,0,0,0,0,16.7,4.6,0,0
8/23/2013,0,,0,0,0,0.9,1.1,0,0,0.2,0,1.8,0.8,0,1.9,0.4,0,0,0,0,0,2
8/24/2013,0,,0,0,0,0,0,0,0,0,0,0,10.5,0,0,0.1,0,0,0,6.9,0,0
8/25/2013,0,,0,0,0,0,0,1.5,0,0.6,0,0,7.2,0,0,0,0,0,0,6.4,0,0
8/26/2013,0,,0,0,0,0,0,0,0,0,1.6,0,3.2,0,0,0,0,0,7,29,0,4.3
8/27/2013,0,,0,0,0,0,0,0,0,0,0,0,0,0,0,0,0,0,0,0,0,0
8/28/2013,0.2,,0,0,0,0,0,1.5,0,57.7,0,0,0,0,0,0,0,0,0,0,0,12.1
8/29/2013,5.3,,0,1.5,0,2.3,27.7,0,0,1,1.3,0,3.2,0,0,0,0,0,13.5,0,7.3,13
8/30/2013,0,,0,0,0,0,17.6,5,0,9.3,0,0.5,10.4,0.9,0,17.9,0,0,35.6,33.7,2.2,1.3
8/31/2013,0,,0,0,0,0,1.3,0,0,0.2,0,2.6,0,0,4.6,4.1,1.9,0,0,0,0.8,0
9/1/2013,0,,0,0,0,5.4,0,0,0.1,0,0.3,0,1.7,0.4,1.2,0.2,3.7,0.1,0,0,0.6,0
9/2/2013,0,,0,0,0,9.3,0,0,0.3,0,0,0.5,0,1.1,8.3,0,0.3,0,0,0,0.1,0
9/3/2013,0,,0.8,0,0,0,0,0,0,0,0,0,0,0,0.3,0,0,0,0,0,0,0
9/4/2013,0,,15.8,0,4.7,0,28.4,0,0,0,0,0.3,0.7,0,0,0,0,0,0.5,0,0,0
9/5/2013,26.1,,0,0,0,0,1.3,0,10.7,7.2,8.2,30.3,19.8,0,0,0,0.9,6.5,2.8,6.2,16.7,11.3
9/6/2013,0,,0,8.2,0,0.5,15.1,0,0,8.2,4.7,1.3,0,0,1.2,2,0,0,0,4,4,3.5
9/7/2013,0.3,,0,0.1,1.4,7.8,0,20.5,0.5,0,27.3,1.6,0,0.2,3.2,0,0,0,0,7,0,0
9/8/2013,4.7,,0.4,18.6,2.2,1.1,27.3,13.5,6.6,18.3,3.9,28,6.1,0,48.8,10.2,2.9,0,6.9,14.3,6.9,12.5
9/9/2013,0,,0,0,0,2.1,0,1.8,0,0.5,0,0,0.5,0,0,0,1.7,0,0.4,3.4,0,0.2
9/10/2013,0.8,,0,0,0,0,5.9,23,1.7,7.8,0,11.8,2.8,0,0,40.8,0,3,0.9,3.9,0.2,0.6
9/11/2013,0,,1.8,0,2.4,0,6.5,0,2.2,49.5,0.5,3.6,3,0.3,2,5.3,0,0,0,32.4,2.7,1.3
9/12/2013,0,,0,0,0,0.3,5.5,0,0,0,0,0.2,2.9,0,8.7,7.2,0,0,10.7,1.4,1,0
9/13/2013,0,,0,0,0,3.2,0,0,0,18.9,0.1,0,12.3,0,0,1,0,0.3,1,0,3.2,3.8
9/14/2013,2.4,,0,1.1,4.4,0.2,52,12.8,0,0,34.2,0.3,2.1,1.5,0.2,21.2,0,0,1.9,5.2,18.1,0
9/15/2013,0,,4.2,0,0,0,0,3.8,0.9,0,0.8,0,0,0,1.1,0,20.2,1.8,0,0.5,0,0
9/16/2013,0,,0.8,0,0,0.8,0,0,0,0,0,0,0,0,0,1.2,0,0,1.7,0.7,0.3,18.1
9/17/2013,15.4,,0,8.1,0,0.7,0,0,0,0,0,3.2,0,0,0,0,0,0,2.5,7.2,0,1.4
9/18/2013,0,,79.9,0,0,1.4,0,0,0,0,0,0.1,0,0,0,0,0,0,0,0,0,0
9/19/2013,38.2,,0.5,0.1,0,0,19.2,0,3.6,0,0,5.7,0,1.1,0,2.7,0.2,0.1,0,0,4.9,0
9/20/2013,18.8,,2.6,4.7,0,0.8,14.1,20.3,0.6,0,0,0,0,4.2,0.8,9,0.8,0,0,4.9,4,0.8
9/21/2013,26.8,,0,27,20.9,1,0,25.4,1.9,0,40.3,20.2,0,0.6,5.9,3.1,2.5,0.1,0,0.8,0,0
9/22/2013,50.3,,14,25.3,0,0,5.8,10.7,0.2,63,5,48.6,0,0,20.9,14.3,0.2,0,57.3,0,23.2,42.9
9/23/2013,14.1,,0,9.6,1.2,9.5,18.7,1.1,33.3,1.9,4.1,7.1,10.9,34.7,6.3,0,40.3,7.3,7.5,4.8,6,1.8
9/24/2013,22.2,,1.2,7.7,17.9,5.5,24.2,15.9,3.4,2,9.8,51.2,0,7.7,6.3,41.8,4.3,3,0.3,19.1,16.2,0.7
9/25/2013,0,,0,1,0,0,1.4,0,0,0,0,0,2.9,0,3.2,20.5,0.3,0,0,2.1,12.8,0.5
9/26/2013,0,,22.6,0,0,0,1.1,0,0,24.7,0,1.6,1.7,0,0,13,0,0,0,18.5,17.1,0
9/27/2013,1.6,,0,7.2,0.3,6.5,0,22,0.3,8.7,4.2,3.9,0,1.1,111,2.9,16,0,0,14.9,4.5,0
9/28/2013,0,,0.6,0.3,0,4,0,0,0,0,0.6,0,4.3,0,1.1,0,0,0,15.7,9,16.5,14.1
9/29/2013,0,,0,0,0,0,0,0,0,0,0,0,0,0,0,0,0,0,0,0,0,0
9/30/2013,0,,8.3,0,0,0,0.1,0,0,9.7,0,0,10.3,0,0,1,0,0,0,4.2,1.3,0
10/1/2013,0,,0,0.1,0,0,1.8,0,0,0,0,0,0,0,0,0,0,0,0,0,0,1.7
10/2/2013,0.8,,0,0,0,0,0,0,0,8,0,0,31.5,0,0,0,0,0,0,14.2,0,1.5
10/3/2013,1,,0.9,3.7,28.1,0,48.8,13.5,0,7.6,80.7,0,4,0.6,0.1,0,0,0.5,15.3,20.2,26.7,13.7
10/4/2013,22.6,,63.1,8.5,29.5,0.4,16.5,12,0,0,17.8,27.9,0,6.2,30.8,34,8.3,0,23,24.2,19.7,10.1
10/5/2013,0,,0,0,0,0,0,0,0,0,0,0,0,0,0.2,0,1.2,0,0,0,0,5.5
10/6/2013,23.2,,9.8,0,0,0,17.5,27.4,0,0.2,0,50.3,0,0,4.1,6.3,0,0,28.4,3.5,25.5,0.4
10/7/2013,0.3,,0,0,0,0,0,0,0,0,0,0,3,0,0,0,0,0,0.3,0,0,2.4
10/8/2013,22.5,,0,0,10.5,0.4,7.3,0,0,1.9,4.1,38.2,28,0,49.8,19.1,0,0,12,25.7,14.5,0
10/9/2013,5.1,,0,2.2,0.3,0,0,0,0,42.9,0.4,3.4,2.4,0,2,0.5,29.4,0,24.6,6.7,0,4.5
10/10/2013,4.1,,0.3,19.6,9.4,0,8.4,4.6,0,27.4,15.3,8.9,0,0,2.6,0,0.2,0,0.4,5,6.9,0
10/11/2013,0,,0,4.5,0.6,0.5,0,0,0,0,0,0,0,0,2.7,8.6,0,0,28.3,0,15.8,0
10/12/2013,0,,0,1.4,0,0,0,0,0,0,0,0,0,0,15.6,0,0,0,0,0,0,0
10/13/2013,0,,0,20,0,0,0,1.3,0,18.8,0,2.4,0,0,0,0,0,0,0,0,0,0
10/14/2013,0,,0,5.3,0,0,11.9,0,0,2.1,11.7,3.9,14.4,0,8.9,2.2,0.9,0,12.2,0,0,3.6
10/15/2013,0,,0,2.9,8.4,0.5,0,0.2,0,0.5,0,2.1,0,0.3,0.9,40.8,3.1,0,0,0.6,5.3,17.9
10/16/2013,5.9,,0,0,0,1.6,0,2.5,0,23.4,0,10.8,0,10,1.2,3.2,0,0,0,0,20.9,0.7
10/17/2013,0.1,,0,0.4,1.6,15.8,0,0,0,0,10.6,11.9,0,0,0,0,0,0,0,0,0,21.7
10/18/2013,0,,0,4.4,0,0.5,0,0,0,0,1,1.4,0,6.1,2.2,5.9,0,0,0,0,0,0
10/19/2013,5.8,,0,5.8,4.7,0,0,0,0,0.2,12.6,0,0,0,0,0.1,0,0,0,0,0,0
10/20/2013,0,,0,27.6,0,0,0,4.9,0,0,2.3,0,0,0,6.7,0,7.8,0,0,0,0,0
10/21/2013,0,,51.3,9.3,16.5,21.2,0,0,0,0,10.4,0,0,40.1,0,2.2,0,0,0,0,0,0
10/22/2013,0,,0,0,0,0,0,1.5,0,0,0.5,0,13.2,0,0,0,2.1,0,0,0,2.8,0
10/23/2013,0,,0,13,0,0,0,0,0,0,55.2,0,0,0,0,0,0,0,0,0,0,0
10/24/2013,0,,17.3,0,14.6,0,0,0,0,0,0,4.2,0,0,0,0,2.1,0,0,0,11.8,0
10/25/2013,0,,13.8,0,0,0,0,1.6,0,0,0.5,2.2,0,0,1.4,4,2.1,0,0,0,11,0
10/26/2013,1.3,,18.1,0.3,0,0,0,0,0,0,0,4.6,0,0,12.2,4,0,0,0,0,4.8,0
10/27/2013,0,,0.8,0.8,2.4,0,0,0,0,0,6.1,4.3,0,0,16.5,0,0,0,0,0,32.5,0
10/28/2013,0,,0,0.8,0,0.2,0,0,0,0,0.7,2.1,0,0,1.8,0.4,0,0,0,0,0,0
10/29/2013,0,,13.2,20,0,0,0,0,2,5.4,0.3,0.1,0,0,3.5,0.6,7.1,0,0,0,0,0
10/30/2013,9.7,,0,0.4,0,4.4,4.5,0.6,0,0,4.3,13.2,2.1,0,8.2,0,0,0,5.3,0.3,0,0
10/31/2013,2.1,,5.1,30.7,0,4.3,0,13.4,0,6.1,2.4,19.5,0,0,28.7,7.3,0.2,0,0,2.6,46.6,7.5
11/1/2013,0,,1.8,18.2,10.7,70.1,0,10.2,0,0,6.7,3.6,0,0.2,35.6,2,29,0,0,0,0,0
11/2/2013,0,,48.8,12.8,3.7,3.5,0,0,0,0,11.5,15.9,0,0.3,8.8,2.2,0,0,0,0,1.2,0
11/3/2013,0,,0.7,0,0,10.5,0,0,0,0,0,0,0,0,0,0,0,0,0,0,0,0
11/4/2013,0,,0,13.9,0,19.2,0,0,0,0,0,0,0,0,0,0,0,0,0,0,0,0
11/5/2013,0,,0.2,0.1,0,26.7,0,0,0,0,0,0,0,0,0,0,0,0,0,0,0,0
11/6/2013,0,,0,0,0,0,0,0,0,0,0,0,0,0,0,1.6,0,0,0,0,0,0
11/7/2013,0,,0,0,3.8,0.3,0,0,0,0,5.3,0,0,0,0,0,0,0,0,0,0,0
11/8/2013,0,,0,1,21.5,0,0,0,0,0,0,0,0,0,20.8,0,0,0,0,0,0,0
11/9/2013,0,,16.5,0.1,1.3,0,0,0,0,0,23.8,0,0,0,9.8,0,0,0,0,0,0.9,0
11/10/2013,0,,0,0,0,0,0,0,0,0,0,0,0,0,3.7,0,0.4,0,0,0,2.3,0
11/11/2013,0,,10.5,15.5,8.6,0.4,7,0,0,0,15.4,7.4,0,0,0.6,0,0,0,0,0,1.6,0
11/12/2013,8.9,,0,0,0,0.6,0,0,0,0,0,0,0,0,0,0,12.2,0,0,0,0.6,0
11/13/2013,0.6,,0,7.8,0.3,1.1,0,10,31.7,0,16,2,0,0,32.4,0,0.1,0,0,0,0,0
11/14/2013,5.4,,0,0,0,12.9,0.7,0.4,0,0,0,0,0,0,0,0,0,0,0,0,0,0
11/15/2013,0,,8.6,3,3.1,15.8,0,2.3,0,0,0.2,0,0,0,0,0,0,0,0,0,0,0
11/16/2013,0,,0,0,0,1.6,1,0,0,0,0,0,0,0,13.9,1.6,0,0,0,0,13.1,0
11/17/2013,0,,0,1.2,3.3,0,0,0,0,0,13.5,0,0,0,13.2,0,0,0,0,0,6.5,0
11/18/2013,0,,46.6,27.8,0,0.2,1.1,0,0,0,0,0,0,0,0,0,0,0,0,0,0,0
11/19/2013,0,,0,4.5,0,0,0,0,0,13.9,0,0,0,0,0,1.5,0.1,0,0,10,0,0
11/20/2013,27.3,,0,31.7,0,0,0,0,0,17,2,4.3,0,0,9.1,7.8,0,0,0,0,0.6,0
11/21/2013,1.3,,0,0,0,0,0,0,0,0,0,0,0,0,0,0,0,0,0,0,0,0
11/22/2013,0,,2.4,0,24.2,27,0,0,0,0,3.8,0,0,3.3,0,7.5,0.7,0,0,0,0,0
11/23/2013,6.5,,10.6,18.3,11.3,1.1,10.3,0.6,0,0,1.9,30.1,0,1.4,3.8,0,0.5,5.8,0,0,0,0
11/24/2013,0,,0,0.5,0,0,0,0.4,0.9,0,0,0,0,0,0,0,0,0,15,0.2,0,0
11/25/2013,8.1,,0.7,8.5,0,0,0.5,0,0,0,12.3,17.3,0,0,0.2,13.4,0,4.9,8.2,0,51.7,0.6
11/26/2013,0,,0,0.4,0,1.6,0.1,0,0,0.4,0,0,0,0,0,10.8,0.4,0,0,0,25.3,6.4
11/27/2013,0,,0,0.3,0,1.4,0,0,0,0,5.8,0,0,0,0,0,1.5,0,0,0,0,0
11/28/2013,0,,0,0,0,0,0,0,0,0,0,0,0,0,0,1.2,0,0,0,0,0,0
11/29/2013,0,,0,0,0,0,0,0,0,0,0,0,0,0,0,0,0,0,0,0,0,0
11/30/2013,0,,0,0,6.3,0,0,0,4.7,0,1.1,0,0,25.4,0,0,7.9,9.9,0,0,0,0
12/1/2013,1.5,,0,0,1.1,4.3,0,0,0,0,0,0,0,0,0,0,0.8,0,0,0,0,0
12/2/2013,0,,0,0,0.2,0,0,0,0,0,0,4.4,0,0,3.3,0,0,0,0,0,7.2,0
12/3/2013,2,,9.7,19.7,42.1,4.9,0,0,13.4,0,2.3,0,0,0,8.2,0,1.8,0.4,0,0,18.8,0
12/4/2013,0,,0,0,0,10.2,0,0,16.4,0,0.6,0,0,6.5,0,0,16.5,10.2,0,0,0,0
12/5/2013,0,,0,0,0,0.3,0,0,0,0,0,0,0,0,0,0,0,0,0,0,0,0
12/6/2013,0,,0,0,0,0,0,0,0,0,0,0,0,0,0,0,3.3,0,0,0,0,0
12/7/2013,0,,0,0,0,1.2,0,0,1.5,0,0,0,0,0,0,0,0,0.3,0,0,0,0
12/8/2013,0,,0,0,0,0,0,0,0,0,0,0,0,0,0,0,0,0,0,0,0,0
12/9/2013,0,,0,0,0,0,0,0,0,0,0,0,0,0,0,0,0,0,0,0,0,0
12/10/2013,0,,0,0,0,0,0,0,0,0,0,0,0,0,0,0,0,0,0,0,0,0
12/11/2013,0,,0,0,0,0,0,0,0,0,0,0,0,0,0,0,0,0,0,0,0,0
12/12/2013,0,,0,0,0,0,0,0,0,0,0,0,0,0,0,0,0,6.7,0,0,0,0
12/13/2013,0,,0,0,29.1,0,0,24.3,5.7,0,1,0,0,9.3,0,0,1.6,0,0,0,0,0
12/14/2013,16.8,,0,8.3,3.5,10.8,0,0,0,3.4,0,22.5,0,0,0,1.8,0.6,0,0,0,5,0
12/15/2013,0,,0,0,0,0,0,0,0,0,0,0,0,0,0,0,0,0,0,0,0,0
12/16/2013,0,,0,0,0,0,0,0,0,0,0,0,0,0,0.6,0,0,0,0,0,0,0
12/17/2013,0,,0,0,0,0,0,0,0,0,0,0,0,0,0,0,0,0,0,0,0,0
12/18/2013,0,,0,0,0,0,0,0,0,0,0,0,0,0,0,0,0,0,0,0,0,0
12/19/2013,0,,0,0,0,0,0,0,0,0,0,0,0,0,0,0,0,0,0,0,0,0
12/20/2013,0,,0,0,0,0,0,0,0,0,0,0,0,0,0,0,0,0,0,0,0,0
12/21/2013,0,,0,0,0,0,0,0,0,0,0,0,0,0,0,0,0,0,0,0,0,0
12/22/2013,0,,0,0,0,0,0,0,0,0,0,0,0,0,0,0,0,0,0,0,0,0
12/23/2013,0,,0,0,0,0,0,0,0,0,0,0,0,0,0,0,0,0,0,0,0,0
12/24/2013,0,,0,0,0,0,0,0,0,0,0,0,0,0,0,0,0,0,0,0,0,0
12/25/2013,0,,0,0,0,0,0,0,0,0,0,0,0,0,0,0,0,0,0,0,0,0
12/26/2013,0,,0,0,0,0,0,0,0,0,0,0,0,0,0,0,0,0,0,0,0,0
12/27/2013,0,,0,0,0,0,0,0,0,0,0,0,0,0,0,0,0,0,0,0,0,0
12/28/2013,0.4,,0,0,0,44.2,0,0,0,0,0,0,0,0,0,0,0,0,0,0,0,0
12/29/2013,0,,0,3.9,29.2,0,0,0,6.8,0,0,0,0,0,0,0,0,0,0,0,0,0
12/30/2013,0,,1.8,0,1.4,0.5,0,18,61,0,34.4,0,0,0,1.7,0,3.5,24.8,0,0,0,0
12/31/2013,2.1,,0,0.6,0.2,0,0,0,0,0,8.5,15.1,0,0,0,0,0,0,0,0,0,0
1/1/2014,12.4,,28,0,32.6,0,0,0.4,0,0,0,0,0,0,7.8,0,0,0,0,0,0,0
1/2/2014,0,,0,0,6.9,42.3,0,0,0,0,0,1.6,0,0,12.2,0,0,0,0,0,0,0
1/3/2014,0,,0,0,0,0,0,0,0,0,0,0,0,0,0,0,0,0,0,0,0,0
1/4/2014,0,,0,0,0,0,0,0,0,0,0,0,0,0,0,0,0,0,0,0,0,0
1/5/2014,0,,0,0,0,0,0,0,0,0,0,0,0,0,0,0,0,0,0,0,0,0
1/6/2014,0,,0,0,0,0.4,0,0,0,0,0,0,0,0,0,0,0,0,0,0,0,0
1/7/2014,0,,4.7,0,0,0,0,0,0,0,0,0,0,0,0,0,0,0,0,0,0,0
1/8/2014,0,,0,0,0,0,0,0,0,0,0,0,0,0,0,0,0,0,0,0,0,0
1/9/2014,0,,0,0,0,0,0,0,0,0,0,0,0,0,0,0,0,0,0,0,0,0
1/10/2014,0,,0,0,0,7,0,0,0,0,0,1.8,0,0,20.8,0,0,0,0,0,0,0
1/11/2014,0,,0,0,0,0,0,0,0,0,0,0,0,0,6.1,0,0,0,0,0,0,0
1/12/2014,0,,0,0,0,0,0,0,0,0,0,0,0,0,0,0,0,0,0,0,0,0
1/13/2014,0,,0,0,0,0.7,0,0,0,0,0,0,0,0,0,0,0,0,0,0,0,0
1/14/2014,0,,0,0,0,0,0,0,0,0,0,0,0,0,0,0,0,0,0,0,0,0
1/15/2014,0,,0,0,0,0,0,0,0,0,0,0,0,0,0,0,0,0,0,0,0,0
1/16/2014,0,,0,0,0,0,0,0,0,2.3,0,0,0,0,0,0,0,0,0,0,0,0
1/17/2014,0,,0,0,0,3.5,0.2,0,0,0,0.4,0.1,0,0,0,4.9,0,0,0,0,4.6,0
1/18/2014,4.3,,0,10.7,0,0,21.5,40.8,0,0,0.4,56.5,4.2,0,0,15.2,0,0,0,0,0,0
1/19/2014,0,,0,12.2,0,0,0,0,0,0,0,0,0,0,8.5,0,0,0,0,0,0,0
1/20/2014,0,,0,0,0,0,0,0,0,0,0,0,0,0,0,0,0,0,0,0,0,0
1/21/2014,0,,0,0,0,6.6,0,0,0,0,0,0,0,0,0,0,18.1,0,0,0,0,0
1/22/2014,0,,0,0,0,0,0,0,0,0,0,0,0,0,0,0,0,0,0,0,0,0
1/23/2014,1.3,,0,11.7,1.5,0.3,0,0,0,0,23.1,0,0,0,0,0,0,0,0,0,0,0
1/24/2014,0,,0,0,0,0,0,12.1,0,0,0.5,0,0,0,0,0,13.1,0,0,0,0,0
1/25/2014,0,,0,0,0,7.8,0,0,0,0,0,0,0,2.1,0,0,55,0,0,0,0,0
1/26/2014,0,,0,0,0,0,0,0,0,0,0,0,0,0,0,0,0,0,0,0,0,0
1/27/2014,0,,0,0,0.5,0,0,0,0,0,0,0,0,0,0,0,0,0,0,0,0,0
1/28/2014,0,,0,0,0,0,0,0,0,0,0,0,0,0,0,0,0,0,0,0,0,0
1/29/2014,0,,0,52,0,0,0,0,0,0,2.5,0,0,0,0,0,0,0,0,0,0,0
1/30/2014,0,,0,0,0,0.3,0,0.1,0,0,0,0,0,0,0,0,0,0,0,0,0,13
1/31/2014,2.6,,3.1,4.2,0,0,0,0,16.3,0.2,1.2,29.2,0,54.2,3,4.4,0,0,0,0,6.1,0
2/1/2014,0,,0,0,0,0,0,0,0,0,0,0,0,0,0,0,0,0,0,0,0,0
2/2/2014,0,,0,0,0,0,0,0,0,0,0,0,0,0,0,0,0,0,0,0,0,0
2/3/2014,0,,0,0,0,0,0,0,0,0,0,0,0,0,0,0,0,0,0,0,0,0
2/4/2014,0,,0,0,0,0,0,0,0,0,0,0,0,0,0,0,0,0,0,0,0,0
2/5/2014,0,,0,0,0,0,0,0,0,0,0,0,0,0,0,0,0,0,0,0,0,0
2/6/2014,0,,0,0,0,0,0,0,0,0,0,0,0,0,0,0,0,0,0,0,0,0
2/7/2014,0,,0,0,0,0,0,0,0,0,0,0,0,0,0,0,0,0,0,0,0,0
2/8/2014,0,,0,0,0,0,0,0,0,0,2.9,0,0,0,0,0,0,0,0,0,0,0
2/9/2014,6.1,,0,0,0,0,0,0,0,0,5.1,0.5,0,0,39.6,0,0,0,0,0,0,0
2/10/2014,0,,6.6,0,1.5,0,0,0,0,0,1.1,0,0,0,0,0,0,0,0,0,0,0
2/11/2014,0,,0,0,0,1.5,0,0,0,0,0,0,0,0,0,0,0,0,0,0,0,0
2/12/2014,0,,3,0,0,13.5,0,0,0,0,0.6,0,0,0,0,0,0,0,0,0,0,0
2/13/2014,0,,5.5,20.6,1.3,1.4,0,0,0,0,1.1,0.1,0,0,0.2,0,0,0,0,0,0,0
2/14/2014,0.6,,2.2,23.7,0,3.7,0,0.1,0,0,0.8,8.5,0,0,9.8,0,0,0,0,0,0,0
2/15/2014,0,,0.5,1.3,3.8,0,0,0,0,0,0,0,0,0,0,0,0,0,0,0,0,0
2/16/2014,0.5,,58.7,1.6,1.4,0,0,1.2,5.4,0,0.2,2.6,0,47.7,0.8,83.1,0,1.5,0,0,2.2,0
2/17/2014,7.2,,0,0,0,0,0,0,0,0,0,0,0,0,0,0,0,0,0,0,0,0
2/18/2014,1.9,,0,0,0,0,0,0,0,0,0,6.5,0,0,0.6,0,0,0,0,0,0,0
2/19/2014,0,,0,0,0.6,1.1,0,0,0,0,0,0,0,0,0,0,0,0,0,0,0,0
2/20/2014,0,,0,0,0,0,0,0,0,0,0,0,0,0,0,0,0.4,0,0,0,0,0
2/21/2014,0,,0,0,0,0,0,0,0,0,0,0,0,0,0,0,0,0,0,0,0,0
2/22/2014,0,,0,0,0,0,0,0,0,0,0,0,0,0,0,0,0,0,0,0,0,0
2/23/2014,0,,0,0,0,0,0,0,0,0,0,0,0,0,0,0,0,0,0,0,0,0
2/24/2014,0,,56.3,4.2,17.5,32.9,0,0,51.5,0,39.5,0,0,21.6,0,0,18.8,67.4,0,0,0,0
2/25/2014,0,,0,0,0,0.4,0,0,0,0,0,22.1,0,0,0,0,0.3,0,0,0,0,0
2/26/2014,0,,0,0,0,0,0,0,0,0,0,0,0,3.7,0,0,0,0,0,0,15.1,0
2/27/2014,3.1,,0,0,9.4,0.4,0,0,0,11.1,0.1,59.2,0,0,1.2,4.2,0,0,15,0,1.4,0
2/28/2014,0.7,,6.5,0,0.2,79.2,0,0,0,0,0,0,0,0,0,0,0.4,0,0,0,0,0
3/1/2014,0,,0,0,0,28.3,0,0,0,0,0,0,0,0,0,0,7.1,0,0,0,0,0
3/2/2014,0,,0,0,0,0,0,0,0,0,0,0,0,0,0,0,0,0,0,0,0,0
3/3/2014,0,,0,0,0,0,0,0,0,0,0,0,0,0,0,0,0,0,0,0,0,0
3/4/2014,0,,0,0,0,0,0,0,0,0,1,0,0,0,0,0,0,0,0,0,0,0
3/5/2014,4.5,,22.3,0.5,8.3,0,0,30,0,0,0.4,0,0,0,15.5,0,0.4,26.7,0,0,0,0
3/6/2014,0,,0.8,4,5.3,54.5,0,0,38.8,0,5.1,0,0,44.4,15.2,0,19.9,35.6,0,0,0,0
3/7/2014,0,,2.2,0,0,0,0,0,0,0,0,0,0,0,0,0,0,0,0,0,5.7,0
3/8/2014,0,,1,15,24,5.3,0,3.2,0,0,0,0,0,0,0.9,0,0,0,0,0,0,0
3/9/2014,0,,0,0,0,0,0,0,0,0,0,0,0,0,0,0,0,0,0,0,0,0
3/10/2014,0,,40.4,0,24.9,0,0,0,11.5,0,6.3,0,0,0,0,0,5.1,1.3,0,0,0,0
3/11/2014,0,,0,0,0,0,0,0,0,0,0,0,0,0,0,1.2,0,0,0,0,0,0
3/12/2014,0,,0,0,0,0,0,0,0,0,0,0,0,0,0,0,0,0,0,1,0,0
3/13/2014,0,,0,0,0,0,0,0,0,0,0,0,0,0,0,0,0,0,0,0,22.5,5.5
3/14/2014,0,,0,0,0,0,0,0,0,0,0,0,0,0,0,19.8,0,0,0,0,0,0
3/15/2014,6.5,,0,0,0,0,0,0,0,0,0,5.2,0,0,49,1.6,0,0,0,0,17.3,0
3/16/2014,16.6,,0.5,31,0,0,0,12.5,0,0.8,22,0,0,0.9,17,1,2.5,0.5,0,0,0,0
3/17/2014,2,,0,2.6,0,0,0,1,0,0,0.6,0,0,0,0,0,0,0.5,0,0,0,0
3/18/2014,0,,0,14.7,0,0,0,0,0,0.5,0,0,0,0,0,24.1,0,0,0,0,5.1,3.5
3/19/2014,0,,0,3.1,8.7,0,0,0,0,0,2.8,0,0,0,0,0,0,0,0,0,0,0
3/20/2014,0,,33.5,0,0,0,8,0,0,0,0,0,0,0,5.1,0,0,0,3.6,0,4,1.3
3/21/2014,0,,0,0,0,0,0,0,0,0,0,0,0,0,0,0,0,0,0,0,5.6,0
3/22/2014,11.1,,0,25.3,0,0,3,0,0,2.2,34.8,3.9,0,0,53.2,36.7,0,0,81.7,0,2,20.5
3/23/2014,1.8,,22.8,0,5.8,0,0,14.2,7.6,0,0.2,42.9,0,4.3,0,0,0,6.1,0,0,0,0
3/24/2014,0,,0,0,0,32.2,0,0,0,0,0,0,0,0.3,0,0,28,0,0,0,0,0
3/25/2014,0,,0,0.5,0,0,0,0,0,0,0,0,0,0,0,0,0,0,0,0,0,0
3/26/2014,9.2,,0,0,0,0,0,0,0,0,0,9.9,0,0,0.6,0,0,0,0,0,0,0
3/27/2014,0,,28.1,0.4,66.8,0,0,1.7,15.3,0,1.5,0,0,1,0,0,0.5,20.2,0,0,0,0
3/28/2014,0,,0,0,0,0,0,0,0,0,0,0,0,0,0,0,0,0,0,0,0,0
3/29/2014,0,,0,0,0,0,0,0,0,0,0,0,0,0,0,0,0,0,0,0,0,0
3/30/2014,2.8,,23.8,0,3,0,3.5,30.5,0,0,0,4.9,2.8,0,0,4,0,8,3.4,0,1.7,18.1
3/31/2014,3.7,,2,6.8,10.3,3.9,11.3,5.7,27.2,0,32,0,16.8,17.2,2.8,45.1,6.3,8.5,0.1,24.8,0,1
4/1/2014,0,,0,0,0,0,0,0,0,0,0,0,0,0,0,0,0,0,0,0,0,0
4/2/2014,0,,0,0,0,0,0,0,0,0,0,0,0,0,0,0,0,0,0,0,0,0
4/3/2014,0,,0,0,0,8.1,0,0,2,0,0,0,0,6.2,0,0,14.6,4.2,0,0,0,0
4/4/2014,0,,0,0,0,0,0,0,0,15.4,0,0,0,0,0,0.7,0,0,0,0,0,0
4/5/2014,0,,0,0,0,0,0,0,0,0,0,0,0,0,0,38.9,0,0,5.4,11.3,2.8,0.8
4/6/2014,0,,0,0,0,0,0,0,0,0,0,0,0,0,0,11.2,0,0,0,0,0,0
4/7/2014,0,,0,0,0,2.1,0,0,0,0,0,0,1.6,0.6,0,0,0,0,0,0,0,0.4
4/8/2014,2.1,,0.2,1.6,0.2,0,0,0,0,0,3,0.6,5.8,1.6,0,11.2,6.1,0,0,0,16.1,0
4/9/2014,11,,9,0.2,0,0,0,12.8,0,0,0,2.9,0,0,0,0.5,0,0.5,0,6.5,0,18.2
4/10/2014,0.7,,0,14.9,0.4,3.2,0,0,15,0.8,0.1,0,0,32.3,0,0,10.8,37.7,0,0,35,0
4/11/2014,0,,0,9.4,1.6,18.1,0,0,0.2,0,8.3,0,0,0.5,28.4,0,0,0.4,0,2,0,9.2
4/12/2014,7.3,,0,0,0,0.6,0,0,0,0,0,27.9,0,0,0,0,0,0,0,0,10.9,0
4/13/2014,0,,0.2,7.3,0.3,21,6.6,34.4,0,0,0,0,1.4,0.4,25.4,0,0,0,19.1,0,6.2,3.6
4/14/2014,0,,0,0,0,0,0.4,0,0,0,0,0,0,0,0,0,0,0,0,20.6,0,2
4/15/2014,0,,0,0,0,0,0,0,0,0,0,0,0,0,0,0,0,0,0,0,0,0
4/16/2014,21.4,,0,0,0,0,0,0,0,0,0,7.6,0,0,0,0,0,0,0,0,0,0
4/17/2014,7.7,,0,0,2.3,0,0,0,0,0,0,0,0,0,5.4,11,0,0,0,0,5.9,0
4/18/2014,8,,2,1.4,48,15.9,17,15.9,3.5,7.9,3,16.8,0,1,28.5,91.4,2,0,0,0,28.1,0.4
4/19/2014,0,,0,0,0,0,0,0,0,0,0,0,0,0,0,0,0,0,0,8.4,0,0
4/20/2014,17.3,,14.2,20.1,15.2,0.4,4,17.1,18.4,0,9.3,18.6,0,6.6,14.4,15.3,11.2,12.8,0,0,16.5,7.2
4/21/2014,0,,0,0,0,23.3,0,0,17.2,19.3,0,0,0,18.9,0,0,1,2.5,0,5.5,0,10.8
4/22/2014,22.5,,2.7,30.1,24.4,33.1,0,4.2,0,0,42.3,8.6,1.7,2.1,7.2,11,25.6,0,0,0,9.9,0
4/23/2014,21.3,,10.7,6,25.1,1.3,0,53.2,1.2,0,12.9,4,1.4,0,18.8,0,0.7,0.4,0,0,0,0
4/24/2014,0,,0,0,0.5,0,0,0,0,0,0,0,0,0,0,0,0,0.6,0,0,0,0
4/25/2014,0,,0,9.5,0,0,6.2,0,0,0,0,0,0,0,5.5,0.6,0,0,0,0,0,0
4/26/2014,1.8,,0,3.1,7.7,2.8,0,29,0,0,15.5,2.9,23,10.1,9.5,17.7,54,0,0,50.5,11.6,0
4/27/2014,0,,0,0,0,0,0,0,0,0,0,0,0,0,0,0,0,0,0,0,0,0
4/28/2014,0,,0.7,8,4.1,0.3,5.6,0,0,0,0,0,0,0,1.8,0,0,0,11.7,0,0,0.6
4/29/2014,0,,0,53.5,0,2.7,10.2,0,0,0,0.8,9.3,8.8,0,13.6,11.1,3.9,0,3.9,9,18.7,33.8
4/30/2014,4.3,,0,16.3,16.4,6.8,21.1,22.4,0,0,0.9,6.6,0,2,21.7,0,1.5,0,0.1,0,55.9,6.6
5/1/2014,0,,0,0,0,10.2,0,0,0,0,0,0,0,7.2,0,0,35.5,0,0,0,0,0
5/2/2014,0,,0,0.1,0,0,0,0,0,0,3.7,0,0,0,0,3.6,0,0,0,0,0,0
5/3/2014,0,,0,0,0,0,0,0,0,0,0,0,0,0,0,0,0,0,0,3.5,0,27.1
5/4/2014,0.2,,0,0,0,0,0,0,0,0,0,4.4,0,0,0,4.3,0,0,0,0,23.7,0
5/5/2014,1.7,,0.5,0,2.4,5.9,13.2,0,1,43,17.3,3.2,44.8,6.5,64.4,0,0,0,30.6,9.5,0.5,0
5/6/2014,1.2,,5.5,0,0.7,46.7,0,0.4,0.6,0,0,3.2,0,0.7,13.6,0,0,0.1,0,0,0,0
5/7/2014,34,,0.1,2.9,0,39.9,0,0,1.2,0.3,1.8,2.9,0,54.7,0.1,1.6,2.4,2,0,0,2.8,0
5/8/2014,0,,0.2,2.1,2.5,28.1,1.2,0,4.8,12.9,1,0.7,1.5,55.1,1.6,0,14.3,5.4,0,40,6.7,0
5/9/2014,0,,0,0,0,10.1,0,1.5,0,0.5,0,0,1.8,0,0.8,0,1.2,0,0.3,9.5,0,10.4
5/10/2014,24,,0.5,0,7.3,0,5.6,0,0,0,0,36,0,0,12.5,7.1,0,0.1,0,0,0,0
5/11/2014,0,,0,5.8,0,4.9,15.1,0,0,3.5,0,0,0,0,0,3.7,0,0,0,0,0,13.1
5/12/2014,0,,0,13,0,0,5,0,0,0,5.5,0.3,0,0,0,0,0,0,0,0,37.6,0
5/13/2014,3,,1.4,7.8,2.4,17.5,5.2,22.9,22.2,28,34.3,0,0,36.7,4,0,37.7,8.4,0.5,16.6,35.9,0
5/14/2014,2.4,,3.9,3.9,0,0,0,4.1,0.4,22.4,11.1,0,0,0,0,2.1,0,1.2,7.6,0,27.4,7.7
5/15/2014,0,,0,0,0,7.3,0,5.9,0,0,0,3.7,0,0,1.7,0,0,0,0,0,0,19.7
5/16/2014,0,,0,1.3,7,0.4,0,0,0,0,0,0.1,0,0,1,0.9,0,0,0,0,2.2,9.1
5/17/2014,0.3,,0,0,0,0,0,0,0,0,0,0,0,0,0,0,0,0,0,0,0,0
5/18/2014,0,,0,0,0,0,0,0,0,0,13.4,1.4,0,0,0.4,0,0,0,0,0,0,0
5/19/2014,34.5,,18.7,37.5,0,32.4,0,50.1,24,7.4,10,35.3,0,36.7,26.5,0.9,14.7,14,0,0,0,0
5/20/2014,0,,0,0.5,20.3,0,0,0,12.1,0,0,0,0,0,1.1,0,0.2,32.9,0,0,0,0
5/21/2014,0.3,,0,9.7,4.1,12.6,0,2,3.9,0,2.3,0,0,0,21,2,0.8,0,0,0,0.9,0
5/22/2014,0,,0,0,0,4,0,0,0,0,0,0,0,0,15,0,0,0,0,0,0,0
5/23/2014,0,,0,0,0,0,0,0,0,0,0,0,0,0,0,0,2.1,0,0,0,0,0
5/24/2014,5.4,,0,0,0,5.7,0,0,0.5,0,0,0,0,15.5,0,0,19.9,0,0,0,0,0.2
5/25/2014,0,,0,0,0,1.3,0,0,0,0,0,0,2.1,0.3,0,0,6.5,0,0,0,0,0
5/26/2014,11.3,,7.2,7.4,4.8,0.9,19.3,2,4,6.2,0.2,14.5,0,0,0,19.3,0,0,0,0,0,0
5/27/2014,0.2,,12.8,23.7,9.5,26.4,0,5.8,32,0,11.5,0,0,50.1,27.3,12.3,2.7,55.7,0,0,5.2,6.9
5/28/2014,2.9,,14.5,0,0,6.4,0.5,0,0,16.5,0,11.3,0,112.7,0,15.6,4.8,0.2,4.4,0,1,0
5/29/2014,0,,1,0,0,57.2,18.8,69.8,6.6,0.6,0,0,0,3,3.9,0,8.5,12.5,0,0,0.3,0
5/30/2014,0,,0,0,0,23.1,0,3.4,0,0.5,0,0,0,0,0,0,5.4,0,0,0,6.2,0
5/31/2014,0,,0,0,0,0,0,0,0,0,0,0,0.5,0,0,0,0,0.1,0,0,0,0
6/1/2014,18.2,,51,17.2,24.2,42.5,0,21.1,0,3.4,22.4,7.2,1.2,0,19.7,0,0,4.6,0,18.6,0.5,0
6/2/2014,0,,0,0,0,0,0,0,0,0,0,0,1.2,0,0,0,0,0,0,0,0,0
6/3/2014,1.2,,0,6.4,0,0.7,0,0,0,0,0,0,0,0,0,0,0,0,4.5,18.2,0,18.2
6/4/2014,36.6,,10,26.8,0.4,87.7,3.1,13,74.7,7.1,1.2,26.3,9.2,11.3,71.4,9.3,106.5,46.6,16.5,48.8,6.8,24.8
6/5/2014,48.7,,12.9,44.6,73.4,25.2,3.2,24.1,67.9,21.9,78.1,20.2,0,113.9,49.4,20.3,34.3,73.1,0,0,19.4,0
6/6/2014,69.8,,11.2,19.2,11.5,22.7,0,10.4,0,14.2,29.3,97.4,3.2,67.3,4.1,30,4.1,0,5.2,21.6,18,4.9
6/7/2014,1.2,,2.4,22.8,11.3,26.5,0,0,0,0,6.9,0,0,0.4,0,0,10.1,0,0,0,0,0
6/8/2014,0,,0,0,0,0.2,0,0,0,3.7,0,0,0,0,0,0,0.6,0,0,0,0,0
6/9/2014,2.3,,0,0.5,0,31.1,0,0,6.6,0,0,0,3.2,1.1,0,0,1.8,40,0,0,0.3,0
6/10/2014,58.1,,0,22.5,0,39.9,0,0,6.6,0,0,0.6,0,2.9,0.4,0,0,9.8,0,0,0.6,0
6/11/2014,8.6,,0,0,0.3,13,6.7,0,9.6,0,0,10.7,0,0,19.5,0,0.8,0,2.5,34.5,0.7,0
6/12/2014,40.3,,0,6.5,3.2,56.1,29.3,6.9,0,0,24.3,9.8,3.2,0,3.1,1.4,8.5,0,29.6,22.5,2,29.5
6/13/2014,3.6,,20.1,4,0,11.3,0,0,0.4,1.8,14.3,5.8,0,7.6,11.5,0,18.7,0.1,0,0,0,0
6/14/2014,0.4,,0,0,0,1.4,0,0,0,0,0,0,0,0,0,0,0,0,0,0,0,0
6/15/2014,0,,9,0,0,114.5,4.3,0,0,0,0,0,0,0,0,0,0.4,0,6,0,0,3.6
6/16/2014,1.8,,0,0,24.8,33.6,42.3,0,0,48.7,0,0.2,39.4,0,2.5,0,0,0,28.5,0,16.5,23.8
6/17/2014,26.2,,0,0,0,4.1,0,44.9,0.8,0,3.2,1.7,0,0,0.7,0,0,10.5,0,0,17.6,25.6
6/18/2014,0.3,,11.2,0.9,83,0.2,19,0,0,137.6,69.1,27.9,0,0,2.5,10.1,0,0,26,0,12.7,7.5
6/19/2014,1.7,,0,0,0,0.3,0,0,0,2.1,0,2.3,0,0,0.9,0,0.1,0,0,0,0,0
6/20/2014,0.2,,0,0,0,40.3,0,0,0,0,0,0,0,0,0,0,15.5,0,0,0,0,0
6/21/2014,6.1,,0,0,0,24.9,0,0,6.3,1.1,0,0,0,0,1.2,0.5,39.8,2.6,0,0,0.5,23.7
6/22/2014,0,,0,6.4,1.9,9.4,4.9,0,0,0,9.5,10.5,0,0,0.7,13.4,14.8,0,0,0,6.1,3.4
6/23/2014,17.4,,0.2,2.1,2.7,19.1,1.5,3,2.1,22.4,16.4,41.1,6.8,0,14.6,10.9,23.7,0.4,1,8.8,19.1,4.3
6/24/2014,0,,0,0,0,0,0,0,0,0,0,0,0,0,0,0,0,0,0,0,0,0
6/25/2014,0,,0,0,0,0.8,0,0,0,0,0,0,0,1.2,0,0,0.7,0.7,0,0,0,0
6/26/2014,0.2,,0.9,45.1,1.8,1.9,0,0,27.2,0,0.3,3.8,0,23.9,5.8,26.5,1,20.6,0,0,0,0
6/27/2014,0,,0,0.8,0,0.2,0,0.2,1.5,0,0,0,4.2,0,0.1,0,0,0.1,0,0,0.8,2.4
6/28/2014,0,,0,0,0,0,0.6,0,0,17.8,0.2,2.1,0,0,0,62.1,0.3,33.4,0.5,0,0,2.6
6/29/2014,53.8,,6.7,0,0,8.4,2.4,1,0,42.3,0,0.9,0,0,6.2,42.4,1.5,0.5,5.4,0,1.3,1.4
6/30/2014,1.7,,0,0,0.7,58.3,0,17.6,0,0.7,0,0,0,0,29.8,2.8,0.4,1,0,8.5,0,12.2
7/1/2014,0,,7.3,23.4,0,67.7,16.5,0,34.6,4,0,0,0,0,3.6,2.1,3.5,15.1,2.5,1.9,0,9
7/2/2014,0,,1.3,0,0,3.2,0,0,22.8,0,0,0,0,13,31.7,13.3,0,26.8,0,0,5.6,0
7/3/2014,18.2,,8.4,13,10.3,0,30.8,22.4,1.6,98.7,16.1,4.5,32.5,13.8,14.5,1.1,88.4,25,21.4,37.3,34.1,17.5
7/4/2014,0,,0,0.5,0.2,6.8,0,0.5,0.3,0,1.4,0,2.5,7.1,11.9,10.3,39.8,0,0,3.5,0,0
7/5/2014,0,,5.1,27.6,0.5,7.7,0,0,0,0,0.5,1.6,0,0,0.1,0,2.5,2.5,0,0,0,0
7/6/2014,0,,0,0,0,0.2,0,0,2.5,0,0.7,0,0,0.8,0,12.5,0.2,1.6,0,0,0,0
7/7/2014,0,,0,0,0,0,0,0,0,0,0,0,1.9,0,0,0,0,0,0,5.4,0,0
7/8/2014,0,,0,0,0,0,0,0,0,0,0,0,0,0,0,0,0,0,0,0,0,0
7/9/2014,1.1,,0,0,0,0,0,0,0,0,0,0,0,0,0,0,0,0,0,0,0,0
7/10/2014,2.7,,0,0,0,0.3,13.2,0,0,0,0,0,0,0,1.2,5.1,0,0,0,0,0,0
7/11/2014,0,,0,0,0,0,0,0,0,0,0,0,0,0,0.1,0,0,0,0,0,0,0
7/12/2014,0,,0,0,0,0,0,0,0,0,0,0,0,0,0.4,0,0,0,0,0,0,0
7/13/2014,0,,0,0,0,0,0,0,1,0,0,0,0.4,0,0.5,0,0,0,0,0,0.3,0.5
7/14/2014,0,,0,0,0,9.1,0,0,0,0,0,0,10.6,0,0,0,0,0,0,0,0,0
7/15/2014,38.9,,32.8,58.2,36.8,0,3.2,30.7,14.1,27.8,60.6,54.5,0,22.7,33.7,10.7,18.8,9.2,20.7,0,7.5,65.5
7/16/2014,0.3,,0.4,0.4,1.6,55.2,0,1.2,3.5,0,1.8,1.5,0,3.9,9.6,0,42.9,4.3,3,0,0,0.4
7/17/2014,21.2,,3.2,0.9,0.5,2,0.5,1.1,2.2,3.3,15.5,0,0.4,1.4,5.1,9.8,1.2,0.9,0,0,4.3,4.1
7/18/2014,0,,0,0,0,0,0,0,0,0,0,0,13.4,0,0.2,0,0,0.6,35.1,7.4,0,8
7/19/2014,0,,0,0,0,0,0,0,0,0,0.3,0,0,0,1.1,0,0.2,0,0,0,0,0
7/20/2014,0,,3,0,0,2,0,0,0,0,0.2,0.2,0,0,0,0,0,0,0,0,0,0
7/21/2014,0.4,,0.3,0,0,0,0,0,0,1.8,0,0,0,0,0.1,0,0,0,0,0,0,0
7/22/2014,0,,0.8,0,0,0,0,1,0,0,0,0,0,0,0,0,0,0,0,0,0.6,0.5
7/23/2014,0,,0,0,0,0.6,0,0,0,8.9,2.3,0.1,21.6,0,0,0,1,0,47.5,1.6,0,81.6
7/24/2014,0.3,,0,7.1,0,3.8,0,1.9,0.4,3.8,2.4,1.4,0,3.9,4.2,0.1,3.6,0.8,0,4.9,0,2.1
7/25/2014,0,,0.2,0.1,0,0.9,3,0,0,0,0,3.9,0,0,4,18.9,0.4,0,0,0,0,0
7/26/2014,0.4,,2.8,0,0,0.4,0,0,0,1.1,0,0,3.3,1.8,0.3,0,0,0,0.3,0,0,0
7/27/2014,0,,0,27.2,0,4.2,0,0,2,29.3,1,3.4,0,0,47.6,2,0.1,1.5,0,0,0,0
7/28/2014,0,,0.3,0,0,3.5,0,0.5,0,0,0,0.5,0,0,0.3,0,2.3,0.5,0,0,0,0
7/29/2014,0,,0.2,0,0,6.5,0,0,1.3,0,0.5,0,2.1,0,0,0,0.2,0,0,7.6,0,0
7/30/2014,0,,0,0,0,2,0,1.7,2.2,1,0,0,23.5,0.7,1.7,0,0,0,0,1.6,0,1.5
7/31/2014,0,,0,0,0,1.6,0,0,0,0,0,0,0,0,0,0,0.3,0,0,0,0,0.3
8/1/2014,36.7,,0,1,0.2,2,0,0.2,0,0,5.4,0,0,0,0,0,0,0,0,11,0.2,0
8/2/2014,8.4,,0.7,8.6,0.2,1.2,0,2.2,0,54.3,2.6,0,15.2,0,0.4,0,0,2,0.7,1.4,0.4,0.7
8/3/2014,0.6,,0,0.6,0,0,0,0,2,0,0.2,0,0,0,0,0.1,0,0,0,0,0,0.5
8/4/2014,0,,0,0,0,0,0,0.3,0,0,0,0,1.8,0,0,0,0,0,0,2.6,0,0
8/5/2014,0,,6.8,0.3,0,5.2,21.7,10.2,5,0.3,0,0,0,0.9,0.3,1,1,7.5,68.5,0.7,9.7,7.4
8/6/2014,1.7,,0.4,6.2,0,2.1,0,0,4.6,0,3.8,0,0,6.2,3.1,1.3,1.1,2.5,0,0,0.3,0
8/7/2014,0,,3.5,0.6,0.4,8.4,0,5.1,6,0,1.2,2.1,0,4.9,5,0,0.9,2.6,0,0,0,0
8/8/2014,0.8,,0.2,0,0,0,0,0,0,0,0.7,1.3,0,0,1,0,0,0,7.2,0,0.2,25.3
8/9/2014,0,,0,0,0,0,0,0,0,0,0,0,0,0,0,0,0,0,0,0,0,0
8/10/2014,0,,0,0,0,0,0,0,0,0,0,0,0.6,0,0,0,0,0,0.4,0,0,0
8/11/2014,0,,0,0,0,0,0,0,0,0.9,0,0,0,0,0,0,0,0,0,0,0,0
8/12/2014,0,,0,0,0,1.2,0,0,0,0,1,0,0,0,0.2,0,0,0,0,0,0,0
8/13/2014,0,,0,1.7,0,0,0.2,0,0,2.3,3.3,8,0,0,1.8,0,0,0,0,0,0,0.8
8/14/2014,0,,0,0,0,0,0,0,0,0,0,0,5.6,0,0,0,0,0,0,0,0,0.7
8/15/2014,0,,0,0,0,0,9.2,0,0,12.6,0,0,0,0,0,0,0,0.1,0,0.5,0.1,2
8/16/2014,0.8,,0,0,1.9,0.5,1,0.8,0.9,21.6,0.3,0,5.9,1.3,0,0,0.5,1.5,3,22.2,0,77.8
8/17/2014,2,,0,0.4,0,0,0,0,0,0,3.1,0.6,1,0,0.6,2.3,0,0,0,0.7,0.5,3.1
8/18/2014,0,,0.1,0,2.9,0,0,2.5,0,20.1,0.8,0,0,0,0,0,0,0,1,0,0.5,0.3
8/19/2014,21.2,,1.3,7.4,15.2,0,15.2,4.6,0,45.4,11.2,12.8,17,12.4,0.3,22.1,1.4,0,69.7,14.9,32.4,62.6
8/20/2014,9,,0.3,0,0.9,2,0,7.7,0.1,3.3,3.6,0.9,0,1,16.7,0,0.7,0,1.5,0,0,11
8/21/2014,0.7,,0,1,0,2.4,0,3.1,0,0,1.3,3.2,0,0.4,3.6,0,1.1,0,0,3,0,0
8/22/2014,0,,0,0,0,0.5,76.7,0,0,6.9,0,0,0.6,0,0.3,0,0.8,0,6,50.8,0,0.4
8/23/2014,0,,0,0,0,0,0.5,0,0,0,0,0,0.4,0,0,0,0,0,0,0,0,0
8/24/2014,0,,0,0,0,0.4,0,0,0,0,0,0.1,0,0,0,0,0,0,0,0,0,0
8/25/2014,0,,62.2,0,0,3.3,0,28,0,7.4,1.3,3.5,0,0,0,0,0,0,23.5,0,0,35
8/26/2014,22.2,,6.6,93.3,73.5,13.8,25.8,7.1,99.5,5.5,62.4,25.9,21,26.8,9.4,23,1.3,62.9,4.7,22.5,35.3,3.7
8/27/2014,0,,0,0,0,2.3,2.5,0,0,0,0,0.4,0,0,0.9,0,0,0,0,0,5.1,0
8/28/2014,0,,0,0,0,0,0,0,0,0,0,0,0,0,0,0,0,0,0,0,0,0
8/29/2014,2.2,,10.6,0,0,0,16.3,0,0,0,0,0,0,0,0,0,0,0,6.3,0,0,5.2
8/30/2014,0,,0,0,0,0,0,0,0,0,2.9,0,0,0,0.1,0,0,0,0,0,0,0
8/31/2014,0.4,,0,1.5,0,6.8,0,0,0,44.6,3.8,0.5,0,0.5,0,0,1.2,0,0,0,0,2.3
9/1/2014,0,,0,0,0,9.6,25.2,0,0,2.6,1.5,0,40.8,6.4,0.1,0,1.1,0,8.9,32.8,0,10
9/2/2014,0,,0,2.4,0,0,5,0.4,0.7,0.6,0,1.4,0,0.7,0,4.6,0.9,0,0,3.1,0,0
9/3/2014,0,,0.8,0,0,0.3,0,0,0,0,1.6,0,0,0,0.1,0,0,0,0,0,0,0
9/4/2014,8.7,,15.8,0,0,0,0,51,0,8.4,1.6,0,0,0,0,0,0.3,0,22.6,0,17.8,66.9
9/5/2014,2.6,,0,21.5,0.5,0.1,41.9,28,0,2.7,13,1.4,13.3,0,5.6,6.6,3.8,0,0.9,4.5,37.1,1.2
9/6/2014,0,,0,0,0,1.9,0,0,0,0,0,1.4,0,0,0.3,0.2,0,0,5.6,0,4.8,25.1
9/7/2014,0,,0,0,0,5.5,0,0,0,0.3,0,0,4.1,0,0,0,0.4,0,9.3,0,21.5,5.1
9/8/2014,1.3,,0.4,0,0,0,0,4,0,9.9,0,0,4.7,0,0,0,0,0,12.5,0,0,20.5
9/9/2014,12.5,,0,0,5.4,0.6,4.1,61.7,0,45.7,21.1,6.7,0,0,0,0,0,0,1.4,0,0.5,14.8
9/10/2014,0,,0,0,0,0,0,0,0,0,0,0,10,0,1,0,0,0,16.2,27.5,1,16.5
9/11/2014,39.1,,1.8,2,2.7,0,0,8.1,38.8,15.1,14.5,7.2,0,0,0,0,0,55.3,0,0,1.2,10.6
9/12/2014,0.5,,0,12.4,0,0,24.9,0,0,0,5.4,0,0,0,19.7,21,0,0,13.6,1.5,12,1.8
9/13/2014,0,,0,0.2,0,0.7,0,0,0,0,0,0,0,0,0,0,0,0,6.9,6.2,0,16.2
9/14/2014,0,,0,6.7,0,0,13.9,0,0,7.3,3.6,0,0,0.1,4.9,0,0,0.5,0,0.7,0,0
9/15/2014,14.6,,4.2,1.4,8.9,1.1,0,53.5,0,44.4,0,0.5,20.2,1.6,0.4,0,9,2.8,4.3,0,0,0
9/16/2014,7.8,,0.8,2.1,9.9,1.3,6.5,2.5,5.1,2,13.8,2.6,30.4,2.4,4.1,5.2,0.8,1.5,32.3,29.5,13.8,0
9/17/2014,0,,0,46.9,4.6,7.4,0,15.5,6.4,34.3,1.2,0,10.9,0,61.9,0,39.6,4.8,5.2,0,0,0
9/18/2014,1.8,,79.9,3.3,0.8,32.5,0.8,9.6,0.2,0.3,6,10.1,1.6,0.5,0.1,2.8,27.3,0.5,32.1,0.6,78.9,36
9/19/2014,13.8,,0.5,0,13.2,0.3,0,5,0,4,7.4,10.9,0,2,0,10.7,3.7,0,0,0,25.1,0
9/20/2014,33,,2.6,0,3.2,0,17.8,38.6,2.8,8,33.1,7.5,0.8,2.6,7.1,29.8,0,0.2,0.3,3.5,17.8,2.8
9/21/2014,6.1,,0,8.1,1.9,0,1,0,0,0,1,0,0,2.1,1.6,0,0.8,0.3,1,0,2.3,7.1
9/22/2014,2.4,,14,6,0,1.2,0.8,0,0,13.5,0.7,0,0,0,1.4,0,0,0,0,0,26.6,0
9/23/2014,10,,0,16,14.1,0.7,41.2,16.6,25.9,23.7,18.6,17.1,7.6,0,25.4,0,0,16.1,10.2,25.5,4.8,10.5
9/24/2014,4.3,,1.2,5.7,18.3,7.6,0,18.8,4.8,0,1.9,28.5,0,0,90.2,0,4.5,3.6,0,0,0,0
9/25/2014,2.6,,0,0.6,0,1.8,8,0,0,0.1,0,0,2,0,13.5,0,2,0,28.9,43.5,3,5.7
9/26/2014,25,,22.6,29.5,52.6,34,0,15.2,10,6,25.4,15.2,16.9,11.8,8.8,7,2.9,27.2,0,0,18,19.7
9/27/2014,0,,0,0,2.9,12.9,16.4,0,0,0.1,1.5,0.2,7.1,0,0,1.5,17.7,0.3,20,18.7,43.5,2.8
9/28/2014,0.9,,0.6,0.1,1.2,7.4,0,0,0,0,0.1,0.4,0,4.6,0.5,0,5,0,0.1,0,17.5,1
9/29/2014,0,,0,0,0,2.2,14.9,0,0,17.1,0,0.9,23.1,0,0.3,0,9.1,0,32.8,26.7,0,24.4
9/30/2014,36,,8.3,6.1,10.9,16.2,0.5,50.7,9.2,6.3,3.6,0.7,0,2.5,31.2,13.8,1.8,2.3,0,0,21.2,0
10/1/2014,5.3,,0,3.5,0,2.2,0,0,0,0,0,0,0,0.6,2,0,2.3,0.5,0,0,0,0
10/2/2014,0,,0,0,0,0.2,0,0,0,1.4,0,0,1.4,0,0.5,0,0,0,18.5,0,0,0
10/3/2014,80,,14.7,0,2.7,0.3,0,18.4,10.2,39.6,0.8,3.4,0,0,8.3,23.8,0.3,14.8,5.2,18.6,25.4,14.2
10/4/2014,6.2,,0,6.7,0,0.6,0,0,0,0.2,17.3,4.1,0,0,9.9,14,2.9,0,31.5,1.2,17.2,11.1
10/5/2014,0,,0.7,0,0,4.2,4,0,0,0,0,0,0,0,0,0,0.6,0,0.9,0.9,0.5,0
10/6/2014,1.1,,0,0.2,0,0.3,0,0,0,0,6.5,0,0,0,0,0.1,0,0,7.8,5,1.9,2.8
10/7/2014,0.4,,0,0,0,0.1,0,0,0,0,0,0,14.2,0,0.5,5.6,0,0,0,0,0,0
10/8/2014,0,,0,10.2,0,0,0,0,0,14.6,0.1,0,0,0,5.3,6.7,0,0,0.6,0,0.2,3.8
10/9/2014,0,,0,0,0,0.4,0,0,0,0,0,0,0,0,0,0.1,0,0,0,0,17.9,0.7
10/10/2014,0,,0,31.1,11.3,2.2,0,0,0,69.1,15.9,22,0,16.5,1.2,0.1,0,1,0,0,0,0.4
10/11/2014,0.3,,49.8,12.8,10.6,0,0,20.6,5.7,0,7.2,0,1.3,1.7,1.7,24.3,0,1.2,0,0,8,0
10/12/2014,0.4,,0,0,0,0,4.2,0,0,4.5,0,0,0,0,8.9,1.8,2.3,0,27.8,1.4,9.1,0
10/13/2014,3.6,,0,0,0,6.5,0,5.6,0,26.6,0,0,0,0,4.2,0,0,0,7.9,23,54.5,11
10/14/2014,3.9,,0,0,0.4,2.1,0,0,0,0,0,11.8,0,0,0.1,0,0,0,0,0,0,0
10/15/2014,0,,0,7.7,0,0,2.1,0,0,0,0,0,0,0,0,0,0,0,0,0,1.1,0
10/16/2014,0,,0,0.4,0,0.3,15.4,0,0,0,0.3,7,0,0.2,1.3,0,0,0,0,1,2.4,0
10/17/2014,12.3,,0,0.2,0,4,0.9,0.4,0,0,0.4,17.5,0,6,4.2,0,6.6,0,0,0,1.6,15.9
10/18/2014,10.6,,6.8,0,0.9,0,0,2.3,0,4.3,0,46.1,0,0,20.6,13.8,0,0,0,0,38.2,8.6
10/19/2014,0,,0,0.2,35,45.9,2.1,14,7.2,0,11.3,4,0,10.4,0,0,13.7,31.2,0,0,0.5,0
10/20/2014,0,,0,20.3,0,9,0,0,0,0,0,0,0,6.3,3.1,0,24.2,0,0,0,0,2
10/21/2014,2,,0,0,0,0,0,0,0,9.6,0.6,52.3,0,0,0,0,0,0,0,0,0,0
10/22/2014,0,,0,0,0,0,0,0,0,0,0,0,0,0,0,0,0,0,0,0,1.8,0
10/23/2014,0,,0,0,0,0,0,0,0,0,0,0,0,0,0.1,0,4.9,0,0,0.6,0,0
10/24/2014,0.5,,0,0,0,1.9,0,0,0,0,0.6,0,0,0,0,0,0,0.4,0,0,0,2
10/25/2014,36.6,,20.4,7,8.9,29.1,0,37.8,48,9.2,8,9.8,0,22.8,46.6,7.2,9.8,41,0,0,8.1,0
10/26/2014,0,,1.1,0.1,0,0.7,0,0.9,0,1.6,0,0,0,0,0.2,0,1.1,0.2,2.3,0,0,0
10/27/2014,0,,0,15.7,0,1.1,2.3,0,0,0,0,0.3,0,0,0,0,8.1,0,10,0,0,0
10/28/2014,12.6,,0,0,0,0,0,0,0,0,0,0,0,0,0,0,0,0,0,0,4.3,0
10/29/2014,0,,0,0.9,0,1.3,3,0,0,9.1,0,0,0,0,0,36.8,0,0,0,0,38.5,3.9
10/30/2014,14.3,,0,28.7,0,0,1.2,0,0,0.9,0,1.8,6.3,0,34.1,4.8,0,0,0,0.1,1.1,0
10/31/2014,0,,0,0,0,0.4,4.5,0,0,0,0,0,0,0,0,0,0,0,0,0,0,0
11/1/2014,0,,0,0,0,9.4,15.4,0,0,0,0,0,0,0,0,0,42.2,0,0,0.8,0,0
11/2/2014,0,,0,0,0,0,0,6.8,0,0,0,0,0,0,2.5,0,0,0,0,0.1,0,0
11/3/2014,0,,0,0,0,0.1,9.8,0.6,0,0,3.4,0,0,0,0.5,0,0,0,0,5.5,0,0
11/4/2014,61.3,,4.3,31.5,18.1,19.4,3.9,8.8,15.5,0,5.7,23.2,0,1.8,4.6,0,3.3,53.6,8,0,5.9,0
11/5/2014,21.6,,38.7,18.6,28.3,48,4.1,9.5,16.4,0,11.6,41.7,0,53,58.7,14.9,33,7.8,0,0,3.9,0
11/6/2014,0,,0,0,0,0,0,0,0,0,0,0,0,0,2.3,0,0,0,0,0,0,0
11/7/2014,0,,0,0,0,0.2,0,0,0,0,0,0.3,0,0,0,0,0,0,0,0,0,0
11/8/2014,0,,0,7.5,0,0,0,0,0,0,0.1,0,0,0,17.4,4.2,0,0,0,0,17.1,0
11/9/2014,0,,0,0,0,12.9,0,0,0,0,0,0,0,0,0,0,0,0,0,0,0.3,0
11/10/2014,0.4,,0,0,0,40.7,0,0,0,0,2.2,0,0,0,0,2.4,21.7,0,0,0,0,0
11/11/2014,0,,0,1.7,12.3,0.1,0,4.2,0,0,45.1,1.8,0.9,0,5.3,11.9,0,0,0,17,29.7,3.1
11/12/2014,0,,0,0,0,0,0,0,0,0,0,0,0,0,0,0,0.7,0,0,0,7.5,0
11/13/2014,0,,0,0,0,0,0,0,0,0,0,4.5,0,0,4.5,0,0,0,0,0,0,0
11/14/2014,0,,0,4.4,0,0,0,19.1,0,0,0,0,0,0,0,0,0,0,0,2.6,0,0
11/15/2014,0.8,,2.2,0,0,0,0,0,0,0,0,0,0,0,0,0,0,0,0,0,0.6,0
11/16/2014,0,,0,0,0,7.9,0,0,0,0,0,0,0,0,0,0,0,0,0,0,0,0
11/17/2014,15.4,,0,8.2,0.2,0.3,0,39.3,0,0,30.1,0.8,0,0,1.6,0,2,0,0,0,0,0
11/18/2014,0,,0,0,0,0,0,0,0,0,0,0,0,0,0,0,0,0,0,9,0,0
11/19/2014,0,,0,0,0,0,0.8,0,0,0,0,0,28.6,0,0,0,0,0,0,0,0,0
11/20/2014,0,,0,0,0,0,0,0,0,0,7.7,0,0,0,16.5,0,0,0,4.6,1.6,0,0
11/21/2014,0,,0,0,0,0,0,0,0,0,6.3,0,0,0,1.4,3,0,0,0,0,0.4,0
11/22/2014,0,,0,0,0,0,0,0,0,0,0,0,0,0,0,0,0,0,0,0,0,0
11/23/2014,0,,0,0.3,0,6.9,0,0,0,0,0,0,0,0,0,0,0,0,0,0,0,0
11/24/2014,0,,0,0,0,1,0,0,25.7,0,0,0,0,5.8,0,0,2.4,0,0,0,0,0
11/25/2014,0,,0,0,0,34,0,0,0,0,0,0,0,0,0,0,0,0,0,0,0,0
11/26/2014,0,,0,34.7,0,0,0,0,0,0,0.4,0,0,0,0,0,0,0,0,0,0,0
11/27/2014,10.8,,0,21.3,0,0.5,0.2,0,0,0,0,7,0,2.4,37.8,0,0.1,0,0,0,0,0
11/28/2014,0,,11.2,0,0,0,0,0,0,0,0,38.3,0,0,0.4,0.7,0,0,0,0,21.6,0
11/29/2014,0,,0,0,0,0,0,0,0,0,0,0,0,0,0,0,0,0,0,0,0,0
11/30/2014,0,,0,0,0,0,0,0,0,0,0,0,0,0,0,0,0,0,0,0,0,0
12/1/2014,2,,0,12,0,0,0,0,0,0,0,0,0,0,0,0,0,0,0,0,0,0
12/2/2014,0,,0,0,0,0,0,0,0,0,0,0,0,0,0,0,0,0,0,0,0,0
12/3/2014,0,,0,0,0,17.5,0,0,0,0,0,0,0,0,0,0,12.4,0,0,0,0,0
12/4/2014,0,,34.4,0,0,19.9,0,0,0,0,0,0,0,13.7,0,0,0,1.1,0,0,0,0
12/5/2014,0,,0,6.2,0,0,0,0,0,0,2.5,1.9,0,0,20.6,0,0,0,0,0,0,0
12/6/2014,0,,0,0,0,0,0,0,0,0,2.3,0,0,0,0,0,0,0,0,0,0,0
12/7/2014,0,,0,0,0,18.6,0,0,0,0,0,0,0,0,0,0,0,0,0,0,0,0
12/8/2014,0,,0,0,0,0,0,0,0,0,0,0,0,0,0,0,0,0,0,0,0,0
12/9/2014,0,,0,0,0,0,0,0,0,0,0,0,0,0,24,0,0,0,0,0,0,0
12/10/2014,0,,0,0,0,0,0,0,0,0,0,0,0,0,0,0,0,0,0,0,0,0
12/11/2014,32.5,,6.8,3.8,0,1.6,0,0,0,0,0,0,0,20.8,11.1,0,5.7,0,0,0,0,0
12/12/2014,0,,4.7,1,0,0,0,0,0,0,24.7,0,0,0,0,0,0,0,0,0,0,0
12/13/2014,0,,0,2.2,0,0,0,0,0.6,0,0,0,0,0,0,0,0.7,0,0,0,0,0
12/14/2014,0,,0,0,0,1.5,0,0,0,0,0,0,0,0,0,0,0,0,0,0,0,0
12/15/2014,0,,0,0,0,0,0,0,0,0,0,0,0,0,0,0,0,0,0,0,0,0
12/16/2014,0,,0,0,0,7.2,0,0,0,0,0,0,0,0,0,0,0,0,0,0,0,0
12/17/2014,0,,0,0,0,0,0,0,0,0,0,1.2,0,0,0,0,0,0,0,0,0,0
12/18/2014,0,,0,0,0,0,0,0,0,0,0,0,0,0,0,0,0,0,0,0,0,0
12/19/2014,0,,0,0,0,0,0,0,0,0,0,0,0,0,0,0,0,0,0,0,0,0
12/20/2014,6.8,,50.5,2.6,0,0,0,1.7,0,0,0,0,0,0,0,0,0,0,0,0,0,0
12/21/2014,0,,0,0,0.8,26.4,0,0.4,0,0,0,0,0,0,0,0,0,0,0,0,0,0
12/22/2014,0,,40.7,3.7,12.3,9,0,19.5,0,0,0.5,0,0,0,0,0,0,0,0,0,0,0
12/23/2014,0,,0,0.4,0,6,0,0,0,0,0,0,0,0,0,0,10.5,0,0,0,0,0
12/24/2014,0,,0,0,0,0,0,0,0,0,0,0,0,0,0,0,0,0,0,0,0,0
12/25/2014,0,,0,0,0,5.1,0,0,0,0,0,0,0,0,0,0,0,0,0,0,0,0
12/26/2014,0,,0,0,0,0,0,0,0,0,0,0,0,0,0,0,0,0,0,0,0,0
12/27/2014,0,,0,0,0,0,0,0,0,0,0,0,0,0,0,0,0,0,0,0,0,0
12/28/2014,0,,0,0,0,0,0,0,0,0,0,0,0,0,0,0,0,0,0,0,0,0
12/29/2014,0,,0,0,0,0,0,0,0,0,0,0,0,0,0,0,0,0,0,0,0,0
12/30/2014,0,,0,0,0,0,0,0,0,0,0,0,0,0,0,0,0,0,0,0,0,0
12/31/2014,0,,0,0,0,0,0,0,0,0,0,0,0,0,0,0,0,0,0,0,0,0
1/1/2015,0,,0,0,0,0,0,0,0,0,0,0,0,0,0,0,0,0,0,0,0,0
1/2/2015,0,,0,0,0,0,0,0,0,0,0,0,0,0,0,0,0,0,0,0,0,0
1/3/2015,0,,0,0,0,0,0,0,0,0,0,0,0,0,0,0,0,0,0,0,0,0
1/4/2015,0,,0,0,0,0,0,0,0,0,0,0,0,0,0,0,0,0,0,0,0,0
1/5/2015,0,,0,0,0,0,0,0,0,0,0,0,0,0,0,0,0,0,0,0,0,0
1/6/2015,0,,0,0,0,0,0,0,0,0,0,0,0,0,0,0,0,0,0,0,0,0
1/7/2015,0,,0,0,0,0,0,0,0,0,0,0,0,0,0,0,0,0,0,0,0,0
1/8/2015,0,,0,0,0,0,0,0,0,0,0,0,0,0,0,0,0,0,0,0,0,0
1/9/2015,0,,0,0,0,0,0,0,0,0,0,0,0,0,0,0,0,0,0,0,0,0
1/10/2015,0,,0,0,0,0,0,0,0,0,0,0,0,0,0,0,0,0,0,0,0,0
1/11/2015,0,,0,0,0,0,0,0,0,0,0,0,0,0,0,0,0,0,0,0,0,0
1/12/2015,0,,0,0,0,0,0,0,0,0,0,0,0,0,0,0,0,0,0,0,0,0
1/13/2015,0,,0,0,0,0,0,0,0,0,0,0,0,0,0,0,0,0,0,0,0,0
1/14/2015,0,,0,0,0,0,0,0,0,0,0,0,0,0,0,0,0,0,0,0,0,0
1/15/2015,0,,0,0,0,0,0,0,0,0,0,0,0,0,0,0,0,0,0,0,0,0
1/16/2015,0,,0,0,0,0,0,0,0,0,0,0,0,0,0,0,0,0,0,0,0,0
1/17/2015,0,,0,0,0,0,0,0,0,0,0,0,0,0,0,0,0,0,0,0,0,0
1/18/2015,0,,0,0,0,0,0,0,0,0,0,0,0,0,0,0,0,0,0,0,0,0
1/19/2015,0,,0,0,0,0,0,0,0,0,0,0,0,0,0,0,0,0,0,0,0,0
1/20/2015,0,,0,0,0,2.1,0,18.8,0,0,1.2,0,0,0,0,0,0,0,0,0,0,0
1/21/2015,6.6,,0,0,0,0,0,0,0,0,0,0,0,0,9.4,0,0,0,0,0,0,8.4
1/22/2015,0,,0,0,0,21.5,0,0,0,0,0,0,0,0,11.1,0,0,0,0,0,0,0
1/23/2015,0,,0,0,0,0,0,0,0,0,0,0,0,0,0,0,0,0,0,0,0,0
1/24/2015,0,,29.8,0,31.5,0.3,0,0,5.8,0,0,0,0,13.5,0,0,0,0,0,0,0,0
1/25/2015,4.9,,0,4,0,10.7,0,16,0,0,0.6,0,0,0,0,0,0,0,0,0,0,0
1/26/2015,25.3,,0,0.1,3.4,0.2,0,2,0,0,0,0,0,0,8.1,0,0,0,0,0,0,0
1/27/2015,0,,0,0,0,0,0,0,0,0,21.8,0,0,0,0,0,0.5,0,0,0,0,0
1/28/2015,0,,0,0,0,0,0,0,0,0,0,0,0,0,0,0,0,0,0,0,0,0
1/29/2015,0,,0,0,0,0,0,0,0,0,0,0,0,0,0,0,0,0,0,0,0,0
1/30/2015,0,,0,0,0,0,0,1.7,0,0,0,0,0,0,0,0,0,0,0,0,0,0
1/31/2015,0,,0.4,0,0,0,0,0,0,0,6.7,0,0,0,0,0,0,0,0,0,0,0
2/1/2015,0,,0,0,0,1.1,0,10.2,0,0,0,0,0,0,0,0,0,0,0,0,0,0
2/2/2015,0,,0,0,0,0,0,0,0,0,0,0,0,0,0,0,0,0,0,0,0,0
2/3/2015,0,,0,0,0,0,0,4.3,0,9.5,0,21.1,0,0,0,4.6,0,0,0,0,0,0
2/4/2015,0,,0,2.6,0,4.1,0,2.9,0,0,0,0.4,0,0,0,0,0,0,0,0,0,0
2/5/2015,0,,0,0,0,0,0,0.7,0,0,0,0.1,0,0,0,6.9,0,0,0,0,19.9,0
2/6/2015,0,,0,0,0,0.4,0,1.2,0,0,0.5,5,0,0,0,0,0,0,0,0,0,0
2/7/2015,0,,12.6,37.7,3.6,17.1,0,0.6,0,0,0.3,0,0,0,33.5,0,0,0,0,0,0,0
2/8/2015,0,,0,0,0,0,0,0,0,0,0,0,0,0,0,0,0,0,0,0,0,0
2/9/2015,0,,0,0,0,0,0,0,0,0,0,0,0,0,0,0,0,0,0,0,4.5,0
2/10/2015,0,,0,0,0,0,0,0,0,0,0,0,0,0,0,0,0,0,0,0,0.2,0
2/11/2015,46.7,,10.4,8.8,11.9,51.4,3,28.2,11.5,0,14,12,0,8.6,48.6,11.6,24,20.3,3.4,0,23.7,0
2/12/2015,0,,0,0,0,0,0,0,0,0,0,0,0,0,0,0,0,0,0,0,0,0
2/13/2015,0,,0,0,0,0,0,0,0,0,0,0,0,0,0,0,0,0,0,0,0,0
2/14/2015,0.2,,0,0,0,2.2,0,0,0,0,0,0,0,0,0,0,0,0,0,0,0,0
2/15/2015,0,,0,4.4,0,0.4,0,0,0,0,0,0,0,15.2,0,0,0,0,0,2,0,0
2/16/2015,17.1,,0,2.1,0,0.1,0,9.7,0,0,16.9,12.7,0,0,10.5,15.1,0,0,0,0,0,0
2/17/2015,0,,0,0,8.5,0,0,0,7,0,0,0,0,0.7,0,0,8.9,0.1,0,0,9.4,0
2/18/2015,1.3,,0.2,0,7.4,0,0,30.2,23.9,0,1.2,0,0,34.7,0,0,0.7,27,0,0,0,0
2/19/2015,0,,0,0,0,0,0,17.5,0,0,0,0,0,0,0,0,0,0,5.8,0,0,20
2/20/2015,0,,0,0,0,0,9.6,0,0,0,0,0,3.2,0,0,0,0,0,5.3,0,0,12
2/21/2015,0,,0,0,0,0,3.6,0,0,5.3,26.5,12.2,0,0,0,56.4,0,0,1.2,0,0,5.2
2/22/2015,0,,0,0,0,0,0,0,0,0,0,0,0,0,0,0,0,0,0,0,2.2,0
2/23/2015,0,,0,0,0,8.5,0,0,0,0,0,0,0,0,0,0,17.6,0,0,0,0,0
2/24/2015,0,,0,0,0,0,0,0,0,0,0,0,0,0,0,0,0,0,0,0,0,0
2/25/2015,0,,0,0,0,0,0,0,0,0,1,0,0,0,0,0,0,0,0,0,0,0
2/26/2015,0,,0,0,0,0,0,0,0,0,0,0.5,0,0,0,0,6.3,0,0,0,0,0
2/27/2015,0,,0,0,0,0,0,0,0,0,0,0,0,6.8,0,0,13.1,0.5,0,0,0,0
2/28/2015,0,,0,0.4,0,0,0,0,0,0,0,0,0,0,0,0,0,0,0,0,0,0
3/1/2015,0,,0,0,0,0,0,0,0,0,0,0,0,0,0,0,0,0,0,0,0,0
3/2/2015,0,,0,0,0,0,0,0,0,0,0,0,0,0,0,0,0,0,0,0,0,0
3/3/2015,0,,0,0,0,0,0,0,0,0,0,0,0,0,0,0,0,0,0,0,0,0
3/4/2015,0,,0,0,0,0,0,34.8,0,2.4,9.1,0,0,0,2.4,0,0,0,0,0,0,0
3/5/2015,0,,0,1,0.3,0,0,0,0,0,0,0,0,0,11.9,0,0,0,0,0,0,0
3/6/2015,0,,1.8,10.8,0,1.2,0,0,0,0,2,0,0,0,4.4,0,0,0,0,0,0,0
3/7/2015,0,,0,0,0,0,0,0,0,0,0,0,0,0,0,0,0,0,0,0,0,0
3/8/2015,0,,0,0,0,0,0,0,0,0,0,0.1,0,0,0,0,0,0,0,0,0,0
3/9/2015,1.3,,0,0,6.1,0,0,0,0,0,9.9,0,0,0,1.5,0,0,0,0,0,0,0
3/10/2015,0,,0,0,0,0,0,10.4,1.4,0,0,0,0,0,0,0,7.2,0,0,0,0,0
3/11/2015,0,,0,0,0,0,0,0,0,0,0.4,0,0,0,0,0,0,0,0,0,0,0
3/12/2015,1.3,,0,16.9,12.1,3.7,0,15.6,0,0,98.3,63.3,0,3.1,1.3,3.4,2.9,0.1,0,0,10.4,0
3/13/2015,0,,6.2,0.8,0,0,0,1.4,0,0,0,0,0,0,1,0,0,0.4,0,6.8,0,0
3/14/2015,11.3,,0,0.7,0,0,4.2,0,0,0,0,0,0,0,6.1,36.2,0,3,0,0,0.8,0
3/15/2015,0,,0,0,30.7,61.7,0,0.5,27,0,19,0,0,34.7,0,0,8.9,0,0,0,0,0
3/16/2015,0,,0,12.5,0,0.8,0,0,0,0,0,0,0,0,0,0,0.5,0,0.8,0,6.2,0
3/17/2015,55.5,,0,0,12.2,6.2,6.1,10.1,0,0,27.4,23.9,0,48.3,6.7,51.7,41.8,0.5,1.9,0,0,10.9
3/18/2015,0,,0,0,0,0.3,0,0,0,0,0,0,0,0,0,0,0,0,0,0,0,0
3/19/2015,0,,0,0,0,0,0,0,0,0,0,0,0,0,0,0,0,0,0,0,0,0
3/20/2015,0.8,,0,0,0,9.6,0,13.2,34.5,0,0,0,0,0.3,2.2,0,14.8,1,0,0,0,0
3/21/2015,133.4,,38.5,0,19.1,2.3,0,23.2,13,48.3,10.6,20.7,0,0,9.1,0,16.5,14.4,0,0,15.9,8
3/22/2015,0,,0,0,0,0,0,0,0,0,0,0,0,0,0,0,0,0,0,0,0,0
3/23/2015,0,,0,0,0,0,1.3,0,0,0,0,0,0,0,0,0,0,0,0,0,0,0
3/24/2015,50.6,,13.7,0.2,0,5.5,0,2.5,2,15.3,40.8,7.4,0,0,0,17.6,0,1.6,14,0,29.7,35.1
3/25/2015,0,,12.1,1.6,16.1,0,0,0,8,0,3.8,0,0,2.6,0,0,1.6,11.1,0,0,0,0
3/26/2015,1.2,,0,30.2,0,0.1,9.5,0,0,0,0.3,18.1,0,0,24.4,1.6,0,0,5.6,0,0.5,1.2
3/27/2015,0,,19.6,0,0,0,0,0.8,0,0,0,0,0,0,0,2.6,0,0,0,0,0,0
3/28/2015,0,,0,0,0,0,0,0,0,0,7.6,0,0,0,0.3,0,0,0,0,0,0,0
3/29/2015,0,,0,0,0,0,0,10,0,0,0.1,0,0,0,0,0,21.4,0,0,0,0,0
3/30/2015,0,,0,0.5,0,7.4,0,0,0,0,0.5,38.1,0,0,5.6,0,0,0,0,0,0,0
3/31/2015,0,,22.5,81.7,42.8,0.8,0,1,12.9,0,3.7,0,0,27,0,0,0,1.6,0,0,0,0
4/1/2015,0,,0,0,0,0,0,0,0,0,0,0,0.8,0,4.4,0,0,0,0,0,0,0
4/2/2015,0,,0,0,0,0,0,0,0,0,0,0,0,0,0,0,0,0,0,0,0,0
4/3/2015,0,,0,0.1,0,0,0,0,0,0,0,0,0,0,0.2,0,0,0,0,0,0,0
4/4/2015,0,,0,1.7,0,0,0,0,0,0,0,6.4,0,0,46.4,0,0,0,0,0,0,0
4/5/2015,0,,0,0.6,0,1.4,10.2,0,0,0,0,41.2,0,0,14.7,19.8,0,0,0,0,3.7,1.5
4/6/2015,0,,0,0,0,0,0,0,0,0,0,0,0,0,0,0,0,0,0,0,0,0
4/7/2015,0,,0,0,0,0,7.5,20.7,0,3.2,0,22.7,0,0,48.4,0,0,0,14,0,6.2,1
4/8/2015,0,,0,0,0,0,0,0,0,35.9,0,38.2,0,0,4.2,38.1,0,0,0,0,9.1,0
4/9/2015,1.3,,6.1,21,22.2,0,0,0,9.3,0,32.5,0,0,7.6,0,0,0,11,0,0,0,0
4/10/2015,0,,0,16.1,0,31.6,0,0,0,0,0,0,0,7.9,0,0,4.1,0,0,0,0,0
4/11/2015,0,,32.7,9.6,80.8,4.9,21,31.2,48.2,0,42.2,45.7,25.5,23.2,5.5,2.8,7.9,83.8,17,9.2,11.2,18.2
4/12/2015,1.3,,0,2,0,3.2,0,0,0,0,0.4,0,0,0,0.5,8.4,1.1,0.1,0,0,0,0
4/13/2015,0,,0,0,0,0,0,0,0,0,0,0,0,0,0,0,0,0,0,0,0,0
4/14/2015,11.3,,0,0,0,4.5,0,0,0,0,0,0,0,0,0,0,27.9,0,0,0,0,0
4/15/2015,0,,0,0,0,0,0,0,0,0,0,0,0,0,0,0,0,0,0,0,0,0
4/16/2015,0,,0,0,0,0,0,0,0,0,0.7,0,0,0,0,0,0,0,0,0,0,0
4/17/2015,55.5,,0,0,1,0,0,0,0,0,0,11.1,0,0,0.9,0,0,0,0,0,0,0
4/18/2015,0,,0,3.1,0,0,0,0,0,0,0,0,0,0,22.8,0,0,0,0,0,20.2,0
4/19/2015,0,,0,0,0,1.1,0,18.9,0,0,0,13.5,0,0,0.3,0,0,0,0,0,0.8,0
4/20/2015,0.8,,0,0,0,1.1,0,0,0,0,0,25.3,0,0,14.6,0.4,0,0,0,0,5.7,0
4/21/2015,133.4,,0,0,0,0.3,2,0,0,0,0,0,0,0,2.1,0.4,0,0,0,0,0.4,0
4/22/2015,0,,0,5.8,0,0,0,0,0,0,0,23.1,0,0,22.3,1.2,0,0,0,0,0,0
4/23/2015,0,,0,0,30.9,19.6,0,15.1,0.5,0,0,0,0,10.2,0.2,0,26.1,0,0,0,0,0
4/24/2015,50.6,,0,0,0,0.9,0,0,0,29.3,0,0,0,0,0,56.6,17.1,0,0,0,0,0
4/25/2015,0,,0,0,0,0,15.6,0,0,0,0,0,0,0,0,0,0,0,0,15.5,0,0
4/26/2015,1.2,,0,14.5,0,0,0,7.7,0,0,29.1,0,0,10.9,0.7,0,0,0,2.7,0,28.2,0
4/27/2015,0,,0,0,0,0,0,0,0,0,0,0,0,0,0,2.6,0,0,0,0,0,0
4/28/2015,0,,0,8.1,35.1,0.5,0,0,0,0,0,4.3,0,0,10,0,0,0,0,0,0,10.2
4/29/2015,0,,0,7.8,0,0.5,0,0,0,0,0,0,0,0,0,8.8,0,0,0,0,0,0
4/30/2015,0,,0,0,0,0,0,0,0,0,0,0,0,0,2.5,0,0,0,0,0,0,0
5/1/2015,0.5,,0,0,0,0,2,1,0,0,0,3.1,0,0,0.1,0,0,0,0,0,43.7,0
5/2/2015,0,,0,0,0,0,0,0,0,2.5,0,0,0,0,0,0,0,0,0,0,0,0
5/3/2015,40.8,,50.3,3.2,4.8,41.7,31.2,14.3,26.5,5.6,4,3.7,0,37.7,48,0,40,30.6,6.2,2.7,0.1,27.5
5/4/2015,0,,0,0,0,0.7,0,0,1.3,0,0,0,0,0,0,0,0,1.3,0,0,0,0
5/5/2015,19.5,,9.9,16.1,2.6,1.9,0,10.6,8,2,4.9,2.4,0,10.5,18,0.2,0,42.3,0,0,5.2,0
5/6/2015,0,,0,0,0,0,0,0,0,0,0,0,0,0,0,0,0,0,0,0,0,0
5/7/2015,0,,0,0,0,3.2,0,0,0,0,0,0,0,0,0,0,0,0,0,10.6,3.1,0
5/8/2015,0,,0,0,0,5.2,0,0,0,0,0,0,19.2,0,7.2,0,0,0,0,26.6,0,0
5/9/2015,0.1,,0,0,0,0,0,0,0,9.3,0,0.7,0,0,0,0,0,0,0,0,9.8,0
5/10/2015,0,,0,0,29,7.6,0,33.1,0,0,12.4,0,0,0,16.2,1.4,0,0,1.5,0,0,32.9
5/11/2015,0,,0,0,0,0,0,0,0,0,0,0,0,0,0,0,2.9,0,0,0,1.3,0
5/12/2015,15,,0,0,0,0,0,0,0,0,0,2.5,0,0.2,0,36.7,0,0,0,0,19.4,1.8
5/13/2015,0,,11.4,12,0,0,0,12.5,11.5,0,1.4,3.9,0,4.3,0,2,2,20.5,0,0,0,0
5/14/2015,24.8,,54,2,0,0,13.3,27.3,0,0,5,4.2,0,7.5,3.1,0,3,2,15.4,0,0,1.5
5/15/2015,2.4,,0,0,0,0.8,0,0,0,0,0,0,0,0,0,0,1.2,0,0,0,1.2,0
5/16/2015,0,,0,3.6,0,0,0,9,0,0,0,27.7,0,0,0,0,0,0,0,0,0,0
5/17/2015,21.5,,0,0,2.4,0.6,0,10.2,2.1,6.5,3.7,1.4,0,0,13.3,4.8,0,0,0,0,1.4,0
5/18/2015,16.8,,0,4.7,0,24.6,8.3,0,2.7,0,0,0,5,0,7.5,0,0,4.7,0,6.4,0,0
5/19/2015,0,,0,4.2,0,0,0,0,0,0,0,2.9,0,0,0,0,0,0,0,0,0,0
5/20/2015,0,,0,32.5,0,3.5,1.7,0,0,5.6,46.6,0,0,0,15.2,27,5.3,0,0,0,1.3,0
5/21/2015,0,,0,8,0,0,0,0,0,0,0,27.2,0,0,0,0,0,0,0,0,0,0
5/22/2015,33.7,,3,5,0,17.2,0.2,2,15,0,0,13.6,0,1.7,7.7,20,41,6,0,2,28.3,0
5/23/2015,27.3,,7.2,54.8,1.2,14,5.4,28.8,10.1,10.3,4.5,0,17,42.9,9.9,8.3,20,26,2.2,22.9,11.6,0
5/24/2015,0,,0,0,0,0,0,0,0,0,0,0,0,0,0,0,0,0,0,0,0,0
5/25/2015,0,,0,0,0,0,6.4,0,0,0,0,0,0,0,0,0,0,0,0,0,0,0
5/26/2015,0,,0,0,0,0,0,0,0,0,0,7.8,0,17.3,10.9,4.1,23.4,0,4.6,0,4.6,0
5/27/2015,20.3,,0.6,11.6,0,7.6,0,0,36.3,11.5,0,17.3,0,12.2,0,3.5,46.6,11.1,0,0,0.6,0
5/28/2015,16,,1.3,0.3,0,0,3.5,0.8,4.8,0.7,0,0,0,1.3,23.6,12.4,0,1.4,0,0,16.4,0.4
5/29/2015,0,,0,0,0,10.6,0,0,0,0,0,0,0,0.6,0,0,0.5,0,0,0,0,0
5/30/2015,0,,3.2,0,0,0,0,0,0,0,0,0,0,0,0,0,0.9,0,0,0,0,0
5/31/2015,0,,0.4,0,0,2.1,0,0,20.4,0,0,0,20.1,42.1,0,0,12.1,11,1,0,0,1.9
6/1/2015,0,,7.3,0,4.3,7.4,19.2,0,35.2,0,0,0.6,0,86.1,0,0,1.7,142.3,0.8,7,0,0
6/2/2015,60.7,,2.6,21.6,0.9,88.3,10,52,12.5,7.7,4,76.2,0,29.7,0,8.6,44.2,22.3,0,0,0.7,0
6/3/2015,63.7,,11.8,28.5,65,123.2,0,17.3,212.8,8,21.3,32.6,0,98.5,53.2,9.4,61.8,91.4,0,0,17.3,0
6/4/2015,0,,0.4,0,0,4.7,0,0.7,1.8,15.5,0.2,2.2,0,0,11.6,0,1.8,0.5,28.9,0,0,0
6/5/2015,21.6,,3.5,12.6,1.7,121.8,0,0,11.1,3.5,4.7,43.2,0,20.1,25,2.5,56,4.7,0,0,0.7,0
6/6/2015,17.8,,0,0,0,0.7,0,0,0,37.8,0,15,0,0,12.8,0,0,0,1.1,0,5.6,0
6/7/2015,0,,24.4,0,1.3,1.8,0,20.8,1,0,0,0,0,5.9,1.8,0,0.6,3.6,0,0,0,0
6/8/2015,2.3,,34.7,0,0,1.9,0,0,2.5,31.4,0.8,0.7,10.8,9.4,0.3,9.8,1.2,16.9,0,44.4,8.8,2.5
6/9/2015,0.5,,2,6.4,1.8,0.3,0,6.4,4.8,3.8,3.7,4.5,0,0,4.7,204,1,14.2,0,0,17.7,0
6/10/2015,6.7,,0,1.1,0.7,11.8,9,0,0,0,24.5,0,20.7,0,0,0,0,0,16.4,9,0.3,8.7
6/11/2015,0,,0,0,0,1.2,0,0,1.7,0,0,0,0,0.7,0.5,0,0,0.7,0.2,1.2,0,0
6/12/2015,0.1,,0,0,0,64.3,19.6,0,0,11.5,0.4,12.6,0,0.2,0.5,9.6,0,0,0,0,2.7,0
6/13/2015,0.7,,0.3,0,0,0,8.5,7.6,18.5,0,0,1.5,0,1.3,20.5,0,0.4,36.7,0,5.8,0.8,0
6/14/2015,0,,30.9,1.3,4.8,50.8,0,24.5,35.3,0,4.3,5.7,0,62.6,0,0,83.3,10.5,0,0,0,0
6/15/2015,0,,0,0,0,0.7,0,0,0.3,0,0,0,15,0,0.9,0,0,0,0,0,0,0
6/16/2015,0,,0,0,0,0,0,0,0,0,0,0,2,0,0,0,0,0,11.7,0,0,0
6/17/2015,0,,0,0,0,0,0,0,0,0,0,0,0,0.3,0,0,0,0,0,0,0,0
6/18/2015,0,,0,0,0,0,0,33.4,1.5,17,0,0,0,0.1,0,0,0,0.5,0,0,15.7,0
6/19/2015,0,,0,0,0,0,0,0,0,5.8,0,25,0,0,41.8,0,0.4,0,0,0,0,0
6/20/2015,23.7,,43.9,68.6,31.5,16.1,0,55.4,31.5,12.8,91.1,0,0,34.3,43.6,17.7,19.6,30.2,2.5,2.5,0,0
6/21/2015,0,,1.2,7.6,3.1,0.7,0,0,0.9,0,14.8,0,0,2.4,0,0,0.5,0,0,0,0,0
6/22/2015,1.1,,0,2.7,0,0.3,0,0,1,1.2,0,0,0,1,0,0,0,1.7,0,0,0,0
6/23/2015,0,,0,0,0,0,0,0,0,0,0,0,7.7,0,0,0,0,0,0,0,0,0
6/24/2015,0,,0,0,0,0,0,0,7.9,0,0,0,2.3,0,0,0,0,0,0,4.1,1.1,0
6/25/2015,0,,0,0,0,0.7,0,0,0,0,0,0,0,0,0,0,0,0,0,0,0,0
6/26/2015,0,,0,0,0,0.1,0,0,0,0.5,0,0,0,0,0,0,0.6,0,7.6,0,0,21.9
6/27/2015,0.5,,0,0,0,0,19.1,1.4,0,2.4,0.2,106.9,0,0,0,0,0,0,61,3.5,0,0
6/28/2015,16.7,,0.9,19.9,11.3,0,0,4.6,0,0,25.4,1.7,0,1,0.7,0.1,0.9,0.1,0,0,7.6,0
6/29/2015,3.6,,0,6.6,0,0.3,0,0,0,0,1,5,0,0,14.1,0.3,0.4,0.5,0,0,0,0
6/30/2015,0,,0.2,1.5,0,0.4,0,0,0,0,6,0,26.5,0,0,0,0.1,0.1,0,0,0,0
7/1/2015,0,,0,0,0,0,0,0,1.2,0,0,0,0,0,0,0,0,0,0,5.8,0,0
7/2/2015,22.4,,18.7,0.7,67.9,0,9,57.3,18.8,10.9,27.1,6.4,0,0,5.8,10.4,0,32.8,31.7,0,12.1,9.6
7/3/2015,0,,3.6,4.6,0,4.7,0,0,0,0,7.6,4.1,0,5.3,0.3,0.4,0,0.3,0,0,0,0
7/4/2015,0,,0.2,0,0.6,2.7,0,0,0,0.6,0,0,0,0,0.3,3.8,1.8,0,0,0,0,0
7/5/2015,0.5,,0,0,0,0,0,0.2,0,0.5,0,0,5.4,0,1.2,0,0,0,23,2.4,0,0
7/6/2015,0.8,,0.2,0.6,0.8,0,0,0,0,3.9,0,0,0,0,0,58.6,0,0,6.6,0,6.7,5.1
7/7/2015,0,,0,0,0,0,2.1,0,0,0,0,13.5,0,0,0.5,0,0,0,3.9,2,8,15.2
7/8/2015,0,,0.2,0.7,0,0.3,9.6,0,0,0,0,24.3,2.6,0,13.5,0,0,0,0.5,6,0,0
7/9/2015,18.2,,0,0,0,0,90,0,0,0,0,4.7,15,0,0,0,0,0,2.9,20.3,28.2,12.4
7/10/2015,14.7,,31.5,3.6,47.7,0.4,40,14.1,11,21.2,16.5,22.6,0,0,9.5,32.2,0,2,0.2,0,29.3,5.2
7/11/2015,0,,0,0,0,0,0,0,0,0,0,0,0,0,0,0,27.2,0,0,2.8,0,0.4
7/12/2015,23.4,,0,19.4,16.5,0,7,0,4,0,1.5,48.9,1.9,0,5.1,9.8,0,0,12.6,0,10.5,23.3
7/13/2015,0,,0,0,0,2.1,0,0,0,0,0,0,0,0,26.3,0.4,3,0,0,0,0,0
7/14/2015,0,,0,0,0,0.4,0,0,2.3,21.7,1.7,0,0,24.3,1.7,0,0,0,0,0,0,0
7/15/2015,1.4,,5.6,13.2,0.3,4.2,11.6,4.4,3.6,0,1.2,0,19.6,0.8,4,0,0,3.4,0,1.8,17.3,0.5
7/16/2015,0,,1.8,0,0.6,0,0,0.5,0.6,21.7,0.9,0.3,0,11.4,9.5,0,0,0,0,0,0,0
7/17/2015,2.4,,0,0,0,1.3,0,0,0,0,0,3.1,0,0,0,0,0,0,1.1,0,0,0
7/18/2015,0,,0,0.4,0,0,0,0,0,0,3.6,0,0,0,1.2,0,0,0,0,0,0,0
7/19/2015,0,,0,0,0,0,0,0,0,0,0,0,48,0.7,0.3,0,0,0,22.1,0,0,17
7/20/2015,0,,0,0,0,0.4,6.3,0,0,0.5,0,0.5,1.1,0,0,1.3,0,0.4,4.3,28.2,0,28.4
7/21/2015,0,,0,0,0,0,2.5,0,0,0,0,0,0,0,0,0.3,0,0,0.6,1,0,0
7/22/2015,0,,0,0,0,0,1,0,0,0,0,0,0,0,0,0,0,0,0,0,0,0
7/23/2015,0,,0,0,0,0.3,0,0,0,0,0,0,0,0,0,0,0,0,0,0,0,0
7/24/2015,0,,0,0,0,0,0,0,0,0,0,0,0,0,0,0,0,0,0,0,0,15
7/25/2015,0,,0,0,0,0,0,0,0,0,0,0,0,0,0,0,0,0,0,0,0,0
7/26/2015,0,,0,0,0,0,0,0,0,0,0,0,2.6,0,0,0,0,0,0,0,0,0
7/27/2015,0,,0,0,0,0,3.1,0,0,25.6,0.2,0,7.4,0,0,0,0,0,40.1,1.8,0,0
7/28/2015,0,,0,0,0,0,0,0,0,0,0,0,0,0,0,0,0,0,0,7.5,0,0
7/29/2015,0,,0,0,0,0,0,0,0,0,0,0,0,0,0,0,0,0,0,0.9,0,0
7/30/2015,0,,0,0,0,0,0,0,0,0,0,0,0,0,0,0,0,0,0,0,0,0
7/31/2015,0,,0,0,0,0,0,0,0,0,0,0,0,0.9,0.6,0,0,0,0,0,0,0
8/1/2015,0,,0,0,0,0,0,0,0,8.2,0,0,19.5,0.4,0,0,0,0,0,0.9,0,0
8/2/2015,0,,0,0,0,0,3.2,0,0,0.4,0,0,38.7,0,0,0,0,0,1.5,23.6,0,0
8/3/2015,0,,0,0,0,5.6,0,0,0,0,0,0,0,0,0,0,0,0,4.1,0,0,1
8/4/2015,0,,0,1.6,0,5,0,0,0,0,0.5,0,0,0.4,9,0,0.5,0,0,0,0,1.9
8/5/2015,0,,0,0,0,0,0,0,0,0,0,0,0.5,0,0,0,2.2,0,0,0,0,0
8/6/2015,0,,0,0,0,0.8,0.8,0,0,0,0,0,0.6,0,0,0,0.2,0,26.7,0.5,0,33.8
8/7/2015,0,,0,0,0,12.9,1.5,0,0,0,0,0,5.6,0,4.3,0,0,0,0,0,0,0.7
8/8/2015,0,,0,0,0,0,0,0,0,0,0,0,0,0,0,0,3.3,0,3.6,0,0,0
8/9/2015,0.1,,0,0,0,0,13,0,0.3,22.6,0,0,56.5,0.6,0,0,0,0.4,5.6,36.7,0.9,68.1
8/10/2015,0.2,,0.4,0.3,0,24.4,8.7,0,0,7.7,5.1,0.3,3.1,2,0.7,12.9,0,0,18.6,7.3,0.3,70.5
8/11/2015,0,,0,0,0,3.9,2.5,0,0,0,0.3,0,0,0,0.2,0.5,6.6,0,0,3,0,0
8/12/2015,2.6,,8.6,0,4,0.6,25.3,2.8,0,41.8,9.6,0,0,0,0,0,0,0.1,0,24.5,0,13.8
8/13/2015,0,,0,0,3.4,0.1,0,0,0,0,18.1,0,0,1.9,0.3,0,0,0,0,7,0,0
8/14/2015,0,,0.2,2.7,0,0.2,8,0.2,0,0,0.3,0,38.8,0,0.4,0,0.9,0,28,49.8,0,8.4
8/15/2015,0,,0,3.6,0,0.3,0,0,0,0.9,0.6,1.6,14.1,0,0.2,2.6,0.8,0,0,0,0,0
8/16/2015,0,,0,0,0,0,0,0,0,0,0.7,0,0,0,0.7,0,0,0,0,0,0,0
8/17/2015,0,,0,1.2,0,0,0,0,0,15.6,0.5,0,11.2,0,0,0,0,0,0,4.7,0,4.5
8/18/2015,0,,0,0,0,0,0,0,0,0,0,0,0,0,1,0,0,0,0,0,0,1
8/19/2015,0,,0,1.3,0,0,0,0,0,0,1.2,0,0.8,0,0.2,0,0,0,0,0,2.4,3.6
8/20/2015,2.8,,0,0,0,0,8.7,2.6,0,0.5,0.4,0,10.2,0,0.2,0,0,0,36.2,22.3,0.9,23.5
8/21/2015,0.4,,0,0.3,0,4.7,5.4,1.2,0,27.6,0.1,0,0,0,0.6,2,0,0,0,8,16.9,0
8/22/2015,0,,0,0,0,0.3,0,0,0,0,0,0,0,0,0.3,0,0,0,0,0,0.9,0
8/23/2015,0,,0,0,0,0,11.5,0,0,8,1.4,0,0,0,0,0,0,0,8.2,15,0,10.3
8/24/2015,0,,0,0,0,0,9.5,0.6,0,1.7,0,0.1,43,0,0,0,0,0,0,0,0,0.1
8/25/2015,0,,0,0,0,1.3,0,0,0,0,0,0,0.5,0,0,0,1,0,0,0.5,26.3,0
8/26/2015,0,,0,0,0,0,0,0,0,0,0,0,24.5,0,0,0,0,0,45.3,6,0,3
8/27/2015,0,,0,0,0,0,0,0,0,28.3,0,0.9,5.6,0,3,0,0,0,0,3.5,0,0
8/28/2015,0,,0,1.6,0,0,0,0.6,0,1,0,0,0,0,0,0,0,0,13.2,0.4,0,0
8/29/2015,0,,0,0,0,0.4,0,0,0,0,0,0,8.9,0,0,0,0,0,0,0,1.1,0
8/30/2015,0,,0,0,0,0.7,0,0,0,0,0,0,0,0,0,0,0,0,0,0,0,0
8/31/2015,0,,2,0,3.1,0,0,4,0,12.9,0.8,0,1.6,0,0,0,0.6,0,9.6,12.8,0,14.4
9/1/2015,0,,0,0,0,1.1,27,0,0,3.8,0,0,10.2,0.2,0,0,1,0,0.5,1.2,0,3.6
9/2/2015,0,,0,0,0,2.6,0,0.5,0,0,0,3.9,0,0,0,0,1.5,0,0,5.7,0,0
9/3/2015,0,,0,0,0,0.1,0,0,0,0,0,0,44.7,0,0,0,0,0,1,0.1,0,0.2
9/4/2015,0,,0,0,0,0.3,21.1,0,0,0,0,0,6.7,0,0,0,0,0,29.1,8.6,0,0.4
9/5/2015,0,,0,0,0,0,0,0,0,0,5.5,0.9,1.1,0,0,6.2,0,0,9.8,1,1.1,1.1
9/6/2015,0,,0,2.1,0,0,2.5,0,0,0,1.6,0,16.3,0,0.2,0,0.2,0,4.7,23.6,0,0
9/7/2015,0,,0,0.7,0,0,0,0,0,2.8,0,0.5,16.2,0,0,0,0.7,0,29,24.1,0,19.5
9/8/2015,0.1,,0,0,0,0,0,0,0,0,0,0,0,0,0,0,2.6,0,0,2,0,0
9/9/2015,0,,0,0,0,1.3,0,0,1.2,1.8,0,0,0,0.4,4.7,0,0,0.6,0,0,0,6.3
9/10/2015,0,,0,0,0,0,0,0,0,0,0,0,0,0,0,0,0,0,0,0,0,0
9/11/2015,11.3,,3.1,28.5,13.7,2.8,7.2,31.8,3,1.1,1,4.3,23.5,0,10.7,29,0,0,14.5,0,30.4,28.2
9/12/2015,0,,0.9,0,0,0,0,0,0.5,0,0,0,0,0,0,0,0,0.6,0,0,0,0
9/13/2015,0,,16.2,0,0,0.7,0,0,0,0,0,0,14.8,0,0.5,0,0,0,0.2,0,0,0.4
9/14/2015,1.7,,0.7,1.1,3.9,0.2,0,5,0,3.5,0,0,0,0,0,0,0,0,7.2,4.5,8.1,0
9/15/2015,0,,0,0,0,0.3,12.1,0,0,91,10.3,0,27,0,0,0,0,0,11.2,7.3,6.4,42.6
9/16/2015,0,,0,0,0,1.2,0,0,0,0,0,0,0,0,0.4,0.7,0.5,0,0,70,5.2,0
9/17/2015,0,,0,0,0,0,1.6,0,0,0,0,0,0,0,0,0,0,0,19,0,0,8.8
9/18/2015,0,,0,0,0,0.7,0,0,0,0,0,0,0,1.6,0,0,0.5,0,26,1.1,0,0
9/19/2015,0,,0,0,0,0,0,0,0,0,0,0,6.8,0,0.2,0,0,0,0,0,0,0
9/20/2015,0,,0,21.2,0,0,0,0,0,0.6,0.2,0,42.4,0,0,0,0,0,26.8,0,5.6,0
9/21/2015,13.6,,0.2,0,0,0.2,17.7,0,0,0,0,4.1,8.8,0,0,5,0.7,0.9,2.6,18.2,6.4,0
9/22/2015,2,,0,0,0,0,0,0,0,0,3.3,18.1,0,0,0.4,0,0,0,0,1,25.1,12
9/23/2015,0.5,,0,0,0.4,0,0,0,0,0,1.7,0,0,0,2.1,0,0,0,0,0,0,0
9/24/2015,5,,0,0.6,6.9,0,13.3,16.8,0,26.8,29.3,0.5,0,0.2,5.5,1.6,0,0,0,0,15.1,0
9/25/2015,0.6,,0,0,0.3,0,0,0,0,0,1.8,0.6,0,0,0.3,0,0,0,26.6,6,0,8.7
9/26/2015,0,,0,9.9,0,0,0,0,0,1.1,0,0,0,0,0,0,0,0,0,12.5,0,0
9/27/2015,0,,0,0.2,5,0.3,0,0,0,0,0.4,19.4,0,0,0,0,0,0,0,1.4,0,2.7
9/28/2015,2.4,,0,5.2,0,0,8.8,0,0,9,2.3,9.6,18.7,0,0.1,10.9,0,0,17,8,5.6,6.6
9/29/2015,0,,0,0,0,0,0,47.8,0,91,0,34.2,0,0,0.8,0,0.7,0,0,0,0,0
9/30/2015,15,,0,0,0,0,0,7.7,12.9,0,54.2,5.6,2.6,0,42.1,2,0,0,0,9,0.1,0.3
10/1/2015,0,,0,0,0,0,0,0,0,0,0,0,0,0,0.4,0,0,0,0,4.5,0,0
10/2/2015,8.1,,0,1.7,2,0,53.7,18.2,0,14,6.3,2,12.3,0,0,17,0,0,5.4,25.5,15.5,31.9
10/3/2015,0,,0,0,0,0,0,0,0,0,0.2,0,0,0,24.7,0,0,0,0,0,0,0
10/4/2015,14.6,,0,7,0,0,34.3,9.9,0,5,0.5,11,4.5,0,3.1,5.3,0,0,1,8.5,0,46
10/5/2015,0.2,,0,0,0,0,0,7.5,0,2.2,0,0.5,3.5,0,3,1.8,0,0,0.3,0,0,0
10/6/2015,3.3,,19.4,0,15.5,0,1.6,0,0,2.4,0.5,13.9,0.5,0,13.3,4.3,0,0,1.3,1,29.7,29.5
10/7/2015,9.5,,0.2,4.8,0,0,15.3,29.1,0,32.9,20.3,15.2,0,0,59.2,3.3,11.4,0,7.2,31.8,14,2.5
10/8/2015,34.8,,23.4,3.6,0.5,47.1,0,3.8,21.5,0,33.4,38.9,0,6.3,43.9,1.1,4.6,7.6,0,0,1.1,0
10/9/2015,35.9,,0.4,26.5,0,20.4,0,10.7,35.6,0,4.4,8.6,0,0,0.2,20.2,23,5.5,0,16,0.2,0
10/10/2015,0,,11.6,0,0,3.1,0,0,0,0,0,7.6,0,0,1,13.2,2.5,0,0,6.1,0.7,10.5
10/11/2015,0,,0,0,0,0,0,4.4,0,0,0,0,2.9,0,0,0,0,0,0,0,0,9.6
10/12/2015,0,,0,0,0,0,1.5,17.8,0,0,0,0,0,0,0,0,0,0,0,0,11.7,8.8
10/13/2015,0,,0,0,0,0,0,10,0,0,0,0,0,11.6,0,0,1,0,0,0,0,0
10/14/2015,0.6,,4.2,6.2,41,9.5,0,7.5,19.6,0,34.2,0,0,15,11.7,4.8,18.1,8.3,0,0,17.5,3.3
10/15/2015,0,,0,0,0,5,0,0,0,0,0.3,0,0,0,0,0,0,1.2,0,0,0,0
10/16/2015,0,,0,11.1,0.9,27.2,0,2.1,0,0,0,0,0,0,3.2,0,19.7,0,0,0,0,0
10/17/2015,0,,0,1.7,0,9.8,6.5,11.8,0,0,0,0,0,0,28.3,9.6,4,0,0,0,0,2.5
10/18/2015,0,,0,32.8,24.6,2.4,0,0,0,0,0,0,0.8,0,2.5,3.4,0.3,0,0,0,0,0
10/19/2015,10.4,,30.8,7.4,3,1.1,0,1,0.4,0,11.2,6.3,11.8,18.5,0.4,20.6,0.8,1.8,0,16.7,5.8,0
10/20/2015,18,,0,0,2,9.1,2.3,0,5.5,0,0.4,0.2,0,0,9.5,19.5,0.9,14.1,0,0,20.2,0
10/21/2015,9.4,,17.2,14.8,20.6,2.8,13.2,11.8,1.5,4.7,28.9,27.3,0,108.3,19.7,25.4,5,2.4,17.9,0,0.4,8.8
10/22/2015,9.2,,0,0,0,0.5,0,0,0,0,0,1.2,0,0,0,0,0,0,0,0,0,0
10/23/2015,0,,0,9,0,0,0,0,0,0,0,0,0,0.2,0,0,0.8,0,0,0,0,0
10/24/2015,6,,0,30.6,0,2.4,0,0,0,3.6,17.8,0,0,2,0,0,0,0,0,0,2,0
10/25/2015,0.2,,0,3.7,2.2,1.5,0,0,0,10.6,0,0,4.2,0,12.6,11.2,0,0,0,0,13.6,0
10/26/2015,0,,16,0,0,0.8,0,0,0,2.7,0,0,0,0,0,0,0,0,0,0,9,0
10/27/2015,13.8,,0.6,14.8,21,5,5.7,5.2,1.5,10.3,5,0,4.6,10.4,34.4,6.6,1.6,0,14,7,0.8,0
10/28/2015,0,,0,4.5,0.2,0,0,0,0,0,5.6,6.8,0,0,1.2,0,0,0,0,0,0,0
10/29/2015,3.4,,10.6,20.1,31.6,6,0,13.4,45.3,17.5,9,0,0,31.5,22.6,15.2,15.6,13.6,0,0,0,0
10/30/2015,0,,4.8,4.1,4.5,17.8,0,14,0,3.4,2.6,2.6,4.3,0,14.7,0,33.9,0,0,0,29.5,0
10/31/2015,0,,1.9,2.7,0,9.9,1.1,28.4,16.5,2.2,0,0.1,0,0,21.3,6.2,11.1,4.5,0,0,46.1,0
11/1/2015,0.2,,0,0,0,10.4,0,0,0,0,0,0,0,0,18.6,0,0,0,0,0,0,0
11/2/2015,28.3,,0,0.3,0,8.2,0,0,0,0,1.3,10.7,0,25.1,3.3,0.3,9.3,0,0,0,19.8,0
11/3/2015,0,,0,5,0,0,0,0,0,0,0,0,0,0,4.7,0,0,0,0,0,0,0
11/4/2015,0,,0,0,0,3,0,0,0,0,0,0,0,0,0,0,0,0,0,0,0,0
11/5/2015,0,,8,5.8,0,0,0,0,0,0,0,0,0,0,0,7.6,0,0,0,0,0.7,0
11/6/2015,0,,7.8,43.5,2.5,105.2,0,2.7,30.8,0,17,5.1,0,29,6.8,0,46.5,19.2,0,0,9,0
11/7/2015,0,,2.4,0.7,3.9,17.9,0,20.6,0,0,8.6,0,0,0,0,0,1.6,0,0,0,5.9,0
11/8/2015,0,,0,0,0,0,0,6.5,0,3.2,0,12.2,0,0,0,12,0,0,0,0,1.4,0
11/9/2015,0.8,,0,3.4,0.6,8.6,0,2.2,4.5,0,0.6,1.8,0,0.2,35.6,9.6,0,0,0,0,6.4,0
11/10/2015,2.1,,0,0.4,0,0,0,0.6,0,0,0.4,0,0,0,10.1,30.6,0,0,0,0,0.6,0
11/11/2015,0,,0,10.9,4.2,0,0,0,0,0,11.9,0,0,0,3.1,0,5.6,0,0,0,1.6,0
11/12/2015,0,,8.6,0.7,0,7.6,0,0,0,0,0,0,0,5.6,0.3,0,0,0,0,0,0.6,0
11/13/2015,0,,0,0,0,0,0,0,0,0,0,0,0,0,0,0,0,0,0,0,0,0
11/14/2015,0,,0,0,0,0.2,0,0,0,0,0,0,0,0,0,0,0,0,0,0,0,0
11/15/2015,0,,0,0,0,0,0,0,0,0,0,0,0,0,0,0,0,0,0,0,0,0
11/16/2015,2.9,,0,0,0,0,0,24.5,7.1,0,0,0.1,0,3.4,0,0,22.5,0,0,0,0,0
11/17/2015,0,,0,2,4.3,13.9,0,33.5,0,0,0,10.2,0,0,2.6,2.9,1.7,0,0,0,0,0
11/18/2015,0,,0,0,0,0,0,0,0,0,0,0,0,0,16.6,0,0,0,0,0,0,0
11/19/2015,0,,7.9,41.7,0,0,0,0,0,0,0,0,0,0,0,0,0,0,0,0,0,0
11/20/2015,0,,6.9,22.9,0,0,0,0,0,0,0,0,0,0,0,0,0,0,0,0,0,0
11/21/2015,0,,1.2,13.1,0,0,0,0,0,0,0,0,0,0,0,0,0,0,0,0,0,0
11/22/2015,0,,0,0,0,10.1,0,0.4,0,0,0,0,0,49.8,0,0,0,0,0,0,0,0
11/23/2015,0,,0.2,13.4,0,0,0,0,0,0,0,0.1,0,0,0,0,0,0,0,0,0,0
11/24/2015,0,,0,0,0,0,0,0,0,0,0,0.5,0,0,3.1,0,0,0.2,0,0,0,0
11/25/2015,0,,0,3.3,15.3,0,0,0,0,0,3.3,0,0,0,9.9,0,0,0,0,0,0,0
11/26/2015,0,,59,6.8,0,1.9,0,0,0,0,0,0,0,0,21.8,0,0,0,0,0,0,0
11/27/2015,1.5,,8.2,0.5,0,0,0,0,0,0,0.6,0,0,0,0,0,0,0,0,0,0,0
11/28/2015,0,,0,35.5,0,0,0,0,0,0,5.7,0,0,0,0,0,0,0,0,0,0.8,0
11/29/2015,0,,9.6,0.1,0,0,0,0,0,0,0,0,0,0,0,0,0,0,0,0,0,0
11/30/2015,0,,0,0,0,2.3,0,1.2,0,0,0,0,0,0,0,0,0,0,0,0,0,0
12/1/2015,0,,35.4,0,0,24.7,0,0,0,0,0,0,0,0,0,0,0,0,0,0,0,0
12/2/2015,0,,8,0,0.3,9.8,0,0,11.4,0,0,0,0,0,49.3,0,0,2.7,0,0,0,0
12/3/2015,0,,0,0,0,9.9,0,0,0,0,0,0,0,2.8,0.3,0,0.3,0,0,0,0,0
12/4/2015,0,,0,0,0,0,0,0,0,0,0,0,0,0,0,0,0,0,0,0,0,0
12/5/2015,0,,0,0,0,0,0,0,0,0,0,0,0,0,0,0,0,0,0,0,0,0
12/6/2015,0,,0,0,0,0,0,0,0,0,0,0,0,0,0,0,0,0,0,0,0,0
12/7/2015,0,,0,0,0,0,0,0,0,0,0,0,0,0,0,0,0,0,0,0,0,0
12/8/2015,0,,0,0,0,0,0,0,0,0,0,0,0,0,0,0,0,0,0,0,0,0
12/9/2015,0,,0,0,0,0,0,0,0,0,0,0,0,0,0,0,0,0,0,0,0,0
12/10/2015,0,,0,0,0,0,0,0,0,0,0,0,0,0,0,0,0,0,0,0,0,0
12/11/2015,0,,0,0,0,0,0,0,0,0,0,0,0,0,0,0,0,0,0,0,0,0
12/12/2015,0,,0,0,0,0,0,0,0,0,0,0,0,0,0,0,0,0,0,0,0,0
12/13/2015,0,,0,0,0,0.2,0,0,0,0,0,0,0,0,0,0,0,0,0,0,0,0
12/14/2015,0,,0,0,0,0,0,0,0,0,0,0,0,0,0,0,0,0,0,0,0,0
12/15/2015,0,,0,0,0,0,0,0,0,0,0,0,0,0,0,0,0,0,0,0,0,0
12/16/2015,0,,0,0,0,0,0,0,0,0,0,0,0,0,0,0,0,0,0,0,0,0
12/17/2015,0,,0,0,0,0,0,0,0,0,0,0,0,0,0,0,0,0,0,0,0,0
12/18/2015,0,,0,0,0,0,0,0,0,0,0,0,0,0,0,0,0,0,0,0,0,0
12/19/2015,0,,0,0,0,0,0,0,0,0,0,0,0,0,0,0,0,0,0,0,0,0
12/20/2015,0,,0,0,0,0,0,0,0,0,0,0,0,0,0,0,0,0,0,0,0,0
12/21/2015,0,,0,0,0,0,0,0,0,0,0,0,0,0,0,0,0,0,0,0,0,0
12/22/2015,0,,0,0,0,0,0,0,0,0,0,0,0,0,0,0,0,0,0,0,0,0
12/23/2015,0,,0,0,0,0,0,0,0,0,0,0,0,0,0,0,0,0,0,0,0,0
12/24/2015,0,,0,0,0,0,0,0,0,0,0,0,0,0,0,0,0,0,0,0,0,0
12/25/2015,0,,0,0,0,0,0,0,0,0,0,0,0,0,0,0,0,0,0,0,0,0
12/26/2015,0,,0,0,0,0,0,0,0,0,0,0,0,0,0,0,0,0,0,0,0,0
12/27/2015,0,,0,0,0,0,0,0,0,0,0,0,0,0,0,0,0,0,0,0,0,0
12/28/2015,0,,0,0,0,0,0,0,0,0,0,0,0,0,0,0,0,0,0,0,0,0
12/29/2015,0,,0,0,0,0,0,0,0,0,0,0,0,0,0,0,0,0,0,0,0,0
12/30/2015,0,,0,0,0,0,0,0,0,0,0,0,0,0,0,0,0,0,0,0,0,0
12/31/2015,0,,0,0,0,0,0,0,0,0,0,0,0,0,0,0,0,0,0,0,0,0
1/1/2016,0,,0,0,0,1.8,0,0,0,0,0,0,0,0,0,0,3.4,0.5,0,0,0,0
1/2/2016,0,,0,0,0,0,0,0,0,0,0,0,0,0,0,0,0,0,0,0,0,0
1/3/2016,0,,0,0,0,0,0,0,0,0,0,0,0,0,0,0,0,0,0,0,0,0
1/4/2016,0,,0,0,0,0,0,0,0,0,0,0,0,0,0,0,0,0,0,0,0,0
1/5/2016,0,,0,0,0,0,0,0,0,0,0,0,0,0,0,0,0,0,0,0,0,0
1/6/2016,0,,0,0,0,0,0,0,0,0,0,0,0,0,0,0,0,0,0,0,0,0
1/7/2016,0,,0,0,0,0,0,0,0,0,0,0,0,0,0,0,0,0,0,0,0,0
1/8/2016,0,,0,0,0,0,0,0,0,0,0,0,0,0,0,0,0,0,0,0,0,0
1/9/2016,0,,0,0,0,0,0,0,0,0,0,0,0,0,0,0,0,0,0,0,0,0
1/10/2016,0,,0,0,0,0,0,0,0,0,0,0,0,0,0,0,0,0,0,0,0,0
1/11/2016,0,,0,0,0,0,0,0,0,0,0,0,0,0,0,0,0,0,0,0,0,0
1/12/2016,0,,0,0,0,0,0,0,0,0,0,0,0,0,0,0,0,0,0,0,0,0
1/13/2016,0,,0,0,0,0,0,0,0,0,0,0,0,0,0,0,0,0,0,0,0,0
1/14/2016,0,,0,0,0,0,0,0,0,0,0,0,0,0,0,0,0,0,0,0,0,0
1/15/2016,0,,0,0,0,0,0,0,0,0,0,0,0,0,0,0,0,0,0,0,0,0
1/16/2016,0,,0,0,0,0,0,0,0,0,0,0,0,0,0,0,0,0,0,0,0,0
1/17/2016,0,,0,0,0,0,0,0,0,0,0,0,0,0,0,0,0,0,0,0,0,0
1/18/2016,0,,0,0,0,51.4,0,0,0,0,0.7,0,0,0,0,0,0,0,0,0,0,0
1/19/2016,0.5,,2.4,0,16.9,0.2,0,25,0,0,0,0,0,0,0,0,0,0,0,0,0,0
1/20/2016,0,,0,10.5,0,0,0,0.7,0,0,0,0,0,0,0,3.4,0,0,0,0,0.8,0
1/21/2016,0,,0,0,0,0,0,0,0,0,0,0,0,0,0,0,0,0,0,0,0,0
1/22/2016,0,,0,0,0,0,0,0,0,0,0,0,0,0,0,0,0,0,0,0,0,0
1/23/2016,0,,0,0,0,0,0,0,0,0,0,0,0,0,0,0,0,0,0,0,0,0
1/24/2016,0,,0,0,0,0,0,0,0,0,0,0,0,0,0,0,0,0,0,0,0,0
1/25/2016,0,,0,0,0,0,0,0,0,0,0,0,0,0,0,0,0,0,0,0,0,0
1/26/2016,0,,0,0,0,0,0,0,0,0,0,0,0,0,0,0,0,0,0,0,0,0
1/27/2016,0,,0,0,0,0,0,0,0,0,0,0,0,0,0,0,0,0,0,0,0,0
1/28/2016,0,,0,0,0,0,0,0,0,0,0,0,0,0,0,0,0,0,0,0,0,0
1/29/2016,0,,0,0,0,0,0,0,0,0,0,0,0,0,0,0,0,0,0,0,0,0
1/30/2016,0,,0,0,0,0,0,0,0,0,0,0,0,0,0,0,0,0,0,0,0,0
1/31/2016,0,,0,0,0,0,0,0,0,0,0,0,0,0,0,0,0,0,0,0,0,0
2/1/2016,0,,0,0,0,0,0,0,0,0,0,0,0,0,0,0,0,0,0,0,0,0
2/2/2016,0,,0,0,0,0,0,0,0,0,0,0,0,0,0,0,0,0,0,0,0,0
2/3/2016,0,,0,0,0,0,0,0,0,0,0,0,0,0,0,0,0,0,0,0,0,0
2/4/2016,0,,0,0,0,0,0,0,0,0,0,0,0,0,0,0,0,0,0,0,0,0
2/5/2016,0,,0,0,0,0,0,0,0,0,0,0,0,0,0,0,0,0,0,0,0,0
2/6/2016,0,,0,0,0,0,0,0,0,0,0,0,0,0,0,0,0,0,0,0,0,0
2/7/2016,0,,0,0,0,0.2,0,0,0,0,0,0,0,0,0,0,0,0,0,0,0,0
2/8/2016,0,,0,0,0,0,0,0,0,0,0,0,0,0,0,0,0,0,0,0,0,0
2/9/2016,0,,0,0,0,0,0,0,0,0,0,0,0,0,0,0,0,0,0,0,0,0
2/10/2016,0,,0,0,0,0,0,0,0,0,0,0,0,0,0,0,0,0,0,0,0,0
2/11/2016,0,,0,0,0,0,0,0,0,0,0,0,0,0,0,0,0,0,0,0,0,0
2/12/2016,0,,0,0,0,0,0,0,0,0,0,0,0,0,0,0,0,0,0,0,0,0
2/13/2016,0,,0,0,0,0,0,0,0,0,0,0,0,0,0,0,0,0,0,0,0,0
2/14/2016,0,,0,0,0,0,0,0,0,0,0,0,0,0,0,0,0,0,0,0,0,0
2/15/2016,0,,0,0,0,36.8,0,0,0,0,0,0,0,0,0,0,2.4,0,0,0,0,0
2/16/2016,0,,0,0,0,0.3,0,0,0,0,0,0,0,0,0,0,0,0,0,0,0,0
2/17/2016,0,,0,10,0,0,0,0,0,0,0,0,0,0,0,0,0,0,0,0,0,0
2/18/2016,0,,0,0,0,0.3,0,0,0,0,0,0,0,0,0,0,0,0,0,0,0,0
2/19/2016,0,,0,0,0,0,0,0,0,0,0,0,0,0,0,0,0,0,0,0,0,0
2/20/2016,0,,0,0,0,0,0,0,0,0,0,0,0,0,0,0,0,0,0,0,0,0
2/21/2016,0,,0,0.3,9.3,0,0,0,0,0,0,0,0,0,4,0,0,0,0,0,0,0
2/22/2016,0,,0,0,0,0,0,0,0,0,0,0,0,0.2,0,0,0,0,0,0,0,0
2/23/2016,0,,0,0,0,2.2,0,0,0,0,0,0,0,0,0,0,0,0,0,0,0,0
2/24/2016,0,,0,0,0,0,0,0,0,0,0,0,0,0,0,0,0,0,0,0,0,0
2/25/2016,2.2,,0,0.3,0,0,0,0,0,0,0.8,0,0,0,0,0,0,0,0,0,0,0
2/26/2016,0,,0,0,1,0,0,0,0,0,0,0,0,1.1,0,0,0,0,0,0,0,0
2/27/2016,0,,0.4,0,0,0.4,0,0,0,0,0.3,0,0,0,0,0,10.9,0,0,0,0,0
2/28/2016,0,,0,0,0,0,0.6,0,0,0,0,0,0,0,0,1.7,0,0,0,0,12.2,24.1
2/29/2016,1.3,,0,0,0,2.9,0,10.1,0,22.6,0,1.2,0,0,15.5,15.8,0,0,10.6,0,14,40.2
3/1/2016,0,,0,6.6,1,0.3,1.6,0,57.5,0,0.8,0.4,0,8.3,8.3,0,0,33.4,0,0,6.7,0
3/2/2016,0,,0,0,0,0,0,0,0,0,0,0,0,0,0,0,1.3,0,0,0,0,0
3/3/2016,0,,0,0,0,0,0,0,0,0,0,0,0,0,0,0,0,0,0,0,0,0
3/4/2016,0,,0,0,0,0,0,0,0,0,0,0,0,0,0,0,0,0,0,0,0,0
3/5/2016,0,,50,5.9,0,2.5,0,0,4.3,0,0,0,0,1.2,0,0,0,0.1,0,0,0,0
3/6/2016,0,,0,0,0,0,0,0,0,0,0.9,0,0,0,0,0,0,0,0,0,0,0
3/7/2016,0,,0,0,0,0,0,0,0,14.1,0,12.2,0,0,18.4,0,0,0.3,0,0,0,0
3/8/2016,0,,18.5,0,2.6,84.7,0,10.6,2.5,0,1.4,0,0,4.5,4.3,0.5,0,0,0,0,0,0
3/9/2016,0,,0,0,0,0,0,38.8,0,0,0,0,0,0,0,0,0,0,0,0,0,0
3/10/2016,0,,0,0,0,0,21.4,0,0,0,0,0.1,0,0,0,0,0,0,0,0,0,0
3/11/2016,0,,0,2.2,0,0.4,6,4.7,0,0,8.8,5.5,1.1,0,4.9,0,0,0,4.8,2.7,0.9,0
3/12/2016,16.8,,0,0,3.4,0,0,0,0,0,4.7,32.1,6.8,0,0,0,0,0,0,0,0,0
3/13/2016,13.1,,25.9,0,17.4,1.2,27.2,14.4,59,0.8,40.7,4.8,0.2,0.1,1.5,0,0,13.6,0,31,0,0
3/14/2016,56.9,,0,22,1.7,19.9,0,0,8.8,0,15.4,0,0,49,34.5,0,0,5.6,0,0,0,0
3/15/2016,0,,0,0,0,0,15.2,0,0,0,0,0,0,0,0,0,15,0,0.4,12.4,0,0
3/16/2016,0,,0,0,0,0,0,0,0,0,0,8.5,0,0,0,0,0,0,0,0.3,0,0
3/17/2016,3.9,,1.6,26.7,12.1,32.4,0,23.6,49.3,0,11.1,7.5,0,13.9,61.8,14,0,4.1,0,0,0,5.1
3/18/2016,0,,0,0,0,0,0,0,0,0,0,20.8,0,0,3.9,0,29,0,0,0,0,0
3/19/2016,0,,0,0,0,0,0,0,0,0,0,3.1,2.1,0,0,0,0,0,0,0,0,0
3/20/2016,20.7,,0,14.6,12.2,0,0,0,2,0,6.4,2.2,0,0.9,6.1,22,0,0,0,0,1.8,0
3/21/2016,7.1,,3.8,50.5,2.6,1.7,2.5,5.6,5.7,0,6.1,1,0,10.7,13.5,1.8,0,9.8,29.7,0.7,30.1,0
3/22/2016,0.5,,0,0,0,0,0,0,0,0,0,0,0,0,0,0,12.8,0,7.8,0,2.8,16.3
3/23/2016,16.7,,50.6,23.7,14.9,46.5,0,23.6,6.3,5,47.4,3.2,0.2,77.8,11.8,15.2,0,14.2,0,1.4,33.2,0
3/24/2016,0,,0,0,0,0.3,0,0,0,0,0,0,0,0,1.5,9.2,25.6,0,0,0,4.1,0
3/25/2016,0,,0,0,0,0,0,0,0,0,0,0,0,0,0,20.8,1.3,0,0,0,63.5,0
3/26/2016,58.4,,0,8,0,43.2,0,9.2,1.2,0,0.5,0,0,1.7,0.8,0,0,4.7,0,0,0,0
3/27/2016,0,,0,13.5,0,15.1,0,1.7,0,0,1.2,34,0,0.3,0.7,0,5.4,0,0,0,0,0
3/28/2016,13.9,,0,31,0,0,0,64.3,0,0,4.1,0,0,0,0,0,0,0,0,0,0,0
3/29/2016,0.5,,0,0,0,0.2,0,8.1,0,0,4.6,0,0,82,0,0,0,0,0,0,0,0
3/30/2016,0,,0,0,11.2,0,0,0,0,0,0,0,0,0,0,0,0.5,0,0,0,0,0
3/31/2016,60.6,,0,0,4.6,0,0,0,0,1.4,0,0.4,0.1,0,0,0,0,0,0,1.3,0,0
4/1/2016,60.6,,6.6,14.1,3.9,20,0,43,26.3,75.7,67.2,0,0,41.6,0,23,0.6,36.1,5.5,0,26.6,16.4
4/2/2016,0,,0,0,0,0,0,0,0,0,0,0,0,3.4,0,0,0,0,0,0,0,0
4/3/2016,0,,0,0,0,0,0,0,0,0,0,0,0,0,0,0,0,0,0,0,0,0
4/4/2016,0,,0,0.3,0,0,0,0,0,0,0,0,0,0,0.8,7.7,0,0,0,0,0,1
4/5/2016,8.3,,0,0,0,0,0,0,0,0,0,19.9,0,0,0,0,0,0,0,0,0,0
4/6/2016,0,,0,0,0.8,16.2,0,0,1.2,2.2,0,0,0,3.9,0,0,66.2,0,0,0,0,0
4/7/2016,0,,0,0,0,0,0,0,0.4,0,0,0,0,0,4.2,0.3,0,0,0,0,0,0
4/8/2016,0,,0,0,0,0,0,2.7,0,0,10.5,0,10,0,0,0,0,0,0,0,0,0
4/9/2016,0,,28,1.1,6.9,0,0,12.7,5,11.7,27.6,6.4,0.6,0,7.7,3.6,0,28.2,21.4,0,1.8,0.3
4/10/2016,0,,0,0,0,0,0,0,0,0,0,2.2,0,0,0,0,0,0,0,0,0,0
4/11/2016,5.3,,0,0,0,0,3,1.2,0,29.9,0,0,0,0,0,0,0,0,3.1,0.1,0,0
4/12/2016,4.8,,0,0,0,0,0,0,0,4.8,0,14.2,0,0,0,0.7,0,0,0,0,16.6,0
4/13/2016,0,,0,12.7,0,0,0,0,0,0,0,0,0,0,0,0,0,0,0,0,0,0
4/14/2016,38.8,,0.6,0,0,0,45.4,0,0,0,0,12.7,0,0,12.5,0.2,0,0,7.4,0,12.5,8.1
4/15/2016,0,,0,0,0,1.1,0,0,0,0,0,0,0,0,0,0,0,0,0,0,0,0
4/16/2016,33,,11.9,26.8,6.9,0,0,13.6,17.3,9.1,24.2,4.8,0,2,0.3,18,0,43.4,14.8,0,21.7,11.4
4/17/2016,0,,0,0,0,6.4,0,0,0,0,0,0,0,0,0,0,0,0,0,0,0,0
4/18/2016,0,,0,0,0,0,0,0,0,0,0,0,0,0,0,0,0,0,0,0,0,0
4/19/2016,0,,0,0,0,0,0,6.8,0,0,0.3,0,0,0,0,3.1,0,0,0,0,0,20.1
4/20/2016,7.4,,0,0,0,0,8,0,0,40.3,0.7,14.6,0,0,9.9,9.9,0,0,0.4,0,37.5,0
4/21/2016,0,,0,0,0,0,0,0,0,0,0,0,0,0,0,0,0,0,0,0,0,0
4/22/2016,0,,0,0,0,0,0,0,0,0,0,0,0,0,0,0,0,0,0,0,0,0
4/23/2016,0,,0,0,0,0,0,0,0,0,0,0,0,0,0,0,0,0,0,0,0,0
4/24/2016,0,,0,0,0,14.2,0,0,0,0,0,0,0,0,0,0,0,0,0,0,0,0
4/25/2016,0,,0,0,0,0.2,5.5,0,0,0,0,0,0,0,0,0,1,0,0,11.5,0,0
4/26/2016,0,,0,0,0,20.8,0,9.5,0,0,0,0,19.6,0,0,0,0,0,0,0,0,0
4/27/2016,0,,0,24.5,0,1.8,0,0,0,0,0,0,0.7,0,0,0,0,0,0,0,0,3.1
4/28/2016,26,,2,28.6,8.6,34.3,0.4,7.5,0,0,5.3,57.7,0,7.3,21.1,1.9,1,4.7,0,0,0,0
4/29/2016,0,,0,0,0,0,0,0,0,0,0,0,0,0,0,0,0,0,0,0,0,0
4/30/2016,0,,0,0,0,0.3,0,0,0,0,0,0,0,0,0,0,0,0,0,0,0,0
5/1/2016,0,,0,0.1,0,9.2,0,0,0,5.5,0,0,0,0,7.4,0,0,0,0,8,3.9,0
5/2/2016,0,,0,0,0,0.1,0,0,0,0,0,0,0,0,7.1,0,0,0,0,0,0,0
5/3/2016,0,,0,9.9,0,1.6,0,0,0,0.5,0,0,0,0,0,0,0,0,0,45.2,0,0
5/4/2016,0,,0,0,0,0,0,0,0,0,0,0,0,0,0,0,0,0,0,9.8,0,0
5/5/2016,0.5,,0,0,0,30.9,0,0,0,0,0,0,0,0,21,0,0,0.5,0,0,0,0
5/6/2016,10,,0,30.4,0,2,8.3,13.4,0,0,30.9,17.1,0.6,0,0.5,0.4,0,0,56.2,20.5,60.4,22.2
5/7/2016,0,,0,0,0,0,0,0,0,0,0,0,0,0,0,0,0,0,0,0,0,0
5/8/2016,0,,0,5.7,0,0,0,0,0,0,0,0,0,0,0,0,0,0,0,0,0.4,0
5/9/2016,7.8,,0,0,0,0,3.1,0.5,0,0,26.1,0,0,0,0,12.1,0,0,0.4,47.7,5.5,0
5/10/2016,0,,1,0,5.3,0,0,0.3,0,0,1.8,0,0,0,7.6,9.8,0,0,0,0,0,0
5/11/2016,0,,28.5,1.5,0,0,14.9,0,0,0,0,0,0,0,0,0,0,0,0,0,0,0
5/12/2016,8.2,,13,16.5,4.1,45.7,0,10.5,29.8,15,31.9,5.7,0,43.5,13.4,0,32.7,13.3,0,0,0,0
5/13/2016,0,,0,0,0,0.2,12.8,0,0,0,0,0,63.3,0.7,0,0,0.1,0,0,2.2,0,0
5/14/2016,0,,0,0,0,0,0,0,0.4,0,0,0,0,0,0,0,0,0,0,0,0,0
5/15/2016,3.7,,6.7,0.3,0,0.1,2.6,26.7,0,0,0,3.9,0,0,9.6,93.4,0,0,0.4,1.5,9.8,17
5/16/2016,0,,0,43,44.7,0.1,13.6,2.7,0,0,9,0,0,0.7,0,0,6.8,0,0,0,0,0
5/17/2016,48.6,,0,50.3,9.4,44.2,11.9,98.9,1.2,47.5,35.5,12.3,0,8.8,7.9,62.3,36,0.3,12.1,4.2,26.5,11.2
5/18/2016,0.6,,0,16.2,0,0.2,0,5,0,3.2,0.6,0,0,33.5,0.1,0,5,0,0,0,0,0
5/19/2016,30.8,,0,0,0,1.4,0,0,0,0,0,0,0,0,0,0,0,0,0,0,0,0
5/20/2016,0,,1.8,0.1,0,0.1,4,0,0,0,0.6,0,0,0,0,0,0.5,0,0,17,0,0
5/21/2016,0,,54,28.3,54.1,0.1,0,18.6,59.6,0,10.5,18.3,0,6.6,26.8,0,0,50.5,0,0,0,0
5/22/2016,1.7,,3.8,16.8,1.9,3.9,0,3.2,29.8,0,21.1,13.8,0,9.3,0.1,0,34.7,73.1,0,0,0,0
5/23/2016,5.8,,0,6.2,0.2,5.8,9.2,0,11.5,4.3,28.2,39.4,5,0,86,31.9,1,8.3,24.7,17.8,27,0
5/24/2016,0,,0.6,0,10.2,0,72.2,0.3,19.6,0,0.3,6.9,0,0,0.3,9.3,0,0,0.6,4.6,12.2,0.4
5/25/2016,35.3,,3.3,14.3,0,17.7,0,6.2,0,2.2,0.6,0,0,0,7,4.4,3.2,0,0,0,0,10
5/26/2016,0,,0,2,0,4.1,22,0,0,1.7,0,1.2,0,0,4.1,25.4,0,0,18.6,3.7,46,0
5/27/2016,0,,0,0,0,2.2,0,0.7,0,0,0,0,0,0,10.9,0,0,0,0,0,0,0
5/28/2016,0,,0,0,0,0.4,1.3,0,0,0,0,0,23.9,0,0,0,1.5,0,3,33.5,0,0
5/29/2016,0,,1.9,11.4,33.5,2.4,0,3.2,0,13.6,0.8,0,0,0,0,11.3,1.6,0,0,0,23.5,0
5/30/2016,1.4,,0,5,0,24.1,0,3.5,0,0,0,0,4.3,0,2.8,0,6.5,0,0,8,0,1.8
5/31/2016,0,,0,0,10.6,3.9,0,0,0,0,0,0,0,0,0.9,0,1.3,0,0,0,0,0
6/1/2016,0,,1.5,0,0,0,5.5,0,0,0,0,0,0,0,0,0,0,0,0,0,0,1
6/2/2016,8.7,,0,0,1,43.9,0,0,4.2,13.4,8.6,0,0,0.1,0,1,1,12.1,7.3,0,19.8,0
6/3/2016,0.4,,0.6,3,10.1,22.6,0,0,2.2,0,4.2,0,0,20.4,3.5,0,6.7,8.1,0,0,0,0
6/4/2016,0,,0,0,0,3.1,0,0,0,0,0,0,2,0,0,0,8.7,0,0,0,0,0
6/5/2016,39.8,,16.2,5.5,89.8,0.5,0,3.2,1.3,7.9,28.7,0,0,0,2.6,6,0,0.2,0,0,0,8.6
6/6/2016,10.8,,9.9,1,6.8,0.9,0,11.5,1.5,0.7,1,0.4,0,0,8.1,0,0,0,0,0,14.2,0
6/7/2016,0,,26.7,4.1,13.1,5.8,0,0,2.2,0,0.5,1.8,0,33.5,0,0,0,3.3,0,0,0,0
6/8/2016,0,,0,0,0,34.8,0,0,3.2,12,0.4,0,0,0.6,0,0,4.8,2.2,0,0,0,0
6/9/2016,41.3,,63,37.8,25.6,44.5,1.1,9.4,182.5,2,28.4,21.8,19.7,20.7,48.5,11.6,46.5,61.8,0.1,16.7,64.4,0.2
6/10/2016,0,,0,14.5,34.8,42.9,4.6,0,0.6,0,4.5,20.1,0,10.2,0.6,13.2,14.2,2.8,0.7,0,23.5,0
6/11/2016,0,,0.2,0,0,0,0,0,0,0.2,0,0,0,0,0,0,0,0,0,0,0,0
6/12/2016,3.5,,28.3,23.7,23.5,114.8,0,10.2,24.5,0,31.2,0.2,4.3,63.6,8.1,0,62.7,25.4,0,0,10.2,3.5
6/13/2016,0,,0.1,0,0,2.7,0,0,0,0,0,0,0,0.7,0.7,0,1.9,0.1,0,0,0,0
6/14/2016,0,,0,0.6,0,46.1,0,0,0,2.2,0.8,0,12.1,76.5,11.9,0,4.3,0.6,0,0,0,0
6/15/2016,0.3,,13.6,6,31.5,13.6,18.8,51.9,2,2.7,22.2,0,2.5,0,10.1,9.6,1.2,4,5,2.3,24.4,62.1
6/16/2016,20.3,,0,2.9,2.5,0.1,47.6,4.5,1.9,0,2.7,77.4,0.5,0,32.7,3,0,0.1,0.6,3.1,0.6,1.8
6/17/2016,0,,0,0,0,0,0,0,0,0,0,0.1,0,0,0,0,0,0,0,0,0,0
6/18/2016,0,,0,0,0,0,0,1,0,0,5.9,0,0,0,0,0,0,0,0,0,0,0
6/19/2016,0,,18.4,0,3.7,93.8,0,0.4,12.8,0,0.4,0,0,0.5,0.2,0,0,14.5,0,0,0,0
6/20/2016,1,,0,1.5,0,0.8,3.6,1.3,0.9,0,0.3,1,0,0,2.8,4.4,2.5,0.2,2.9,0,0,0.6
6/21/2016,0,,0,0,0,0.3,0,1.5,0,0,0,0,0,0,2.4,9.6,0,0,0,0,1.4,15.4
6/22/2016,0,,0,0,0,0,0,0,0,0,0,0,0,0,0,37.9,0,0,0,0,0,29.2
6/23/2016,0,,0,0,0,0,0,0,0,0,0,0,9.2,0,0,0,0,0,0,0,29.5,8.8
6/24/2016,0,,0,6.9,0,0,6.9,0,0.3,12.4,0,19.4,27.3,0,0.8,0,0,0.4,8.9,1.3,0,29.1
6/25/2016,0,,0,0,0,0,0,0,0,0.6,0,0,0,0,0.5,0,0,0,0.1,0,0,0
6/26/2016,0,,0,0,0,0,2,0,0,0,0,0,9.5,0,0,0,0,0,9.6,1,0,24
6/27/2016,12.1,,0,0,0,0,0,5.8,0,12.2,0,3.3,0,0,0,0,0,0,15,0,0,23.7
6/28/2016,1.8,,0,0,0,0.2,50,0,0,0.9,0,10,0,0,0,0,0,0,8,20,1,0
6/29/2016,0,,0,0,1.2,7.1,0,0,0,0,10.4,0,0.7,0,9.5,0,1.3,0,0,0,0,0
6/30/2016,0,,0.1,0,0,0.2,0,0,0,5,0,0,24.4,0,0,0,0,0,2.5,0,0,18
7/1/2016,0,,0,0,0,11.3,0,72,0,0.5,5.1,0,0,0,0,0,0,0,0,0,0,9
7/2/2016,0,,0,7.6,0,5,0,0,0,0,0,0,0,0,0,0,0.5,0,0,0,3.2,0
7/3/2016,0.2,,0,0.5,0,23.4,33.2,0,0,0,9.2,0.1,1.6,0,3.3,0,12,0,3.2,15.5,52.2,0
7/4/2016,0,,0,0,0,0,0,0,0,0,0,0,0,0,1.1,0,0.2,0,0,0,0,0
7/5/2016,0,,0,0,0,0,0,0,0,0,0,73.6,2.7,0,0.1,1.5,0,0,3.7,0,0,16.6
7/6/2016,0,,0,0,0,3.1,0,0,0,0,0.8,0,0,0,0.2,0,1.1,0,0,0,0,0
7/7/2016,1.2,,0,0.7,0.6,0.6,0,3.4,0,0,20,0,0,0,0,0,11,0,0,0,0,0
7/8/2016,0,,0,0,0,0,0,0,0,3.1,0,2.4,15.7,0,0,0,0,0,0,9.5,0,0
7/9/2016,0,,0,5,0,3.6,0,4.9,0,6.5,27.8,0,0,0,0,0,0,0,0,0,0,0
7/10/2016,0.6,,0,5.6,0,0.1,18.8,0,0,5.5,0.6,0,7.9,0.3,0,0,0,0,51.8,19.6,0.8,4.6
7/11/2016,0,,0,0,0,0,24.9,0,0,9.5,0,0,0,0,0,0,0,0,33.2,0,18.7,47.5
7/12/2016,0,,0,0,0,0,0,0,0,0,0,0,0,0,0,0,0,0,0,0,0,0
7/13/2016,0,,0,0,0,0,0,0.3,0,0,0,0,29.5,0,0,0,0,0,43,33.4,0,3.5
7/14/2016,0,,0,0,2.7,0,0,0.8,0,0,0,3.5,0.9,0,0,0,0,0,0.1,13.4,0,0
7/15/2016,0,,0,0,0,0,0,0,0,0,0,0,0,0,0,0,0,0,0,0,0,0
7/16/2016,51.9,,0,1.1,11.5,0,0,26.5,0,0,0.9,3.6,0,0,0,0,1,0,0,0,2.3,30.1
7/17/2016,0,,12.3,30.7,0.4,30.1,0,0.2,0.5,0,0,0.2,0,0,0,2.2,0,0,0,0,0,0.4
7/18/2016,0,,0,0,0,0,16.5,0,0,0,0,0,0.5,0,0,0,0,0,0,0,0,0
7/19/2016,0,,0,0,0,0,1.3,0,0,0,0,0,15.2,2.3,0,0,0,0,0,0,0,9
7/20/2016,0,,0,0.2,0,21.3,22.5,0.9,0.6,0,0,0,109.4,0,0.3,0,0,0.6,3.8,9.7,0,6.8
7/21/2016,0,,0,0,0,3.8,0,0,0,1.8,0,0,0,0.4,4.6,0,1.9,0,0,0,0,0
7/22/2016,0,,21.1,0,0,0,0,5.6,0,0,0.1,0,1.8,6,21.5,0,0,0.7,1.4,3.8,0,0
7/23/2016,12.8,,39.8,2.9,35.2,0.5,13.4,39.3,1,66.1,1.3,15.3,119.1,0,0,8.4,0.4,0.8,60.6,40.5,8.3,63.3
7/24/2016,0,,0.8,1.2,0.7,0,3.4,0,9.1,0.4,0.3,0,7.1,4.2,0,1.1,0,1.8,5.9,0.4,0.1,1.9
7/25/2016,3.6,,0,10.6,0,7.3,13,0,3.8,14.5,12.2,3.1,1.2,13.1,2.5,0,5.1,1.1,56,21.5,0,93
7/26/2016,0,,0,0.2,0.1,6.9,1.3,0,0,0,2.6,1.2,0,0.5,0,0,14.8,0.4,0,0,0,0
7/27/2016,8,,0,0.7,0.1,0.2,0,0,8.9,0.8,1.8,0,9,11,0,0,10.3,0.2,0,0,0,0
7/28/2016,0,,0,0,0,1.4,0,0.3,0,0,4.1,4.5,10.9,0.6,0,0,0.1,0,0,0,0,0
7/29/2016,0.4,,0,0,0,1.6,0,0,0,0.5,0,0.6,0,0.5,33.2,0,5,0,0,0,0,0
7/30/2016,0,,0.4,0.1,0,0.4,63.4,0,0,0.2,1.3,0,22.4,0,0.3,0.5,0,0,24,30,0,5.3
7/31/2016,0,,0,0.7,0,0.3,0,0,1.1,0.2,1,0,0,0.7,0,0.8,0,0,0,0,0,0.3
8/1/2016,0,,0,0,2.1,0,0,0,0.2,0,0,0,0,0,0,0,0,0,0,0,0,0
8/2/2016,0,,0,0.4,0.7,0,0,0.7,0,0,0.1,0,18.4,0,0,0,0,0,10.1,12.4,0,30
8/3/2016,0,,0,0,0,0,0,0,0,0,0,0,0,0,0,0,0,0,0,0,0,0
8/4/2016,0,,0,0,0,0.3,0,0,0,0,0,0,0,0,0,0,0,0,0,0,0,0
8/5/2016,0,,0,0,0,1.1,0,0.2,0,10.6,0,0,0,0,0,0,0,0,6.4,0,0,0
8/6/2016,0,,0,0.5,0,0.4,11,0,0,0,0,0,20.1,0,0,0,0,0,0,44.5,6.9,0.3
8/7/2016,0.4,,0,2.6,0,1.2,0,0,0.8,0,0.1,0,0,1.8,0.1,0,0,0,0,0,0,0
8/8/2016,0,,0.2,0.6,0,0.2,0,0,0.6,0,1.7,0,0,0,1.2,0.4,0,0,0,0,0,0
8/9/2016,0,,0,0.7,0,4.1,0,0,1.1,0,0.1,1.4,0,0,1.5,0,0,0.3,0,0,0,0
8/10/2016,0,,0,0,0,0.2,0,0,0,0,0,0,0,4.3,0,0,0,0,0,0,0,0
8/11/2016,0,,0,0,0,0.8,0,13.4,0,1,0,0,8.8,0,1,0,0,0,32.4,0,0,84.8
8/12/2016,0.1,,0,0,30.5,0,14,0,0,16.5,0,1.7,6,1,0,0,3.6,0,2.5,11.7,0,0
8/13/2016,3.5,,0,0,0,0,0,1,0,0.5,0.2,0,0,0,1.7,0,0,0,0.5,0,0,0
8/14/2016,0,,2.7,0,0,0,0,11.3,0,0,0,0,0,0,0,0,0,0,0.5,0,0,9.8
8/15/2016,1,,0,0,0,0,0,0,0,0,0,0.3,1.9,0,0,1,0,0,12.1,3,19.8,1.5
8/16/2016,0,,0,0,0,0,0,0,0,0,0,0,6.7,0,0,0,0,0,1.1,13.3,0,0
8/17/2016,0,,0,0.8,0,0,0,0,0,0.7,0,0,8.3,0,0,0,0,0,0,0,0,0
8/18/2016,0,,0,0,0,0.4,0,0,0,0,0,0,1,0,0,0,0,0,1.4,0,0,0
8/19/2016,0.2,,0,0,0,0,38.7,0,0,0.1,1.2,1.4,0,0,0,0,0,0,0,5.7,0,8.2
8/20/2016,7.4,,0,0.5,16.8,67,0,0,0.7,0,17.3,13.4,0,0.4,12,3.9,15.8,0,4.6,0,0,7.4
8/21/2016,0.8,,0,0.5,0,42.2,0,0,3.5,0,0,0.4,21.9,3,1.1,0,5.5,4.6,0,26,0,0
8/22/2016,0,,0,0,0,6.4,0,0,0,0,0,0,0,0,0,0,6.6,0,0,0.6,0,0
8/23/2016,0,,0,0,0,0,0,0,0,0,0,0,0,0,0,0,0.7,0,15.8,0,0,0
8/24/2016,0,,0,0,0,1.6,12.7,0,0,0,1.8,0.3,24.6,0,0.1,0,0,0,70.2,0,0,8.9
8/25/2016,0,,0,0,0,0,0,0,0,0,0,0,0,0,0,0,0,0,8.3,1,2.4,45.2
8/26/2016,0,,0,0,0,0,0,0,0,0,0,0,13.8,0,0,0,0,0,0,0,0,0
8/27/2016,0,,0,0,0,0,35.6,1.9,0,36.4,0,0,11.5,0,0.3,5.1,0,0,2.9,19.7,5.4,9.5
8/28/2016,3,,6,3.7,0.6,3.6,0,4.2,2.9,0,0,0.4,1.2,5.1,1.3,0,3.6,0.9,0.8,0.4,0,0
8/29/2016,1.8,,0,0.3,0,4.7,0,0,2.5,19.5,0.9,0,0,0,0.9,0,0.3,0.2,0,0,0,7.1
8/30/2016,3.9,,3,35.6,11.4,51.8,20,0,6.4,7.3,9.4,35.8,4.7,21.1,14.2,0,53.9,1.1,2.2,8.5,0.6,3.9
8/31/2016,0,,0,0,0,0.2,0,0,0,0,0,0,0,0,0,0.6,2.9,0,0,2,12.2,0.5
9/1/2016,3.5,,0,0,0.3,0,0,1.8,0,0.8,1.7,0,0,0,0,0,0,0,0.3,11.8,0,27.3
9/2/2016,55.2,,0,0,0,0,21,0,0,0,0.3,0,8.1,0,0,0,0,0,1.9,10.2,0.5,36.7
9/3/2016,6.2,,0,0,0,0,0,54.5,0,1.3,7.8,30.2,0,0,0.4,40.5,0,0,0,0,48.6,14
9/4/2016,5.8,,1,8.7,0,9.3,19.6,9.5,0,0,0.8,46.4,4.3,0.2,1.7,3.1,0,0,0.1,4.2,0,8.2
9/5/2016,0.7,,1.5,0,0,0,0,0.6,0,20.8,0.9,0,19.4,2.6,13.3,0.2,0,0,16.8,23.1,0,0
9/6/2016,0,,0,0.5,0.2,0.2,7.6,0.7,0,0.6,0,1.6,1.4,0,0.3,0,0,0,0,8,0,0.5
9/7/2016,1.2,,0,10.7,2.4,0.2,2.4,3.8,1,0.7,0.6,13.4,0,3.9,10.9,0,2.4,0,0,0,0,0
9/8/2016,0,,0,0,0,0,0,0,0,22.1,0,0,2.7,0.3,0,0.1,0,0,0,27,1.2,0
9/9/2016,0.5,,0,1.6,0,1.2,0,0,0,65,0,0.1,5.3,0,1,0,6.5,0,0.8,7.5,2.5,0
9/10/2016,1.4,,5.5,1,0,2.2,7.1,6,0,14.8,58.2,53.8,5.8,0.9,0.4,0,0.6,0,24.1,15.9,0,4.5
9/11/2016,3.7,,1.5,10,21.6,3.5,12.2,11.4,0,11.4,27.6,77.1,0,0,8.1,2.5,3.5,0,0,0,1,0
9/12/2016,2.4,,0,0,2.6,0,8.5,13.5,0,4.6,0,0,0,0.3,0,0,0,0,13.3,0,0,25
9/13/2016,0,,8.7,0,9.6,0,0,0,0,0,0.7,0,6.3,2.8,0,5.6,0,0,0,0,0,0
9/14/2016,38.6,,0,0.6,0,4,51.2,0,2.8,2.8,1.7,3.5,17.7,0,3.5,13,0.2,0.7,6.3,0,57.4,44.5
9/15/2016,0.4,,0,0.1,0,0.4,0,0,0,0,0,0,9.6,0,3.2,5.1,1,0,1,3.5,0.2,3.5
9/16/2016,0.4,,0,13.4,1.1,0,7.2,0,0,6.7,4.5,16,0,0.7,9.1,2.5,0,0,0,0,7.8,13
9/17/2016,1.1,,0,0.5,0,1.8,2.8,12.3,0,0,3.6,12.1,7.8,0,3.8,6.9,0,0,7.4,0,5.8,7.3
9/18/2016,0.2,,0,0,0,0,0,0,0,0,0.7,0,0,0,0,0,0,0,12.8,0,4.4,3.9
9/19/2016,0,,10.7,0,4.3,1.5,5.8,26.4,0,67.6,5.9,0,49.1,0,0,0,0,21.8,40.7,2.9,0,8
9/20/2016,16.8,,0,2.8,70.1,3.4,26,0,22.4,2.8,5.6,0,6.4,6.2,1.1,0.2,53.2,3.1,0.9,0,9.5,0
9/21/2016,6.9,,0,0.1,0,8.5,0,0,0,8.1,0,0.3,0,0,0.4,15.2,0,0,0,0,22.3,10.3
9/22/2016,0,,0,0,0,3.6,0,0,0,0.2,0,0,0.3,0,1,0,0,0,0.7,0,0.8,9.8
9/23/2016,15.6,,28.3,0,2.7,0,5,25,36.5,22.8,4.9,0,0,0,0.4,0,0,13.2,5.1,0.6,0,4.1
9/24/2016,23.4,,32.7,2.1,2.7,10.2,9.7,0,0,2.5,11.5,41.6,0,0.8,17.1,0,3.1,2.4,27.3,25,0,25.5
9/25/2016,59.6,,20.3,21.8,0,6.6,8,0.5,3,0,96,0,1.8,17.5,21.6,3.8,2.8,5,0,0,10.6,0
9/26/2016,5.1,,0,0.1,19.3,0,0.9,54.2,5.2,0.2,34.3,0,4.5,0,43.6,0,2.1,1.1,12.6,0,0,6.7
9/27/2016,0,,0.3,1.2,0,10.2,0,0.6,28.9,79.7,6.2,32.4,0,1.5,23.1,13,1.5,0.8,1.2,0.8,30.2,7
9/28/2016,0,,0,0,0,14.9,0,4.2,0,16.2,1.5,0.6,0,12.5,0.1,7.8,0,0,12.8,0,1.1,22.4
9/29/2016,0,,0,0.5,0,0.7,0,1.8,0,0,0,0,0,0,0,2.5,0,0,0,0,0.3,0
9/30/2016,29.7,,0,0,0,0,0,0.7,0,12.3,0.3,0,0,0,0,1.3,0,0,14.3,8.2,7,33.7
10/1/2016,32.7,,0,32,0,3.8,14.1,25.3,8.5,23.4,61.8,43.8,0,1,2.9,0,0.8,0,0,0,12.6,8.6
10/2/2016,71.3,,0,1.8,57,2.3,16.3,19.3,10.1,6.4,39.2,2,0,9.6,17.1,20.9,0.7,0,0,0,13.1,0
10/3/2016,0,,0,0.4,0,0.3,0,15.3,0.4,0,0,0,0,0,0.4,0,0,0,0,0,0,0
10/4/2016,0,,0,0,5,0.6,0,0,0,0,2.4,9.1,0,0.3,4.8,0,0,0,0,0,0,0
10/5/2016,0,,0,0.3,0,0,0,0,0,2.4,0,1.9,0,0,1.8,0,0,0,1,0,28.5,0.5
10/6/2016,0,,0,0,0,0,0,0,0,0,0,0,0,0,0,2,0,0,0,0,16.6,1.6
10/7/2016,22.2,,0.2,2,39.2,0.3,1.6,7,0,5.9,6,19.1,0,0,14.4,0,2.1,0.5,0,21.7,11.2,31.2
10/8/2016,0.7,,0.5,4.3,1.4,3.9,8.3,0,70.9,11.4,0,7,0,9.7,17.7,0.8,0.8,22.4,33.3,3.8,19,16.4
10/9/2016,3.4,,23.8,47.3,27.4,6.6,5.3,14.7,9.2,44.2,65.6,27.4,0,19.1,20.7,8.4,72.1,2.6,0,0,8.2,0
10/10/2016,2.1,,0,27.3,0,11.4,0,2.6,0,23.6,0,0.4,0,0,3,0,0.5,0,0,0,0,0
10/11/2016,43,,0,0,0,8.4,18.1,25.6,0,6.1,2.5,44.4,1.7,0,38,0,2.3,0,10,0,0,22.6
10/12/2016,8.6,,0,29.6,0,5.8,0,0.8,0,0,1.5,0,0,0,0,2.4,0,0,0,0,5.5,0.3
10/13/2016,0,,0,0,0,0.3,0,3.1,0,0,0,0,0,0,0,8.5,0,0,0,0,0,16.6
10/14/2016,0,,0,1.5,0,0,0,0,0,3.9,0,10.6,1,0,6.3,7.5,1.5,0,0,0,7,0
10/15/2016,0,,0,44.8,6.9,4.6,0,0,0,0,34,1.4,2.5,0,12.8,0.6,2.3,0,0,18.1,0,6.2
10/16/2016,0.3,,0,4.2,0,0.2,0,0.8,0,0,3.8,0,0,0,0,1.3,0,0,0,0,15.8,0
10/17/2016,0,,0,0,0,1.7,0,0,0,3.6,0,0,0,0,1.9,0.4,0.1,0,0,0,6.2,0
10/18/2016,0,,0,18.2,14.4,19.6,0,23.8,16,8.9,0,6.2,0,0,5.8,0,0,41.8,0,0,9.4,0
10/19/2016,0,,0,0,0,16.9,0,0,2.3,0,0,0,0,0,0,0,0,0.6,0,0,0,0
10/20/2016,0,,0,0,0,0,0,0.6,0,0,0,0,0,0,5.2,0,0,0,0,0,0,0
10/21/2016,5.5,,12.3,16.6,66.3,2.2,5.6,11,3.2,0.6,17.1,0,0,41.9,0,34.9,0,3.6,3.5,0,12.1,26.3
10/22/2016,11.2,,19.8,0.6,0.6,2.8,0,1,3,0,1.2,0.7,0,17.8,0,0,5.4,8.8,0,0,0,0
10/23/2016,0,,0,0,0,14,0,0,0,0,0,0,0,0,0,0,0.2,0,0,0,0,0
10/24/2016,0,,0,0,0,0,0,0,0,0,0,0,0,0,0,0,0,0,0,0,0,0
10/25/2016,0,,0,14,0,0,0,0,0,0,0,0,0,0,29.8,0,0,0,0,0,0,0
10/26/2016,0,,2,5.4,0,0,0,0,0,0,0,0.6,0,0,0,0,0,0,0,0,0.6,0
10/27/2016,0,,0.3,16.8,0,0.3,0,0,0,0,4.1,0,0,0,6.7,0,0,0,0,0,0,0
10/28/2016,0,,0.2,1,0,0,0,0,0,0,0,0,0,0.1,0,0,0,0,0,0,5.8,0
10/29/2016,0,,0,4.5,0,0,2,0,32,0,0,33.4,4.8,0,0,0,0,0,0,0.9,0,0
10/30/2016,3.6,,0,13.3,0,58.1,6,0.3,0.3,0,0,0,0,0,0,0,10.3,0,0,0,0,0
10/31/2016,0,,0,0,0,0,0,1.6,0,0.5,0,1.4,0,0,33.8,0,0,0,0,0,0,0
11/1/2016,0,,0,16.2,0,2.3,0,0,0,0,13,5.8,0,0,7.9,14.1,0,0,0,0,0,0
11/2/2016,0.5,,0,0.6,0,0,0,4,0,0,0,0,0,0,0,0,2.2,0,0,0,0,0
11/3/2016,0,,11.5,0,14.4,0,0,2,0,2.4,42.6,0,0,0,0,1.6,0,0,0,0,2.1,0
11/4/2016,0,,0,1.3,1.4,0,0,0,0,0,15.3,0,0,0,0,0,0,0,0,0,0,0
11/5/2016,0,,8.7,40.4,0,13.5,0,0,0,0,0,0,0,0,0,0,0,0,0,0,0,0
11/6/2016,0,,0,3.4,0.6,3.7,0,0,0,0,0,0,0,0,0,0,0,0,0,0,0.2,0
11/7/2016,0,,0,0,0,1.9,0,0,0,0,0,0,0,0,0,0,0,0,0,0,0,0
11/8/2016,0,,0,3.5,13.9,6.6,0,14.6,0,0,11.7,0,0,0,0,0,0,0.2,0,0,0,0
11/9/2016,0,,0,0,0,0,0,0,0,0,0,0,0,0,0,0,0,0,0,0,0,0
11/10/2016,0,,0,29.8,0,0,0,0,0,0,0,0,0,0,0,0,0,0,0,0,0,0
11/11/2016,0.2,,0,0,0,0,0,0,0,0,0,15.1,0,0,0,0,18.6,0,0,0,0,0
11/12/2016,0,,0,0,0,0.9,0,0,0,0,0,0,0,0.1,0,0,0,0,0,0,0,0
11/13/2016,0,,0,6.2,9.9,0,0,0,0,7.2,0,0,0,0,0,0,3.3,0,0,0,1.4,0
11/14/2016,0,,0,0,0,0,0,0,0,0,0,0,0,0,0,0,0,0,0,0,0,0
11/15/2016,0,,0,0,0,0,0,0,0,0,0,0,0,0,0,0,0,0,0,0,0,0
11/16/2016,0,,0,1.2,0,0,0,0,0,0,0,0,0,2,0,0,0,0,0,0,0,0
11/17/2016,0.5,,0,5.8,0,0,0,0,0,0,0,0,0,0,2.8,0,0,0,0,0,0,0
11/18/2016,0,,2.3,0,0,2,0,0,0,0,0,0,0,0,0,0,0,0,0,0,0,0
11/19/2016,0,,0,0,1.8,0,0,0,0,0,0,0,0,0,3.2,0,0,0,0,0,0,0
11/20/2016,0,,0,0,0,0,0,0.9,0,0,0,15.4,0,0,0,1.7,0,0,0,0,0,0
11/21/2016,17.7,,2.4,0,0,2.9,0,23,0,0,3.7,3.5,0,0,5.6,0,0,0,0,0,0,0
11/22/2016,6.2,,0,0.4,2.6,5.7,8.2,0,2,0.9,5,21.8,0,0,24.5,0,0,0,0,0,0,0
11/23/2016,0,,0,11.4,0,0,6.6,0,0,0,14.2,0,0,0,14.4,0.5,0,0,0,0,0.3,0
11/24/2016,0,,0,6.6,6.2,2,0,0,0,0,4.6,0,0,0,0,0,0,0,0,0,0,0
11/25/2016,0,,0,2.1,0,12.9,0,0,0,0,0,0,0,0,0,0,7.3,0,0,0,0,0
11/26/2016,0.5,,1.8,0.1,33.6,6,0,0,0,0,2.4,0,0,0,0,0,0,0.7,0,0,0,0
11/27/2016,8.6,,0,20,7.5,48,0,0,0,0,3,2.4,0,0,1.8,0,0.2,0,0,0,0,0
11/28/2016,0,,0,0,0,9.9,0,0,1.5,0,0,0,0,0,0,0,0,0,0,0,0,0
11/29/2016,0,,0,0,0,0,0,0,0,0,0,0,0,0,0,0,0,0,0,0,0,0
11/30/2016,20,,5.6,0,0,0,0,0,0,0,0.1,0,0,1.2,11.1,4.6,0,0,0,0,3.1,0
12/1/2016,0,,0,0,0,0,0,0,0,0,0,0,0,0,0,0,0,0,0,0,0,0
12/2/2016,0,,5.2,5.5,0,1,0,0,0,0,9.4,0,0,0,7.1,0.4,0,0,0,0,0,0
12/3/2016,0,,0,3.3,12.4,2.4,0,0,25.5,0,0,0,0,3,0,0,12.8,2.6,0,0,0,0
12/4/2016,0,,0,0,0,0,0,0,0,0,0,0,0,0,0,0,0,0,0,0,0,0
12/5/2016,0,,0,0,0,0,0,0,0,0,0,0,0,0,0,0,0,0,0,0,0,0
12/6/2016,0,,0,0,0,0,0,0,0,0,0,0,0,0,0,0,0,0,0,0,0,0
12/7/2016,0,,0,0,0,0.8,0,0,0,0,0,0,0,0,0,0,2.4,0,0,0,0,0
12/8/2016,0,,0,2.7,0,14.8,0,0,0,0,0,0,0,0,0,0,0,0.7,0,0,0,0
12/9/2016,0,,0,0,0,0,0,0,0,0,0,0,0,0,0,0,0,0,0,0,0,0
12/10/2016,0,,15.3,0.5,0,3.6,0,0,13.1,0,0,0,0,0,0,0,0,6,0,0,0,0
12/11/2016,0,,0,1.4,0,0.2,0,23.4,0,0,0,0,0,0.4,0,0,0.2,0,0,0,0,0
12/12/2016,0,,0,18.5,0,0,0,3.9,0,0,0.1,0,0,0,21.9,0,0,0,0,0,0,0
12/13/2016,0,,0,0,0,0,0,0,0,0,0,8.5,0,0,0,0,0,0,0,0,0,0
12/14/2016,0,,7.6,0,0,4.4,0,0,0,0,6.6,0,0,0,0,0,0,0,0,0,0,0
12/15/2016,0.8,,0,0,0,5,0,0,0,0,0,9.2,0,0,16.7,0,0,0,0,0,0,0
12/16/2016,1.7,,1,0,0,0,0,0,0,0,0,0,0,0,0,0,0,0,0,0,0,2
12/17/2016,3,,0,0,0,2.2,0,0,0,0,7.8,0,0,0,5.1,0,0,0,8.7,0,0,0
12/18/2016,11.1,,0,0,0,0,0,0,0,0,0,6.3,0,0,1.3,18.3,0,0,0,0,18.4,0
12/19/2016,0,,0,0,0,0,0,0,0,0,0,0,0,0,0,0,0,0,0,0,0,0
12/20/2016,0,,0,13,0,0,0,0,0,0,19.7,0,0,0,0,0,0,0,0,0,0,0
12/21/2016,0,,0,0,0,0,0,0,0,0,0,0,0,0,0,0,0,0,0,0,0,0
12/22/2016,0,,0,0,0,2.3,0,0,0,0,0,0,0,0,0,0,0,0,0,0,0,0
12/23/2016,0,,0,0,0,0,0,0,0,0,0,0,0,0,0,0,0,0,0,0,0,0
12/24/2016,0,,0,0,0,0,0,0,0,0,0,0,0,0,0,0,0,0,0,0,0,0
12/25/2016,0,,0,0,0,0,0,0,0,0,0,0,0,0,0,0,0,0,0,0,0,0
12/26/2016,0,,0,0,0,7.8,0,0,0,0,0,0,0,0,0,0,0,0,0,0,0,0
12/27/2016,0,,0,0,0,0,0,0,0,0,0,0,0,0,0,0,0,0,0,0,0,0
12/28/2016,0,,0,0,0,0,0,0,0,0,0,0,0,0,0,0,0,0,0,0,0,0
12/29/2016,0,,0,0,0,0,0,0,0,0,0,0,0,0,0,0,0,0,0,0,0,0
12/30/2016,0,,0,0,0,0,0,0,0,0,0,0,0,0,0,0,0,0,0,0,0,0
12/31/2016,0,,0,0,0,0,0,0,0,0,0,0,0,0,0,0,0,0,0,0,0,0
1/1/2017,0,,0,0,0,0,0,0,0,0,0,0,0,0,0,0,0,0,0,0,0,0
1/2/2017,0,,0,0,0,0,0,0,0,0,0,0,0,0,0,0,0,0,0,0,0,0
1/3/2017,0,,0,0,0,0,0,0,0,0,0,0,0,0,0,0,0,0,0,0,0,0
1/4/2017,0,,0,0,0,0,0,0,0,0,0,0,0,0,0,0,0,0,0,0,0,0
1/5/2017,0,,0,0,0,0,0,0,0,0,0,0,0,0,0,0,0,0,0,0,0,0
1/6/2017,0,,0,0,0,0,0,0,0,0,0,0,0,0,0,0,0,0,0,0,0,0
1/7/2017,0,,0,0,0,0,0,0,0,0,0,0,0,0,0,0,0,0,0,0,0,0
1/8/2017,0,,0,24.9,0,27.4,0,0,0,0,0,35.4,0,0,2.2,0,0,0,0,0,0,0
1/9/2017,0,,0,0,0,0,0,0,0,0,0,0,0,0,0,0,0,0,0,0,0,0
1/10/2017,0,,0,0,0,0.2,0,0,0,0,0,0,0,0,0,0,0,0,0,0,0,0
1/11/2017,0,,13.4,0,0,0,0,0,0,0,0,0,0,0,0,0,0,0,0,0,0,0
1/12/2017,0,,0,0,0,0,0,0,0,0,0,0,0,0,0,0,0,0,0,0,0,0
1/13/2017,0,,0,0,0,0.2,0,2.5,0,0,0,0,0,0,0,0,0,0,0,0,0,0
1/14/2017,0,,0,0,0,0,0,0,0,0,0,0,0,0,0,0,0,0,0,0,0,0
1/15/2017,0,,0,0,0,0,0,0,0,0,0,0,0,0,0,0,0,0,0,0,0,0
1/16/2017,0,,0,0,0,0,0,0,0,0,0,0,0,0,0,0,0,0,0,0,0,0
1/17/2017,0,,0,0,0,0,0,0,0,0,0,0,0,0,0,0,0,0,0,0,0,0
1/18/2017,0,,0,0,0,0,0,0,0,0,0,0,0,0,0,0,0,0,0,0,0,0
1/19/2017,0,,0,0,0,0,0,0,0,0,0,0,0,0,0,0,0,0,0,0,0,0
1/20/2017,0,,0,0,0,0,0,0,0,0,0,0,0,0,0,0,0,0,0,0,0,0
1/21/2017,3.7,,0,1.6,1.5,0,0,0,0,10.8,10.4,0,0,0,13.2,0,0,0,0,0,0,0
1/22/2017,0,,0.4,0,25.6,1.9,0,9.5,11.7,0,18.6,0,0,38.6,0,0,34.5,0.8,0,0,0,0
1/23/2017,0,,0,0,0,0,0,0,0,0,0,0,0,0,0,0,0,0,0,0,0,0
1/24/2017,0,,0,0,0,0,0,0,0,0,0,0,0,0,0,0,0,0,0,0,0,0
1/25/2017,0,,0,0,0,0,0,0,0,0,0,0,0,0,0,0,0,0,0,0,0,0
1/26/2017,0,,0,0,0,0,0,0,0,0,0,0,0,0,0,0,0,0,0,0,0,0
1/27/2017,0,,0,0,0,0,0,0,0,0,0,0,0,0,0,0,0,0,0,0,0,0
1/28/2017,0,,0,0,0,0,0,0,0,0,0,0,0,0,0,0,0,0,0,0,0,0
1/29/2017,0,,0,0,0,0,0,0,0,0,0,0,0,0,0,0,0,0,0,0,0,0
1/30/2017,0,,0,0,0.3,0,0,17.5,0,0,16.6,0,0,0,0,0,0,0,0,0,0,0
1/31/2017,6.3,,2.7,0,7.6,10.3,0,0,33.8,0,4.9,0,0,34.8,0,0,3.8,47.8,0,0,0,0
2/1/2017,48.2,,0,0,0,0,0,0,0,0,0,0.6,0,0,0,0,0,0,0,0,0,0.3
2/2/2017,0,,0,0,0,0,0,0,0,0,0,0,0,0,0,0,0,0,0,0,7.7,0
2/3/2017,0,,0,4.7,0,0,0,0,0,0,0,0,0,0,0,0,0,0,0,0,0,0
2/4/2017,0,,0,0,0,1.1,0,0,2.8,0,0,0,0,0,0,0,0,0,0,0,0,0
2/5/2017,0,,0,0,0,3.9,0,0,0,0,0,0,0,0,0,0,0,0,0,0,0,0
2/6/2017,0,,0,0,0,0,0,0,0,0,0,0,0,0,0,0,0,0,0,0,0,0
2/7/2017,0,,0,0,0,0,0,0,0,0,0,0,0,0,0,0,0,0,0,0,0,0
2/8/2017,0,,0,0,0,0,0,0,0,0,0,0,0,0,0,0,0,0,0,0,0,0
2/9/2017,0,,1.7,0,0,0,0,0,0,0,4.5,0,0,0,0,0,0,0,0,0,0,0
2/10/2017,0,,3.3,0,0,0.7,0,0,0,0,0,0,0,0.7,0,0,3.6,0,0,0,0,0
2/11/2017,0,,0,0,0,0,0,0,0,0,0,0,0,0,0,0,0,0,0,0,0,0
2/12/2017,0,,0,0,0,2.9,0,0,0,0,0,0,0,0,0,0,0,0,0,0,0,0
2/13/2017,0,,47.4,0,19.5,51.5,0,0,27.6,0,4,0,0,0.7,0,0,2.6,0,0,0,0,0
2/14/2017,0,,0,0,0,0,0,0,0,0,0,0,0,0,0,0,0,0,0,0,0,0
2/15/2017,0,,0,0,0,0,0,0,0,0,0,0,0,0,0,0,0,0,0,0,0,0
2/16/2017,0,,0,0.5,0,0,0,0,0,0,0,0,0,0,0,0,0,0,0,0,0,0
2/17/2017,0,,0,0,0,0,0,0,0,0,0,0,0,0,0,0,0,0,0,0,0,0
2/18/2017,0,,0,0,0,0,0,0,0,0,0,0,0,0,0,0,0,0,0,0,0,0
2/19/2017,0,,0,0,0,0,0,0,0,0,0,0,0,0,0,0,0,0,0,0,0,0
2/20/2017,0,,0,0,0,0,0,0,0,0,0,0,0,0,0,0,0.7,0,0,0,0,0
2/21/2017,0,,0,0,0,0,0,0,0,0,0,0,0,0,0,0,0,0,0,0,0,0
2/22/2017,0,,0,5.5,0,0,0,0,0,0,0,4.8,0,0,0,0,0,0,0,0,0,0
2/23/2017,0,,0,0,0,0,0,23,0,0,0,0,0,0,0,0,0,0,0,0,0,0
2/24/2017,4.8,,0,0,0,0,0,0,0,0,11.3,0,0,26.7,4.7,20.2,1.3,0,0,0,0,0
2/25/2017,23.6,,0,0,0,0,0,0,0,3.8,0,13.5,0,0,13.5,18.1,0,0,0.6,0,7.6,0
2/26/2017,6.8,,4.9,0,0,20.4,0,0,80.1,0,0.6,6,0,0,18.7,1,6.6,1.8,0,0,7.1,0
2/27/2017,0,,0,0,0,0,0,0,0,0,0,0,0,0,0,0,0,0,0,0,0,0
2/28/2017,0,,0,0,0,0,0,28,0,0,0,0,0,0,0,0,0,0,0,0,0,0
3/1/2017,1.9,,2.8,0,0,0,0,17.3,0,0,0,0,0,0,0,0.2,0,0,0,0,0,0
3/2/2017,0,,0,31.8,0,0,0,0,0,0,0,0,0,0,0,0,0,0,0,0,0,0
3/3/2017,0,,0,33,0,0,0,0,0,0,0,8.1,0,0,3.4,6.5,0,0.5,0,0,8.9,0
3/4/2017,12.6,,0,0,0,0,0,0,0,4.8,3.1,0,0,0,0.4,0,0,0,0,0,0,0
3/5/2017,0,,0,0,0,3.8,0,0,0,2.9,0,0,0,0,0,0,0,0,0,0,0,0
3/6/2017,0.7,,3,1.2,59.2,0,0,0,23.7,0,11,0,0,15.4,4.7,0,0,0,0,0,0,0
3/7/2017,0,,0,0,0,0,0,0,0,0,0,0,0,0,6.2,0,32.5,0,0,0,0,0
3/8/2017,0,,0,0,0,10.7,0,0,0,0,0,0,0,0,0,0,0,0,0,0,0,0
3/9/2017,0,,22.4,11.4,0,1.7,0,0,0,0,12.9,0,0,0,0,0,0,0,0,0,0,0
3/10/2017,1.7,,0,0,0,10.2,0,0,0,0,0,0,0,0,0,0,0,0,0,0,1.4,0
3/11/2017,40.6,,48.7,5.2,0,0,0,60.7,0,0,21.3,0,0,0,0.6,0,0,0,0,0,0,0
3/12/2017,0,,0,5.3,0,3.5,0,0,9,0,0,0,0,7.6,1.7,0,0.3,0,0,0,0,0
3/13/2017,0,,0,0,0,0,0,0,0,0,0,1.9,0,0,0,0,0,0,0,0,0,0
3/14/2017,0,,0,0,0,0,0,0,0,0,0,0,0,0,0,0,0,0,0,0,0,0
3/15/2017,0,,0,0,0,0,0,0,0,0,0,0,0,0,1.9,0,0,0,0,0,0,0
3/16/2017,0,,16,0,0,0,0,0,0,0,0,0,0,0,0,0,0,0,0,0,0,0
3/17/2017,0,,0,0,0,0,0,0,0,0,0,0,0,0,0,0,0,0,0,0,0,0
3/18/2017,0,,0,0,0,0,0,0,0,0,0,0,0,0,0,0,0,0,0,0,0,0
3/19/2017,0,,0,0,0,0.2,6,0,0.6,0,0,10.9,3.6,0,0,35.1,0,0.6,2.2,6,26.5,0.5
3/20/2017,0.3,,0,1.3,32.4,0,0,7.8,7.9,0,0.7,0,0,0.4,0,0,0.7,4.7,0,0,0,0
3/21/2017,0,,0,0,0,0.6,0,0,0,0,0,0,0,0,0,0,0,0,0,0,0,0
3/22/2017,6.8,,0,0.1,0,0,0,2.7,0,32.2,0,38.7,0,0,45.8,26.8,0,0,0,0,0,0.7
3/23/2017,25.5,,0,9.6,0,0,21.9,0,6,2.2,7.6,9.1,0,0,1.2,22.6,0,0,0,16.7,3,1.8
3/24/2017,19.1,,0,0,0,0,0,0,0,24.3,0,0,0,0,0.6,0,0,0,0,0,0,0
3/25/2017,0.4,,0,1,0,0,0,48,0,0,0,2.7,0,0,0,0,0,0,0,0,0,0
3/26/2017,0,,0,0,0,0,0,1,0,16.1,4.7,0,0,0,0,0,0,0,0,0,0,0
3/27/2017,0,,0,25.2,0,0,10,0.8,0,0,4.1,0,0,0,0,0,0,0,6.3,9,0,0
3/28/2017,0,,0,3.1,0,0,0,0,0,0,0,0,0,0,0,0,0,0,11.5,0,0,0
3/29/2017,0,,0,0,0,0,0,0,0,0,10.8,0,0,4.9,3.3,0,0,0,0,0,0,0
3/30/2017,5.1,,0.7,14.7,14.9,0,0,25.1,1.7,0,14.9,27.7,0,0,7.6,3.6,7.7,19.8,0,0,19.8,0
3/31/2017,0,,0,0,0,0,0,0,0,0,0,0,0,0,0,0,0,0,0,0,0,0
4/1/2017,10.8,,0,0,0,12.3,0,5.8,0,0,0,33.9,0,1.8,12.9,10.6,2.4,0,0,0,10,0
4/2/2017,0,,0,0,0,0,11.3,0,0,1.3,0,0,0,0,0,23.5,0,0,4.2,31.6,0,11
4/3/2017,29.6,,6.1,3.6,32,26.4,0,31.3,17.2,0,31.5,0,0,38.8,11.6,0,33.6,30.4,0,0,0,0
4/4/2017,0,,0,0,0,0,0,0,0,0,0,0,0,0,0,0,0,0,0,0,0,0
4/5/2017,0,,0,0.7,0,0,0,1.8,0,0,0,0,0,0,0,0,0,0,0,0,0,0
4/6/2017,0,,10,0,0,0,0,0,0,33.2,0,0,0,0,0,20.6,0,0,13.8,0,0.4,25.6
4/7/2017,0,,0,0,0,0.2,0,0,0,0,0,0,0,0,0,0,0,0,0,0,0,0
4/8/2017,46.2,,1.6,14.3,7.1,5.1,60.1,24.7,0.3,1.3,13,7,0.7,1,33.9,2.2,0,1,1,0.5,0,0
4/9/2017,15.5,,49,19.7,15.6,43.7,0,10.4,35.6,0,46.8,4.6,0,20.9,8.2,0,74.3,49.5,0,0,0,0
4/10/2017,0,,0,0,0,0,0,0,0,0,0,0,0,0,0,0,0,0,0,0,0,0
4/11/2017,0.3,,0,0,0,0,0,0,0,0,0,10.9,0,0,0,0.5,0,0,0,0,0,0
4/12/2017,6.8,,0,0.8,0,0,0,29.3,0,0,36.5,0,0,0,0,0,24.9,0,0,0,0,0
4/13/2017,0,,0,0,0,57.7,0,0,0,0,0,0,0,0,0,0,48.7,0,0,0,0,0
4/14/2017,0,,0,0,0,0,0,0,22.5,0,0,0,0,5.8,0,0,0.2,0.3,0,0,0,0
4/15/2017,31.7,,20.4,13.5,8.5,0,0,20,5.5,11.5,44.7,19.4,0,0,30.1,5.1,0,9.8,0,0,0,0
4/16/2017,0,,0,0,0,0,0,0,0,0,0,0,0,0,0,9.4,0,0,0,0,0,0
4/17/2017,0,,0,0,0,0,4,4.7,0,0,0,0,0,0,20.8,0,0,0,0,0,0,0
4/18/2017,0.7,,0,2.8,0,0,0,6.9,0,4.9,1.9,0,0,0,0.9,0.6,0,0,0,0,0,0
4/19/2017,0,,0,3.2,0,0,0,0,0,0,0,0,0,0,0,0,0,0,0,0,35.8,0
4/20/2017,1.4,,58.4,0.3,37.8,26.6,0,1.4,19.4,0,65.4,0,0,9.4,0,8.7,33.9,65.7,0,0,1.4,0
4/21/2017,0,,0,0.1,0,0,0,0,0,0,0,0,0,0,0,0,0,0,0,16,0,6
4/22/2017,0,,0,0,0,0,0,0,0,0,0,0,0,0,0,0,0,0,0,0,0,0
4/23/2017,0,,0,0,0,0,0.5,0,0,15.1,0,0,0,0,0,1.8,0,0,35.1,0,31.1,0
4/24/2017,0,,0,0,0,5.3,0,0,0,0,0,4.2,0,0.6,0,0,3.4,0,0,0,0,0
4/25/2017,38.3,,35.3,19.3,16.5,11.3,8.5,14.3,18.3,0,1.4,18.8,6.3,18,0.6,1.1,0,9.9,0.2,4,6.8,0.5
4/26/2017,0,,0,0,0,0,0,0,0,0,0,0,0,0.2,0,0,5.6,0,0,0,0,0
4/27/2017,0,,0,0,0,0,0,0,0,0,0,0,1.9,0,0,0,0,0,0,0,0,11.7
4/28/2017,0,,0,0,0,0.3,0.8,0,1,14.3,0,0,0,0,0,5.8,3.6,0,0,0,14.6,0
4/29/2017,0.6,,0,0,0,0,0,0,0,0,0,0,0,0,0,0,2.4,0,0,1.5,0,0
4/30/2017,0,,0,0,0,0,0,0,0,0,0,0,20.2,17.7,0,0,8.7,0,0.1,14,0,12.5
5/1/2017,6.1,,16.2,6.2,13.8,0.9,0,1,5.9,0,40.5,0,0,5.7,16.8,0,1.3,9.9,0,0,7.6,0
5/2/2017,0,,0,0,0,0.5,0,0,0,0,0,0,0,0,0,0,0.1,0,0,0,0,17
5/3/2017,5.9,,3.1,0,0,1.2,5,6,0,8.2,28.7,39.8,3.2,6.3,6.8,6.8,0,0,4.2,0,19.8,0
5/4/2017,14.7,,22.9,12.7,13,6.1,1.1,12.1,0.7,5.7,6.8,13.8,0,2.6,24.6,15.8,6,5.1,0,9.2,0.6,0
5/5/2017,0,,0,0,0,0,0,0,0,0,0.2,0,0,0,0,0,0,0,0,0,0,0
5/6/2017,0,,12.8,0,0,0.4,0,0,0,14.7,0,0,0,2.5,0,11.2,2.6,0.8,0.6,0,0,3.5
5/7/2017,1.6,,5.6,14.7,10.8,0.8,0,19,11.5,0,8.5,7,0,5.7,2.7,0,11.2,20.2,0,0,0,0
5/8/2017,0,,0,0,0,0.8,0,0,0,0,0,0,0,0,0,0,0,0,0,0,0,0
5/9/2017,0,,28.7,0,0,0.6,0,0,5.1,0,0,0,9.7,0,0,0,0.2,0.7,0,0,0,0
5/10/2017,0,,0,0,0,0.5,0,0,5.3,0,0,0,54,0,0,0,0,1.3,0,10,0,0
5/11/2017,0,,4.4,10.3,3.6,74,0,0.7,0,0,0,0.1,0,0.1,0,0,0,0.8,4.8,1.5,0.6,27.7
5/12/2017,3.3,,0,0.3,0,0,27.5,0,0,12.9,0,0,0,0,0,2.6,0,0,17.2,0,6.5,0
5/13/2017,0,,0,0,0,0.8,0,0,3.5,0,0,0,0,0,0,1,0,0,3.4,0,0,2.5
5/14/2017,55.4,,0,63.6,0,19.4,0,2.8,0,5.9,10.8,10.1,0,4.9,40.6,28,0,0,0,0,2,0
5/15/2017,12.6,,2.4,2.4,0.7,27,0,0,0,0,54.8,23.4,0,0,0.5,0,71.6,0,0,0,0,0
5/16/2017,0,,6.7,8.2,24.3,153.5,0,26.8,0,3.4,0.4,0,0,49.4,0,0,93.2,84.4,0,0,0,0
5/17/2017,6,,1.4,21,0,37.9,0,0,0,0,0,0,0,1.5,1.3,0,0.4,4.9,0,0,0,0
5/18/2017,0,,0.4,2,32.9,0,0,0,0,0,0,8.4,3.4,0,0,4.7,0,0,0,5.6,0,0
5/19/2017,9.3,,15.1,0,0,0,0,0,0,0,0,0,48.6,0,0,0,0,0,0,0,0.2,0
5/20/2017,7.4,,0,29.1,18.1,17,65.1,16,39.5,9.5,10.3,13.5,0,19.3,18.6,23.1,13.1,40.6,25,49.2,30.8,0
5/21/2017,0,,0,0,0,0.2,0,0,0,14.8,0,0,0,0,0,0,0,0,0,0,0,1.6
5/22/2017,0,,0,0,0,28.8,0,0,0,0,0,0,0,8.2,0,0,110.7,0,0,0,0,0
5/23/2017,0.5,,0,0,0,0.8,0,15.2,0,23.1,0.4,9.2,7.1,0,1.3,22.3,0.1,0,24.5,22.1,3.2,46
5/24/2017,0.4,,0,0.5,0,24.7,20.8,37.2,0,0,0,0,0,0.5,0,0,80.3,2.3,5.1,0,0,4.4
5/25/2017,8.5,,16.9,25.5,56.7,75.6,54.3,16.6,18,36.4,22.2,41,1,51.3,14.2,0.1,22,26.2,0.2,3.4,10,10.8
5/26/2017,15.2,,0,1,63.9,0,0,0,0,0.3,24.8,0.1,0,0,3.2,3.1,0,0.3,0,0,0.1,0
5/27/2017,0,,0,0,0,0,0,0,0,0,0,0,0,0,0,0,0,0,0,0,0,0
5/28/2017,0,,0,0.5,0,12.4,0,0,0,0,0,0.2,0,0,0,0,0,0,0,0,0,0
5/29/2017,0,,0,0,0,9.4,2.9,0,0,0,0,0,11.3,0,0,0,0.2,1.8,0,0.4,0,0
5/30/2017,14.9,,2.1,25.8,32.6,15.6,5.6,9.4,0,0,26.9,0,40.8,0.3,7.2,0,0.2,1.6,0,20,0,0
5/31/2017,4.1,,2.8,29.5,0,3.2,0,0,0,0,1.1,34.8,0,0,3.1,0.1,6.1,0,6.1,0,0,1.5
6/1/2017,38.8,,0.7,0,0,0,0,0,0,0,0,0,0,0,0,0,0,0,0,0,0,0
6/2/2017,11.2,,1.6,0.4,11.3,42.3,27.7,0,0,50.4,0.2,0.8,0.5,3.1,0.3,13.2,91,0,32.8,2,15.7,26.7
6/3/2017,2.6,,41.8,64.1,13.1,4.3,0,1.8,0.8,0,11.3,26.8,0,0,13.3,0.5,7.3,0,0.1,0.9,2.2,0
6/4/2017,2.3,,14,14.9,3.8,0,0,12.5,0,0,4.2,55.1,9.3,13.5,1.1,0,0.2,0,0,0.6,0,0
6/5/2017,3.9,,0,0.8,0,31.7,0,1.4,13.2,3.5,0.4,0,0,52,7.4,0,8.3,180.4,0,0,0,16.3
6/6/2017,5.6,,0.6,0.6,0,0,0,1.8,0,2,3.6,13.3,0.5,0,2.9,0,0,0,0,18,0,0
6/7/2017,6.6,,0,12.5,0.9,0.5,0,26.5,0,0,0.3,2.8,0,0,9.5,0,0.4,0,0,0,0,0
6/8/2017,0,,0.7,5.9,0,0.3,0,0,0,0,0.3,0.5,0,0,0,0,0,0,0,0,0.1,0
6/9/2017,46.1,,0,1.3,0,40.3,0,3.8,2.4,0,13.4,0,0,0,9.6,0,0,8.7,13.8,0,0,8.1
6/10/2017,3.2,,31.5,0,0,139.1,11.1,1.9,2.7,1.2,1.2,0.8,0,13,18.7,10.2,53.1,3.6,3.1,0,20.1,0
6/11/2017,4,,8.9,0,24.8,66.3,0,52.4,1,37.5,0,9,0,2,2.4,0,30.2,0,0,0,0,0
6/12/2017,12.2,,0,1.7,29.2,27.8,0,4.1,37.7,5.4,27.6,24,0,72.1,45.5,0,122.5,20.2,0,0,0,0
6/13/2017,0,,0.6,0,0,0.7,0,0,0,0,0,0,0,0,0,0,0.2,0,0,0,0,0
6/14/2017,0,,0,2.8,0,0.6,10.5,0,0.9,0,7.5,1.5,0,0,38.3,0,3.2,0,11,0,0,0.8
6/15/2017,9.8,,35.7,16,0,0,31.4,0,0,2,0.2,16,12.4,0.1,10.9,8.6,0.6,0,4.8,53.8,19.8,1.8
6/16/2017,56.4,,0,49.5,177.3,0,3.6,58.8,53.9,1.2,56.6,7.7,50.9,34.4,3.7,12,7,46,32.6,17.6,22.5,45.5
6/17/2017,0,,0,2.4,0,5.6,0,0,0,0,0,1.1,0,0.3,21,0,3.3,0.2,0.6,0,0.7,0
6/18/2017,0,,0,1.1,3.2,0,0,0,0,0,1.8,0,0,0,8.8,0,0,0,0,0,0,0
6/19/2017,1,,0,0.9,0,17.6,0,0,0,14.9,1,1.4,0.4,8.1,0,0,52.8,0,7.5,7.9,2.6,0
6/20/2017,31.7,,14.7,67.5,0,0.2,27.8,26.2,0,31.6,6.5,19.6,0.8,0,4,2.3,0,0,4.9,25.1,22.5,32.2
6/21/2017,0,,0,34.2,0.3,0.2,0,0.3,0,0,7.7,0.4,0,0,1,0,0,0,0,0,0.3,1.6
6/22/2017,0,,7.5,3.3,0,2.4,0,0,0.7,0.2,0,0,0,0,0,4.5,0,0.3,0,0,0,0
6/23/2017,23.7,,1.5,18.3,10.2,16.6,6.3,21.2,30.3,15.1,57,14.8,27.1,3.4,14.8,30,0,6.9,20.6,45.4,13.9,19.2
6/24/2017,0.9,,0.2,52.9,35.3,20.5,17.6,24.5,1.8,15.8,3,33.2,6.8,41.2,4.3,0.5,0.4,3.3,36.4,4,8.3,1
6/25/2017,13.5,,29.8,29.2,1.3,0,6.9,0,8,9.2,29,3.2,15.4,0,0.4,0.8,0,0,0.5,10,0,14.4
6/26/2017,0.2,,0,0,0.4,0,4,3.5,2.5,4.6,1.9,0,0.5,0.3,0.8,3.4,0,2.4,0,6.6,33.5,0
6/27/2017,0,,0,0.9,0,2.8,0,4.7,0,0,13.5,0,0,48,0,0,20,0,0,1.6,0,6.5
6/28/2017,24.2,,0.6,56.8,29.4,5.4,32.8,29.3,0,11.7,4.5,13.4,53.2,5.2,12.7,0.5,0,0,27.3,31,0,21
6/29/2017,9.3,,0,36,11.1,0,2.1,3.2,0,6.9,5.1,7.4,0,0,4.8,3.7,0,0,5,0.2,21.8,0
6/30/2017,0,,0,0,0.2,0,0,0.8,0,0,0.8,0,0,0,0,0,0,0,0,0,0,0
7/1/2017,11.9,,0,8.2,7.1,11.2,11.1,17.4,0.9,3.4,8.7,0.1,0,0.6,0.5,0,5,0,10,0,0.7,69.3
7/2/2017,5,,0,23,0,60.5,5,0,0,0,0,63.2,0,0,1.1,8,93.4,0,0,0,20.9,0
7/3/2017,0,,0,0,0,5.1,0,0,0,72.4,0,0,0,0,9.3,10.6,1.1,0,0,0,0,0
7/4/2017,23.7,,0.8,39.9,0.6,33.7,0,6.2,0,0.6,14.1,0,0,1.8,43.8,1.8,26.9,0.2,1.8,0,3.6,10.4
7/5/2017,1.3,,4.4,25.3,3.2,29.7,44,0.8,4.9,1.9,10.2,6.4,6.5,28.9,71.5,8.9,7,0.1,9.7,1.2,94.6,46.5
7/6/2017,2.4,,1.7,16.9,8.5,0,0,42.7,1.2,5,56.8,44.7,29.8,0,1.2,7.7,2.4,0,0,3.5,4.4,25.1
7/7/2017,0.7,,1,6.1,0,0,0,0,0.1,0,0,6.6,0,0.1,3.2,3.1,0,0,0,0,5.9,0
7/8/2017,0,,0,1,0,0,0,0,0,0,0.3,4,0,0,0.3,0,0,0.1,0,0,2.4,0
7/9/2017,0,,0,0,0,0,0,0.4,0,1.4,0,3.6,0,0,1.8,0,0,0,0,0,1.6,0
7/10/2017,0,,0,0,0,0,0,0,0,0,0,0.6,8.2,0,0,0,0,0,0,2.4,0,0
7/11/2017,0,,0,0,0,0,0,0,0,0,0,0,0,0,0,0,0,0,0,0,0,0
7/12/2017,0,,0,0,0,0,0,0,0,0,0,0,0,0,0,0,0,0,0,0,0,0
7/13/2017,0,,0,0,0,0,2.3,0,0,0.2,0,0,79.8,0,0,0,0,0,52.7,6.2,0,31
7/14/2017,0,,0,0,0,0,0,0,0,0,0,1.2,0,0,0,0,0,0,0,0,0,0
7/15/2017,0,,0,0,0,0,0,0,3.2,0.8,0,0,6.5,0.1,0,0,0.5,3.7,1.3,8,0,49.2
7/16/2017,0,,0,0,0,0,0,0,0,2.3,18.1,5.9,0,0,0,0,0.4,0,0,2.5,0,0.5
7/17/2017,0,,0,0,18.1,0,6.1,0,0,1,8.6,1.4,0,0,4.2,6.3,1.7,0,8.1,0,18.9,38.5
7/18/2017,0,,0,3.3,0,0.9,0,0,2,1.8,10.6,0,0,0,1.4,0,0,0,0,0,0,0
7/19/2017,0.2,,1.6,0,0,0,0,0,0,8.2,0,0,0,0,3.2,0,0,0,0.5,0,0,1.7
7/20/2017,0,,0,0,0,0,0,7.6,0,0.6,0,0,10,0.4,0.7,0,0,0,0,0,0,0
7/21/2017,0,,1.2,0,0,0,0,0,0,0,0,0,0,1.3,1,0,12.7,0,0,0,0,0
7/22/2017,2.2,,0,0,43.7,14.7,2.1,29.2,1.2,17.6,87.9,0,25.2,13.3,0,0,2.7,1.3,2.1,1,2.1,5.1
7/23/2017,0,,0,0,0,1.7,25.5,11.5,13.7,28.9,0.6,0,0,4.8,0,0.4,3.7,8.3,32,0.8,0.1,4.3
7/24/2017,2.7,,4.2,0.6,0,4.7,5.5,14.9,10.6,31.4,2.2,1.3,73.1,1,11.5,4.9,0.1,10.1,8.9,0,1.3,1.7
7/25/2017,1,,0,4.6,1.5,0,0,10,0,1.4,12.7,0,0,0,0.2,0,3,0.2,17.5,0.5,0,7.6
7/26/2017,0,,0,1.5,0,0,0,0,0,1.4,2.6,0,0,0,1.3,0,0,0,0,0,0,0
7/27/2017,0,,0,0,0,0,0,0,0,0,0,0,0,0,0.8,0,0,0,0,0,0,0
7/28/2017,0,,0,0,0,0,1.1,0,0,14.2,0,0,11.2,0,1.8,1.5,0,0,58,77.3,0,3.7
7/29/2017,0,,0,10.8,0,0,0,0.1,0,1.9,0,0,0,0,0,0,0,0,0,0,0.5,0
7/30/2017,0,,0,0,1.8,0,12.2,5,0,0.4,0,0.3,10.3,0,0,0,0,0,1.4,10.5,0,7.7
7/31/2017,0,,0,0,0,0,0,0,0,1.8,0,0,0,0,0.3,0.3,0.9,0,0,0,0,0
8/1/2017,5.1,,0.4,0,0.1,0.8,14.2,2,0,11.4,0.7,0,0,4.7,6.5,0,1.5,0,0,0,0,7
8/2/2017,1,,1.2,26.3,0,2.2,26.5,4.1,0,0.9,12.2,10.2,0,7.2,7.4,33.2,16.1,2.2,0.5,21.7,32.1,3.3
8/3/2017,0,,0.4,4.2,0,0.7,0,0.6,0.9,0,8.1,1.7,0,0,0.3,0,0.3,0.5,0,0,5.1,2.1
8/4/2017,0,,0.4,0,3.3,0,0,5.1,0,0,1.8,0,19.8,0.1,0.5,0,0.4,0,1.5,0,0,0
8/5/2017,0,,0,2.1,0,0.5,26.7,13.1,0,6.6,0.8,2,20,0,2.6,0.2,2.1,0,29.2,7.3,0.3,40.5
8/6/2017,0,,0,0,0,0.7,0,0,0,0,0,0.5,1.2,0,0,0,0,0,0,2.1,0.3,0
8/7/2017,0,,0,0,0,0,0,0,0,0,0,0,57.4,0,0,0,0,0,0,0,0,0
8/8/2017,0,,0,0,0,0,26.3,0,0,1.5,0,0,0.8,0,0.5,0,0,0,0,0,0,22.3
8/9/2017,0,,0,0,0,0,0,0,0,0,0,0,0,0,0,0,3.1,0,0.3,0,0,0.5
8/10/2017,0,,0,0,0,1.5,0,0,0.5,0,0,0,31.8,0.2,0,0,0.1,0,0,0,0,4.9
8/11/2017,0,,0.2,0,0,0,0,0,0.1,10.2,0,0,2.8,0,33.1,2.2,0,0,0,0,18.4,0
8/12/2017,0,,0,0,1.9,0,7.6,6,0,0,0,35,0,0,0,0,0,0,0,8,0,0
8/13/2017,0,,0,7.2,0,1.9,0,0,0,0,0,1.6,0,0,0,0,0,0,0,0,0,10.7
8/14/2017,0,,1,1.7,0,0,5,0.4,0,25.1,0.4,1.8,27.4,1.9,1,23.7,1.3,0,19.1,7.3,13.6,30.4
8/15/2017,0,,0,0,0,0,0,0,1.5,0,0,0,0,0,0,0,0,0,2.5,0,0,0
8/16/2017,0,,1.1,1.5,0.7,0,0,13.3,0,0,4.6,2.8,0,0.1,0,0,0,0.7,0,0,0,0
8/17/2017,0,,0,0,0,2.9,24,0,0,38.2,0,0,48.5,0,0,5.7,0,2,12.2,29.5,2.3,9.9
8/18/2017,0,,0,0,0,0,0,0,0,0,0,1.1,0,0,4.4,0,0,0,0,0,0,1.7
8/19/2017,0,,0,0,0,0,0,0,0,0,0,0,0,0,0,0,0,0,0,0,0,0
8/20/2017,0,,0,0,0,0,0,0,0,0,0,0,2.9,0,0,0,0,0,0,0,0,2.2
8/21/2017,0,,0,0,0,0,0,0,0,17.4,0.2,4.2,0.9,0,0,0,0.5,0,0,10.4,19.8,3.4
8/22/2017,0.6,,0,0,0,2.8,1.1,0,0,1,0,0,3.8,0,0,0,0,0,0,0,1.5,41.2
8/23/2017,0,,0,0,1.7,0,0,0.4,0,0,1.3,0,1.1,0.1,0,7.6,1.8,0,0,0,0.3,0
8/24/2017,0,,0,0,0,0,56.3,0,0.5,0,9,0,0,16.2,0,1.8,0,0,2.2,7.1,0,0
8/25/2017,4.1,,27,17,43.7,16.9,6.2,11.6,5,10.6,27,17.9,32.9,0,7.3,2.6,26.2,13.5,0,0,12.4,6.8
8/26/2017,2.8,,0,0.4,0,0,0,0,0.5,0,0.1,12.6,1.8,0,1.5,0,4.5,0,0,0.6,0.6,0.7
8/27/2017,0,,0,1.1,0,0,0,0,0,0,0,0.4,0,0,0.4,0,0,0,0,0,0,0
8/28/2017,0,,0,0,0,0,0,0,0,0.8,0,0,0,2,0,0,0,0,0,0,0,0
8/29/2017,0,,0.2,0,0,0,22.8,0,1,0.7,0,0,5.2,0,0,0,1.5,0,3.8,4.9,0,0
8/30/2017,2.9,,0,1.7,0,2.9,6,0.1,0,0,1,0,0.7,0,0,0,0.4,2,0,0,0,2.3
8/31/2017,0.4,,0,0.3,0,0.9,0,0,0,1,3.3,0,0,6,2.3,1.1,0.5,0,0,8.8,0,1.2
9/1/2017,0,,0,0,0,0,0,0,0,0.4,0,0.4,0,0,1.5,0,1.4,0,0,0,0,0
9/2/2017,0,,0,0.4,0,0,0,0,0,0,2.5,0,0,0,0.5,0,0.5,0,0,0,0,0
9/3/2017,0,,0,0.5,0,0,13.2,0.4,0,1,0,0,16.4,0,0.7,0,0,0,33,10.3,0,9.5
9/4/2017,0,,0,0,0,0,0,0,0,0,0,0,0,0,6,0,0.2,0,0,0,0,0
9/5/2017,0,,0,0,0,0,0,0,0,5.4,5.5,0,0,0,0,0,0,0,0,0,0,0
9/6/2017,2.1,,0,2.8,18.1,0,8.5,4.4,0,49.1,2.5,12.2,0,0,8.6,16.6,0,0,0,0.9,20.2,3
9/7/2017,5.9,,0,46.2,14.2,0.7,13.6,41.1,1.8,10.5,78.6,34.6,0,3,8.7,45.2,0,1.4,17.4,15,4.5,25.2
9/8/2017,0.5,,0,0,0,0,0.5,0,0,0,0,0,0,0,6.1,0.3,0,0,0,0,0,0
9/9/2017,0,,0,0,0,0,0,0,0,0,0,0,0,0,0,0,0,0,0,0,0,0
9/10/2017,20.2,,0,0,0,0,0,0.4,0,21.6,2,23.7,1.6,0.5,3.8,0.8,0,0,3.9,0,5,11.6
9/11/2017,7.8,,15.1,15.4,1.8,0.2,7.5,1.2,0,17.3,7.8,9.6,0,0,11.2,4.9,0,1.3,12,7.6,26.6,26.1
9/12/2017,1.9,,6.2,19.9,0,0,0,0,1.1,0,0,4,0,1.6,6,27.4,0,0,0,0,0,0
9/13/2017,2.4,,0,1.5,0,0,0,0,0,0,0,0,0,1,2.6,0,0.6,0,0,0,0,23.2
9/14/2017,0,,0,0,0,0,0,0,0.6,0,0,0,0,0,0,0,0,0,0,0,0,0
9/15/2017,0,,0,0,0,0,0,0,2.8,0,0,0,0.5,0,0,0.2,0,0,0,0,0,0
9/16/2017,0,,1.7,0,0,0,0.7,0,3.2,36.7,0.2,0,11.8,0,0.6,0.9,0,2.7,8.4,9,0.5,18.4
9/17/2017,0,,0,0.2,0,0.3,0,0,1,0,0,0,0,0,0.2,0,0,0,0,0,0,0.5
9/18/2017,3.2,,0,0,0,0,0,0,0,15.9,1.6,4.2,0,0,0.6,0,0,0,0,0,0,0
9/19/2017,0,,0,0,0,0,0,0,0,0,0,49.1,0,1.2,1.1,0,0,0,0,0,0,4
9/20/2017,0,,0,0,0,0,3.2,0,0,0,1.1,0,0,1.3,0,0.6,0,0,0,14.7,0,3.6
9/21/2017,0,,0,0,0,0,4.1,0,18.9,91.1,0,0,30.1,0,0,0,0.9,6.9,12.2,38.2,0,25.2
9/22/2017,0,,0,0.6,0.8,0.5,3.8,0,1.1,1.7,0,0,0,0,0,34.5,0,2.4,4.9,8.5,7,8.3
9/23/2017,3,,9.7,0,0,0,0,5.9,0,13.9,0.1,49.4,0,0,0.8,45.9,0,0,0,0,6.9,0.6
9/24/2017,24,,21.9,5.4,8.9,10.6,0,0,2.1,18,11.2,10.5,7.8,15.4,22.5,16.7,6.9,2,8.3,0,1.5,0
9/25/2017,0,,0,0.1,0,0,0,0,0,0,0,0,0,0,0,0,0,0,0,0.7,6.3,0
9/26/2017,31.5,,22.2,8.7,24.8,0.4,0.6,10.4,2.3,0.8,30.8,22.9,9.5,15.3,33.6,19,3.7,20.2,0,3,0,19.3
9/27/2017,0,,0,0,0,0,0,3.6,0,12.4,0,0,0,0,0,0,0,0,0,0,0,0
9/28/2017,0,,0,19.5,0,0,4.5,4.6,36.5,17.7,10.2,7.2,3.5,46.3,10.5,8.4,3.8,0,22.2,21.3,0,24.7
9/29/2017,5.2,,3.6,41.9,14.1,6.9,0.6,0,6.7,9.4,7.7,7.7,0,3.4,16,10,1.1,8.4,0,2.2,10.6,0
9/30/2017,1.4,,0,1.2,0,5.9,0,22.1,0.2,0,0,3.1,0,3.1,0,1.4,4.2,1,0,0,0,0
10/1/2017,0,,0,0,0,2.2,0,0,0,0,0,0,12.9,0,1.9,0,0,0,14.1,0,6.9,21.3
10/2/2017,0,,1.2,32,0,23.7,2.3,6.2,0,0,1.5,0,0,0,18.5,0,0,0,7.6,0,0.5,14
10/3/2017,0.2,,0,1.8,0,0.3,0,0,0,0,0,1.4,0,2.6,4.6,0,0,0,0,0,0,0
10/4/2017,0,,2.2,0.4,0,2.4,28.6,0,2.2,0,6.1,0,17.3,1.5,34,0,0,0,13.4,0,17.8,40.7
10/5/2017,77.6,,0,0.3,0,0,2.5,2.7,76.6,14.4,37.7,83.8,2.6,1.3,2.8,0,5,96.2,1.7,0.3,0.6,12.4
10/6/2017,0,,0,0,0,69.1,0,0,0.4,3.4,0,8.3,0,32.7,11.4,16.6,13.2,0,0,0,0,0
10/7/2017,18.4,,0,2,19,27.7,0,20.9,0,0,55,48,0,7.3,10.1,45.2,27.6,0,0,0,0,0
10/8/2017,0,,0,0,0,20.5,0,0,0,0,0,0,0,0,0,0.3,11.1,0,0,0,0.2,8.8
10/9/2017,0,,0,4.3,0,0,0,0,0,0,0,0,0,0,0,0,0,0,0,0,21.7,0
10/10/2017,57.2,,0,47.6,0,13.5,0,14.2,0,0,0,1.8,0,2,3.5,0.8,39.5,0.7,0,0,6.7,0
10/11/2017,2.9,,0,27.3,0,2.8,0,2.6,0,0,0,1,0,38.8,5.7,4.9,4.7,0,0,0,0,0
10/12/2017,4,,3.1,29.6,0,0.4,2,0,0,6,12.7,10.5,0,0,46.1,27.4,0,4.7,0,0,10.5,2
10/13/2017,34.4,,0,0,1.8,0,0,15.4,0,0,0.8,1.7,0,0.9,10.4,0,0,0,0,0,19,0
10/14/2017,2,,0,1.5,0,0.8,12.8,0.4,0,0.5,4,4.2,0,4.9,8.6,0,5.4,0,8,0,7.4,28.1
10/15/2017,0,,0,44.8,5.3,0.2,0,0,0,0,15.8,1.7,0,0,1.8,0.2,0,0,0,0,0,0
10/16/2017,4.9,,0,4.2,1,0,0,5,0,0,0,2,0,0,0.9,0.9,0,0,0,0,13.7,0
10/17/2017,0,,1,0,0,0,0,0,0,0,0,0,0,0,0,0,0,0,0,0,0.3,0
10/18/2017,0,,2.3,18.2,3.6,5.4,0,0,6.7,0,0,0,0,7,2.4,0,2.6,6.7,0,0,10.6,0
10/19/2017,1.5,,0,0,0,0,0,0,0,0,7.4,2.8,0,1.7,2.9,0,0,0,0,0,0,0
10/20/2017,0,,0,0,0.3,0.2,0,0.2,0,0,6.2,0.8,0,0,0,0.6,0,0,0,0,0,0
10/21/2017,0,,0,0,0,0,0,0,0,0,1,0,0,0,0,0,0,0,0,0,17.9,0
10/22/2017,0,,0,16.6,2.5,0,0,0,0,0,3.1,0,0,0,0,34.5,1,0,0,0,26,0
10/23/2017,0,,0,0.6,0,1.3,0,0,0,0,0,0,0,0,6.2,45.9,0,0,0,0,5.9,0
10/24/2017,0,,48.9,0,0,0.3,0,0,0,0,9.9,1.8,0,0,1.4,16.7,0,0,0,0,0.8,0
10/25/2017,8.9,,0,14,0,0,0,13.3,0,0,0,0,0,0,0,0,0,0,0,0,0,0
10/26/2017,0,,0,5.4,0,0,0,0,0,0,0,0,0,0,0,19,0,0,0,0,0,0
10/27/2017,3.7,,0,16.8,24.9,4.7,0,0,3.8,0,6.6,0,0,12.5,26,0,0,0,0,0,1.5,0
10/28/2017,2.6,,19.2,1,2.4,23.1,0,0.4,0.5,0,0,0,0,18.5,0,8.4,17.1,2,0,0,0,0
10/29/2017,0,,0,4.5,0,0,0,0,0,0,3.3,0,0,0,0.8,10,0,0,0,0,0,0
10/30/2017,0,,0,13.3,0,0,0,0,0,0,0,0,0,0,1,1.4,0,0,0,0,0,0
10/31/2017,0,,0.2,0,3.1,0.3,0,0,0,0,4.5,0,0,0,0,0.7,0,0,0,0,0,0
11/1/2017,0,,0,0,15.1,12.8,0,0,0.3,0,6.2,0,0,8.7,4.4,0,19.2,5.6,0,0,0.7,0
11/2/2017,0.2,,0,0,0,0,0,0,0,0,0,0,0,0,0,4.6,0,0,0,0,0.2,0
11/3/2017,0,,0,0,0,0,0,0,0,0,1,0,0,0.4,0,32.8,0,0,0,0,5.5,0
11/4/2017,0,,0,0,0,3.1,0,0,0.5,0,8.5,1.2,0,0.9,0,7.7,0,0,0,0,1.4,0
11/5/2017,1,,74.6,0,30.3,165.1,1.8,0,1.5,0,0.4,0,0,8.3,26,0,58.5,0,1.8,0,0,0
11/6/2017,18.5,,0,0,0,0,3.5,0,0,32.8,0,9.4,0,2.9,32,8.4,0,0,0,0,0,0
11/7/2017,0,,0,0,0,0,0,0,0,0,0,0.2,0,0,7.5,0,0,0,0,0,0,0
11/8/2017,0,,0,0,5.7,0,0,0,0,0,5,4.3,0,0,18.8,0,0,0,0,0,0,0
11/9/2017,0,,0,0,2,0,0,0,0,0,0,20.3,0,0,0,0,9.5,0,0,0,0,0
11/10/2017,0,,0,0,4.1,10.2,0,0,0,0,0,0,0,0,0,0,0.1,0,0,0,0,0
11/11/2017,0,,3,0,0,9.7,0,0,0,0,4.7,0,0,0.5,0,0,0,0,0,0,0,0
11/12/2017,0,,16.8,0,0,0,0,0,0,0,8.1,0,0,0,0,0,0,0,0,0,0,0
11/13/2017,0,,10,0,0,0,0,0,0,0,0,8.3,0,1,3.7,0,0,0,0,0,0,0
11/14/2017,1,,5.8,0,0,0,0,1,0.4,0,0,0,0,0,1.3,0,1.8,0,5.4,0,0,0
11/15/2017,2.7,,0,0,0,28.3,0,7.2,10,0,0,0,0,77.4,0,14.3,27.5,0,0,0,0.4,0
11/16/2017,0,,0,0,0,0,0,0,0,0,0,16,0,0,11.9,0,0,0,0,0,0,0
11/17/2017,0,,0,0,0,0,0,0,0,0,0,0,0,0,0,0,0,0,0,0,0,0
11/18/2017,0,,6.5,0,0,27,0,0.8,0,0,0,0,0,0,12.9,0,0.8,0,0,0,1.5,0
11/19/2017,2.7,,0,0,0,10.5,23,28,0,0,1.9,3.5,8.9,10,0.5,16.8,6.1,0,0,0,1,0
11/20/2017,0,,0,0,0,4,0,0,0,14.4,9.5,0,0,0,0,0,0,0,0,0,0,0
11/21/2017,0,,4.5,0,0,0,0,0,2.2,0,0,16.8,0,0,0,1.2,0,2.8,0,0,0,0
11/22/2017,0,,15.6,0,0,0,0,0,0,0,12.5,0,0,0,0,0,0,0,0,0,0,0
11/23/2017,3.4,,4.4,0,0.4,3.4,0,4.2,0,18.8,4.4,0,0,0,24.3,1.7,0,0,0,0,3.5,0
11/24/2017,0,,20.7,0,0.3,0,0,0,0,0,33.6,0,0,0,0.3,24.1,0,0,0,0,0,0
11/25/2017,0,,0,0,0.2,10.8,0,0,49.5,0,2.7,0,0,0.3,2,0,0.4,0.4,0,0,0,0
11/26/2017,0,,0,0,0,0,0,0,0,0,0,0,0,0,0,0,0,0,0,0,0,0
11/27/2017,0,,0,0,0.2,0,0,0,0,0,0.7,0,0,0,0,0,0,0,0,0,0,0
11/28/2017,0,,0,0,0,0,0,0,0,0,0,0,0,0,0,0,0,0,0,0,0,0
11/29/2017,0,,0,0,0,0,0,0,0,0,0,0,0,0,0,0,0,0,0,0,0,0
11/30/2017,0,,0,0,0,0,0,0,0,0,0,0,0,0,0,0,0,0,0,0,0,0
12/1/2017,0,,0,0,0,0,0,0,0,0,0,0,0,0,0,0,0,0,0,0,0,0
12/2/2017,0,,0,0,0,3.4,0,0,0,0,0,0,0,0,0,0,0,0,0,0,0,0
12/3/2017,0,,0,0,0,9,0,0,0,0,0,0,0,0,0,0,0,0,0,0,0,0
12/4/2017,0,,0,0,0,0,0,0,0,0,0,0,0,0.9,0,0,0,0,0,0,0,0
12/5/2017,0,,0,0,2.3,28.8,0,0,0,0,0,0,0,0,0,0,0,0,0,0,0,0
12/6/2017,0,,0,0,0,23.8,0,0,0,0,0,0,0,49.9,0,0,2.3,0,0,0,0,0
12/7/2017,1,,0,0,10.2,0,0,8.1,0,0,17.2,15.7,0,0,6.3,0,0,0,0,0,0,0
12/8/2017,3.7,,10,0,23.4,5.6,0,2.2,0,16.6,0.8,0,0,26.4,0,0,0.1,1.5,0,0,0,0
12/9/2017,0,,0,0,20.1,16,0,15.2,11.3,0,3.5,0,0,12,0,0,20.2,58.3,0,0,0,0
12/10/2017,0,,0,0,0,0,0,0,0,0,0,0,0,0,0,0,0,0,0,0,0,0
12/11/2017,0,,0,0,0,0,0,0,0,0,0,0,0,0,0,0,0,0,0,0,0,0
12/12/2017,0,,0,0,0,0,0,0,0,0,0,0,0,0,0,0,0,0,0,0,0,0
12/13/2017,0,,0,0,0,0,0,0,0,0,0,0,0,0,0,0,0,0,0,0,0,0
12/14/2017,0,,0,0,0,0,0,0,0,0,0,0,0,0,0,0,0,0,0,0,0,0
12/15/2017,0,,0,0,0,0,0,0,0,0,0,0,0,0,0,0,0,0,0,0,0,0
12/16/2017,0,,0,0,0,79.1,0,0,0.5,0,0,0,0,5.1,0,0,64.2,0,0,0,0,0
12/17/2017,0,,0,0,0,0,0,0,0,0,0,0,0,0,0,0,0,0,0,0,0,0
12/18/2017,0,,0,0,0,25.8,0,1,0,0,0,0,0,18.8,0,0,0,0,0,0,0,0
12/19/2017,1.3,,0,0,0,2.9,0,0.5,0,0,0,8.9,0,0,0,0,0,0,0,0,0,0
12/20/2017,0.6,,0,0,0,10.1,0,0,0,0,0,14.1,0,0,45.7,0.7,0,0,0,0,0,0
12/21/2017,0,,0,0,9.3,18.9,0,4,0,0,0.3,0,0,0,0,0,0,0,0,0,0,0
12/22/2017,0,,0,0,0,0,0,0,0,0,0,0,0,0,0,0,0,0,0,0,0,0
12/23/2017,0,,0,0,0,0,0,0,0,0,0,0,0,0,0,0,0,0,0,0,0,0
12/24/2017,0,,0,0,0,0,0,0,0,0,0,0,0,0,0,0,0,0,0,0,0,0
12/25/2017,0,,0,0,0,0,0,0,0,0,0,0,0,0,0,0,0,0,0,0,0,0
12/26/2017,0,,0,0,0,0,0,0,0,0,0,0,0,0,0,0,0,0,0,0,0,0
12/27/2017,0,,0,0,0,0,0,0,0,0,0,0,0,0,0,0,0,0,0,0,0,0
12/28/2017,0,,0,0,0,0,0,0,0,0,0,0,0,0,0,0,0,0,0,0,0,0
12/29/2017,0,,0,0,0,0,0,0,0,0,0,0,0,0,0,0,0,0,0,0,0,0
12/30/2017,0,,0,0,0,0,0,0,0,0,0,0,0,0,0,0,0,0,0,0,0,0
12/31/2017,0,,0,0,0,0,0,0,0,0,0,0,0,0,0,0,0,0,0,0,0,0
1/1/2018,0,,0,0,0,0,0,0,0,0,0,0,0,0,0,0,0,0,0,0,0,0
1/2/2018,0,,0,0,0,0,0,0,0,0,0,0,0,0,0,0,0,0,0,0,0,0
1/3/2018,0,,0,0,0,0,0,0,0,0,0,0,0,0,0,0,0,0,0,0,0,0
1/4/2018,0,,0,0,0,0,0,0,0,0,0,0,0,0,0,0,0,0,0,0,0,0
1/5/2018,0,,0,0,0,0,0,0,0,0,0,0,0,0,0,0,0,0,0,0,0,0
1/6/2018,0,,0,0,0,0,0,0,0,0,0,0,0,0,0,0,0,0,0,0,0,0
1/7/2018,0,,0,0,0,0,0,0,0,0,28,0,0,0,2.7,0,0,0,0,0,0,0
1/8/2018,0,,0,0,0,0,0,0,0,0,0,0,0,0,0,0,0,0,0,0,0,0
1/9/2018,0,,0,0,0,9,0,0,0,0,0,0,0,0,0,0,0,0,0,0,0,0
1/10/2018,0,,0,0,0,0,0,0,0,0,0,0,0,0,0,0,0,0,0,0,0,0
1/11/2018,0,,0,0,0,0,0,0,0,0,0,0,0,0,0,0,0,0,0,0,0,0
1/12/2018,0,,0,0,0,0,0,0,0,0,0,0,0,0,0,0,0,0,0,0,0,0
1/13/2018,0,,0,0,0,0,0,0,0,0,0,0,0,0,0,0,0,0,0,0,0,0
1/14/2018,0,,0,0,0,0,0,0,0,0,0,0,0,0,0,0,0,0,0,0,0,0
1/15/2018,0,,0,0,0,0,0,0,0,0,0,0,0,0,0,0,0,0,0,0,0,0
1/16/2018,0,,0,0,0,0,0,0,0,0,0,0,0,0,0,0,0,0,0,0,0,0
1/17/2018,0,,0,0,0,0,0,0,0,0,0,0,0,0,0,0,0,0,0,0,0,0
1/18/2018,0,,0,0,0,0,0,0,0,0,0,0,0,0,0,0,0,0,0,0,0,0
1/19/2018,0,,0,0,0,0,0,0,0,0,0,0,0,0,0,0,0,0,0,0,0,0
1/20/2018,0,,0,0,0,0,0,0,0,0,0,0,0,0,0,0,0,0,0,0,0,0
1/21/2018,0,,0,0,0,0,0,0,0,0,0,0,0,0,0,0,0,0,0,0,0,0
1/22/2018,0,,0,0,0,0,0,0,0,0,0,0,0,0,0,0,0,0,0,0,0,0
1/23/2018,0,,0,0,0,0,0,0,0,0,0,0,0,0,0,0,0,0,0,0,0,0
1/24/2018,0,,0,0,0,0,0,0,0,0,0,0,0,0,0,0,0,0,0,0,0,0
1/25/2018,0,,0,0,0,0,0,0,0,0,0,0,0,0,0,0,0,0,0,0,0,0
1/26/2018,0,,0,0,0,0,0,0,0,0,0,0,0,0,0,0,0,0,0,0,0,0
1/27/2018,0,,0,0,0,0,0,0,0,0,0,0,0,0,0,0,0,0,0,0,0,0
1/28/2018,0,,0,0,0,0,0,0,0,0,0,0,0,0,0,0,0,0,0,0,0,0
1/29/2018,0,,0,0,0,0,0,0,0,0,0,0,0,0,0,0,0,0,0,0,0,0
1/30/2018,0,,0,0,0,0,0,0,0,0,0,0,0,0,0,0,0,0,0,0,0,0
1/31/2018,0,,0,0,0,0,0,0,0,0,0,0,0,0,0,0,0,0,0,0,0,0
2/1/2018,0,,0,0,0,0,0,0,0,0,0,0,0,0,0,0,0,0,0,0,0,0
2/2/2018,0,,0,0,0,0,0,0,0,0,0,0,0,0,0,0,0,0,0,0,0,0
2/3/2018,0,,0,0.4,0,0,0,0,0,0,0,0,0,0,0,0,0,0,0,0,0,0
2/4/2018,0,,0,0,0,0,0,0,0,0,0,0,0,0,0,0,0,0,0,0,0,0
2/5/2018,0,,0,0,0,0,0,0,0,0,0,0,0,0,0,0,0,0,0,0,0,0
2/6/2018,0,,0,0,0,0,0,0,0,2,0,1.1,0,0,0,0,0.3,0,0,0,0,0
2/7/2018,0,,0,0,0,0,0,0,0,0,0,0,0,0,0,0,0,0.6,0,0,0,0
2/8/2018,0,,0,0,0,0,0,0,0,0,0,0,0,0,0,0,0,0,0,0,0,0
2/9/2018,0,,0,0,0,0,0,0,0,0,0,0,0,0,0,0,0.1,0,0,0,0,0
2/10/2018,0,,0,0,0,0,0,0,0,0,0,0,0,0,0,0,0,0,0,0,0,0
2/11/2018,0,,0,0,0,0,0,0,0,0,0,0,0,0,0,0,0.3,0,0,0,0,0
2/12/2018,0,,0,0,0,0,0,0,0.8,0,0,0,0,25.2,0,0,0,0,0,0,0,0
2/13/2018,0,,0,0,0,2.5,0,0,0,0,2.7,0,0,0,0,0,0,0,0,0,0,0
2/14/2018,0,,0,0,0,0,0,0,0,0,0,0,0,0,0,0,0,0,0,0,0,0
2/15/2018,0,,0,0,0,0,0,0,0,0,0,0,0,0,0,0,0,0,0,0,0,0
2/16/2018,0,,0,0,0,0,0,0,0,0,0,0,1.6,0,0,0,0,0,0,0,0,0
2/17/2018,0,,22,0,0,11.3,0,0,0,0,0,0,0,0,0,0,0,4.2,0,0,0,0
2/18/2018,0,,0,0,0,3.2,0,0,0,0,0,0,0,0,0,0,68.5,1,0,0,0,0
2/19/2018,0,,0,0,0,0,6.2,0,0,0,0,0,0,0,0,9.7,0,0,0,1.2,0,0
2/20/2018,0,,3.7,12.6,0,5.1,3,0,5,0,1,3.4,0,0,35.6,18.4,0,8.5,0,0,1,0
2/21/2018,0,,0,0,0.4,0,0,0,0,0,0,0,0,0,0,0,0,0,0,0,0,0
2/22/2018,0,,0,0,0,0,0,0,0,0,0,0,0,0,0,0,0,0,0,0,0,0
2/23/2018,0,,0,0,0,0,27.2,0,0,11.4,0,0,18.2,0,0,0,0,0,3.1,80.2,0,5.6
2/24/2018,0,,0,2,0,2.7,0,0,0,0,6.3,4,0,0,9.7,0,9.6,0,0,12.3,0.2,0
2/25/2018,8.4,,7.1,2.4,2.2,0,0,19.4,0,30.8,12.6,17.4,0,0,50.4,17.5,0,0,0,0,28.2,1.1
2/26/2018,0,,1.5,0,0.1,0,0,0,0,0,0.3,0,0,0,0,0,0,0.1,0,0,0,0.2
2/27/2018,0,,0,0,0,0,0,0,0,0,0,3.9,0,0,20.9,0,0,0,0,0,0,0
2/28/2018,0.2,,0,1.5,0,0,0.3,0,0,0,0,0,0,0,0.7,0,0,0,0,0,2.8,0
3/1/2018,17.4,,0,1.5,0,0,9.3,0,0,0,33,8.7,0,0,16.2,0,0,0,0,0,13.8,0
3/2/2018,0,,0,1.5,0,0,0,0,0,0,3.2,0,0,0,0,0,0,0,0,0,0,0
3/3/2018,0,,0,0,0,0,0,0,0,0,0,0,0,0,0,0,0,0,0,0,0,0
3/4/2018,0,,7.2,0,0,0,0,14.6,0,9,7.7,9.8,0,0,4.6,1.7,0,0,0,0,0,0
3/5/2018,24.2,,0,0,0,0,0,0,0,0,0,10.6,0,0,70.4,0,0,0,0,0,0,0
3/6/2018,0,,0,17.7,0,0,0,0,0,0,0,0,0,0,0,0,0,0,0,0.7,0,0
3/7/2018,4,,0,0,0,0,0,0,0,0,0,6.5,0,0,0,17.9,20.4,0,2.8,0,15.5,0
3/8/2018,0.8,,0,0,0,0,0,0,0,0,0,19.3,0,0,0.8,0,0,0,0,0,0,4.9
3/9/2018,13.2,,15.3,0,0.9,4,0,12.4,0,0,9.6,0,0,0,14.5,3.6,0,0,0,0,0,0
3/10/2018,1,,0,8.8,0,0,0,0,0,0,12.6,32,0,0,32.8,0.1,0,0,0,0,0,7.3
3/11/2018,1.8,,0,6.3,0,1.4,0,0,0,0,5,7,0,0,0,0,0,0,0,0,0,0
3/12/2018,0,,0,0,0,0,0,27.2,0,0,2.4,4.9,0,0,5.2,0,0,0,0,8.4,0,0
3/13/2018,0.3,,0,0,0,1.6,0,0,0,0,1.4,13.4,0,0,0,0,0,0,18,2.8,6.4,1.1
3/14/2018,0,,0,0,0,0,0,0,0,0,0,45.2,0,0,0,0,0,0,1.9,0,0,0
3/15/2018,0,,0,0,0,0,0,0,0,0,0,0,0,0,0,0,0,0,0,0,0,0
3/16/2018,0,,0,0,0,0,0,0,0,0,0,9.5,0,0,3.5,12.4,0,0,0,0,8.7,0
3/17/2018,0,,14,0,26,0,0,3.7,1,0,0.6,17.2,0,0,0,0,0,3.8,0,0.1,0,0
3/18/2018,0,,0,0,0,0,10.4,0,0,0,1.1,0,0,0,2.3,0,0,0,0,0,1.5,0
3/19/2018,0.3,,0,0,0,0,0,0,0,0,0,16.6,0,0,0,0,0,0,0,0,0,0
3/20/2018,6.1,,0,0,0,0,0,0,0,0,0,0,0,0,0,0,0,0,0,3.2,0,0
3/21/2018,0,,0,5.6,0,0,0,0,0,1.4,0,0,18.5,0,0,17.8,0,0,9.4,1.1,53.2,13.9
3/22/2018,0.8,,0,0,0,0,0,0,0,0,0,3.3,0,0,17.6,0,0,0,0,0,0,0
3/23/2018,35.1,,32.3,10,5.1,0.3,0,0,19.6,0,25.6,28.3,0,0,2,16.2,0.1,9.9,0,0,17.6,7.4
3/24/2018,0,,0,3.9,0,0,0,2,0,0,0,0,0,0,3.4,0,0,0,0,0,0,0
3/25/2018,0,,0.1,0,0,0,0,0,0,0,0,0,0,0,0,0,0,0,0,0,0,0
3/26/2018,0,,0,0,0,1,0,0,0,0,0,0,0,0,0,0,0,0,0,0,0,0
3/27/2018,0,,0,0.7,0,0,0,0,0,0,0,0,0,0,0,0,0,0,0,0,0,0
3/28/2018,0,,0,0,0,0,0,0,0,0,1.8,0,0,0,0,0,0,0,0,0,0,0
3/29/2018,3.8,,4.1,0,0,0,0,0,0.3,0.2,0,8.5,0,0,14.3,0,0,0,0,0,0,0
3/30/2018,0,,0,0,0,0,0,0,0,0,0,0,0,0,0,0,0,0,0,0,0,0
3/31/2018,0,,0,0,0,0,4.9,0,0,0,0,0,0,0,3.3,0,0,0,0,9.6,9.5,0
4/1/2018,0,,0,0,0,2.1,0,0,0,0,0,0,0,0,0,2.3,0,0,0,0,0,0
4/2/2018,0,,0,0,0,0,0,0,0,0,0,0,0,8.3,0,0,0,0,0,0,0,0
4/3/2018,0,,0,0,0,0.2,0,0,0,0,3.8,19,0,0.1,0,0,0,0,0,0,0,0
4/4/2018,22.6,,0,0,0,0.2,34.4,0,0,12.6,0,27.3,0,0,1.6,10,0,0,16.5,0,43.4,4.4
4/5/2018,0,,0,0,0,0,0,0,0,0.5,0,0,0,0,0,0,0,0,0,0,0,0
4/6/2018,26.6,,77.4,0,0,0,0,0.4,36.8,0,1.3,0,0,0,0,2.4,0,17.4,0,0,0,4.6
4/7/2018,0,,0,0,20,0,0,0,0,0,0,3.3,0,0,0.9,0,0,0,15.5,6.4,0,0
4/8/2018,0,,0,0,0,3.2,31.1,0,0,18.5,0,0,0,0,0,0,0,0,4,0,0,21.4
4/9/2018,4.4,,42.1,0,0,28.3,0,26.4,34.5,0,45.9,6.6,0,23.2,15.5,0,46.6,48.8,0,0,0,0
4/10/2018,0,,0,0,48.5,0.7,0,0,0,0,0.1,0,0,0,3,0,0.1,0,0,0,0,0
4/11/2018,0,,0,0,0,0,0,0,0,0,0,0,0,0,0,0,0,0,0,0,0,0
4/12/2018,0,,0,0,0,26.6,0,0,0,0,0,0,13.8,0,0,0,0,0,0,0,0,0
4/13/2018,0.5,,0,0,0,6.8,0,0,0,28.1,0,0,2,0,0,9.8,0,0,0,0,10.5,0
4/14/2018,0.5,,0,0,0,0,2.6,0,0,0,0,11.1,0,0,13.7,72.6,0,0,3.1,0,6.9,42.2
4/15/2018,0,,0,0,0,0,0,0,0,0,4.3,0,0,0,0,0,0,0,0,0,0,0
4/16/2018,0,,0,0,0,0,0,0,0,0,5.8,21.4,0,0,35.7,0,0,0,0,0,18.2,0
4/17/2018,1.2,,0,0,0,3.4,0,0,0,0,0,0,0,0,0,0,5.6,0,0,0.4,0,0
4/18/2018,2,,0,0,0,18.6,0,0,0,0,0,25.2,0,0,1.4,1.8,0,0,0,0,0,0
4/19/2018,0,,0,0,0,0,28.5,14.4,0,28.5,3.6,0,0,0,0,3.3,0,0,0,0,0,0
4/20/2018,11.9,,0,0,0,0,0,0,0,6.4,0,12.2,0,8.9,28.5,13.3,56.2,0,0,0,3.3,0
4/21/2018,1.4,,0,0,0,0,0,0,0,0,0,0,0,0,0,0,0,0,0,0,0,0
4/22/2018,13.4,,0,0,0,0,0,0,0,0,0,16.3,0,0,48.6,0,0,0,0,0.7,0,0
4/23/2018,0,,0,0,0,0,0,0,0,0,0,0,0,0,0,0,0,0,0,0,0,0
4/24/2018,0,,0,0,0,0,0,0,0,0,0,0,0,0,0,0,0,0,0,0,0,0
4/25/2018,35.3,,0,0,0,4.1,0.4,3.4,0,0,0,37.1,6,0,37.8,0,0,0,3.6,37.6,0,0
4/26/2018,0,,0,0,0,0,0,0,0,0,0,0,0,0,0,0,0,0,0,0,0,0
4/27/2018,7.1,,0,0,0,0,0.4,0,0,0,0,9,0,0,0,4.5,0,0,10.9,33,0.7,69.7
4/28/2018,0,,0,0,0,0,0,0,0,0,0,0,0,0,0,0,0,0,0,0,0,0
4/29/2018,18.5,,0,0,0.3,10.5,0,0.3,0,0,16.2,6.9,0,0,16.2,8.2,1,0,0,2.2,5,4.3
4/30/2018,0,,0,0,0,0,0,0,0,0,0,0,0,0,0,0,0,0,0,0,0,0
5/1/2018,0.8,,0,0,0,0,16.2,0,0,2.7,0,0,0,0,0,0.7,0,0,0,0,1.8,0
5/2/2018,22.5,,24.4,0,0,27.3,0,11.2,4.5,0,5.5,2,0,1.9,15.6,0,0,16.7,0,0,0,0
5/3/2018,0,,1.1,0,36.7,0.6,0,0,6.5,0,25.5,0,0,21.2,0,0,40.9,6.4,0,0,0,0
5/4/2018,0,,0,0,2.4,0,0,0,0,0,0,0,0,0,0,0,2,0,0,0,0,0
5/5/2018,0.5,,0.4,0,0,9.4,37.2,3,0,26.5,18.8,46.5,5.5,0.3,38.8,23.5,0,0,1,8.1,11.5,16.5
5/6/2018,0,,0,0,0,0,0,0,0,0,0,0.2,0,0,0,0,7.3,0,0,0,0,0
5/7/2018,0,,0,0,0,0,0,0,0,0,0,0,0,0,0,0,0,0,0,0,0,0
5/8/2018,0,,16.9,0,10,13.4,0.8,0,3.5,0,29.1,0,0,16.7,0,0,0,6.2,0,0,0,0
5/9/2018,0,,0,0,0,26.4,0,0,0,0,0,63.8,0,0,0,0,17,0.8,0,0,0,0
5/10/2018,35.9,,11.9,0,95.4,66.1,14.4,73.1,92.6,3.7,24.7,1.6,8.9,118,17.9,33.8,17.8,46.5,1,32.6,34.2,11.9
5/11/2018,0.5,,0,0,4.7,28.2,0,0,0.7,0,1.5,16.6,0,0,1.5,0,78.9,0.9,0,0.4,0,0
5/12/2018,1,,5.9,0,13.2,0,0,36.6,6.4,19.6,5.4,0.3,0,4.6,1.4,5.8,22.6,0,0,0,4.1,0
5/13/2018,0,,0,0,0,0,0,0,0,0,0,0,0,0,0.4,0,0,3.1,0,0,0,0
5/14/2018,0,,0,0,0,2.1,0,0,0,6.1,0,0,0,0,0,0,0.6,0,0,0,0,0
5/15/2018,0,,0,0,0,30,0,0,0,0,0,0,0,0,0,0.8,1,0,0,1.4,0,5.6
5/16/2018,18.2,,0,0,6.5,17.2,0,8.1,0,0,0,3.8,0,0,24.7,0.3,0,0,0,0,0,4
5/17/2018,6.2,,28.8,0,4,9.4,14.3,0,20.2,3.1,2.3,16.9,21,6,32.4,2.8,0,18.9,67.3,17,7.3,7.4
5/18/2018,0,,0,0,0,6.3,0,0,0,0,0,0,0,0,0,0,65.5,0,0,0,0,0
5/19/2018,0,,0,0,0,0,0,0,0,0,0.6,0,0,0,0,0,0,0,0,0,0,0
5/20/2018,0,,0,0,0,1.1,0,0,0,18.4,0,0,0,0,0,5.7,0,0,0,0,13.3,0
5/21/2018,0,,0,0,0,0.9,0,0,0,0,0,0,0,0,0,0,6.5,0,0,0,0,0
5/22/2018,0,,2.5,0,0.3,0,0,0,1.6,1.9,0,0.7,0,0,0.4,0,0,4.4,0,23.1,2.2,0
5/23/2018,0,,0,0,0,0.8,0,0,0,0,0,0,0,0,0,4.5,0,0,0,0,0,0
5/24/2018,0,,0,0,0,32.3,0,0,0,0,0,0.7,0,0,4.8,0,0.1,0,32.6,0,0,3.3
5/25/2018,20.7,,36.1,0,46.7,16.9,0,0.6,2.9,0,46.5,22,21.5,4.5,37.4,21.2,0,4.9,2.9,27.3,0,8.9
5/26/2018,0,,14.1,0,0,26.7,0,1.9,0,10.4,0.4,2,0,0,0,0,27.6,1.3,0,6.3,0,0
5/27/2018,0,,0,0,11.8,4.2,0,12,0,0,6.5,2.1,40.5,0,1,8.3,4.6,0.6,0,0,4,0
5/28/2018,0,,0,0,0,0,0,0,0,0,8.2,0,0.8,0,0,0,0,0,0,0,0,0
5/29/2018,0.7,,17.1,0,0,33,11.2,0.2,0,0.4,0.3,8.4,0,23.8,6.5,0,0,0,0,0,0,7.3
5/30/2018,5.6,,0,0,0,4.2,0,3.2,0,0.2,15.7,1.7,0,0,19.2,2,0,0,18.9,0,29.6,0
5/31/2018,1.5,,0,0,0.6,2.5,2,0.8,0,0,1.6,0,18.9,0,0,0,23.9,0,61.2,20.2,0,15
6/1/2018,0,,0,0,0,0,0,0,0.8,0,3,0,0,4.5,0,16.2,30.9,0,0.9,16.7,0,10.9
6/2/2018,3.1,,35.7,0.5,36.3,0.5,0,0.6,0.2,0.5,11.4,0,2.3,0,8.2,0,0,0,2.2,6.5,12.4,2.3
6/3/2018,0,,7.9,0,0,8.2,0,0,10.8,3.5,6.7,0,0,0,14.1,23.6,1.2,9.4,0,0,6.4,0
6/4/2018,0.6,,0,0,0.8,0,0,0,0,0,0,0,0,0,0,0,0,0,22.5,30.2,0,27.8
6/5/2018,0,,0,0,0,11.4,0,0,0,0,0,0,30.6,0,0,0.8,0,0,1.6,0,0,10.5
6/6/2018,3.9,,23.3,4.2,23.3,26.7,4,11.2,4.3,32.3,24.6,4.3,0,26.1,9,0,18.5,26.7,3.6,13.2,1.2,7.5
6/7/2018,4.5,,0,0,0,0,0,0,0,0,0,3.4,0,0,0,1,0,0,0,0,0,0
6/8/2018,0.7,,0,0,0,5.5,0,27,12.2,24.5,0,17.5,0,0,1.7,0,0,0,0,0,0,0
6/9/2018,0,,0,0,0,0,0,0,0,0,0,1.9,0,0,19.8,20.6,0,0,0,0,0,0
6/10/2018,8.1,,0,0,0,1.6,15.2,36.5,0,3,0,22.3,0,0,13.1,35.6,2.9,0,0,4.5,35.7,3.5
6/11/2018,2.1,,0,4,0,0,0,0,0,0,0,6.5,0,0,15.9,0.7,0.8,0,0,0,0,0
6/12/2018,0.5,,19.4,0,0,0,0,0,0,0,0,0,0,0,0,5.7,0,0,0,4.5,0,0
6/13/2018,2.3,,0,0.1,0,0,0,0.4,1.4,0,0,0,0,22.6,0,0,0,15.3,0,0,0,0
6/14/2018,1.8,,0,0,0,0,0,0,0,13.8,0,26.5,0,0.9,0,0,3,4.8,2.1,0,25.6,0
6/15/2018,9,,0,0,2.9,67,0,0.4,0,0,2.2,7.6,0,22.5,5.7,3,16.5,0,0,0.5,0,0
6/16/2018,0.2,,0.1,0.4,0.7,0,23.7,0,0.6,0.7,16.8,2.2,0,0.3,0,21.4,1.2,15.3,25.7,0,5.4,32.3
6/17/2018,1.2,,0,0,0.8,0,0,0,0.7,9.4,0.3,0,0,15.4,10.8,0,0,17.8,0,0,3.8,0
6/18/2018,9.6,,19.7,50.8,58.5,41.7,0.8,1.6,90.1,2.9,34.3,6.8,24,135.7,38.2,5.3,118.6,67.4,0,0,0,0
6/19/2018,0,,0,0,0,2.3,0,0,0.9,0,0,0,0,1.3,0,0,3.6,0,0,0,0,0
6/20/2018,0,,46.6,10,0,0,0,7,0,9.4,9.1,0,0,0,0,7.7,0,0,8,0,6.2,0
6/21/2018,2.3,,0,12.5,0,9.9,50.5,0,2.4,0,0.2,45.9,0,2.3,0,0,31.4,0,0.6,16.6,0,1.2
6/22/2018,0,,10.5,50.4,2.2,0,0,0,13.2,0,4.3,1.3,5.5,4.6,2.8,12,16.7,2.7,0,0,2.5,0
6/23/2018,0,,2.6,8.9,2.7,1.9,6.5,5.8,1.2,27.3,6.2,2.2,0,0,32.4,40,0,0.6,106.7,0,3.7,16.6
6/24/2018,0,,0,0,0,0,6.6,0,0,2.6,0,0,22.2,0,4.9,0,0,0,3.5,0,0.3,0.3
6/25/2018,0,,0,0,0,0,0,0,0,0,0,0,0,0,0,0,0,0,0.8,0,0,0
6/26/2018,9,,0,0.2,0.2,5.3,10.6,0,0,0.4,0.4,7.7,2.6,0.2,18.8,3,2.6,0,20.9,7.4,19.7,14.5
6/27/2018,6,,2.3,0,0,3.1,0,0,0,0.4,0.2,0,0,0,0,4,0,0,6.4,0,0,0
6/28/2018,13.1,,0,5,51,6.3,2,1.5,0,1.5,10.7,114.6,0,0.2,1.1,10.5,0,0,0,25.2,11.1,0
6/29/2018,0,,3,3.6,0.7,0.6,0,6.6,0.2,4.3,6.5,76,4.5,1.3,1.5,0,0,0.5,3.1,13,0,3.5
6/30/2018,0.6,,0,15.9,1,18.2,6.2,20.7,0,0.9,16.1,40.9,2.5,13.7,35.5,15,4.5,0,23.7,26.4,8.1,44.4
7/1/2018,8.4,,0,0,0.6,7.5,37.3,0.6,0,12.4,7.9,29.4,0,0,18.7,29.3,0,0,0,3.8,53.9,1.4
7/2/2018,0,,0,7.6,1,0,0,0,0,97,0,21.4,0,0,1,3,0,0,0,3.2,0,0
7/3/2018,0,,0,0.5,0,0,0,0,0,0.9,0,2.4,4.4,0,0.3,0,0,0,6.1,0,0,0
7/4/2018,0,,0,0,6.2,0,0,0,0,1.3,0.4,0,0,0,2.3,0,0,0,0,0,0,0
7/5/2018,8.9,,17.5,0,11.3,0.8,3.8,3.1,0,8.4,16.9,24.8,9.2,0,33.6,52.9,2.2,0,5.4,17.2,9.3,0
7/6/2018,0,,0,0,0,25.2,0.9,0.4,0,0,0,0,0,0,19.3,6.2,50.8,0,0,0,0,0
7/7/2018,0,,3.1,0.7,2.8,13.6,0,0,0,0,1.9,0,0,0,4.2,10.6,16.9,0,0,0,0,0
7/8/2018,16.2,,9.1,0,2.1,0.2,9,0,0,21.4,4.8,5.5,9.3,1.1,12.9,16.7,0,0,30.6,2.3,2,0
7/9/2018,0.7,,1.1,5,0,0,0,0.3,0,0,0.2,9.7,11.2,0,25.8,0,0,0,0,0,0.2,0
7/10/2018,34.5,,4,5.6,0,0,0.3,0,0,2.1,14,0,0.8,0,0.3,0,0,0,0,14,16.3,0
7/11/2018,8.2,,0,0,0,2.4,0,2,0,2,1.5,13,6.4,0,0,3.4,0,0,4.4,0,0,6.2
7/12/2018,2.7,,0,0,0.2,19.9,65.9,0.4,0.8,1.3,27.4,4.5,6.3,0.2,10.1,21.8,1.8,0,8.3,12.6,5.6,16.9
7/13/2018,11.7,,0,0,0.2,0,0,0.1,0,8.4,3.3,8.3,0,0,1.7,0,0,0,0,0,5.6,0
7/14/2018,13.7,,0.3,0,0,0.9,0,0,0,0,0,7.1,0,0,0.4,0,4.7,0,0,0,0,0
7/15/2018,0,,0,0,0,11.2,0,0,0,127.7,1.2,0,2.1,0,1.5,0,3.1,0,0,0,0,7.8
7/16/2018,9.5,,0,1.1,0,0,0,0.2,0,51.7,7.9,2,60.3,0,4.6,0,1.9,0,0.2,0,0,0
7/17/2018,0.6,,5.9,30.7,0.7,4.4,0,4.6,0,50.2,6.3,0.8,0,2.2,1.1,3,3.2,0,9.7,8.2,0,0
7/18/2018,0,,0,0,0,0,0,0,0,19.5,0,0,0,0,3.6,0,0,0,0,0,0,0
7/19/2018,0,,0,0,0,0,0,0,0,0,2.9,0,0.5,1.8,0.1,0,0,0,17.7,0,0,7.1
7/20/2018,0,,0,0.2,0,0,6.2,1.4,0,0,0,0,6,0,8.5,0,0,0.5,6.9,11.2,0.2,0
7/21/2018,4.2,,1.5,0,0,0.2,0,0,0,0,0,0,0,0.6,0,56.8,0,0,3.2,0,0,98.4
7/22/2018,0,,0,0,0,0,0,0,0,0,0.1,0,39,0,0,0,0,0,0,0,0,5.6
7/23/2018,0,,0,2.9,0.3,0.1,0,0,0,2.4,3.2,1.8,0,0,0,0.5,0,0,0,0,0,0
7/24/2018,0.6,,16.6,1.2,0,31.6,0,1.2,0,51.4,4,0,26.2,0.2,4.3,3.3,10.6,0,0,0.6,1,0
7/25/2018,11.5,,0,10.6,0,2.5,57,0,0,49.1,1.9,14.1,35.5,0.3,6,2,2,0,2.2,20.6,10.4,8.6
7/26/2018,0,,0,0.2,0,0,0,0,0,1.1,0,0,14.8,0,0,0,0,0,7,3.6,0.3,0
7/27/2018,0,,0,0.7,0,0,0,0,0,0,0.2,0,0,0,0,0,0,0,0,0,0,0
7/28/2018,0,,0,0,0,0,0,0,0,0,0,0,24.3,0,0,0,0,0,8.2,15.2,0,43.8
7/29/2018,0,,0,0,0,0,0,0,0,0,0,0,24.8,0,0,0,0,0,2,6.5,0,6.6
7/30/2018,0,,0,0.1,0,0,0,0,0,0,0,0,3.4,0,0,0,0.5,0,0,3.7,0,0
7/31/2018,0,,0,0.7,0,0,0,0,0,0,0,0,0,0,0,0,0,0,0,0,0,0
8/1/2018,0,,0,0,0,0,0,0,0,0,0,0,0,0,0,0,0,0,0,0,0,0
8/2/2018,0,,0,0,0.6,0,0,0,0,0.3,0,0,19.2,0,0,0,0,0,0,0,0,0
8/3/2018,0,,0,0,0,0.2,0.5,0.2,0,0,0,7.1,11.1,0,0.4,12.5,0,0,22.5,12,0.5,21.5
8/4/2018,0,,0,0,0,0,2.1,0,0,0,0,0,0,0,2.3,0,0,0,1.4,2,0,0.6
8/5/2018,0,,0,0,0,0,0,0,0,0,0,0,0,0,0,0,0,0,0,0,0,0
8/6/2018,0,,0,0,0,0,2.3,0,0,0,0,0,35.3,0,0,0,0,0,13.5,15,29.5,7
8/7/2018,0,,0,0.6,0,0,0,0,0,0,0,0,2.3,0,0,0,0,0,2.8,0,0,0
8/8/2018,0,,0,0,0,0,0,0,0,0,0,0,0,0,0,0,0,0,0,0,0,0
8/9/2018,0,,0,0,0,0.3,0,0,0,0,4.6,0,0,0,0,0,0,0,0,0,0,0
8/10/2018,0,,0,0,0,0,0,0,0,0,0,0,0,0,0,0,0,0,0,0,0,0
8/11/2018,0,,0,0,0,0,0,0,0,0,0,0,0,0,0,0,0,0,0,0,0,0
8/12/2018,0,,34.6,1.3,4.2,1.4,0,3.5,0,12.1,7.9,7.5,0,0,0,0.5,0,4.4,43.1,0,1.1,24.2
8/13/2018,3,,46.2,9.9,15.8,0.3,0,0,17,0,7.9,3.6,36.7,1.8,0,0,13.6,6.1,1.8,8.9,38.5,2.4
8/14/2018,0,,0,0,0,0,16,0,0,0,0,0,0,0,0,0,0,0,0.7,3.3,0,1.6
8/15/2018,0,,0,0,0,4.4,0,0,0,0,0,0,0,0,0.2,0,0,0,0,21,0,0
8/16/2018,0,,0,0,0,0,0,0,0,0,0,0,0,0,0.5,0,0,0,0,0,0,0
8/17/2018,0,,0,0,0,3.9,3.2,1.6,0,1.9,0,0,54,0,0,0,6,0,2.3,13.1,0,73.8
8/18/2018,12,,0,0,0,6,1,0,0,7.7,0,0,0,0.9,0,0,4.3,0,0,6.2,0,0
8/19/2018,0,,0,0,0,0.3,5.1,0,0,0.2,0,0,0,0,0,3.5,0,0,0,0,0,0
8/20/2018,4.3,,10.6,0,0,0.8,0,0.6,0,61.2,0,0,33.4,0,0,0,0,0,64,15,0,16.1
8/21/2018,27,,4.1,29.4,5.1,1.4,0.3,0,1,6.3,0.5,0,0,1.2,32.3,4.2,0.5,0.7,1,0.2,96.1,0
8/22/2018,0,,6.3,0.2,2.6,6.8,0,0,2.8,11.2,6.9,1.1,10.1,17.8,16.2,12.1,1.8,2.5,0.3,0,20.7,0
8/23/2018,0,,0.6,11.2,2.1,0,0,0,1.5,23.2,2.7,0.1,0,0,0.4,3.2,0,0,0,0,16.8,0
8/24/2018,1.3,,2,5.9,0,0,15.5,0.1,1.4,11.3,5.9,2.4,24,0,4.3,103,0,3.6,66.4,71.2,11.6,31.7
8/25/2018,15.7,,11.8,0,0.7,2.8,5.3,1.4,2.6,9,8,8.1,10,2.8,10.4,5.1,6,3.2,18.6,7.8,2,25.2
8/26/2018,0,,0,0,0.7,0,0,0.2,0,0,2.3,0,2.9,1.6,0.4,4.3,0,2.1,2,10,0.4,0
8/27/2018,19.3,,0,0,0,0,0,0,0,0,2.1,0,5.5,0,0,0,0,0,0,0,0,0
8/28/2018,0,,0,0,0,0,10.8,0,0,53,0,0,4.8,0,0,0,0,0,24.2,103.9,0,27
8/29/2018,0,,0,0,0,0,2,0,0,0,0,0,0,0,2.7,0,0,0,0.3,0,0,0
8/30/2018,12.3,,0,0,0,0,0.6,0.2,0.5,8.9,0,8.7,52.3,0,0,10,0,0,57.8,4,15.2,8.7
8/31/2018,0,,0,31.1,0,0,0,0,1.2,16.2,2.8,0,4,0,55.1,2.4,0,1.6,10.9,67.4,4.6,26
9/1/2018,0,,0,3.2,0,3.5,0.5,0,3,2,7,0,8.1,6.7,0.7,0.4,0,0.1,6.1,0,6.2,1.4
9/2/2018,0,,0,0.2,0,0,2.5,0,0,0,0.6,7.9,0,0,0,0,4.3,1.5,17.2,1.3,0,6.3
9/3/2018,0,,0,9.1,0,9.4,1.3,0,0,64.9,0,0,7.5,0,8.5,0,1,0.8,21.6,0,0,25.8
9/4/2018,5.1,,0,9.6,0,10.4,40,17,0,50.7,3.2,1.5,6.5,0,4.1,3.5,0,0,13.9,38.3,0,46.1
9/5/2018,0,,0,0,0,3.4,0.5,3,0,0,3.2,0,0,0,9.3,0.6,0,0,0.7,0,0,0
9/6/2018,43,,5.3,3,0,1.9,0,4.3,0,0,0,14.6,8.6,1.6,9.4,31.8,0,0.5,0,0.2,1.5,5.5
9/7/2018,7.9,,0,3.4,39.5,3.4,41,3.1,0.4,1.2,4.2,2.3,13.1,9.4,64.7,0,4.4,0.1,9.4,11.5,7.2,88.7
9/8/2018,1.7,,6.4,4.7,2,6.8,1,0,2.5,0,27.1,0,0,1,2,0,3.2,0,0,0,0,0
9/9/2018,0,,0,8.5,0,0.6,0,0,0.5,0,0,1.2,0,0,21.8,0,0.3,0,0,0,0,0
9/10/2018,0,,0,7.2,2.3,0,3,34,0,11.5,3.9,0,7.8,0,2.6,0,0,0,2,0,0,3.2
9/11/2018,33.8,,9.1,25,4.5,0,25,34.1,0,3.6,47.5,84.5,9.9,0,57.9,40,0,0,38.5,39.7,51.5,7.1
9/12/2018,0,,0,6.6,0,0,0,2.4,0,0,0,1.5,0,1.4,0,4.3,0,0,0.8,0,0.9,0
9/13/2018,0,,1.4,2.1,19.3,0,0,0,0,0.1,59.6,0,0,29.4,0,1.9,0,0,0,0,0.2,0
9/14/2018,0.7,,0,0,0.5,0,8,0,0,0,0,0,2.3,0,7.1,1.6,33.6,0,0,4.2,8.5,0
9/15/2018,0.3,,0,2.1,8.1,0,0,0,0,2.2,7.8,8.3,0,0,0,0,0,0,24.8,4,0.8,13.6
9/16/2018,3.7,,0,0,0.1,0,2.4,5.1,0,14.2,6.9,1.2,0,0,0,0,0,0,4.3,2.8,0.7,0
9/17/2018,0,,0,0,0,2.9,0,0,0,0,0,0,0,1.4,0,6.9,0,0,12.9,15.1,9.2,14.5
9/18/2018,9.4,,2.8,4,20.4,0,2.5,4.3,4.4,5.7,4,5.5,0,11.8,2.2,5.2,8.4,8.8,23.1,3,4.8,12.7
9/19/2018,0.7,,4.4,3.6,25.3,0.3,0,0,0,0,0,1.2,0,0.3,0.1,0,1.2,0.1,0,0,0,0
9/20/2018,0,,0,56.9,0,0,0,0,0,0,20,2,0,2.6,6.2,4.7,0,0,0,0,0.5,1.5
9/21/2018,40,,0,9,4.1,0,11.9,0,0,45.8,0,25.6,13.8,0,1,1.1,0.3,0,29.4,16.4,4.4,44.4
9/22/2018,37.8,,4.4,0.9,4.6,1.3,0,2.1,0.4,32.5,6.3,53.7,0.4,0,0,4.7,0.3,1.6,0,0,15.6,0
9/23/2018,4.2,,0,0.1,4.5,2.5,1.6,16,0,17,29.8,2.1,0.6,0.6,1.8,3,1.3,0,17.5,4.1,8.2,1.3
9/24/2018,0.2,,0,0,0,0,0,0,0,0,0,2.4,5.7,0,0,0,0,0,24.5,22.2,0.8,2.4
9/25/2018,7.2,,0,0,0,0,1,48.4,0,12.5,0,0,0,0,0,4.4,0,0,0,0,18,0
9/26/2018,29,,0,11.4,0,0.1,5.5,4.1,0,3.5,0,0,0,0,14,0.7,3.4,0,0,0,13.6,0
9/27/2018,6.5,,0.4,2.4,14.1,41.9,4,0,0,0.2,39.5,1.5,0,8.8,24.2,38.6,0,0.6,10.5,13.5,5.7,7.7
9/28/2018,10,,0,8.4,1,14.5,0,0,0,0,0.8,14.5,0,0,45.6,0,14.1,0,0,0,0,0
9/29/2018,0,,0,0,0.2,0,0,0,0,1,17.5,0.5,15,0,8.2,17.1,2.1,0,5.6,0,17.3,9.4
9/30/2018,16.7,,0,0.8,0,0,15.7,0,0,0.8,7,1.3,18.2,0,0.6,0,1.8,0,7.1,4,0.5,32
10/1/2018,0,,15.3,3,29.2,1,0,0,44.3,0,20.5,4.6,0,20.5,2.4,1.6,0.7,0.3,0,0,0,0
10/2/2018,3.4,,0,0,0,0,0,0,0,1.2,0,0,0,0,1.8,0,0,0,0,2.8,0,0
10/3/2018,20.2,,2.3,86.3,0,0,9.2,16,0,0.7,51.3,4.4,4.8,0,12.5,2.4,0,0,13.7,3.2,9.8,15.1
10/4/2018,20.8,,0,2,36.2,0,5,4.2,0.2,0.8,20.2,3.3,0.5,11.9,8.5,0,0,0,0,3.2,0,3.8
10/5/2018,3.5,,0,5.1,5.1,0,17.5,0,0,9.6,2.5,0,0,0,15.5,0.1,0,0,29.3,0,0,15.5
10/6/2018,5,,0,0.2,0,0.4,5,0,0,0,1.2,6.9,2,0,0,0,0,0,3,7,0.8,1.1
10/7/2018,12.8,,47.3,39.9,42.4,22.8,0,1.5,24.9,11.9,20.5,19.6,0,32.4,18.8,0.1,17.2,2.3,2,0,0,5.3
10/8/2018,0,,0,8.2,0,12.7,7.1,0,1.8,0,0.1,0,1.8,1.6,0,0,3.4,0,0,0,7,4
10/9/2018,0.9,,10.4,6.5,0,1.6,0,20.5,0,0,0,2.1,0,0,32.2,2.1,0,0,0,0,0,0
10/10/2018,0,,0,2.2,0,1.6,19.8,0,2.5,1,3.4,5.2,8.9,57.4,0.9,3.6,4.2,2.5,3.5,15.2,4.4,21.1
10/11/2018,17.3,,14,1.3,17.5,9.6,0,3.6,0,0,23.6,0,0,19.1,0,0.1,63.3,0,0,0,0.2,0
10/12/2018,11.4,,17.1,29.5,11.7,0,4,35.2,2.3,0.5,37.7,36.7,0,0,11,0.6,0,0.4,4.5,12.3,0,0
10/13/2018,0,,0,0.1,0,0,0,0,0,0,0,0,0,0,0,0,31.9,0,0,0,0,0
10/14/2018,0,,0,0.5,0,0.3,0,0,0,0,1.9,0,0,4.6,2.9,0,0,0,0,39.6,0,7.2
10/15/2018,0.7,,7.4,0.4,0,0,0,0,0,0.5,0.4,0,0,0,0,0.3,0,0,2,0,0.8,46.5
10/16/2018,0.2,,20.3,12.1,12.1,128.8,0,26.5,2,0.6,11.4,38.7,0,0.1,42.2,2.1,0,2,0,0,12.8,0
10/17/2018,0,,0,0,0,0.9,0,0,0,0,0,0,0,0,0,0,0,0,0,0,0,0
10/18/2018,4.2,,0,0,7.4,0,0,0,0,0,13.5,0,0,0,0,0.5,0,0,0,0,0,1.6
10/19/2018,0,,0,12,0,0.2,0,0,0,0,0,0.4,0,0,0,0,0,0,0,0,0.8,0
10/20/2018,0,,0,0,0,0,0,11,0,0,0,0,0,0,0,0.8,0,0,2.1,0,1.4,0
10/21/2018,0,,0,0,0,8.8,0,0,0,1,0,0,0,0,2.8,0,0,0,0,0,4.4,0
10/22/2018,1.2,,17.4,9.1,2,0,0,58.3,0,4.5,0,26.7,0,0,33.5,1.2,0,0,0,0,0,0
10/23/2018,1.9,,0,0,0,4.3,0,0,0,0,3.6,0,0,0,0,4,0.3,0,0,0,0.3,0
10/24/2018,0,,14.6,7.5,0,3.4,0,0,24.3,5.1,1.2,0,0,7.4,6.3,0,13.5,0.5,0,0,0,0
10/25/2018,0,,0,0,0,0,0,0,0,0,0,0,0,0,0,0,0,0,0,0,0,0
10/26/2018,0,,0,0,0,0.9,0,0,0,0,1.6,0,25.1,0,0,0.3,0,0,0,16,0,0
10/27/2018,0,,0,0,4.8,1.6,0,14,0,0.2,12,0,0,0,0.5,0.4,0,0,11.6,0,5.4,7.3
10/28/2018,1,,25.3,20.6,3.6,11,0,19.3,0.3,4.8,4.2,4.5,6,4.9,4.9,1.1,7,0.5,10.9,25,7.9,15.8
10/29/2018,0,,0.6,0,0,3.7,1.3,0,0.2,0,0,0,0,0.3,0.6,0,0.5,0.2,2.1,0,0,0.4
10/30/2018,0,,0,0,0,0.3,0,0,0,0,0,0,0,0,0,0,0,0,0,4,0,7.7
10/31/2018,1,,0,0,0,0,2.1,0,0.1,0,15.3,44.1,6.7,0,0,1.5,0,0,0,2.5,8.3,0
11/1/2018,0,,0,3.5,0,0.8,0,0,16.5,0,0,0,0,0,0,0,0,0,0,0,0,0
11/2/2018,0,,0,0,0,0,0,7.2,0,0,1.4,0.6,0,0,0,0,13.9,0.1,0,0,0,0
11/3/2018,0,,0,0,0,0,0,0,0,0,0,0,0,7.3,0,0,0,0,0,0,0,0
11/4/2018,11.6,,0,0,3.6,10.7,0,27,0,0,8.2,0,0,0,0,0,0,0,0,0,0,0
11/5/2018,1.4,,0,53.2,0,0,0,0,0,0,12.1,0.2,0,0,56.1,0.7,9.5,0,0,0,1.1,0
11/6/2018,0,,0,20.6,0,61.2,0,0,0,0,5,0,0,51.7,2,12,0,0,0,0,0,0
11/7/2018,4,,2.5,0,0.2,1.8,1.2,10,0,0,0,0,0,0,2.1,4,8.6,0.1,0,0,0,0
11/8/2018,0,,0,0,0,0,0,0,0,0,0,0,0,0,15.4,0,0.6,0,0,0,0,0
11/9/2018,0,,0,0.5,0,0,0,2,0,0,3.2,0,0,0,0,3.7,0,0,0,0,0,0
11/10/2018,0,,0,0,0,0,0,0,0,0,0,0,0,0,0,0.4,0,0,0,0,19.8,0
11/11/2018,0,,0,0.8,0,0,0,0,0,0,0,0,0,0,4.5,0,0.3,0,0,0,0,0
11/12/2018,0,,0,23.6,0,0,0,0,0,0,1.4,0,0,0,1.9,0,0,0,0,0,0,0
11/13/2018,0,,0,0,0,10.7,0,0,0,0,0,0,0,0,0,0,0,0,0,0,0,0
11/14/2018,1.6,,0,0,7.8,5.3,0,0,0,0,0,2.8,0,0,16.3,0,0,0,0,0,0,0
11/15/2018,0,,0,30.5,22.2,0,0,0,0,0,0,0,0,0,0,0,6.6,0,0,0,0,0
11/16/2018,0,,0,0,0,0,0,0,0,0,0.8,0,0,0,0,0,0,0,0,0,0,0
11/17/2018,0,,0,0,1.4,0,0,0,0,0,0,0,0,0,0,1.8,0,0,0,0,20.1,0
11/18/2018,0,,0,6,0,0,0,0,0,0,0,0,0,0,0,0,0,0,0,0,0,0
11/19/2018,0,,8.2,7.5,2.8,20.8,0,0,8,0,1.4,1.9,0,3.1,9.4,0,0,1,0,0,0,0
11/20/2018,0,,0,0,0,0,0,0,0,0,0,0,0,0,0,18,3,0,0,0,0,0
11/21/2018,0,,0,1,0,0,0,0,0,0,0,0,0,0,0,2.6,0,0,0,0,0,0
11/22/2018,0,,0,3.8,0,0,0,0,0,0,0,0,0,0,0,0,0,0,0,0,0,0
11/23/2018,0,,0,0,0.5,0,0,0,0,0,0,0,0,0,0,0,0,0,0,0,0,0
11/24/2018,0,,26.3,5,0,1.3,0,0,0,0,0.9,0.3,0,0,3.6,0,0,0,0,0,0,0
11/25/2018,0,,0,0,0,0,0,0,0,0,0,0,0,0,14.7,0,0,0,0,0,0,0
11/26/2018,0,,11.3,0,0,0,0,0,0,0,0,2.9,0,0,1.2,0,1.3,0,0,0,0,0
11/27/2018,0,,2.8,2,0,0,0,0,6,0,0.5,0,0,1,0,0,0,0,0,0,0,0
11/28/2018,0,,0,0.4,0,0,0,0,0,0,0,1.4,0,0,1,0,1,1,0,0,0,0
11/29/2018,0,,0,0,0,0,0,0,0,0,0,0,0,0,0,0,0,0,0,0,0,0
11/30/2018,0,,0.4,0,0,0,0,0,0.5,0,0,0,0,0,0,0,0,0,0,0,0,0
12/1/2018,0,,16.3,0,0,0,0,0,0,0,0,6.5,0,2.4,4.3,0,0,13.8,0,0,0,0
12/2/2018,0,,8.8,0,0,0,0,0,0,0,0,0,0,0,0,0,0,0,0,0,0,0
12/3/2018,0,,0,0,0,0,0,0,0,0,0,0,0,0,0,0,0,0,0,0,0,0
12/4/2018,0,,0,0,0,1.5,0,0,0,0,0,0,0,0,0,0,0,0,0,0,0,0
12/5/2018,0,,0,2.6,0,0,0,0,0,0,0,0,0,0,0,0,0,0,0,0,0,0
12/6/2018,0,,0,0,0,0,0,0,0,0,0,0,0,0,0,0,0,0,0,0,0,0
12/7/2018,0,,0,0,0,1.8,0,0,0,0,0,0,0,0,0,0,0,0,0,0,0,0
12/8/2018,0,,0,0,0,0,0,0,0,0,0,0,0,0,0,0,11.8,0,0,0,0,0
12/9/2018,0,,0,0,0,0,0,0,0,0,0,0,0,0,0,0,0,0,0,0,0,0
12/10/2018,0,,0,0,0,0,0,0,0,0,0,0,0,0,0,0,0,0,0,0,0,0
12/11/2018,0,,0,0,0,0,0,0,0,0,0,0,0,13.6,0,0,6.8,0,0,0,0,0
12/12/2018,0,,0,3.7,10,0.6,0,0,0,0,1.7,0,0,0,0,0,0,0,0,0,0,0
12/13/2018,0,,0,0,0.3,10.1,0,0,0,0,0,0,0,8,0,0,0,0,0,0,0,0
12/14/2018,0,,0,0,0,0,0,0,0,0,0,0,0,0,0,0,0,0,0,0,0,0
12/15/2018,0,,0,0,0,0,0,0,0,0,0,0,0,0,0,0,0,0,0,0,0,0
12/16/2018,0,,0,0,0,0.1,0,0,0,0,0,0,0,0,0,0,0,0,0,0,0,0
12/17/2018,0,,0,0,0,0,0,0,0,0,0,0,0,0,0,0,0,0,0,0,0,0
12/18/2018,0,,5.2,0.1,15,11.2,0,0,0.7,0,0,0,0,0,0,0,5,0,0,0,0,0
12/19/2018,0,,0,0,0,0.1,0,0,0,0,0,0,0,0,0,0,0,0,0,0,0,0
12/20/2018,0,,0,0,0,0,0,0,0,0,0,0,0,0,0,0,0,0,0,0,0,0
12/21/2018,0,,0,0,0,0,0,0,0,0,0,0,0,0,0,0,0,0,0,0,0,0
12/22/2018,0,,0,0,0,0,0,0,0,0,0,0,0,0,0,0,0,0,0,0,0,0
12/23/2018,0,,0,0,0,22.9,0,0,0,0,0,0,0,0,0,0,0,0,0,0,0,0
12/24/2018,0,,0,0,0,1,0,0,0,0,0,0,0,0,0,0,0,0,0,0,0,0
12/25/2018,0,,0,0,0,0,0,0,0,0,0,0,0,0,0,0,0,0,0,0,0,0
12/26/2018,0,,0,0,0,0,0,0,0,0,0,0,0,0,0,0,0,0,0,0,0,0
12/27/2018,0,,0,0,0,0,0,0,0,0,0,0,0,0,0,0,0,0,0,0,0,0
12/28/2018,0,,0,0,0,0,0,0,0,0,0,0,0,0,0,0,0,0,0,0,0,0
12/29/2018,0,,0,0,0,0,0,0,0,0,0,0,0,0,0,0,0,0,0,0,0,0
12/30/2018,0,,0,0,0,0,0,0,0,0,0,0,0,0,0,0,0,0,0,0,0,0
12/31/2018,0,,0,0,0,0,0,0,0,0,0,0,0,0,0,0,0,0,0,0,0,0
1/1/2019,0,,0,0,0,0,0,0,0,0,0,0,0,0,0,0,0,0,0,0,0,0
1/2/2019,0,,0,0,0,0,0,0,0,0,0,0,0,0,0,0,0,0,0,0,0,0
1/3/2019,0,,0,0,0,0,0,0,0,0,0,0,0,0,0,0,0,0,0,0,0,0
1/4/2019,0,,0,0,0,1.3,0,0,0,0,0,0,0,0,0,0,1.5,0,0,0,0,0
1/5/2019,0,,0,0,0,0,0,0,0,0,0,0,0,0,0,0,0,0,0,0,0,0
1/6/2019,0,,0,0,0,0,0,0,0,0,0,0,0,0,0,0,0,0,0,0,0,0
1/7/2019,0,,0,0,0,0,0,0,0,0,0,0,0,0,0,0,0,0,0,0,0,0
1/8/2019,0,,0,0,0,0,0,0,0,0,0,0,0,0,0,0,0,0,0,0,0,0
1/9/2019,0,,0,0,0,0,0,0,0,0,0,0,0,0,0,0,0,0,0,0,0,0
1/10/2019,0,,0,0,0,0,0,0,0,0,0,4.9,0,0,0,0,0,0,0,0,0,0
1/11/2019,0,,0,0,0,0,0,0,0,0,0,0,0,0,0,0,0,0,0,0,0,0
1/12/2019,0,,0,0,0,0,0,0,0,0,0,0,0,0,0,0,0,0,0,0,0,0
1/13/2019,0,,0,0,0,0,0,0,0,0,0,0,0,6.7,0,0,3.7,0,0,0,0,0
1/14/2019,0,,0,0,0,0.6,0,0,0,0,0,0,0,0,0,0,0,0,0,0,0,0
1/15/2019,0,,7.6,0,0.2,0,0,0,0,0,0,0,0,0,0,0,3.8,0,0,0,0,0
1/16/2019,0,,0,0.1,0,8.4,0,0,0,0,0,0,0,0.1,0,0,0,0,0,0,0,0
1/17/2019,0,,0,0,0,0,0,0,0,0,0,0,0,0,0.6,0,0,0,0,0,1.1,0
1/18/2019,0,,0,0,0,2.6,0,0,0,0,0,0,0,0,8.3,0,0,0,0,0,0,0
1/19/2019,0,,0,0,0,28.9,0.5,8.3,0,0,0,4.5,0,0,0,1.6,3.1,0,0,8.2,0,0
1/20/2019,0,,0,0,0,0,0,0,0,0,40.5,0,0,0,0,0,0,0,0,0,0,0
1/21/2019,0,,0,0,0,0,0,0,0,0,0,0,0,0,0,0,0,0,0,0,0,0
1/22/2019,0,,0,0,0,0,0,0,0,0,0,0,0,0,0,0,0,0,0,0,0,0
1/23/2019,0,,0,0,0,0,0,0,0,0,0,0,0,0,0,0,0,0,0,0,0,0
1/24/2019,0,,0,0,0,0,0,0,0,0,0,0,0,0,21.4,0,0,0,0,0,0,0
1/25/2019,0,,0,0,0,0,0,0,0,0,0,0,0,0,0,0,0,0,0,0,0,0
1/26/2019,0,,0,0,0,0,0,0,0,0,0,0,0,0,0,0,0,0,0,0,0,0
1/27/2019,0,,0,0,0,0,0,0,0,0,0,0,0,0,0,0,0,0,0,0,0,0
1/28/2019,0,,0,0,0,0,0,0,0,0,0,0,0,0,0,0,0,0,0,0,0,0
1/29/2019,0,,17.4,0,0,0,0,1.7,0,0,0.1,0,0,0,0,0,0,0,0,0,0,0
1/30/2019,0,,0,0,3.9,15.9,0,0,0,0,0,0,0,0,0,0,12.6,0,0,0,0,0
1/31/2019,0,,0,0.7,0,0,0,0,0,0,0,3.4,0,0,0,0,0,0,0,0,0,0
2/1/2019,24.3,,0,0,0,0,0,0,0,0,1,16.1,0,0,0,48,0,0,0,0,0,0
2/2/2019,48.5,,1.1,29.5,12.9,12.3,24.5,6.8,2.4,0,14.9,67.6,0,4.8,17.4,4.8,0,1.3,0,0,1.5,0
2/3/2019,0,,0,0,0,0,0,0,0,0,0,0,0,0,0,0,0,0,0,0,0,0
2/4/2019,5.6,,0,2.1,0,0,39.3,0,0,0,0,0,0,0,0,1.5,0,0,0,0,17.5,0
2/5/2019,0.4,,0,0,0,0,0,40.3,0,0,0,0,0,0,0,1.2,2.8,0,0,0,0,0
2/6/2019,0,,0,0,0,0,0,0,0,0,1.2,0,0,0,0,0,0,0,0,0,0,0
2/7/2019,0,,0,0,0,0,0,0,0,0,0,0,0,0,0,0,0,0,0,0,0,0
2/8/2019,0,,0,0,0,0,0,3,0,0,3.9,0,0,0,0,0,0,0,0,0,0,0
2/9/2019,0,,0,12.1,7.3,0,0,0,0,0,0,0,0,0,0,0,0,0,0,0,0,0
2/10/2019,0,,0,0,0,0,0,0,0,0,0,0,0,0,0,0,0,0,0,0,0,0
2/11/2019,0,,0,0,0,0,0,0,0,0,0,0,0,0,0,0,0,0,0,0,0,0
2/12/2019,0,,0,0,0,0,0,0,0,0,0,0,0,0,0,0,0,0,0,0,0,0
2/13/2019,0,,0,0,0,0,0,0,0,0,0,0,0,0,0,0,0,0,0,0,0,0
2/14/2019,0,,0,0,0,0,0,0,0.4,0,0,0,0,14,0,0,0,0,0,0,0,0
2/15/2019,0,,0,0,0,0,0,0,0,0,0,0,0,0,0,0,0,0,0,0,0,0
2/16/2019,0,,0,0,0,0,0,0,0,0,0,0,0,0,0,0,0,0,0,0,0,0
2/17/2019,0,,0,0,0,0,0,0,0,0,0,0,0,0,0,0,0,0,0,0,0,0
2/18/2019,0,,0,0,0,2.6,0,0,0.8,0,0,0.4,0,0.1,0,0,0,0,0,0,0,0
2/19/2019,0,,13.2,0,0.3,34.1,0,0,16.8,0,0.3,0,0,17.7,0,0,20.8,7.6,0,0,0,0
2/20/2019,0,,0,0,2.5,0,0,2.8,11.7,0,1,0,0,0.2,0,0,0,3.2,0,0,0,0
2/21/2019,0,,0,0,0,0,0,0,0,0,0,0,0,0,0,0,0,0,0,0,0,0
2/22/2019,0,,0,0,0,0,0,0,0,0,2.2,0,0,0,0,0,1.3,0,0,0,0,0
2/23/2019,0,,0,0,9.4,0,0,0,0,0,6,0,0,0,0,0,0,0,0,0,0,0
2/24/2019,0,,0,0,12.5,0,0,0,0,0,0,0,0,0,0,0,0.8,0,0,0,0,0
2/25/2019,0,,4.1,0.4,0,3.8,0,0,0,0,81.5,0,0,22.4,7.2,0,0.8,0,0,0,0,0
2/26/2019,0,,0,0,0,0,0,0,0,0,0,0,0,0.7,0,0,20.8,0,0,0,0,0
2/27/2019,0,,4.4,0,0,0,0,13.9,0,0,6.2,0,0,0.3,0,0,0,0,0,0,0,0
2/28/2019,0,,6.1,0,0,19.7,0,0,0,0,0,0,0,4.2,0,0,5.4,0,0,0,0,0
3/1/2019,0,,1.2,5.3,3.6,1.5,0,0,39.7,0,1.6,0,0,0.1,0.6,0,1.8,7,0,0,0,0
3/2/2019,0,,0,0,0,0,0,0,0,0,0,0,0,0,0,0,0,0,0,0,0,0
3/3/2019,0,,0,0,0,0,0,0,0,0,0,0,0,0,0,0,0,0,0,0,0,0
3/4/2019,0,,0,0,0,0,0,0,0,0,0,0,0,0,0,0,0,0,0,0,0,0
3/5/2019,0,,0,0,0,0,0,0,0,0,0,0,0,42.5,0,0,0,0,0,0,0,0
3/6/2019,0,,30.7,0,53.6,35.2,0,25.3,0,0,7.8,0,0,0,0,0,58.6,3.4,0,0,0,0
3/7/2019,0.3,,0,0,0,0,0,0,1.8,0,0,0,0,0,0,0,0,0,0,0,0,0
3/8/2019,29.9,,0,0,0,0,0,0,0,0,0,3.3,0,0,0,19.9,0,0,0,0,0,11
3/9/2019,5.4,,0,0,0,0,0,0,0,0,0,10.3,0,0,7.3,0,0,0,0,0,0,0
3/10/2019,6.9,,0,0,0,0,4,46.9,0,5,0,0,0,0,2.7,7.4,0,0,0,0,23.5,0
3/11/2019,0,,0,0,0,0,0,0,0,0,0,0,0,0,0,0,0,0,0,0,0,0
3/12/2019,0,,0,0,0,0,0,0,0,0,0,0,0,0,0,0,0,0,0,0,0,0
3/13/2019,0,,0,0,0,0,0,0,0,0,0,0,0,0,0,0,0,0,0,0,0,0
3/14/2019,9.9,,26.6,0,5.1,4,0,19,0,0,5.3,0,0,1.2,5.5,0,0,3.9,0,0,0,0
3/15/2019,15.6,,0,0,0,0,0,0,30.3,0,0,3.8,0,0,9.5,0,0,0,0,0,0,0
3/16/2019,11.6,,71.3,2.8,0,4.2,0,10.8,0,0,0.7,13.2,0,3.3,8.2,45.8,16,36.5,0,0,9.1,31.4
3/17/2019,0,,0,0,0,0,1.5,0,0,0,0,0,0,0,0,0,0,0,0,0,0,0
3/18/2019,0,,0,0,0,0,0,0,0,0,0,0,0,0,0,0,0,0,0,0,0,0
3/19/2019,2.7,,0,2.8,0,0,10.7,0,0,0,1.4,0,0,0,0,0,11.1,0,0,0,0,0
3/20/2019,0,,0,0,0,2.3,0,0,0,34.7,0,0,0,0,0,0,0,0,0,0,13.2,0
3/21/2019,27.3,,82.1,85,3.4,24.9,0,17.8,19.4,1.2,0,1.6,0,11.9,35.2,0,6.2,31.1,0,1,0,0
3/22/2019,0,,0,2.5,0,4.2,0,0,0.8,0,0.2,0.5,0,4.7,0,0,30.3,0,0,0,0,0
3/23/2019,0,,0,0,0,0,0,0,0,0,0,0,0,0,22.8,0,0,0,0,0,0,0
3/24/2019,17.1,,0,15.5,0,3.5,0,0,0,0,5.5,15.6,0,7,0,0,18.5,0,0,0,0,0
3/25/2019,0,,0,0,0,0,1,0,0,0,0,0,0,0,0,0,0,0,0,0,0,0
3/26/2019,0.3,,0,0,0,0,13.5,0,0,0,0,0,11.1,0,0,0,0,0,0,0,0,2.5
3/27/2019,0,,0,5.1,0,0,0,4.4,0,0,7.1,0,0,0,0,0,0,0,0,1,0,0
3/28/2019,0.7,,0,3.9,8.5,0,0,0,0,0,3.4,2,0,0,10.3,0,0,0,0,0,0,0
3/29/2019,21,,0,1.9,0,0,0,0,0,0,0,12.8,0,0,2.1,6,0,0,0,0,1.7,8
3/30/2019,0,,0,0,0,0,0,0,0,0,0,0,0,0,12.3,0,0,0,0,0,10,0
3/31/2019,1.9,,0,26.7,0,0,14.2,14.7,0,0,9.2,2.7,12.5,0,25.9,6.9,0,0,1.5,0,0.5,3.6
4/1/2019,0,,0,0,0,0,0,6,0,0,0,0,0,0,5.6,8.1,0,0,0,0,0,0
4/2/2019,0.2,,0,0,0,0,0,8.2,0,0,0,8.2,0,0,0,0,0,0,0,0,10.8,0
4/3/2019,0,,0,8,0,0.5,0,2.7,0,0,0,0,0,0,8.2,0,0,10.3,0,0,0,0
4/4/2019,0,,6,0,19.2,122.6,0,0,33,0,1.1,0,0,0.1,7.6,13.5,0,0,5.2,0,8.7,0
4/5/2019,0,,0,0,0,0,0,0,0,0,1.9,29.8,0,0,0.4,0,5.9,0,0,0,0,0
4/6/2019,0,,0,0,0.2,0,0,0,0,0,0,0,0,0,0,0,0,0,0,,0,0
4/7/2019,4.6,,33,13.8,8.5,54.6,0,7.8,51.5,8.2,7.5,18.4,0,16.5,7.5,46.2,0,6.7,0,,56.7,0
4/8/2019,0,,0,0,0,0,0,0,0,0,0,0,0,0,0,0,36.6,0,0,,0,0
4/9/2019,2.4,,0,0,0,0,0,0,0,0,0,10.4,0,0,13.3,0,0,0,0,,0,0
4/10/2019,0,,0,0,0,0,0,0,0,0,0,0,0,0,0,0,0,0,0,,0,0
4/11/2019,0,,0,0,0,10.2,0,0,0,0,0,0,0,0,17.1,0,0,0,0,,0,9.1
4/12/2019,8.8,,0,0,0,0,0,0,0,0,0,4.5,0,0,1.1,49.3,38.5,0,0,,2.5,0
4/13/2019,0,,0,0,0,0.8,0,0,0,0,0,0,0,0,0,0,0,31.6,0,,0,0
4/14/2019,59.7,,38.7,0,19.3,49.2,0,0.8,36.6,13.4,4.5,17.5,0,51.8,21.9,25,0,0,0,,0.4,0
4/15/2019,0,,0,6.1,0,0,0,0,0,0,0,0,0,0,0,0,28.8,0,0,,0,0
4/16/2019,0,,0,0,0,0,0,0,0,0.7,0,0,0,0,21.9,8.1,0,0,0,,1.9,0
4/17/2019,0,,0,0,0,0,0,0,0,0,0,12.5,0.8,0,4.5,0.5,0,0,0,,0,0
4/18/2019,0,,0,18.7,0,0,0,0,0,2.9,0,0,0,0,0,0,0,0,0,,0,0
4/19/2019,0,,0,2.5,0,1.1,0,0,0,0,2.4,0,0,0,5.8,0,0,0,0,,0,0
4/20/2019,6.6,,0,9,0,0,0,0,0,7.8,1.9,0,49.7,0,3.8,0,0,0,0,,0,0
4/21/2019,0,,0,0,0,0,0,0,0,0,0,0,0,0,0,0,0,0,18.6,,15.4,0
4/22/2019,15.9,,0,0,0,0,0,18,0,0,0,0,3.5,0,0,0,0,0,0,,0,0
4/23/2019,7.5,,1.6,46.1,0,53.5,2.9,46.1,0,0,7.3,26.3,50.3,0,50.9,5.2,0,7.5,4.6,,9.5,48
4/24/2019,0.4,,0,0.2,0,1.6,0,12.1,0,0,0,20,0,0,3.9,1.5,0,0,0,,3,0
4/25/2019,36.8,,0,0,0,0,0,0,0,0,0,0,0,0,0.8,1.2,0,0,0,,5.1,0
4/26/2019,0,,1.5,9.3,26.7,0,0,6.8,0,0,44.1,6,0,0,19.2,28.4,0.7,3.2,0,,0.7,0
4/27/2019,0,,0,0,0,0,0,0,0,0,0,0,0,0,0,0,1.8,0,0,,0,0
4/28/2019,0,,0,0,10,0,24,0,0,0,0,0,0,0,0,0,0,0.6,6.7,,34.8,0.9
4/29/2019,1,,0,0,0,0,0,0,0,0,0,9.2,0,0,0,4.4,0,0,0,,34.9,0
4/30/2019,0,,2.1,0,0,1,0,0,0,0,0,0,0,0,0,0,0,0,0,,0.7,0
5/1/2019,0,,0,0,0,26.5,0,0,0,0,0,0.05,0,0.5,0.3,0,22.1,0,14.5,,0.7,0
5/2/2019,0,,0,0.9,0,0,0,0,0,0,0,0.1,0,0,0,0,0,0,0,,0,0
5/3/2019,2.5,,8,0,1.1,4.4,20.7,0,3.6,15.4,0.3,0.15,1.9,16.6,28.9,10.2,1.5,15.8,20,,22.5,15.8
5/4/2019,0,,0,0.5,0,0.2,0,0,0,0,0.9,0.2,0,2.6,0,0,0.9,0.4,0,,0,0
5/5/2019,0,,0,0,0,0,0,0,0,0,0,0.25,0,0,36.5,0,0,0,0,,0,0
5/6/2019,0,,0,0,0,0,0,0,0,0,0,,0,0,1.4,0,0.3,0,0,,0,0
5/7/2019,22.9,,0,0.1,0,3.1,1.1,0,0,9.1,0,,32,0,3.2,9.4,0.3,0.3,4.1,,0,4.5
5/8/2019,0,,0,0,0,0.4,0,0,0,0,0,,0,0,1,0,0,0,0,,0,0
5/9/2019,0,,38.6,43.4,26.1,37.8,0,13.1,18.8,0,52,,0,85,2.2,37.6,48.5,19.5,2.8,,27.5,0
5/10/2019,0,,0,0,0,0,0,0,0,0,0,,0,0,0,0,0,0,0,,0,0
5/11/2019,0,,14.9,7.1,16.2,0,39.3,12.3,2.1,2.8,31.7,,0,0,12.5,8.9,0,0.2,10,,1.4,12.1
5/12/2019,0,,62,0,7.6,1.1,0,13,0,6.5,0,,0,0,0,0,0,0,0,,0,0
5/13/2019,1,,6.6,0.1,2.8,11.7,6.5,0,74.5,0,9.3,,0,0.5,7.9,3.1,0,52.2,0,,0,0
5/14/2019,16.1,,0,23.3,0,1.5,0,0,0,0,4.5,,0,51,0,10,0,0,0,,0,0
5/15/2019,7.5,,54.9,11.9,42.5,9.3,24.3,4.5,14.5,29.1,15.1,,2.2,7.3,32.1,8.1,7.1,7,57.8,,32.1,1.1
5/16/2019,0,,0,0,0,0,0,0,0,0,0,,0,0,0,0,0,0,0,,0,0
5/17/2019,0.8,,0,36.6,0,0,27.3,1.8,0,0,48.3,,0,0,0,3.6,0,0,2,,0,0
5/18/2019,0,,0,0,0,0,0,0,0,0,0,,0,0,0,0,0,0,0,,0,0
5/19/2019,0,,1.3,0.4,7,87.3,0,0,0,0,1.5,,0,20.2,0,0,65.2,4.6,0,,0,0
5/20/2019,7.5,,10.7,44,57,0.4,0,2.1,61.3,0.4,1.6,,0,0.5,0,0,6.7,5.1,0,,22.3,0
5/21/2019,0,,0.4,8,4.5,62.4,0,0,0,0,8.6,,0,5,5.8,0,0,0,0,,0,0
5/22/2019,0,,0,42.8,0,0,0,3.8,0,0,9.9,,35.5,3.6,0,0,1.9,0,0,,0,0
5/23/2019,5.5,,0,0,0,0.9,0,0,0,0,0,,0,0,1.5,0,0,0,0,,24.7,0
5/24/2019,5,,3.6,0,0.4,1.8,8.5,42.5,3,24.4,23.2,,0,9,4.9,21.6,2.4,2.1,3.1,,21.1,9.4
5/25/2019,0,,0,17.2,25.5,9.2,10.1,1,0,0,12.6,,0,0,18.4,0,0,0,6.2,,15.5,24.8
5/26/2019,0,,13.6,0,0,1.4,0,7.8,0,8.7,0,,0,0,0,0,0,1.9,0,,14.2,0
5/27/2019,0.2,,0,0,0,33.1,0,0,11,0,0,1.35,0,17.3,0,0,9.9,0,0,,1.8,0
5/28/2019,0,,0,0,0,0,0,0,0,0,0,1.4,1,0,0,0,0,0,4,,0,0
5/29/2019,0.8,,13.4,0,4.2,0,8.5,20.6,78.3,0,9.8,1.45,0,4.7,0,0,2.2,11.8,2.5,,0,0
5/30/2019,0.1,,70.8,6.8,1.5,8.2,0,16.4,0,3.5,1.3,1.5,45.2,24.6,1.3,0,17.7,0,0,,0,0
5/31/2019,0,,50.8,0.2,5.1,99.3,2.2,5,0.4,3.9,12,1.55,1.3,11.5,6.7,9.3,156.9,0.2,17.4,,25.9,45.9
6/1/2019,0,,0,0.2,0,22.2,0,9,0,0,3.3,1.6,0,0,15.7,3.1,1,1.7,1.6,,4.9,3
6/2/2019,0,,0,0,0,8.7,0,0,0,0,0,0,0,0,17.1,0,0.1,0,0,,0.6,0
6/3/2019,0,,0,0.4,0,0,0,0,0,0,0,0,1.7,0,0,0,1.7,0,0,,0,0
6/4/2019,0,,0,11.3,0.1,1.4,0,45.4,1.1,0,0,0,0,0,0,0.8,9.3,0.9,0,,0,0
6/5/2019,2.4,,0,0.1,0,0,0,0,0,2.2,0,7.3,0,0,0,1.6,0,0,0,,0,0
6/6/2019,49.3,,41.4,7.6,60.4,61.7,14.3,57.8,86.5,49.8,49.3,2.9,12.3,17.2,0.8,7,13.3,27.1,26.9,,0,38.3
6/7/2019,1.4,,0,0,0,10.9,2.3,0,0,0.5,1.9,15.5,2.3,20.1,10.4,3.4,7.2,0,0,,42.9,0.7
6/8/2019,0,,0,23.2,0,0,0,0,0,0,1.5,6,0,0,2.5,1.6,0,0,11.4,,1.8,13
6/9/2019,30.9,,0,0,0,0,3.4,2.2,0,52.3,0,35,0,1.9,3,9,0,0,1.4,,0.6,0
6/10/2019,5.4,,0,0.4,0,0,0,0,0,37.3,2.8,24.6,0,0,25.1,6,0,0,2.6,,1.7,0.7
6/11/2019,0,,0,0,0,0,0,0,0,0,0,0,2,0,0,0,0,0,0,,0,0
6/12/2019,2.2,,0,0,0,0,0,0,0,5.5,0,0,35.3,0,0,0,0,0,3.4,,0,0
6/13/2019,6.6,,50.8,2.5,49.7,0,2.6,37.3,0,6,29.5,0,0,0,0.7,0,0.2,1.5,0,,0,0
6/14/2019,23.1,,2.4,23.2,0.2,5.8,0,15.1,0.8,25.5,23.7,9.2,0,0.5,0,34.9,8,0,0,,0,7.6
6/15/2019,0.2,,0,67.3,0,13.6,0,3.7,0,0.4,0.3,11.8,0,0,0,0,0,0.1,0,,37.1,0
6/16/2019,9,,0,6.9,0,0,2.3,0,0,0,0,5.5,1.3,0,4.6,0,0,0,8.8,,0,12.1
6/17/2019,0,,0,0,0,0,0,0,0,0,0,0,0,0,1.6,1.2,0,0,0,,2.2,0
6/18/2019,0,,0,1,0,0,0,0,0,0,0,1.6,0,0,0,0,0,0,0,,0,0
6/19/2019,0,,0,0,0,0.1,0,0,0,0,0,0,6.3,0,0,0,0,0,1.5,,0,0.6
6/20/2019,0,,18.2,0,0,0,0,21.5,0,0,0,0,0,0,0,0,0,0,0,,0,0
6/21/2019,0,,0,0,0,0.4,0,0,0,0,0,0,0,0,1.5,0,0.3,0,7.4,,0.9,0
6/22/2019,10.2,,40.9,7.6,35.2,28.2,1.4,15,29.5,0,49.2,53.4,1.6,5.4,14.2,0,43.3,29,0,,0,18.8
6/23/2019,0,,0,19.2,0,16.8,0,1.2,0,3,0,0,0,0,0,0,1.1,0,0,,0.6,0
6/24/2019,39.6,,29.4,37.2,12,163.2,9,27.4,26.2,1.6,24.1,43.2,27.7,20.1,31,2.4,50.3,28.2,36.5,,9,25.8
6/25/2019,1.8,,2.2,3,0.1,2.7,0,1.8,4.3,0,3.6,1.3,0,0.5,0.7,0,3.3,0.3,0,,0.5,0
6/26/2019,0.5,,0,4,0,2.5,0,1.8,0,0.3,0.4,0,0,0.9,3.9,0,0.2,0,0,,1.4,0.3
6/27/2019,6.1,,0,1.1,0,2.8,0,2.9,0.2,0,25.8,92.2,0,0,2.2,3.2,0,0,0,,70.4,0
6/28/2019,7.8,,0,4.7,0,1.8,4.6,0,0,0.3,11,12.1,0,0,6.1,11.1,0.4,0,0,,25.9,0
6/29/2019,8.9,,0.9,0,0,2.4,0,0,0,0,0,0,0,0,11.5,5.1,0.1,0,0,,4.3,0
6/30/2019,0.2,,0,0,0,0,0,0,0,0,0,0,0,0,0,0,0,0,0,,27.8,0
7/1/2019,0,,0,0,0,0.2,23.2,0,0,5.6,0,0,47.9,0,0,11.3,0,0,12.7,,15.2,36
7/2/2019,0.8,,0,0,0,0,0,0,0,1.1,0.9,0,0,2.4,2.1,0,0.2,0,0,,0,0
7/3/2019,0,,0,1.8,0,2.5,0,0,1.5,11.3,0,0.8,0,0,0,0,0,0.5,0,,0,22
7/4/2019,3.2,,0,0.8,0,0,15.7,0,0.4,21.7,0,33.1,4,6,61.5,19,0,0.1,21.6,,5.8,6.8
7/5/2019,48.5,,0,0.8,1.7,2.5,0,0,0,1.2,0,2.4,0,0,19.2,0,0,0.8,0,,0,0
7/6/2019,0.6,,0,0,0,2.4,5.7,2.9,0,0,3.5,0,0,0,1.6,0,1.5,0,0,,0,0
7/7/2019,0,,46.7,0.2,13.6,2.2,9.3,1.2,2,43.1,0,0,0,0.8,0,0,0.3,34.3,0,,0,0
7/8/2019,0,,0,174,7.3,9.9,1.3,0,41.7,1.4,9.8,0,41.3,28.8,12.1,11.5,2.6,12.8,0,,1.9,4.3
7/9/2019,0,,0,0,0,0,2.3,0,0,0,0,0,0,0,0,0,0,0.5,0,,0,0
7/10/2019,0,,0,0,0,0,0,0,0,0.9,0,0,0,0,0.7,0,0.2,0,0,,0,0
7/11/2019,3.1,,1.6,0,0,0,0,1,0,43.5,0,0,0,0,0,0.2,0,0,0,,0,0
7/12/2019,0,,0,78,0,0,0,0,0,0.6,0,0.5,0,0.1,6.4,4.8,0,0,0,,0,0
7/13/2019,0,,0,0.1,0,0,0,0,0,0,0,0,6.4,0,1.2,0.5,0,0,0,,0,2.5
7/14/2019,0,,0,0,0,0,0,0,0,0,0,0,0.6,0,0,0,0,0,0,,0,0
7/15/2019,0,,0,0,0,0,0,3.9,0,45.3,0,0,0,0,0,0,0,0,4.4,,0,13.5
7/16/2019,0.3,,0,0.5,0,0,8.5,0,0,0,0,0,11.2,0,0,0,0,0,0,,0,10.1
7/17/2019,0,,0,0,0,1.9,0,0,0,0.3,0,0.4,5,0,0,0,0,0,0,,0,5.1
7/18/2019,0,,0,0,0.9,0.3,18.4,48.3,4.8,1.2,0,0,5.3,0,0,3.4,0.1,0,3.2,,52.3,31.6
7/19/2019,0.4,,12.6,9.1,0.2,5.8,0,5,0,102.2,10.3,0,3.3,0.1,18.6,0.3,0,0,0,,0,0
7/20/2019,41.1,,11.8,32.8,9.7,6,54.2,22.7,0.2,58.2,14.4,47.2,15,2,14.5,7.8,5.7,1.8,86.4,,15.1,62
7/21/2019,0,,0,0.2,0.5,1.7,6.1,1.1,0,0.1,1.4,2.3,1.2,0.4,11.2,0.4,3.1,0,0,,0.6,0
7/22/2019,0,,0,0,0,0.2,0,0,0,0,0,3.1,0,0,1.2,1,0,0,59,,1,11.2
7/23/2019,0,,0,0,0,0,11.6,0,0,118.3,0,1.4,30,0,0,0,0,0,34.1,,0,7.4
7/24/2019,0,,0,0,0,0,0,0.8,0,0,0.1,0,3.4,0,0,0,0,0,13.5,,0,0
7/25/2019,38.5,,0,0,0,0,3.3,8.4,3.5,7.1,0,0,21.6,1.3,0,0,0,0,16.6,,2.5,20.3
7/26/2019,0,,0,3.8,1.2,0,0,43.3,0,1.8,0,0,0,1.9,0,0.1,0,0,0,,0,0
7/27/2019,0,,0,0.1,0,2.2,0,18.4,0.2,40.1,2.9,0,0,0.3,0,0,0,3.3,0,,0,0
7/28/2019,0,,0,0,0,2,0,0,0,0.5,0,0,2.7,1,0,23.8,0,0,0,,0,0
7/29/2019,7.6,,0,1.5,2.2,6.3,10.6,0.6,0,8.8,2,0.6,3.7,0,2.5,0.9,4.6,0,49,,0,30
7/30/2019,1.1,,0.9,2.2,0,2.6,0,0,0,0,3,2.9,0,1,2.2,2.9,0,0,3.2,,0,0
7/31/2019,0,,0,0,0,0,0,0,0,0,0,0,0,0,0,0,0,0,0,,0,0
8/1/2019,0,,0,0,4,0,0,5.9,0,4.4,15.9,0,50.5,0,0,0,0.2,0,14,,0,4
8/2/2019,1.7,,0,0,0.9,4,0,1.8,0,68.4,1.6,0,0,0,0,7.7,1.5,0,7.5,,27.7,16.2
8/3/2019,0.4,,0,0,0,0,0,0,0,0,0,0.1,0,0,0,0.4,0,0,0,,0.3,0
8/4/2019,0,,0,0.1,0,0,0,0,0,0,0,0,0,0,0,0,0,0.4,0,,0.6,0
8/5/2019,0.4,,0,0,0,5.1,0,0,0,0,0,4.3,29.6,0,0,0,0,0,2.7,,0,0
8/6/2019,0,,0,2.7,0,18.2,0,0,2.3,0,0,7.9,0,1.3,4.1,2.7,3.2,0.2,0,,1.4,0
8/7/2019,0,,0,1.4,0,13.2,0,0,0,0,2.6,0,6.6,0.3,4.2,0,13.2,0,0,,0,0
8/8/2019,0,,0,0,0,2.9,0,1.4,0,0,0,0,0,0,0,0,6.2,0,0,,2,0
8/9/2019,0,,0,1,0,5.9,0,0,0,0,0,0,0,0.2,2.6,0,1.7,0,0,,0,0
8/10/2019,0.8,,0,5.2,0,0.6,0,0,0,0,0,0,0,0,4,1.6,0,0,0,,0,0
8/11/2019,0,,0,0,0,1.9,0,0,0,0,0,0,0,0,0,0,0,0,0,,0,0
8/12/2019,0,,0,0,0,0,0,0,0,0,0,0,0,0,0,0,0,0,0,,0,0
8/13/2019,0.3,,0,0.6,0,3.7,0,0,3.4,0,0.1,0,0,0.1,1.2,0,1.1,0,0,,0,0
8/14/2019,0.4,,0,0.5,0,1.9,0,0,0,0,0,0,0,0,0,0,0,0,0,,0,0
8/15/2019,0,,0,0,0,0,0,0,0,0,0,0,0,0.5,0,0,0,0,0,,0,0
8/16/2019,0,,0,2.2,0,1.2,2.3,0,0,0,0,0,60.8,0,1.8,0,0,0,7.6,,0,1.7
8/17/2019,0,,0,0,0,0,0,0,0,0,0,0,0,0,0,0,0.4,0,0,,0,0
8/18/2019,0,,0,0,0,0,0,0,0.2,0,0,0,0,0,0.3,0,0,0,0,,0,0.5
8/19/2019,0,,0,0,0,0,0,0,0,0,0,0,46.6,0,0,0,0.1,0,0,,0,31.5
8/20/2019,0,,0,8.4,0,8.8,0,0,3.2,0,0,0,0,0.4,3,0,5.5,4.9,0,,0,0
8/21/2019,0,,0,5.4,0,7,0,0,1.7,0,0.3,0,10.3,0.7,0.7,3.3,0.1,2.5,0,,0.5,0
8/22/2019,0,,0,0.7,0,0,0,0,0,0,0,0,19,0,0.9,0,1,0,19.9,,0,2.8
8/23/2019,0,,0,0,0.3,0,33,0,0,0,0,0,30.8,0,1.1,0.5,0.2,0,8.6,,77.1,6
8/24/2019,28.3,,0,0.7,0,0,4.3,0,8,0,0.2,15.8,7.2,0,1,3,0,1.2,0,,0.8,0
8/25/2019,0.4,,0,0.1,0,2.8,0,0,3,0,0.3,0,1.1,0,0,0,0,0.6,0,,0,0
8/26/2019,0,,0,0,0,0,0,0,0,0,0,0,22.6,0,0,0,0,0,0,,0,0
8/27/2019,0,,0,0,0,0.5,0,17.3,0,0,7.3,0,0.2,0,1.3,0,0,0,0,,0,0
8/28/2019,0,,0,0,0,0,1.3,0,0,0,0,1,0,0,11,0,0,0,1,,0,0
8/29/2019,0,,0,0,0,0,5.6,0,0,0,0,0,8.6,0,0.1,0.3,0,0,9.2,,0,2.9
8/30/2019,1.2,,0,0,0,6.3,0,0,0.2,0,9.9,0,0,0,0,0.1,0,5.4,19.5,,7.7,10.5
8/31/2019,32.8,,2.2,46,0,2.1,0,6,0.2,0,12.3,0.2,0,1,0,0,0.6,0,3,,0,20.3
9/1/2019,36.8,,3.4,5.8,28.7,1.9,19.8,0,0,0,27.6,13.6,0,5.2,11.8,18.6,13.1,0,2.1,,16.2,2.7
9/2/2019,10,,0,19.2,0,8.3,0,6.5,0,0,1.2,1,0,0.7,5.6,8.1,6.8,0.5,7.2,,2.1,0
9/3/2019,0,,0,0,0,0.7,3.1,0,0,0,0,0,0,0,4.2,0,0,0,0,,0,5.6
9/4/2019,5.7,,9.7,0.1,4.8,0,8.4,0,0,0,0,1.9,5.5,0,0,0,7.2,0,39.6,,1.3,9
9/5/2019,0,,0,0,16.9,0,0,0,0,0,0.2,1,0,0,0,0,1.3,0,2.3,,0,4.8
9/6/2019,22.1,,3.8,1.1,30.5,0,2.3,70,0.5,0,30,0,0,0,30.8,0,1.1,0,3.4,,0,10.5
9/7/2019,61.8,,0,48.1,17.2,1.4,9,9.1,7.6,0,6,28.6,0,0,44,77.8,5.8,0,4.8,,3.8,0
9/8/2019,0.4,,0,0.6,0.5,1.6,59.3,5.7,0.1,0,1.6,8.5,14.6,4.5,6,13,7.3,0,17.2,,0.8,2.5
9/9/2019,0,,0,1.1,0,0,4.9,0,0,0,0.8,0,20.2,0,2.3,0.8,3.6,0,14.8,,0.6,4
9/10/2019,15,,0,0,3.3,1.6,3.9,0,0,0,0,1.1,0,0.2,0.3,0,0,0,2,,0,5.1
9/11/2019,8.4,,35.5,62.1,9.2,0,0,21.6,5.4,0,2.5,11.8,28.3,1,0,0,0,8.6,10.3,,0,4.4
9/12/2019,0,,4.4,0.6,0.2,3.9,21.9,0,1.6,0,0.6,0,0,0,22.7,45.8,0.3,0.7,15.4,,39.8,1.5
9/13/2019,0.3,,17.2,0.5,12.3,0,0,0,1,0,0,4.1,0,2.4,4.4,5.6,5.8,0,0,,1,0
9/14/2019,0.7,,15.9,4.6,3.5,3.3,0,0,2.4,0,17.8,24.8,19.5,0,9.7,2.9,0,1,0.7,,8,0
9/15/2019,0,,0,0,0,4.1,6.5,0,0.2,0,0,0,12.6,0,0,0,0,0,0,,1,0
9/16/2019,0,,0,0,0,0,0,0,0,0,0,0,26.3,0,0.4,0,0,0.8,0,,0,0
9/17/2019,1.1,,31.1,9.6,25.5,0,37.5,1.5,0.7,0,55.1,0.8,5.1,0,15.2,0,0,0.4,27.2,,21.1,50
9/18/2019,32.3,,38.9,2.6,5.1,21.7,28.9,3.7,0.3,0,4,71.7,31.3,0.5,82.2,6.7,7.9,3.5,13.1,,33.8,31.2
9/19/2019,1.3,,2.4,0,0,21.6,23.7,2.4,0,0,0,3.4,3,0.3,0,14.9,7.5,0,6.7,,1.2,0
9/20/2019,0.7,,2.4,3.1,1.6,7,2.8,0,0.2,0,0,2,0,2.6,9.2,3.5,0,0,0,,0,0
9/21/2019,0.4,,0,5.4,0,2.5,0,2.1,0,0,0,2.6,0,51.4,0,33.9,2.5,0,29.5,,21,40.5
9/22/2019,3.7,,0,9.8,0,0.5,4.9,0,0,0,0,0,0,0,0,0,0,0,16.8,,16.9,2.2
9/23/2019,15.6,,0,1.1,0,0,0,0,0,0,0,7.2,0,0,3.7,50.2,0,0,11.8,,28.7,11.1
9/24/2019,25.5,,0,0,0,0,8.5,0,0,0,0,0,0,0,1.2,2.3,0,0,2,,0,0
9/25/2019,0,,0,0,0,0,2.6,0,0,0,0,0,0,0,1.1,2.8,0,0,0,,5.2,0
9/26/2019,0.3,,0,0.6,2.3,0,0,0,0,0,0.3,0,0,0,0.1,0,0,0,0,,0,0
9/27/2019,4.3,,15.5,1.2,3.1,6.6,5.6,3.7,37.5,0,27,4.3,43,4.2,7.2,0,1.1,2,4,,0,0
9/28/2019,0,,0,0,0,0,0,0,0,0,0.4,0,0,6.4,0,0,0,0,0,,0,0
9/29/2019,2.6,,0.6,0,0,0,0,0,0,0,0,0,0,0,1.7,0.9,0,0,0,,0.2,0
9/30/2019,9.6,,6.6,30.6,7.7,19.3,0.6,13.5,8.4,0,15.8,25.8,51.8,3.4,2.8,0,13.8,0.5,1.2,,0,7.1
10/1/2019,5.7,,1.2,0,0,1.2,8.4,1.2,0,0,0.1,0,20.1,0.9,0,0,0,2.6,8.1,,0,4.3
10/2/2019,0,,14.5,0.1,0.3,3.8,0,0.2,0,0,0,0,0,8.4,0.2,1.5,5.6,0.3,0,,22.4,0
10/3/2019,0,,0.8,0,28.3,0,4.5,0,6.9,0,6.2,2.6,1.7,1.1,20.9,7.6,0,0.6,2.8,,18.1,2.5
10/4/2019,8.5,,10.5,32.9,0.5,17.2,7.8,0,6.3,0,2.2,48.5,5.8,1.2,15.2,17.7,1.3,17.7,1.6,,9,7.4
10/5/2019,0.7,,10.9,25.7,3.8,0,0,3.2,4.1,0,17.8,0.3,12.1,11.4,4.7,0.8,0.7,1.3,5.2,,0.5,3.5
10/6/2019,0,,0,35.1,0,1.4,0,31.7,0,0,1.7,0,0,0,0,2.3,0,0,4,,0,0
10/7/2019,3.7,,1.9,1.8,50.4,1.6,7.9,32.8,0,0,5.4,0,48.1,0,0,5.6,16.2,0,79,,6.1,31.3
10/8/2019,0,,0,0.2,0,1.3,0,0,0,0,0,0,3.8,0.3,0,0.3,3.2,1.1,0,,0,0
10/9/2019,34.8,,2.1,3.2,0,11.1,0,0,15.3,0,5.2,2.1,60.9,10.9,0,13.5,6.8,0.6,44.2,,0.3,32.6
10/10/2019,0.2,,4.4,0,0,0.8,0,0,4,0,0,0,1.5,18.4,13.6,41.7,2.7,0,46,,0,3.7
10/11/2019,20.2,,1.6,15.3,2.9,56.1,0,14.4,5.5,0,23.6,45.8,61.2,5.6,19.7,11.7,46.6,19.7,4.5,,3.3,3.5
10/12/2019,1.3,,15.8,11.1,8.7,86.1,15,4.7,32.2,0,14.8,20.9,17.4,2.6,54.5,20.5,4.2,21.1,23,,32,1.3
10/13/2019,0,,6.8,0.1,0,0,0,0,13,0,40,0,0,2.6,0,0.4,0,3.8,0,,0,0
10/14/2019,12.4,,0,8.6,0,1.3,0,0,0,0,0,1.5,0,0,4.8,0,6.9,0,0,,0,0
10/15/2019,0,,0,0,0,0,0,0,0,0,0,0,0,0,0,0,0,0,1.5,,9.2,0
10/16/2019,7.9,,0,5.1,0,0,1.3,5.3,0,0,0,0,0,0,0,0,0,0,6.8,,0,5.8
10/17/2019,0,,0.2,0,0,0,0,0,0,0,0,8.2,0,14.8,1.5,0,0,0,0,,0,0
10/18/2019,0,,31,0,8.5,0,10,38.8,48.8,0,19.4,15.6,0,58.4,30.2,13.4,37.1,37.8,1,,0.7,0
10/19/2019,7.6,,0,66,0,25.4,19.9,0,1.8,0,0.1,4.7,3.2,0,2.2,5.2,8,3,4.5,,3.7,46.2
10/20/2019,12.9,,3.8,42.1,0,49.3,75.7,2,0,0,0,0.5,16.5,2.4,10.7,0,70.8,0.3,5.3,,0.8,22
10/21/2019,0,,1,0,17.3,0,1.1,0,0,0,2.2,59.4,0,0,0,3.3,0,0,3,,0.8,0
10/22/2019,0,,0,0,4.8,9.4,4,3.8,0,0,0.2,0,2.3,0,0,13.1,0,0,7.6,,8.1,2.7
10/23/2019,0,,0,2.5,0,15.5,0,13.8,0,0,2.8,0,0,0,14.4,2.5,0.8,0,0,,0.5,0
10/24/2019,0.5,,3.6,9.1,4.3,1.6,0,23.1,0,0,23,28.8,0,3,27.8,31.2,0,0,13.6,,27.1,0
10/25/2019,12.9,,8.2,18.5,6.5,16.9,0,17.1,5,0,2.4,26.8,0,1.4,26.5,4.8,45.6,0.8,0,,0,0
10/26/2019,0,,8.4,14.8,22.2,0,0,8.3,0,0,29.8,4.2,0,0,0,0,4.8,0,0,,0,0
10/27/2019,0.6,,13,11.3,8.2,31.6,8.8,17.1,6.2,0,0.2,53.9,0,0,1.4,9.3,4.3,0.3,0,,1.7,0
10/28/2019,12,,0.7,59.1,0,87.5,2.9,4.2,51.1,0,48,63.2,0,63,28.9,9,39,22.4,0,,0,0
10/29/2019,0,,0,0,6,10.5,0,0,0,0,2.1,8.5,0.4,41.4,0,0,18.1,0,0,,0,16.7
10/30/2019,1.9,,0,2.1,0,21.2,0,1.5,0,0,0,0,0,7.8,1.2,6.3,4,0,2,,24.4,0
10/31/2019,15.9,,0,0,0,0,0,3.9,0,0,0,0,13.2,0,1.2,0,0,0,0,,0,0
11/1/2019,0,,0,10.4,0,0,0,25.1,0,0,3.8,0.2,0,0,0,23.8,0,0,0,,0,0
11/2/2019,7.4,,1.9,5.9,8.2,0,0,1.6,0.5,0,0,0.3,0,1.6,14.8,0,2.2,0.8,0,,1.9,0
11/3/2019,0.3,,3.4,1.1,0,0,3.6,8.2,0,0,9.2,0,0,0,10,0,0,0,0,,0.5,0
11/4/2019,0,,0,10.6,0,13.1,0,0,7.1,0,0,0,0,1.2,7.1,1.2,0,0,0,,0,0
11/5/2019,0,,1.6,2.3,0,0,0,8.1,0,0,0,11.5,0,0,0,0,0,0,0,,0,0
11/6/2019,0,,1.9,0.8,0,0.8,0,0,0,0,12.4,0,0,0,0,0,0,0,0,,0,0
11/7/2019,0,,0,0,0,1.3,0,0,0,0,3.1,0,0,0,0,0,0,0,0,,0,0
11/8/2019,0,,0,0,0,0,0,1.8,0,0,0,0,0,0,0,0,0,0,0,,0,0
11/9/2019,0,,0,11.6,0,0,0,0,0,0,0,0,0,12.2,23.4,0,2.7,0,0,,0,0
11/10/2019,4,,6.7,0,17.2,5.4,0,0.8,35.5,0,10.4,0,0,26,33.4,0,3.9,55,0,,0,0
11/11/2019,0,,0,0,0,0,0,0,0,0,0,0.2,0,0,0,0,0,0,0,,0,0
11/12/2019,0,,0,1,0,0.4,0,0,0,0,0.3,0,0,0,0,0,4.1,0,0,,2.7,0
11/13/2019,0,,23.3,9.1,12.8,0,0,12.6,8.4,0,2.9,0,0,0,1.2,11.1,0,5.4,0,,1,0
11/14/2019,0,,0,2.3,13,50,0,0,0.7,0,2.7,0,0,3,5.6,0,0,0,0,,0,0
11/15/2019,0,,0,2.6,1.3,0,0,0,0,0,0,0,0,0,0,0,0,0,0,,0,0
11/16/2019,0,,4.7,2.3,2.3,0,0,0,0,0,2.3,0,0,0,0,0,0,0,0,,0,0
11/17/2019,0,,0,0.5,0,0,0,0,0,0,0,0,0,0,5.7,0,0,0,0,,0,0
11/18/2019,0,,0.1,0,0,0,0,0,0,0,0,0,0,0,0.5,0,0.3,0,0,,4,0
11/19/2019,0,,0,0,0,0,0,0,0,0,0,0,0,0,0,0,0,0,0,,0,0
11/20/2019,0,,7.5,0,0,0,0,0,0,0,0,0,0,2.4,0,0,2.9,0,0,,0,0
11/21/2019,0,,3.7,0,3.9,26.4,0,0,38.5,0,2.5,0,0,17.2,7.3,0,0.3,23.4,0,,0,0
11/22/2019,0,,0,0,0,0,0,0.9,0,0,0,3.9,0,0,3.6,0,0,0,0,,0,0
11/23/2019,0,,0,0,0,0,0,0,0,0,0,0,0,0,15.7,0,0,0,0,,0,0
11/24/2019,0,,0,0,0,0,0,0,0,0,5,0,0,0,0,0,0,0,0,,0,0
11/25/2019,0,,0,0.2,0,0,0,0,0,0,0,0,0,0,0,0.8,0,0,0,,18,0
11/26/2019,0,,0,7.3,0,0,0,0,0,0,0,0,0,0,0,5,0,0,0,,0,0
11/27/2019,0,,0,6.7,3.7,36,3.1,0,0,0,0.8,0,0,0,0,0.4,0,0,0,,3.2,0
11/28/2019,0,,0,2.3,0,8.7,0,0,0,0,0,0,0,0,0,0,0,0,0,,0,0
11/29/2019,0,,0,0,0,3.5,0,0,0,0,0,0,0,0,0,0,0,0,0,,0,0
11/30/2019,0,,0,0,0,0,0,0,0,0,0,0,0,0,0,0,0,0,0,,0,0
12/1/2019,0,,0,0,0,3.2,0,0,0,0,0,0,0,0,0,0,0,0,0,,0,0
12/2/2019,0,,0,0,0,1.4,0,0,0,0,0,0,0,0,0,0,0,0,0,,0,0
12/3/2019,0,,1.4,0,0,13,0,0,0,0,0,0,0,0,0,0,0,0,0,,0,0
12/4/2019,0,,0,0,0,7.6,0,0,0,0,0,2.1,0,0,0,2.2,0,0,0,,0,0
12/5/2019,0,,0,0,0.6,32.2,0,0,0,0,0,0,0,0,0,0,0,0,0,,0,0
12/6/2019,5.6,,1.9,1.3,0,0,0,0,0,0,0,18.4,0,0,0,0.2,0,0,0,,0,0
12/7/2019,0.4,,0,4.9,0,0,0,0,0,0,1.7,36.8,0,0,4.1,2.7,0,0,0,,1.3,0
12/8/2019,0,,0,9.4,0,0,0,0,0,0,1.2,0,0,0,2.1,0.5,0,0,0,,0,0
12/9/2019,0,,0,0,0,3.8,0,0,0,0,0,0,0,0,0,0,1.7,0,0,,0,0
12/10/2019,0,,28.5,0,0,35.5,0,0,0,0,0,0,0,0,24.2,0,2.5,0,0,,0,0
12/11/2019,0,,0,2.8,0,20.5,0,0,0,0,0,0,0,6.5,0,0,21.8,0,0,,0,0
12/12/2019,0,,0,4.8,3,2.4,0,0,0,0,5.9,0,0,0,0,0,0,0,0,,0,0
12/13/2019,0,,30.6,0,0,17.3,0,0,0,0,0,0,0,0,0,0,8.3,0,0,,0,0
12/14/2019,0,,4.8,0,0,0,0,0,0,0,0,0,0,0.4,0,0.8,0,0,0,,0,0
12/15/2019,0,,0,0,0,0,0,0,0,0,0,0,0,0,0,0,0,0,0,,0,0
12/16/2019,0,,0,0,0,0,0,0,0,0,0,0,0,0,0,0,0,0,0,,0,0
12/17/2019,0,,0,0,0,0,0,0,0,0,0,0,0,0,0,0,0,0,0,,0,0
12/18/2019,0,,0,0,0,0,0,0,0,0,0,0,0,0,0,0,0,0,0,,0,0
12/19/2019,0,,0,0,0,0,0,0,0,0,0,0,0,0,0,0,0,0,0,,0,0
12/20/2019,0,,0,0,0,0,0,0,0,0,0,0,0,0,0,0,0,0,0,,0,0
12/21/2019,0,,0,0.3,3.6,0,0,0,0,0,0,0,0,0,0,0,0,0,0,,0,0
12/22/2019,0,,0,1.5,21.2,2.4,0,0,0,0,0,0,0,17.2,0,0,0,0,0,,0,0
12/23/2019,0,,0,0,0,0,0,0,0,0,0,0,0,0,0,0,0,0,0,,0,0
12/24/2019,0,,0,0,0,0,0,0,0,0,0,0,0,0,0,0,0,0,0,,0,0
12/25/2019,0,,0,0,0,0,0,0,0,0,0,0,0,0,0,0,0,0,0,,0,0
12/26/2019,0,,0,0,0,0,0,0,0,0,0,0,0,0,0,0,0,0,0,,0,0
12/27/2019,0,,0,0,0,0,0,0,0,0,0,0,0,0,0,0,0,0,0,0,0,0
12/28/2019,0,,0,0,0,0,0,0,0,0,0,0,0,0,0,0,0,0,0,0,0,0
12/29/2019,0,,0,0,0,0,0,0,0,0,0,0,0,0,0,0,0,0,0,0,0,0
12/30/2019,0,,0,0,0,15.7,0,0,0,0,0,0,0,0,0,0,0,0,0,0,0,0
12/31/2019,0,,0,0,0,11.8,0,0,0,0,0,0,0,0,0,0,0,0,0,0,0,0
1/1/2020,0,,0,0,0,0,0,0,0,0,0,0,0,0,0,0,0,0,0,0,0,0
1/2/2020,0,,0,0,0,0,0,0,0,0,0,0,0,0,0,0,0,0,0,0,0,0
1/3/2020,0,,0,0,0,0,0,0,0,0,0,0,0,0,0,0,0,0,0,0,0,0
1/4/2020,0,,0,0,0,0,0,0,0,0,0,0,0,0,0,0,0,0,0,0,0,0
1/5/2020,0,,0,0,0,0,0,0,0,0,0,0,0,0,0,0,0,0,0,0,0,0
1/6/2020,0,,0,0,0,0,0,0,0,0,0,0,0,0,0,0,0,0,0,0,0,0
1/7/2020,0,,0,0,0,0,0,0,0,0,0,0,0,0,0,0,0,0,0,0,0,0
1/8/2020,0,,0,0,0,0,0,0,0,0,0,0,0,0,0,0,0,0,0,0,0,0
1/9/2020,0,,0,0,0,0,0,0,0,0,0,0,0,0,0,0,0,0,0,0,0,0
1/10/2020,0,,0,0,0,0,0,0,0,0,0,0,0,0,0,0,0,0,0,0,0,0
1/11/2020,1.4,,0,0,0,0,0,9.1,0,0,0,0.2,0,0,0,0,0,0,0,0,0,0
1/12/2020,0,,0,0,0,0,0,3.8,0,0,0,0,0,0,0,0,0,0,0,0,0,0
1/13/2020,0,,2.4,47.7,0,13.5,0,5.7,0,0,0,0,0,0,0,0,8.3,0,0,0,0,0
1/14/2020,0,,0,3.4,0,0,0,0,0,0,4.5,0,0,0,0,0,0,0,0,0,0,0
1/15/2020,0,,0,0,0,0,0,0,0,0,0,0,0,0,0,0,0,0,0,0,0,0
1/16/2020,0,,0,0,0,0,0,0,0,0,0,0,0,0,0,0,0,0,0,0,0,0
1/17/2020,0,,0,0,0,0,0,0,0,0,0,0,0,0,0,0,0,0,0,0,0,0
1/18/2020,0,,0,0,0,4.7,0,0,0,0,0,0,0,0,0,0,0,0,0,0,0,0
1/19/2020,0,,0,0,0,2,0,0,0,0,0,0,0,0,0,0,0,0,0,0,0,0
1/20/2020,0,,0,0,0,0,0,0,0,0,0,0,0,0,0,6.6,0,0,0,0,0,0
1/21/2020,0,,0,0,0,0,0,0,0,0,0,0,0,0,0,0,0,0,0,0,0,0
1/22/2020,0,,0,0,0,0,0,0,0,0,0,0,0,0,0,0,0,0,0,0,0,0
1/23/2020,0,,0,0,0,0,0,0,0,0,0,0,0,0,0,0,0,0,0,0,0,0
1/24/2020,0,,0,0,0,0,0,0,0,0,0,0,0,0,0,0,0,0,0,0,0,0
1/25/2020,0,,0,0,0,0,0,0,0,0,0,0,0,0,0,0,0,0,0,0,0,0
1/26/2020,0,,0,0,0,0,0,0,0,0,0,0,0,0,0,0,0,0,0,0,0,0
1/27/2020,0,,0,0,0,0,0,0,0,0,0,0,0,0,0,0,0,0,0,0,0,0
1/28/2020,0,,0,0,0,0,0,0,0,0,0,0,0,0,0,0,0,0,0,0,0,0
1/29/2020,0,,0,0,0,0,0,0,0,0,0,0,0,0,0,0,0,0,0,0,0,0
1/30/2020,0,,0,0,0,0,0,0,0,0,0,0,0,0,0,0,0,0,0,0,0,0
1/31/2020,0,,0,0,0,1.9,0,0,0,0,0,0,0,0,0,0,0,0,0,0,0,0
2/1/2020,0,,0,0,0,1.4,0,0,0,0,0,0,0,0,0,0,0,0,0,0,0,0
2/2/2020,0,,0,0,0,0,0,0,0,0,0,0,0,0,0,0,0.9,0,0,0,0,0
2/3/2020,0,,0,0,0,0,0,0,0,0,0,0,0,0,0,0,0,0,0,0,0,0
2/4/2020,0,,0,0,0,0,0,0,0,0,0,0,0,0,0,0,0,0,0,0,0,0
2/5/2020,0,,0,0,0,0,0,0,0,0,0,0,0,0,0,0,0,0,0,0,0,0
2/6/2020,0,,0,0,0,0,0,0,0,0,0,0,0,,0,0,0,0,0,0,0,0
2/7/2020,0,,0,0,0,0,0,0,0,0,0,0,0,,0,0,0,0,0,0,0,0
2/8/2020,0,,0,0,0,0,0,0,0,0,0,0,0,,0,0,0,0,0,0,0,0
2/9/2020,0,,0,0,0,0,0,0,0,0,0,0,0,,0,0,0,0,0,0,0,0
2/10/2020,0,,0,0,0,0,0,0,0,0,0,0,0,,0,0,0,0,0,0,0,0
2/11/2020,0,,0,0,0,0,0,0,0,0,0,0,0,,0,0,0,0,0,0,0,0
2/12/2020,0,,0,0,0,0,0,0,0,0,0,0,0,,0,0,0,0,0,0,0,0
2/13/2020,0,,0,0,0,0,0,0,0,0,0,0,0,,0,0,0,0,0,0,0,0
2/14/2020,0,,0,0,0,0,0,0,0,0,0,0,0,,0,0,0,0,0,0,0,0
2/15/2020,0,,0,0,0,0,0,0,0,0,0,0,0,,0,0,0,0,0,0,0,0
2/16/2020,0,,0,0,0,0,0,0,0,0,0,0,0,,0,0,0,0,0,0,0,0
2/17/2020,0,,0,0,0,0,0,0,0,0,0,0,0,,0,0,0,0,0,0,0,0
2/18/2020,0,,0,0,0,0,0,0,0,0,0,0,0,,0,0,0,0,0,0,0,0
2/19/2020,0,,0,0,0,7.7,0,0,0,0,0,0,0,,0,0,2.8,0,0,0,0,0
2/20/2020,0,,0,0,0,0,0,0,0,0,0,0,0,,0,0,0,0,0,0,0,0
2/21/2020,0,,0,0,0,6.2,0,0,0,0,0,0,0,,0,0,0,0,0,0,0,0
2/22/2020,0,,0,0,0,0,0,0,0,0,0,0,0,,0,0,0,0,0,0,0,0
2/23/2020,0,,0,0,0,0,0,0,0,0,0,0,0,,0,0,0,0,0,0,0,0
2/24/2020,0,,0,0,0,0.6,0,1.1,0,0,0,0,0,,0,0,7.5,0,0,0,0,0
2/25/2020,0,,0,0,0,0,0,0,0,0,0,0,0,,0,0,0,0,0,0,0,0
2/26/2020,0,,0,0,0,0,0,0,0,0,0,0,0,,0,0,0,0,0,0,0,0
2/27/2020,0,,0,0,0,7.9,0,0,0,0,6.1,0,0,,0,0,0,0,0,0,0,0
2/28/2020,0,,4.1,0,0,0,0,0.8,2,0,2,0,0,,0,0,1.7,0,0,0,0,0
2/29/2020,0,,0,0,0,0,0,0,0,0,0,0,0,,0,0,0,0,0,0,0,0
3/1/2020,0,,0,0,0,0,0,0,0,0,1.7,0,0,,0,0,0,0,0,0,0,0
3/2/2020,0,,0,0,0,0,0,4.1,0,0,4.2,10.3,0,,0,0,0,0,0,0,0,0
3/3/2020,1.5,,20.5,1.6,9.6,42.6,0,0,10.6,0,5.1,1.2,0,,23.7,0,2.4,4,0,0,0,0
3/4/2020,30,,0,0.2,0,0,0,0,0,0,2.2,31.4,0,,11.6,0,0,0,0,0,0,0
3/5/2020,14.4,,0,12.6,0,31.6,0,0,0,0,29.2,0.6,0,,5,0,0,0,0,0,0,0
3/6/2020,0,,3.2,0,22.5,0,0,114.2,3,0,8.2,0,0,,0,0,0,0.7,0,0,0,0
3/7/2020,7.5,,0,0,52.2,18,0,47.7,0,0,4.7,0,0,,0,0,0.7,0,0,0,0,0
3/8/2020,0,,0,0,0,2.7,4.7,0,0,0,0,0,0,,0,4.3,0,0,2,0,0,0
3/9/2020,10.5,,0,4.5,0,0.8,0,9.2,0,0,0,25.7,0,,0,0,0,0,7.5,0,11.3,0
3/10/2020,5,,0,0,0,0,0,0,0,0,0,2.7,0,,36.7,18.3,0,0,0,0,13.9,0
3/11/2020,0,,2,7.6,35,0,0,5.3,4.6,0,18.2,0,0,,0,0,1.1,4,0,0,0,0
3/12/2020,0,,0,0,0,4,0,0,0,0,0,0,0,,0,0,0,0,0,0,0,0
3/13/2020,15.7,,0,48.1,0,1.5,0,6,0,0,0,0,0,,1.6,0,0,0,0,0,0,0
3/14/2020,0,,0,0,56,36.4,0,1.1,2.3,0,18.6,0,0,,26.7,0,0,0,0,0,0,7.9
3/15/2020,0,,0,0,0,0,0,0,0,0,0,0,0,,0,0,0,0,3.3,0,0,0
3/16/2020,0,,0,0,0,0,0,0,0,0,0,0,0,,0,0,0,0,0,0,0,0
3/17/2020,0,,0,0,0,0,0,0,0,0,0,0,0,,0,0,0,0,0,0,13.1,0
3/18/2020,1.2,,0,0,0,0,0,0,0,0,0,0,0,,0,0,0,0,0,0,0,0
3/19/2020,0.8,,0,0,0,0,38.8,0,0,0,0,0,0,,0,0,0,0,22,0,0,0
3/20/2020,0,,0,0,0,0,0,0,0,0,0,0.3,0,,0,1.3,0,0,0.1,0,0,3.7
3/21/2020,0,,0,0,0,0,6,0,0,0,0,0,0,,0,1.7,0,0,0,0,4,0
3/22/2020,14.5,,0,42.9,0,0,0,0,0,0,4,0.1,0,,11,0.8,0,0,0,0,0,9.5
3/23/2020,0,,0,0,19.6,1,0,23.4,11.5,0,2.2,0,0,,0,0,0,0.5,52.6,0,0,0
3/24/2020,0,,0,3.2,0,11.2,0,0,6.2,0,0,18.1,0,,32.7,82.1,1,9.3,2.1,0,22.6,1.3
3/25/2020,5.8,,0,0,0,0,2.5,0,0,0,0,0,0,,0,0,0,0,0,0,0,0
3/26/2020,1.4,,0,1.6,0,0,2.6,0,0,0,0,0,0,,0,0,0,0,0,0,0,0
3/27/2020,0,,0,0,0,0,0,0,0,0,0,0,0,,0,0.2,0,0,0,0,0,0
3/28/2020,5.5,,0,11.5,0,0,0,0,0,0,0,0,0,,0,35.3,0,0,0,0,0,0
3/29/2020,4.5,,0,0,0,0,0,0,0,0,0,4.9,0,,12.8,0,0,0,0,0,0,0
3/30/2020,0.6,,0,0,0,0,0,0,0,0,0,0.2,0,,0,0,0,0,0,0,0,0
3/31/2020,59.8,,3.1,6.2,0,0,0,25.2,0.4,0,0,13.6,0,,9.4,0,0,0,0,0,0,0
4/1/2020,0.9,,0.6,30.3,0,24.5,0,0,0.2,0,9.2,2.4,0,,3.5,0,5.8,0.2,0,0,0,0
4/2/2020,0,,0,0,0,0,0,5.8,0,0,0,0,0,,0,0,0,0,0,0,0,0
4/3/2020,0,,8.7,0,0,0,0,0,0,0,0,0,0,,0,0,0,0,0,0,0,0
4/4/2020,0,,18.2,0,12,1.1,0,0,0,0,0,0,0,,0,0,3.6,3.1,9.8,0,0,0
4/5/2020,0,,0,0,0,0,0,1.1,0,0,0,0,0,,0,14.6,0,0,0,7.6,0,10.3
4/6/2020,0,,0,0,0,0,0,0,0,0,0,0,0,,0,7.2,0,0,0,13.5,12,0
4/7/2020,0,,0,0,0,0,26.1,0,0,0,0,0,0,,0,9.6,0,0,0,0,4,0
4/8/2020,0,,0,0.5,0,1.1,0,0,0,3.1,0,9.3,2.1,,0,12.6,0,0,24.2,19.4,10.9,0
4/9/2020,0.3,,0,0,0,0,51.3,0,0,36.2,0,0.2,0,,0,13.3,0,0,13.7,0,16.2,1
4/10/2020,0,,0,0,0,36.6,3.5,0,0,0,0,0,0,,18.3,0,0,0,2.5,0,0,49
4/11/2020,16.7,,0,14.8,0,0,0,0,0,0.8,3.5,16.3,0,,4.9,27.6,0,0,0,0,9.2,0
4/12/2020,0,,0,5.1,0,0,0,19.4,0,0,0,1.4,0,,3.4,0,0,0,0,0,0,0
4/13/2020,5,,0,11.2,0,0,0,7,0,0,0,0,0,,0,0,0,0,0,0,1.2,0
4/14/2020,0,,0,1.2,0,0,0,2.3,0,0,0,0,0,,7.7,0.6,0,0,0,0,31.2,0
4/15/2020,22.1,,0,7.9,0,0,0,3,0,0,0,12.2,0,,0.6,0,0,0,0,0,1.9,0
4/16/2020,0,,0,0.4,1.8,0,0,25.5,0,0,15.7,0,0,,0,0,9.2,0,0,0,0,0
4/17/2020,0,,0,0,0,0,0,0,0,0,0,0,0,,0.5,0,0,0,0,0,0,0
4/18/2020,0,,0,19,0,1.6,0,2,0,0,0,0,0,,0,0,0,0,0,0,0,0
4/19/2020,0,,6.8,0,0,9.7,0,0,0,0,1,0,0,,0.8,0,0,0,0,74,0,0
4/20/2020,0,,0,0,0,0,0,3.4,0,7.4,0,59.5,0,,11.6,24.4,0,0,0,0,0.5,4.6
4/21/2020,0,,0,0.3,0,15.2,0,0,0,0,0.2,0,0,,0,0,0,0,0,0,0,0
4/22/2020,0,,0,0,0,48.1,0,0,1.2,17.2,0,0,0,,0,1.8,35.7,10.2,0,18.2,0,0
4/23/2020,0,,0,0,0,0,0,0,0,0,0,0,0,,0,0,0,0,0,0,3.6,0
4/24/2020,0,,0,0,0,0,3.3,0,0,0,0,15.3,3.7,,0.7,0,0,0,3.2,4,29.5,2.5
4/25/2020,1.1,,24.4,0,0,0,16.3,0,0,18.2,11.4,18.5,1.2,,0,13.2,0,0.2,46.9,0,0,4.9
4/26/2020,0,,8.7,0,11.4,78.7,3.7,0,47,0,5,0.5,0,,0,2.7,78.3,55.5,0.5,0,8.4,0
4/27/2020,0,,0,4,0,0,0,0,0,0,0,0,0,,0,0,0,0,0,0,0,0
4/28/2020,0,,0,2.5,0,0,0,0,0,0,0,0,13.2,,0,0,0,0,0,0,0,0
4/29/2020,0,,0,0,5.5,0,0,0,0,0,7.8,0,0,,0,0,0,0,0,8.3,0,0
4/30/2020,14.2,,0,1.8,0,8.8,5.3,2,1,0,0,0,0,,26.4,23.6,8.5,1.4,4.9,2.6,3.5,4
5/1/2020,0,,0,0,0,0,0,0,0,0,0,0,0,,0,0,0,0,0,2.6,0,0
5/2/2020,0,,0,0,0,0,0,0,0,0,0,0,0,,0,0,0,0,0,0,3.6,0
5/3/2020,0,,32.1,11.4,9.4,5.8,0,0,23,0,23,0,0,,23.7,0,0,18.3,0,0,0,0
5/4/2020,1.7,,0,0.9,0,0,0,0,0,0,0,0,41.6,,0,0,0,0,29.6,25.8,0,0
5/5/2020,2.9,,0,0,0,0,0,0,0,0,0,0,0,,0,0,0,0,5.4,0,0,0
5/6/2020,7.8,,0,2.8,0,0,0,0,0,0,0,6.3,0,,0,22.6,0,0,0,0,4.4,4.5
5/7/2020,0.5,,0,1.3,0,0,0,0,0,0,0,0,2.1,,2.9,0,0,0,0,0,0,0
5/8/2020,9.1,,0,8.4,0,0,3.2,0,0,0,0,0,0.8,,17.8,0,0,0,0,0,0,0
5/9/2020,1.5,,0,5.2,0,0,0,0,0,0,0,3.3,0,,0,0.8,0,0,0,0,0,0
5/10/2020,27,,28.4,8.5,76.4,111.9,21.1,74.1,38.6,49.6,15.9,60.5,11.4,,14.8,11.6,75.7,29.2,40,36,23.6,3.8
5/11/2020,0.6,,0,0,0,1.7,0,3.3,0,4.9,0,0,0,,6.1,1.6,7.7,0,0,0,0,0
5/12/2020,0,,0,0,0,0,0,0,0,0,0,0,0,,0,0,0,0,0,0,0,0
5/13/2020,18,,0,0,0,0,1.2,0,0,0,0,0,0,,0,0,0,0,0,0,0,0
5/14/2020,3.2,,0,10.4,0,0,2,6.1,0,0,0,0,0,,0,0,0,0,3.2,0,0,0
5/15/2020,34.2,,0,5.8,0,5.2,6.3,36.1,0,9.8,0,24.8,0,,2.2,42.4,0.4,0,0,2.3,20.3,0
5/16/2020,8.2,,0,1.1,0,0,0,10.1,0,0,0,0,0,,50.3,0,0,0,0,0,0,0
5/17/2020,14,,0,1,0,0,1.2,1.1,0,0,3.1,0,4,,0,0.6,0.3,0,0,5.8,21.6,0
5/18/2020,0,,0,19,0,1.7,0,7.8,0,0,0,0,0,,17.7,1.8,0,0,0,0,11.5,0
5/19/2020,3.6,,0,0,45.8,5.6,9.7,19.9,0.4,20.8,11.1,31.9,7.7,,60,9.3,0,1.5,0,82.6,0,3.7
5/20/2020,0,,0,0,0,0,0,0,0,0,0,0,0,,0,0,0.1,0,0,0,0,38
5/21/2020,0,,0,11.2,0,0,0,0,0,0,0,0,0,,0,0,0,0,0,0,0,0
5/22/2020,37.3,,29.5,11.8,0,9.1,0,1.9,0,0,44,5.8,0,,5.3,0,0,0.5,0,0,0,0
5/23/2020,1.8,,0,3,0,0.6,0,0,0,0,0.8,0,0,,0,0,0,0,0,0,0,0
5/24/2020,0.6,,1.2,65.6,0,22.8,29.4,1,0,13.9,0.9,6.7,32.5,,3.3,21.8,0,0,40,32.9,22.7,20
5/25/2020,3.1,,12,0,27.4,15.9,0,14.6,22.6,0,20.1,0,0,,1.2,1,24.5,35.2,0.2,10,3.2,0
5/26/2020,0.2,,0,104,0,1.8,0,0,0,75.8,6.2,5.4,0,,9.9,0,6.8,0,0,0,0,5.3
5/27/2020,0,,0,0,15.7,50.8,0,3.2,0,0,26.4,3.8,21.1,,0,0,46.5,0,0,0,3.6,2
5/28/2020,19.5,,35.8,25.1,42.8,39.4,0,50.2,29.9,38.7,31.3,3.8,0,,26.6,0.8,18.8,61.1,0,0,0,0
5/29/2020,3.2,,0,30,0,0,0,0,0,0,0,0,0,,7.7,0,0,0,0,0,0,0
5/30/2020,15.4,,24.1,0,9.2,0,32.3,12.9,30,0,8.1,26.2,0,,16.3,22.7,1.7,33,0,0,13.7,5.5
5/31/2020,0,,0,0,0,1.3,0,0,0,0,0.3,8.8,0,,0,0,0,0,0,0,0,0
6/1/2020,24.3,,37.4,3.8,3.1,2.2,14.7,57,0,9.8,29.4,48.9,0,,27,20.7,0,0,1.2,30.5,13.5,0
6/2/2020,0,,9.7,0.4,3.7,15,0,0,15,0,0,0,0,,0,0,9.3,15.3,0,0,0,17
6/3/2020,0,,0,0,0,0,0,0,0,0,0,0,0,,0,0,0,0,0,0,0,0
6/4/2020,0,,0,3.5,0.4,0,0,0,0,0,10.2,1.6,0,,0,0,0,0,0,0,0,7
6/5/2020,0,,0,0,0,0,9,0,0,1.1,0,0,0,,0,15.3,0,0,3.5,4.5,26.8,9.8
6/6/2020,3.5,,0,1.6,0,1.6,40.9,0,0,96.8,20.4,0,0,,0.4,18.6,0,0,12.4,6,33.1,36.2
6/7/2020,0,,0,0,0,0,0,0,0,7.4,0,0,17.5,,0,1.9,0,0,0,0,2,0
6/8/2020,14.5,,6.9,0.3,13,42.4,0,19.5,26.1,16,11.9,0,0,,0,0,4.4,3.4,2.5,1.4,0,0
6/9/2020,2.2,,0,20,0,93.2,23.8,0,1.4,33.7,8.3,16.5,55,,11.6,12.1,0,1.7,19.8,45.5,37.8,33.5
6/10/2020,21.5,,11.2,83.5,6.7,151.5,0,1.9,15.7,10.8,8.1,16,0,,94.1,14.4,141.4,22.9,0,0,9,44.1
6/11/2020,2.3,,0,0,0,3.6,0,0,0,2.7,0,0,6.9,,0,0,0,0,5.2,0,0,0
6/12/2020,0,,7.6,2.6,0,0.9,5.2,0,51.6,0,5.2,0.8,0,,0,0,3.7,4.5,1.2,2.7,0,3.6
6/13/2020,3.6,,0,3.1,0,49.6,0,6,0,0,0,0,0,,0,1.8,19.1,0,0,0,0,0
6/14/2020,0.9,,10.9,0,0,2.7,0,1.2,0.1,0,2.6,0.9,0,,1.1,0,5.1,4,3.1,12.2,0.2,8.6
6/15/2020,7.7,,2.3,0,0,0,0,0,0,0,0,0,0,,0.4,0,0,0,0,0,0,0
6/16/2020,0,,0,0,0,17.6,0,0,0,2.1,0,7.7,0,,2.1,24.7,0,0,12.3,0,15.5,0
6/17/2020,0.3,,0,1,1.6,71.5,0,1,2.2,16.8,1,62.9,15.2,,8.9,21.2,0,4.2,28.7,5.2,4.1,4.9
6/18/2020,0,,0,6.7,0,3.3,0,0,0,0,0.9,4.8,0,,5.4,17.6,0,0,0,0,6.1,3.6
6/19/2020,0.4,,0,0.4,0,0,0,0,0,0,0.1,5.8,5.9,,1.1,0,0,0,5.3,0.5,0.4,0
6/20/2020,9.2,,17,22.8,25.2,48.7,0,14.9,32.3,3.2,10.2,9.3,0,,27.6,0,12.3,62.9,2.6,0,0,13.8
6/21/2020,0,,4.3,2.3,0,63.3,0,2.2,10.1,0,0,0,0,,0,0,17.1,29.3,0,0,0,0
6/22/2020,0,,0,20,0,3.7,0,0.2,0,0,0,0,0,,0.8,0,0,0,0,4.5,0,0
6/23/2020,1.4,,0,16.7,0,0,0,0,0,0,0,2.5,1.7,,1.1,40.5,0,0,0,0,2.2,0
6/24/2020,0.3,,0,0.4,0,16.4,28,10.3,0,1,8.3,9.3,5.3,,1.9,1.2,0,0,0,4.2,2,0
6/25/2020,7.8,,0,0.7,0,136.4,0,1.8,0,0,0,7.3,22.3,,12.6,0,0.1,0,15.9,0,0,29
6/26/2020,17.4,,11.8,43.3,57.4,18,18.7,0.4,4.5,0,35.2,0.7,0,,0.1,0.6,1.1,3.2,2.5,19.1,0,11.4
6/27/2020,0,,0,0,0,4.8,0,0,0,0,2.1,0,0,,0,0.5,0,0,0,0,31.5,1.7
6/28/2020,59.4,,0,0.7,16.9,28.8,3.5,143,6.4,1.4,5.8,57.6,2.8,,20.3,3,9.4,1,3.4,7.7,0,23.8
6/29/2020,4.8,,0,0,0,24.6,0,8.4,0.6,16.5,9.6,13.7,0,,1.8,0,32.3,0.4,0,0,0,0
6/30/2020,1.2,,0,0,0,0,8,0.7,0.3,47.4,1.3,0,2.1,,18.2,5,0,0,22.5,17,1.3,66.8
7/1/2020,0.4,,0,1,0,0,4.3,1.6,0,0,0,6.3,0,,15.9,1.2,0,0,0,0,0,0
7/2/2020,0,,0,0,0,10.5,0,0,0,2.6,0,0,0,,0,0,0,0,0,0,0,0
7/3/2020,0.2,,0,1.9,0,0,0,0.7,8.9,25.1,0,0.8,3.5,,2.5,0,0,0,28,14,0,0
7/4/2020,5.4,,0,108.5,73.6,0,8.7,0.3,9.5,0.7,17.8,2.8,0.5,,13.6,2,0,0,0,22.8,1.2,37.6
7/5/2020,0,,0,0.1,0,1.5,0,0,1.9,0,0,6.3,0,,1.4,0,0,0,1.5,2.8,0,0
7/6/2020,0.5,,5.6,0,0,0,0,0,0,0,0.3,0,0,,0,0,0,,0,0,0,2.5
7/7/2020,0,,0,0,0,1,0,0,0,4.9,0.4,0,0,,1.6,0,0,,0,0,0,0
7/8/2020,0,,0,0.2,0.2,0,0,0.8,0,1.8,0.2,0,0,,2.7,1.1,12.6,,10.2,0,2.5,0
7/9/2020,0,,0,0.4,0,0,5.2,1.5,0,1.5,0.2,7.5,0,,12.7,11.6,1.9,,4,0.5,0,0
7/10/2020,0.4,,0,1.5,0,0,1.2,12.9,0.1,8,0,10.6,0,,4.1,2,0,,0,3.9,2.7,3.6
7/11/2020,0,,0,3,2.2,0,0,0.6,0,29.5,0,17.6,0,,3,1.1,0,,0,0.1,5.9,0
7/12/2020,0,,0,5.8,0,0,0,4.4,0,0.5,0.3,0.8,59.3,,1.6,0,0,,73,12.3,0,0
7/13/2020,0,,0,0,0,0.1,0,0,0,0,0,3.7,0,,1.2,0,0,,0,21.9,0,28.2
7/14/2020,1.5,,0,3,0,0,0,0,0,0.5,0,1.1,27.9,,0,0,0,,0,0.8,0,0
7/15/2020,0,,0,0,0,0,0,0,0,0,0,0,4.3,,0,0,0,,3.4,0,0,0
7/16/2020,0,,0,0,0,0,0.4,0,0,0,0,0,0,,0,0,0,,0,0,0,0
7/17/2020,0,,0,0,0,1.8,0,0,0,5.9,0,1.3,1.3,,0,0,0,,0,3,0,1.3
7/18/2020,0,,0,4.6,0,0,0,0,0,0,0,4.5,11.6,,22.3,0.4,0,,0,0,0,0
7/19/2020,0,,0,0,0,0.6,0,0,0,0,0.3,0.6,1.1,,0,0,0,,0,0,0,0
7/20/2020,0,,0,0.7,0,1.2,0,1.3,0,0,0.3,0,14.5,,1.1,0,0,,1,0,0,0
7/21/2020,0.6,,3.8,38.3,27.6,13.5,0,27.7,0,0.4,14.9,0,0,,46.3,0.2,5.1,,0,1.2,0,3.2
7/22/2020,0,,0,0,0,0,7.1,0,0,48.6,0.3,0,0,,1.5,4.8,0,,0,0,14.7,3.7
7/23/2020,0,,0,0,0,0,18.2,10.4,0,35,0,3.6,9.4,,0,0,0,,0,33.4,0,0
7/24/2020,0,,0,0,0,0,0,0.6,0,0,0,0,0,,0,0,0,,0,0,0,27.1
7/25/2020,11.5,,0,0,0,0,5.5,0,0,12.2,0,0.9,0,,0,0,0,,0,0,0,0
7/26/2020,1,,0,0,0,0,0,0,0,0,0,0,8,,0,0,0,,1,0,0,0
7/27/2020,0,,0,0,2.7,0,0,0,0,4.3,0,0,0,0,7.5,0,4.7,0,0,0,0,1.1
7/28/2020,0,,0,0,0,0,0,0,0,0,0,0,0,0,0,5.6,0,0,0,0,7.5,0
7/29/2020,0,,0,0,0,0,0,0,0,0,0,0,0,0,0,0,0,0,0,0,0.4,0
7/30/2020,0,,0,0,0,0,0,0,0,0,0,0,30.4,0,0,0,0,0,18.6,0,0,0
7/31/2020,0.7,,0.2,0,0,0,8.8,0,0,0.1,0.3,0,2.6,0,0.4,1.7,0,0,4.1,0,8.1,36.4
8/1/2020,0,,0,0,0,0,0,0,0,0,0,0,0,0,0,0,0,0,0,38.1,0,0
8/2/2020,0,,0,0,0,0,0,0,0,0,0,0,0,0,0,0,0,0,0,0,0,0
8/3/2020,0,,0,0,0,0,0,0,0,0,0,0,0,0,0,0,0,0,0,0,0,0
8/4/2020,0,,0,0,0,0,0,0,0,0,0,0,1.3,0,0,0,0,0,0,0,0,0
8/5/2020,0,,0,0,0,0,0,0,0,0,0,0,0,0,0,0,0,0,0,0,0,0
8/6/2020,0,,0,0,0,0,0,0,,0,0,0,4.5,0,0,0,0,0,0,0,0,0
8/7/2020,0,,0,0,0,0,0,0,,0,0,0,2.5,0,0,0,0,0,0,1.6,0,1.5
8/8/2020,0,,0,0,0,0,0,0,,0,1.2,1.2,0.6,0,0,0,0,0,0,0,0,0
8/9/2020,0,,0,0,0,0,0,0,,0,0,0,0,0,0,0,0,0,0,0,0,0
8/10/2020,0,,0,0,0,0,0,0,,0,0,0,28,0,0,0,0,0,0,0,0,0
8/11/2020,0,,0,0,0,0,0,0,,0,0,0,5.6,0,0,0,0,0,0,0,0,0
8/12/2020,0,,0,0,0,0,0,0,,0,0,0,0,0,0,0,0,0,0,0,0,0
8/13/2020,2,,0,0,0,0,0,0,,12.3,0,0,23.7,0,0,0,0,0,10.2,10.3,35.9,0
8/14/2020,0,,1.7,0,1,0.9,5.2,3.5,,17.1,4.5,9.8,48.3,0.2,0,4.6,0,2.1,9.9,13.4,0,5.6
8/15/2020,2,,3.3,1,0,0,6.2,1.6,,1.7,0,0,0,0.2,0,0.4,0.8,0,1,2.1,0,13.5
8/16/2020,0,,0,0,0,0,0,0,,0,0,0,0,0,0.2,0,0,0,0,0,0,1
8/17/2020,0,,0,0,0,0,0,0,,0,0,0,0,0,0,0,0,0,16.5,0,0,0
8/18/2020,0,,0,0,0,0.8,5,0,,0,0,0.5,0,0,0,0,0,0,7.7,0.3,0,9.8
8/19/2020,0,,0,0,0,1,0,0,,3.8,0,0,0,0,0,0,0,0,0,0,0,8.6
8/20/2020,0,,0,0,0.1,0,0,0,,0,0,0,0,0,0,0,0,0,2.5,0,0,0
8/21/2020,0,,0,0,0,0,4.7,0,,0.5,0,0,36.3,0,0,8.2,0,0,45.8,14.5,9.9,0
8/22/2020,0,,0,0.7,0,0.3,0,0,,0,0,0,0,0,0,0,0,0,0,0,3.5,66.4
8/23/2020,0,,0,0.5,0,0,0,0,,0,0,0,0,0,0,0.3,0,0,0,0.4,0,0
8/24/2020,0,,0,0,0,0,0,0,,0,0,0,77.5,0,0,0,0,0,0,2.5,0,0
8/25/2020,0,,0,0,0,0,0,0,,0,0,0,7,0,0,0,0,0,0,0,0,0
8/26/2020,0,,0,0,0,0,0,0,,0,0,0,8.5,0,0,0,0,0,28,0,0,0
8/27/2020,0,,0,0,0,1.2,2.5,0,,27.9,0.7,0,21.2,0,0,0,0,0,48.6,23.2,0,7
8/28/2020,0,,0,0,0,0.5,1.6,0,,0.5,0,0,25.1,0,0,0,0,0,0,5.4,0,13
8/29/2020,0,,0,0,0,0,0,0,,0,0,0,0,0,0,0,0,0,1.6,0,0,10.2
8/30/2020,0,,0,0.4,0,0.2,0,0,,0,0,0,0,0,0,0,0,0,0,1.2,0,0
8/31/2020,15.5,,0.2,0,0,0,0,0,,0,0.1,0,35.4,0,0,0,0,0,0,0,0.4,3.7
9/1/2020,0,,0,0,0,0,0,1.5,,0.3,0,0,47.5,0,0,0,0,0,7.9,1.3,0,0
9/2/2020,0,,0,0,0,0.1,2.3,0,,0,0,0,0,0,0,0,0,0,0,8.4,1,7.8
9/3/2020,0,,0,0,0,0,0,0,,0.5,0,0.1,0,0,0,0,0,0.5,11.3,15.4,0.5,0
9/4/2020,0,,0,0,0,0,0,0,,0,0,0,16.4,0,0,0,0,0,0,0,0.6,0
9/5/2020,0,,0,0.9,0,0,3.4,0,,0,0,0,49.3,0,0,0,0,0,4.2,17.2,0.3,1.7
9/6/2020,0,,0,0,0,0,0,0,,0,0,0,21.1,0,0,0,0,0,13.4,3.9,0,7.5
9/7/2020,0,,0,0,0,0,0,0,,0,0,0,25.2,0,0,0,0.3,0,17,51.9,0,6.3
9/8/2020,0,,0,0.2,0,3.2,0,0,,0,0,0,3.3,0.1,0,0,0,0,14.6,11.4,0,9.3
9/9/2020,8.1,,0,0.3,0,2.7,3.4,27.5,,0,0,34.7,28.4,21.1,4.2,6.8,17.8,0,10.2,13.1,2.2,16.6
9/10/2020,0,,2.7,1.5,0,3.8,0,0.4,,0,0.5,0,0,2.9,0,0,0.5,0,0,3,0,18.2
9/11/2020,3,,0,0,0,0,4.8,0,,3.8,0.3,0,9,0,0,26.7,0.6,0,1,44,0,0
9/12/2020,29.9,,21,11.1,49.6,0,7.5,74.8,,47.7,27.5,20.1,0,0,1.7,29.6,0,21.9,4.9,0,12,32.5
9/13/2020,2,,0,2.1,0,1,2.2,1.7,,0,0,0,0,1.1,32.3,15,0,0,0,0.4,4.3,0
9/14/2020,0,,0,0.5,0,0.6,0,0,,5.2,1.4,0,0,0,0,0,0,0,0,0,0,13.6
9/15/2020,0,,25,8.5,28.3,0.4,20.4,2.8,,0,4.3,7.9,37.4,0,7.5,9.8,1,16.9,0.8,36.6,19,1.3
9/16/2020,0,,2.5,0.2,0,0.1,13.5,33.7,,0,3.3,0,0,0,15.9,36.8,0.3,0,13.2,0.2,34.3,10.3
9/17/2020,0.4,,0,0,0,0,0,0,,0,0,1.8,0,0,3.7,8.6,0,0,1.8,41.2,1.8,1.4
9/18/2020,23,,23,4.8,24.9,0,5,5.9,,0,23.1,0,0,0,0,0,0,23.2,9,9.6,0,12.2
9/19/2020,20.1,,1.1,2.7,2.3,0,3,14.7,,21.4,0.2,12.4,0,2.3,2.4,0,0.7,0,3.5,0,0,5.8
9/20/2020,5,,1.1,3,0.4,2,0,1.7,,0.1,0,2,34,0,22.5,0.4,4.7,0,0,55.4,0,0
9/21/2020,0,,0,0,0,1.8,0,0,,0,0,7.8,0,0,0,0,0,0,0,0,0,0
9/22/2020,30.5,,0,0,0,0,13.6,28.9,,5.1,0,0,15.4,0,0,1.3,0,0,2.5,13,0,4
9/23/2020,0.7,,0,0.3,0,0,3,0,,0,0,3.3,0,1.1,0.1,0,0.5,0,0,0,0,5.2
9/24/2020,0.8,,6.4,2.2,1.8,4.2,1,23.2,,0,9.3,9,3.7,4.9,5.5,23.7,0.8,1.8,39.7,0,9,32.2
9/25/2020,2.4,,0,0,0,3,10.1,0,,10.3,0,0,0,0,0,0,1.6,0,0.9,7.3,0,0
9/26/2020,11,,26.1,2.9,0,0,0,60.5,0,15.2,3.4,26.3,0,0,2.8,25,0,0,8.3,7.3,0.5,0
9/27/2020,2.6,,35.4,2.9,22.8,1,0,13.8,0,0,22,0,0,0,34.6,0,5.7,0,0,0,84.9,0
9/28/2020,2,,0,4.4,0,6.5,0,9.8,0,2.1,2.4,5.4,30.8,0,1.5,0,16.6,0,0,13.4,2.2,1.3
9/29/2020,0,,0.2,50.1,0,0,10.7,5,0,2.7,4.3,0,3,0,2.8,8.2,1.6,0,19.8,27.5,10.8,8.7
9/30/2020,5.9,,0,5,9,1.7,2.6,8.3,0,0,5.4,56.2,46.9,5.4,1.1,0,0,2.6,35.2,0,0,38.9
10/1/2020,0,,0,6.2,0,0,0,1.1,0,4.7,1.1,14.6,0,0,2.3,1.2,0,0.8,1.7,9.4,1,38.9
10/2/2020,0,,0,0,0,0,16.8,0,0,0,0,0,1.9,0,0,0.5,0,0,0,0.4,0,0
10/3/2020,0,,0,0,0,0,16.3,0,0,0.3,0,0,40.1,0,0,0,0,0,0,6.7,0,0
10/4/2020,5.3,,0,0.1,0,0,4.3,0,0,0,0,1.8,1.5,9,3.5,11.5,0,0,6.2,5.9,0,9.8
10/5/2020,23.5,,0,12.9,18.8,17.1,4.3,0,0,21,12.6,20.4,1.1,3,11.4,0,1.1,1.9,4,3.2,3.8,24.3
10/6/2020,32.1,,10.3,2,24.5,10.7,0,2.5,0,8.7,10.7,94.3,0,0,13.3,21.4,0.7,35,0,0,95.7,13.4
10/7/2020,1.7,,0,0,0.6,4.5,9,0,0,0,0,0.5,0,4.8,0,0,0,5.8,0,0.7,0,0
10/8/2020,2.3,,0,29,0.6,32.7,6.7,16.2,0.4,11.1,2.4,0,0,0,0,0,0,3.3,4.4,0,0,7.4
10/9/2020,9.9,,0,12.5,8,27.9,3.2,2.1,27.8,4,14.7,0.4,36.6,31.6,4.2,0.5,0,50.6,1.8,10.7,13,0
10/10/2020,0,,1.1,0,6.8,0,0,0,27.6,0,1.2,0,13.5,10.4,0,27.2,0,32.8,0,1.2,1.2,20
10/11/2020,11.1,,21.7,0.6,1.8,0.8,0,20.6,0,0.8,49.3,6.2,0,1.5,14,18.7,1.8,0,0,1.1,26.4,8
10/12/2020,0,,4,30.2,19.9,6.4,0,4.1,0,0,19.5,0,0,0,9.7,2.4,0.4,0,0,0,0,0
10/13/2020,16.9,,0,0,0,7,15.4,0,0,11.5,0,11.6,0,8.5,0,1.4,0,0,0,0,10.2,0
10/14/2020,0,,12.9,68.7,0,0,0,0,0,11.6,9.8,0,2.6,0.8,21.2,0,0.9,0,12.8,14.9,3.1,0
10/15/2020,4,,0,0,0,0.6,11.7,0,2.2,0,1.3,0,0,0,3.2,0,8.3,0,0,7.7,53.2,0
10/16/2020,29.9,,0,0,0,0,0,5,1.8,0,0.5,22.5,0,0.3,43.4,10.6,5.2,0,0,0,4.6,0
10/17/2020,22.3,,0,3,7,0,15.5,45.4,0,0,9.9,7.3,0,10.2,38.1,25.4,0,0.2,3.2,4.4,20.2,0
10/18/2020,17.6,,0,0,0,0,0,5.1,0,0,0,15.8,0,0,6.4,0,1.1,0,12.4,16.7,1.8,0
10/19/2020,0,,19.6,7.2,5.9,4.8,0,0,0,0,0.8,0,0,7,0,20.1,7.8,1.2,3.7,0,0.6,0
10/20/2020,0,,1,0.5,13.2,105.8,0,0,0,0,6.8,0,0,0,0,0,0,0,0,0,1.2,4.2
10/21/2020,0,,0,0,0,0.2,0,0,0,8.8,0,0,0,0,0,0,0,0,0,0,0,0
10/22/2020,0,,0,4.1,0,0,0,1.9,0,0,0,0,0,0,6.9,0,0,0,0,0,0,0
10/23/2020,0,,0,0,0,0,0,0,0,0,0,0,0,0,0,2.5,0,0,0,0,0,0
10/24/2020,0,,0,8.7,0,0,0,0,0,0,0,0,0,0,0,0,29.5,0,0,0,0,0
10/25/2020,8.3,,24.3,2,16.4,4.9,0,0,0,0,3.3,10,0,20.4,7.5,0,5.2,4,0,0,0,0
10/26/2020,17.2,,4,0.3,1.7,4.5,0,19.8,0,0,4.3,0,0,0,21.2,1.4,0,0,0,0,0,0
10/27/2020,0,,2.4,0,20.8,0,0,0,0,0,0,0,0,0,3.2,0.5,0,0,0,0,0,0
10/28/2020,0,,37.2,6.7,0.5,9.1,0,1.2,0,0,2.6,0,0,1.3,0,0,35.8,0,0,0,0,0
10/29/2020,0,,0,0,4.6,0,0,0,27.6,0,0.4,0,0,0,0,0,0,0,0,0,0,0
10/30/2020,0,,0,6.7,0,0,19.2,0,0,0,0,2.4,0,0,0,0,0,0,0,0,0,0
10/31/2020,0,,1.3,6.6,0,1,0,0,0,0,0,0,0,0,0,0,0,0,0,0,2.2,0
11/1/2020,0,,0.3,16.2,0,0,0,0,15,0.3,10,0,0,0,0,0,13.7,0.8,0,0,5.7,0
11/2/2020,0,,0,1.6,0,0,0,0,0,0,0,0,0,0,0,0,0,0,0,0,0,0
11/3/2020,0,,0,0.1,0,9.2,0,0,0,0,0.1,1.4,0,0,0,0,0,0,0,0,0,0
11/4/2020,0,,0,0,0,0.4,0,0,0,0,0,0,0,0.2,0,0,0,0,0,0,0,0
11/5/2020,0,,0.2,2.5,0,1.1,0,0,0,0.2,0,0,0,0,4.6,0,0,0,0,0,0,0
11/6/2020,0,,0.4,11.2,,43.2,0,0,0,0,0,0,0,0,6.3,0,8.2,0,0,0,0,0
11/7/2020,0,,0,5.1,,3.7,0,27.5,16,0,6.2,0,0,12.6,0,0,3.2,43.9,0,0,0,0
11/8/2020,0,,0,18,,8.7,0,0,0,0,0,0,0,0,1.3,2.1,2.8,0,0,0,0,0
11/9/2020,0,,22.6,2.4,,1.3,0,12.9,0,22.6,0,0,0,0,0,1.3,4.6,0,0,0,0,0
11/10/2020,0,,21.8,7.9,,0,0,0,0,21.8,0,0,0,0,0,0,1.8,0,0,0,0,0
11/11/2020,0,,8.6,4.6,,0,0,2.6,0,8.6,0,3.7,0,0,0,0,0,0,0,0,0,0
11/12/2020,0,,0,1.3,,1.3,0,0,0,0,0,6.4,0,0,0,0,3.2,0,0,0,0,0
11/13/2020,0,,0,0.7,,17.9,0,0,0,0,0,0,0,0,0,0,0,0,0,0,0,0
11/14/2020,0,,0,0,,14.3,0,0,0,0,0,0,0,8.4,0,0,0,0,0,0,0,0
11/15/2020,0,,0,0,,14.1,0,0,0,8.2,0,0,0,0,0,0,0,0,0,0,0,0
11/16/2020,0,,8.2,0,,39.5,0,0,12.5,0,18.4,0,0,21.4,0,4.6,0,5.6,0,0,4,0
11/17/2020,0,,15.3,15.5,,1.1,0,0,0,15.3,0,0,0,0,0.7,0,15.7,0,0,0,0,0
11/18/2020,0,,0.4,2.7,,0,0,0,0,0.4,0,0,0,0,0,0,0,0,0,0,0,0
11/19/2020,0,,0,0,,56.1,0,0,2.9,0,0,0,0,0,0,0,61.3,0,0,0,0,0
11/20/2020,0,,0,0,,7.6,0,0,0,0,0,0,0,0,0,0,0,0,0,0,0,0
11/21/2020,0,,0,16.6,,1.2,0,0,0,0,0,0,0,0.3,0,0,0,0,0,0,0,0
11/22/2020,0,,0,0,,0.8,0,0,0,0,0,3.1,0,2,15.9,0,0.2,0,0,0,0,0
11/23/2020,0,,0,0,,0,0,0,0,0,0,0,0,0,0,0,0,0,0,0,0,0
11/24/2020,0,,0,9.9,,21.9,0,0,0,0,0.8,0,0,0,1.3,0,0.4,5,0,0,0,0
11/25/2020,0,,0,5.2,,63.8,0,4.7,0,9.3,10.5,6.7,0,0,50.9,0,30.5,0,0,0,0,0
11/26/2020,0,,9.3,40.8,,53.1,0,0,0,0,1.5,30.2,0,0,2,0,0,0,0,0,0,0
11/27/2020,0,,0,0,,2.3,0,0.9,0,0,0,0,0,0,0,0,54.7,0,0,0,0,3.5
11/28/2020,0,,37,0.4,,1.8,0,0,0,37,0.4,16.1,0,23,0,0,7,0,0,0,0,0
11/29/2020,0,,0,5.2,,0,0,0,0,0,0.2,0,0,0,0,17.1,0,0,0,0,4.7,0
11/30/2020,0,,0,0.4,,0,0,0,0,0,0,0,0,0,0,0,0,0,0,0,0,0
12/1/2020,0,,0,0,,0,0,0,0,0,0,0,0,0,0,0,0,0,0,0,0,0
12/2/2020,0,,0,0,,0,0,0,0,0,0,0,0,0,0,0,0,0,0,0,0,0
12/3/2020,0,,0,0,,0,0,0,0,0,0,0,0,0,0,0,0,0,0,0,0,0
12/4/2020,0,,0,0,,0,0,0,0,0,0,0,0,0,0,0,0,0,0,0,0,0
12/5/2020,0,,0,0,,0,4,0,0,0,0,0,0,0,0,0,0,0,0,0,0,0
12/6/2020,0,,0,0,,0,3.5,0,0,0,0,0,0,0,0,6,0,0,0,0,0,0
12/7/2020,0,,0,0.2,,22.9,0,0,0,56.6,24,10.1,0,7,10.2,3.5,2.8,0.3,0,0,3.8,0
12/8/2020,0,,56.6,0,,0,0,0,0,0,0,6.6,0,0,0,10,0,0,0,0,0,0
12/9/2020,0.5,,0,14.3,,0,0,0,0,0,0,0,0,0,0,0,0,0,0,0,0,0
12/10/2020,0,,0,0.9,,0,0,0,0,0,0,0,0,0,0,0,0,0,0,0,0,0
12/11/2020,0,,0,0,,9.7,0,12.6,0,0,2.1,0,0,0,0,0,0,0,0,0,0,0
12/12/2020,0,,0,6,,33.5,0,0,0,0,0,0,0,5.3,0,0,5.7,0,0,0,0,0
12/13/2020,1.5,,0,26.2,,1,0,0,0,0,2.1,0,0,0,0,0,0,0,0,0,0,0
12/14/2020,0,,0,9.9,,0,0,15.5,0,0,0,0,0,0,0,1.2,0,0,0,0,0.5,0
12/15/2020,24.9,,0,0.4,,2.6,0,0,0,0,0,0,0,0,0,0,0,0,0,0,0,0
12/16/2020,0,,0,4.1,,0.3,0,0,0,0,0.5,1.2,0,0,5.5,9.2,0,0,0,0,0,0
12/17/2020,0,,0,0,,2,0,0,0,0,0,1.6,0,0,0,0,3.3,0,0,0,0,0
12/18/2020,0,,0,2.5,,7.4,0,0,0,0,0,0,0,0,0,0,0,0,0,0,0,0
12/19/2020,0,,0,0,,0,0,0,0,0,0,0,0,0,0,0,0,0,0,0,5.3,0
12/20/2020,0.8,,0,0.2,,1.3,0,12.6,0,0,21.8,0,0,0,0,0,0,0,0,0,0,0
12/21/2020,0,,4,0,,0.4,0,0,0,0,6.1,0,0,0,0,0,0,0,0,0,0,0
12/22/2020,0,,14,0,,0,0,0,0,0,0,8.3,0,0,3,0,0,0,0,0,0,0
12/23/2020,0,,0,0,,0,0,0,0,4,20,0,0,0,0,0,28.5,0,0,0,0,0
12/24/2020,0,,0,4,,0,0,0,0,0,0,0,0,0,0,0,0,0,0,0,2.4,0
12/25/2020,2,,0,0,,0,0,0,0,0,0,0,0,0,0,0,0,0,0,0,0,0
12/26/2020,0,,0,0,,0,0,0,0,0,0,0,0,0,0,0,0,0,0,0,0,0
12/27/2020,0,,0,0,0,0,0,0,0,14,0,0,0,0,0,0,0,0,0,0,0,0
12/28/2020,0,,0,0,0,0,0,0,0,0,0,0,0,0,0,0,0,0,0,0,0,0
12/29/2020,0,,0,0,0,0,0,0,0,0,0,0,0,0,0,0,0.1,0,0,0,0,0
12/30/2020,0,,0,0,0,0,0,0,0,0,0,0,0,0,0,0,0,0,0,0,0,0
12/31/2020,0,,0,0,0,0,0,0,0,0,0,0,0,0,0,0,0,0,0,0,0,0
1/1/2021,0,,0,0,0,0,0,0,0,0,0,0,0,0,0,0,0,0,0,0,0,0
1/2/2021,0,,0,0,0,0,0,0,0,0,0,0,0,0,0,0,0,0,0,0,0,0
1/3/2021,0,,0,0,0,0,0,0,0,0,0,0,0,0,0,1.5,0,0,0,0,4.3,0
1/4/2021,0,,0,0,0,0,0,16,0,0,0,0,0,0,1.1,0,0,0,0,0,0,0
1/5/2021,0,,0,0,0,0,0,0,0,0,4.7,0,0,0,0,0,0,0,0,0,0.4,0
1/6/2021,0,,0,0,0,22.6,0,0,27.2,0,5.9,19,0,9.2,7,0,39.7,17.2,0,0,0,0
1/7/2021,0,,0,0,0,1,0,0,0,0,0,0,0,0,0,0,14.8,0,0,0,0,0
1/8/2021,0,,0,0,0,0,0,0,0,0,0,0,0,0,0,0,0,0,0,0,0,0
1/9/2021,0,,0,0,0,0,0,0,0,0,0,0,0,0,0,0,0,0,0,0,0,0
1/10/2021,0,,0,0,0,0,0,0,0,0,0,0,0,0,0,0,0,0,0,0,0,0
1/11/2021,0,,0,3.3,0,21.1,0.3,0,0,0,0,44.8,0,0,6.1,33.2,0,0,0,0,3,0
1/12/2021,0,,0,0,0,0,0,10.3,0,0,0,0,0,0,2,0,2.4,0,0,0,0,0
1/13/2021,0,,0,0,0,0,0,0,0,0,15,1.4,0,0,3.6,0,0,0,0,0,0,0
1/14/2021,0,,1.7,0,0,0,0,0,0,0,0,0,0,0,0,0,0,0,0,0,0,0
1/15/2021,0,,3.3,0,0,13.6,0,0,0,0,0,0,0,0,0,0,0,0,0,0,0,0
1/16/2021,0,,0,0,8.8,0,0,0,0,0,0,0,0,0,0,0,0,0,0,0,0,0
1/17/2021,0,,0,0,0,0,0,0,0,0,0,0,0,0,0,0,0,0,0,0,0,0
1/18/2021,0,,0,0,0,0,0,0,0,0,2,0,0,0,0,0,0,0,0,0,0,0
1/19/2021,0,,0,11.7,0,2.7,0,0,0,0,0,6.5,0,0,34.7,0,0,0,0,0,0,0
1/20/2021,0,,0,0,0,0,0,0,0,0,0,0,0,0,0,0,0,0,0,0,0,0
1/21/2021,0,,0,0,0,0,0,0,0,0,0,0,0,0,0,0,0,0,0,0,0,0
1/22/2021,0,,0,0,0,0,0,0,0,0,0,0,0,0,0,0,1.9,0,0,0,0,0
1/23/2021,0,,0,0,0,0,0,0,0,0,0,0,0,0,0,0,0,0,0,0,0,0
1/24/2021,0,,0,0,0,0,0,0,0,0,0,0,0,0,0,0,0,0,0,0,0,0
1/25/2021,0,,0,0,0,0,0,0,0,0,0,0,0,0,0,0,0,0,0,0,0,0
1/26/2021,0,,0,0,0,0,0,0,0,0,0,0,0,0,0,0,0,0,0,0,0,0
1/27/2021,0,,0,0,0,0,0,0,0,0,0,0,0,0,0,0,0,0,0,0,0,0
1/28/2021,0,,0,0,0,0,0,0,0,0,0,0,0,0,0,0,0,0,0,0,0,0
1/29/2021,0,,0,0.5,4.8,0,0,11.7,0,0,40.1,1.1,0,0.5,1.3,0,0,0,0,0,0,0
1/30/2021,0,,0,0,0,0,0,0,0,0,0,0,0,0,0,0,0,0,0,0,0,0
1/31/2021,0,,0,0,0,0,0,0,0,0,0,0,0,0,0,0,0,0,0,0,0,0
2/1/2021,0,,0,0,0,0,0,0,0,0,0,0,0,0,0,0,0,0,0,0,0,0
2/2/2021,0,,0,0,1.7,0,0,0,0,0,0,0,0,0,0,0,0,0,0,0,0,0
2/3/2021,0,,0,0,0,0,0,0,0,0,0,0,0,0,0,0,0,0,0,0,0,0
2/4/2021,0,,0,0.7,0,1.4,0,21.1,0,0,0,0,0,0,0,0,0,0,0,0,0,0
2/5/2021,0,,2.9,0,3.3,0,0,0,0,0,0,0,0,1.7,0,0.9,1.8,0,0,0,0,0
2/6/2021,35,,0,0.5,0,0,0,0,0,0,0,0,0,0,0,0,0,0,0,0,0,0
2/7/2021,0,,0,0,0,0,0,0,0,0,0,0,0,0,0,0,0,0,0,0,0,0
2/8/2021,0.6,,0,0,0,0,0,0,0,0,1,0,0,0.6,0,0,0,0,0,0,0,0
2/9/2021,0,,0,0,0,0,0,0,0,0,0,0,0,0,0,0,0,0,0,0,0,0
2/10/2021,0,,0,0,0,0,0,0,0,0,0,0,0,0,0,0,0,0,0,0,0,0
2/11/2021,0,,0,0,0,0,0,0,0,0,8,0,0,0,0,0,0,0,0,0,0,0
2/12/2021,0,,0,0,0,0,0,0,0,0,0,0,0,0,0,0,0,0,0,0,0,0
2/13/2021,0,,0,0.3,0,1.4,0,12,0,0,3,4.1,0,0,0,0,16,0,0,0,0,0
2/14/2021,0,,0,0,0,26.1,0,1.3,0,0,0,0,0,0,8,67.2,0,0,0,0,19.5,0
2/15/2021,0,,0,0,0,19.4,0,12,0,0,0,5.7,0,0,6.5,3.3,0,0,0,0,0,0
2/16/2021,0,,0,3.5,0,0,0,0,0,0,102.4,1.2,0,0,4.4,0.3,0,0,0,0,11.6,0
2/17/2021,0,,0,2.4,3.8,0,0,0,0,0,19.6,0,0,0,18.3,9,0,0,0,5.3,13,0
2/18/2021,0,,0,0,0,4.5,0,0,0,0,0,0,0,0,0,0,0,0,0,0,0,0
2/19/2021,0,,0,0,0,0,0,0,0,0,0,0,0,0,0,0,0.9,0,0,0,0,0
2/20/2021,0,,0,0,0,0,0,0,0,0,0,0,0,0,0,0,0,0,0,0,0,0
2/21/2021,0,,0,0,0,0,0,0,0,0,0,0,0,0,0,0,0,0,0,0,0,0
2/22/2021,0,,0,0,0,0,0,0,0,0,0,0,0,0,0,0,0,0,0,0,0,0
2/23/2021,0,,0,0,0,0,0,0,0,0,0,0,0,0,0,0,0,0,0,0,0,0
2/24/2021,0,,0,5.1,0,0,0,0,0,0,0,0,0,0,0,0,30.4,0.2,0,0,0,0
2/25/2021,0,,0,0,0,0,0,0,16.5,0,0,0,0,0.1,0,0,13.6,18.2,0,0,0,0
2/26/2021,0,,0,0,0,0,0,0,0,0,0,0,0,0,0,0,0,0,0,0,0,0
2/27/2021,0,,0,0,4.9,0,0,0,0,0,0.6,0,0,0,0,0,0,0,0,0,0,0
2/28/2021,0,,0,0,0,0,0,0,0,0,0,0,0,0,0,0,0,0,0,0,0,0
3/1/2021,0,,0,0,0,0,0,0,0,0,0,0,0,0,0,0,0,0,0,0,0,0
3/2/2021,0,,0,0,0,0,0,0,0,0,0,0,0,0,0,0,0,0,0,0,0,0
3/3/2021,0,,0,0,0,0,0,0,0,0,0,0,0,0,0,0,0,0,0,0,0,0
3/4/2021,0,,0.7,0,11.4,0,0,3.1,0,0,9.2,0,0,0,1.8,0,0,0,0,0,0,0
3/5/2021,0,,0,20.2,13.7,8.3,0,0,0,0,4.2,35.2,0,0,4.8,18.7,0,0,0,0,0,0
3/6/2021,16.4,,0,0,0,0,4.7,5.1,0,0,0,12.5,0,,5.7,0,0,0,0,0,0,0
3/7/2021,21.8,,0,0,0,0,6.7,18.2,0,0,0,0,0,,0,0,0,0,0,0,0,0
3/8/2021,1,,0,30.2,6,0,0,0,0,0,0,0,0,,2.5,0,0,0,0,0,0,0
3/9/2021,0,,0,0,17.5,0,44.1,0,0,0,15.1,4.4,0,,6.1,28.3,0,0,0,0,15.1,0
3/10/2021,0,,0,25.2,0,0,0,0,0,0,0,4.3,0,,71.1,40.8,0,0,0,0,0,0
3/11/2021,0,,0,35.1,0,0,0,0,0,0,0,0,0,,4.8,0,0,0,0,0,0,0
3/12/2021,80.5,,0,0,9.4,0,0,0,0,44,2.5,29,0,,24.1,0,0,0,0,0,0,9.6
3/13/2021,3.2,,0,0,0.3,0.9,0,3.3,0,0,0,0.2,0,,2,0,8.1,0,0,0,0,0
3/14/2021,0,,1,0,0,0,0,1,3.2,0,0,70.9,0,,35.1,23.6,0,6.5,0,0,37.8,0
3/15/2021,0.4,,0,0,0,0,0,0,0,0,0,0,0,,0,0,0,0,0,0,0,0
3/16/2021,22.2,,0,0,0,0,0,0,0,0,0.9,0,0,,0,0,0,0,0,0,0,0
3/17/2021,0.6,,0,0,25.9,10.7,32.5,38.6,0.6,0,34.9,0,0,,0,35.6,11.3,8.5,5.3,0,4.1,0
3/18/2021,44.1,,0,45.2,5.4,0,0,8.5,0,0,5.6,12.4,0,,0,0,0,0,0,0,0,0
3/19/2021,0,,0,0,0,0,0,0,0,7.1,0,0,0,,0,0,0,0,0,0,0,0
3/20/2021,0,,0,0,0,0,0,0,0,0,0,0,0,,2.2,0,0,0,0,40.2,6.2,0
3/21/2021,0,,0,0,0,0,17.2,0,0,0,0,0,0,,0,0,0,0,0,0,4.7,0
3/22/2021,0,,0.7,0,15.5,0.2,0,23.8,0,0,19.6,0,0,,4.5,0,0,25.8,0,0,10.5,0
3/23/2021,46.6,,4.1,56.1,45,11.7,0,68,10,0,50.3,29.5,0,,17.8,0,0,19.6,0,0,1.2,0
3/24/2021,0,,7.3,30.2,48.4,22.8,0,25.6,0,3.9,4.6,13.5,0,,48.2,0,26.6,0,0,0,0,0
3/25/2021,0,,0,0,0,0,0,0,0,0,0,0,0,,0,0,2.6,0,0,0,0,0
3/26/2021,0,,0,0,0,0,0,0,0,2.3,0,0,0,,25,2.7,0,0,0,0,0,0
3/27/2021,7.2,,0,0,0,0,2.7,9,0,0,0,0.4,0,0,0,0,0,0,29.6,13.7,0,0
3/28/2021,0,,18.9,0,2.1,0,0,4,0,0,27.3,2.4,0,0,0,0,0,0,0,0,0,0
3/29/2021,0,,0,0,12,0,0,0,0,0,0,0,0,0,0,0,0,0,0,0,0,0
3/30/2021,0,,0,0,0,0,0,0,0,0,0,0,0,0,0,0,0,0,0,0,0,0
3/31/2021,0,,0,0,0,0,0,0,0,0,0,0,0,0,0,0,0,0,0,0,0,0
4/1/2021,0,,0,0,0,0,0,0,0,0,0,0,0,0,0,0,0,0,0,0,0,0
4/2/2021,0,,0,0,0,0,0,0,0,0,0,0,0,0.2,0,0,0,0,0,0,0,0
4/3/2021,0.4,,0,0,0.6,14.4,0,0,0,0,0.3,1.8,0,0,0,0,0,0,0,0,7.1,0
4/4/2021,12.2,,3.8,0,0,0,0,0,0,0,0,2.3,0,0,2.4,8.3,0,0,0,0,0,0
4/5/2021,0,,24.8,0,3.4,0,0,0,0,0,8,0,0,0,0,0,0,0,0,0,0,0
4/6/2021,0,,0,0,0,0,2.8,29,0,,0,0,0,0,0,0,0,0,0,0,16.7,0
4/7/2021,0,,0,0,0,0,0,0,0,,0,0,0,0,0,14.3,0,0,0,0,13.2,0
4/8/2021,0,,0,0,0,0,0,6.2,0,,5.3,0,0,5.7,0,0,0,0,0,0,0,0
4/9/2021,0,,0,0,0,1,8.2,0,0,,0,0,0,0,0,8.8,0,0,0,0,0,0
4/10/2021,5.1,,0,0,0,0,0,0,0,,0,0,0,0,0,0.2,0,0,0,0,1.7,0
4/11/2021,45.4,,12.5,0,4.6,0,0,10.8,0,,3.5,0,0,0,0,8.6,0,0,0,0.5,2.7,0
4/12/2021,0,,0,0,0,0,0,0,0,,0.3,0,0,0,0,0,0.7,0.4,0,0,0,0
4/13/2021,0,,0,5.1,0,0,7.3,0,0,,0,0,0,0,0,0,0,0,0,0.5,0,0
4/14/2021,0,,0,0,0,0.3,9.5,0,0,,0,0,0,0,0,0.4,0,0,0,0,0,0
4/15/2021,0,,0,0,2.6,0,0,0,0,,14.2,0,0,0,0,0,0,0,0,0,0,0
4/16/2021,3.1,,0,0,0,19.9,2.4,0,0,,0,7.4,0,0,0,0.5,0,0,0,35.2,0,0
4/17/2021,15,,0,0,21.5,3.6,0,45.1,0,,12.6,44.6,0,0,5.5,3.5,0,0,0,0,0,0
4/18/2021,4.3,,0,0,52.5,6.8,3,52.1,0.2,,15.2,11.8,0,0,8.4,0,0.5,0,0,0,4.9,15.3
4/19/2021,0,,0,0,0,0,0,0,0,,0,0,0,0,27,0,0,0,0,0,0,0
4/20/2021,0,,0,10.2,0,0,1,0,0,,0,0,0,0,0,0,0,0,0,0,0,2.5
4/21/2021,23.2,,0,0,0,0,0,17,0,,0,23,0,0,5,1.8,0,0,0,0,25.9,5
4/22/2021,9,,0,0,0,23,0,0,0,,0,2.6,0,0,0,0,0,0,0,0,0,0
4/23/2021,0,,0,0,0,0,0,0,0,,0,0,0,0,0,0,0,0,0,0,0,0
4/24/2021,0,,47.5,0,37.5,8.9,1.1,24.8,0.4,,35.9,30.3,0,6,8.7,2.3,0.8,0.9,2,0,34.2,0
4/25/2021,0,,0.2,0,0,4.2,0,0,0,,0,0,0,0,0,0,0,0,0,0,0,0
4/26/2021,12,,0,0,0,0,11.8,0,0,,0,0,0,0,13.1,0,0,1.1,0,7.9,17.6,0
4/27/2021,3,,0,0,0,25.2,0,0,0,,2.3,53.8,0,0,13.4,1,0,5.6,0,0,0.3,0
4/28/2021,0,,9.1,0,1.9,4.8,0,1.5,0,,6.3,0,14.4,0,15.9,0,2.3,0,29.6,43.1,0,12.1
4/29/2021,0,,0,0,0,0,0,0,0,,0,0,0,0,0,0,0,0.3,0,0,0,0
4/30/2021,0,,0,0,0,0,0,0,0,,0,0,0,0,0,0,0,0,0,0,0,0
5/1/2021,0,,0,0,0,0,0,0,0,,0,0,0,0.030645161,0,0,0,0,0,0,0,0
5/2/2021,0,,0,0,0,0,4,0,0,,0,0,0,0.061290323,0,4.7,0,0,47.8,12.8,34.1,34
5/3/2021,0,,48,0,23.4,0,4.7,12.2,6,,1.6,0,0,0.091935484,0,0,2.3,24.6,1,0.4,0,0
5/4/2021,0,,0,0,0,0,0,0,0,,0,0,0,0.122580645,0,0,0,0,0,0,0,0
5/5/2021,42,,0,0,0,2.3,0,0,0,,0,0,0,0.153225806,0,0,0,0,0,0,0,0
5/6/2021,0,,0,0,0,0.6,0,0,0,,0,0,2.9,,0,0,0,0,5.8,67.6,0,4.5
5/7/2021,0,,87.5,0,4.2,0,0,1.4,0,,12.5,19,0,,0,0,0,11,0,0,0,0
5/8/2021,0,,0,0,0,0,0,0,0,,7.3,0,2.6,,0,6,0,0,18.5,8,11.3,57
5/9/2021,0,,0,0,0,0.9,0,0,0,,0,0,0,,0,0.2,0,0,0,0,0.8,25.5
5/10/2021,16,,0,0,0,0,0,0,0,,0,0,0,,0,0,0,0,0,0,0,0
5/11/2021,0,,0,0,0,0,0,0,0,,0,0,0.8,,0,0,0,0,0,0.3,0,0
5/12/2021,0,,0,0,0,0,0.8,0,0,,0,0,0,,0,9.7,0,0,0,14.8,36.7,3.6
5/13/2021,1,,0,0,0,0,0,0,0,,0,32.6,0,,0,0,0,0,0,0,0,11.5
5/14/2021,4,,0,0,0,0,0,0,0,,0,0,0,,0,0,0,0,0,0,0,0
5/15/2021,44.8,,0,0,0,12.2,4.1,6.6,0,,0,27.8,0,,2.8,55.5,0,0,0,2.2,27.2,0
5/16/2021,0,,0,0,0,1.2,0,0,0,,0,2.6,0,,13.1,0,0,0,0,0,0.7,0
5/17/2021,0,,0,0,0,0.2,0,0,0,,0,0,0,,0,4.4,0,0,0,0,21,0
5/18/2021,0,,3.9,15.2,0,0,0,0,0,,0,0,0,,10.6,2.4,0.7,0,0,0,0,0
5/19/2021,0,,0,0,0,0,0,0,0,,0,0,0,,0,0,0,0,0,0,0,0
5/20/2021,6.4,,0,20.2,0,119.4,6.5,1.2,0,,20.1,0,0,,37.6,2.5,8.1,0,0,14.3,0,13.8
5/21/2021,0.8,,0,35.1,0,0,0,2.3,0,,0.3,0,0,,13.2,0,0,0,0,0,0,0
5/22/2021,0,,0,0,9.5,0,0,6.4,4,,0.3,1,0,,0,0,0,4.2,0,0,0,0
5/23/2021,0,,0,0,0,0,0,0,0,,0,0,0,,0,0,0,0,0,0,0,0
5/24/2021,0,,0,10,0,0,19,0,0,,0,0,2.9,,0,0,0,0,2.6,33.4,0,0
5/25/2021,0,,0,0,0,0,0,22.6,0,,12.5,0,0,,0,0,0,0,0,0,0,0
5/26/2021,0.8,,0,0,0,0,0,7.6,0,,0,0,0,,0,0.9,0,0,0,38.4,10.9,0
5/27/2021,4,,0,0,0,3.8,0,0,0.2,,0,0,0,,7.5,0,0.8,0,0,0,0,12.2
5/28/2021,1.8,,0,0,0,0,0,14.3,0,,0,0.7,4.8,,9,18.8,0,0,0,0,6.5,28.7
5/29/2021,0.4,,0,0,0,0,10.1,18.2,0,,0,0,0,,0,0,0,0,12.5,0,0,0
5/30/2021,1.4,,0,15.1,1.3,26.7,14.4,14.8,0,,0.2,1.1,0,,0,12.5,26.7,2.2,0,0,2.4,0
5/31/2021,3.4,,0,2.8,0,0,0,6.4,0,,0,0.2,1.7,,0,0,0.4,0,2.8,0.8,2.9,1
6/1/2021,10.1,,0.8,0,1.2,0,0,40.5,0,,2.3,20.8,0,,0,5.9,0,0,0,0,0,0
6/2/2021,0,,0,0,0,6.4,0,0,0,,0,0,0,,0,0,9,0,26.1,2,0,16.5
6/3/2021,4,,0,0,0,0,1.4,23.4,0.2,,7.8,24.1,0.6,,0,24.4,0,0.2,3.2,1,10.6,0
6/4/2021,3.9,,2.7,0,2.4,7.7,17.3,14.3,13.5,,14.2,1,0,,14,0.9,5,7.1,0,0,0,0
6/5/2021,0,,0,0,0.8,2.2,0,0,0.8,,12.7,0,0,,30.3,0,0,0,0,0,0,0
6/6/2021,68,,1.4,0,0,0,0,0,0,,0,3.5,25.5,,0,0,0,0,20.2,19.2,7.6,19.5
6/7/2021,34.4,,0,0,49.6,0,6.2,12.4,0,,14.7,17.4,0,,0.5,0,0,0,0,0,0,8.6
6/8/2021,0,,4,0,15.6,2.6,3.5,21.3,0,,4.6,0,0,,0,0,0,0,6.8,4,0,5.6
6/9/2021,0,,0.2,0,0.3,20.6,20.1,3,2.1,,8.9,0,0,,0,0,8.2,2.2,4.2,0,0,6.8
6/10/2021,0,,0,25.2,0,35.6,1.6,0,0,,0,0,15.2,,4.4,0,5,0,0,4.3,0,25
6/11/2021,7.8,,9.2,15.1,25.4,30.6,0.8,0,12.5,,14,1.8,8.9,,2.2,0,18.6,7.4,34.5,25.4,0.5,0
6/12/2021,14.9,,0,5.2,0,0,0,0,0,,2.3,0,0,,1.5,1.4,0,0,1.8,0,9.7,16
6/13/2021,0,,0,0,0,0,0,0,0,,0,0,0,,0,0,0,7.4,0,0,0,0
6/14/2021,0,,0,0,0,0,0,0,0.1,,0,1.8,0,,0,0.6,0,0,0,0,0,0
6/15/2021,0,,5.4,0,12.6,1.8,5.1,43.8,0,,0.5,3.8,44,,0,6.4,1.6,0,0,6.5,3.5,0
6/16/2021,0,,0,2.1,2.5,34.2,0,0,0,,0.1,14,0,,0,5.3,3.6,0,0,0,0,0
6/17/2021,0,,0,0,0,0,0,0,0,,0,0,0,,0,0,0,2.6,0,0,0,0
6/18/2021,6.8,,0,5.1,0.3,0,0,0,0,,0,0,0,,0.7,0,0,0,0,0,0.7,0
6/19/2021,10.9,,0.4,0,0,12.2,0,0,0,,0,0,0,,0,0,16.8,0,0,0,0.4,24.3
6/20/2021,38,,9,0,0,109.2,14.5,0,8.3,,0,16,0,,20,22.6,43.8,8.5,38.3,0,3.8,5.2
6/21/2021,0,,0,0,0,9.1,4.3,0,0,,1.7,0,49.1,,0,11.6,10.8,0,11.5,16.3,6.7,0.6
6/22/2021,16.1,,30.4,0,1.5,19.2,0,0,11.5,,2.9,0,0,,9,1.1,7.9,4.6,1.1,0,0,23.3
6/23/2021,8.2,,5.2,65.2,15.4,22.3,15.4,29,17.4,,10.6,54.9,0,,6.1,44.1,0,61.6,12.3,0,37.3,0
6/24/2021,9.3,,28.4,20.1,42,0,0,3.1,0,,2.2,108.8,42.2,,16.7,9.9,3,0,0,0,1.1,0
6/25/2021,39.4,,0,0,0,2,0,0,0,,1,6.6,0,,3.5,3.4,0,0,2.9,0,0.8,0
6/26/2021,13.8,,31.3,20,23.6,11.5,4.1,20.4,39.1,,43.3,0.7,0,1.746774194,4.2,11.5,29.5,43.8,3,6.2,3.6,0
6/27/2021,0,,0,0,0,0,0,0,0,,0,0,0,1.777419355,2.4,0,0,0,0,0,0.5,0
6/28/2021,20,,0,0,0,4,0,10.7,0,,16.1,10.7,0,1.808064516,0.6,0,0,0,0,0,5.2,0
6/29/2021,0,,0,0,0,26.3,2.5,0,0,,0,0,0.5,1.838709677,0.8,0,29,0.2,0,52.1,0,0
6/30/2021,1.2,,5.8,15.1,4.9,0.8,38.5,0,8.5,,18.4,8.5,0,1.869354839,7.5,5.2,32.3,7.1,0,0,5.2,5.3
7/1/2021,34.5,,0,0,0,14.8,24.8,6.3,0,,0,42.7,25,1.9,0,25.5,1.4,0,6.8,43.8,34.1,11.2
7/2/2021,22.4,,0,5.1,4,60.6,0,0.6,0,,4.1,8.2,0,0,23.7,13.4,8.4,0,0,0,8.5,0
7/3/2021,4,,37.4,0,18.9,26.8,0,28.7,10.1,,8.6,3.3,0,8.5,0,6.6,17.7,10.2,16.5,28.4,25.1,0
7/4/2021,0,,0,0,0,0,0,0,0,,0,0,36.4,0,1.2,3.4,0,0,2.5,0,26.1,6
7/5/2021,0,,0,0,0,93.4,0,0,0,,0,2.6,0,0,0,0,0.2,0,0,3.8,0,0
7/6/2021,2.1,,0,10.1,0,0,2.4,0,0,,0,0,11.1,0,4.7,0,0,0,0,0,1.3,0
7/7/2021,1.5,,0,5.2,0,0,0,6.2,3.2,,0.2,2.7,0,0,0,0,6.6,0,0,0,0,6.3
7/8/2021,0,,0.3,0,0,2.9,0,0,0.4,,0.8,5.5,15.2,6.5,6.6,0,0.1,0,0,0.7,0,0
7/9/2021,0,,1.5,0,0.4,0,0,6.8,0.9,,4.5,1.1,0,0,3.3,0.1,0,0,0,0,2.2,0
7/10/2021,0,,0,0,0,0,0,0,0,,0,40.9,0,0,0,30.6,0,0,23.3,0,0,31.2
7/11/2021,0,,0,0,0,0,0,0,0,,0,0,1.6,0,0,0,0,0,0,3,0,3.9
7/12/2021,0,,0,0,0,0,0,0,0,,0,0,20,0,0,0,0,0,9.5,0,0,83
7/13/2021,1,,0,0,0,0,0.9,1.7,0,,0,0,1.4,0,0,0,0,0,12.9,8.6,0,1.2
7/14/2021,39,,0,0,0,14,14.5,0,0,,0,0,0,0,0,1.4,9.7,0,0,0,0,0
7/15/2021,35.6,,0,0,7.2,68,7.3,0,0,,1.6,17.2,11.5,0.9,29.4,1.3,35.4,0.2,3.5,34.3,0.3,45.8
7/16/2021,56.4,,12.4,0,111.9,86.5,42.3,5.8,0.2,,40,11.4,9,9.6,46.8,13.1,15.2,0,10.8,17.4,91.5,18.8
7/17/2021,0,,0,0,0,0,0,0,0,,0,1.1,0,0,1.8,3.5,0,0,0.8,0.5,2.2,0
7/18/2021,0,,0,5.1,0,0,0,0,0.2,,0,0.1,0,0,0.8,0,0,0,0,0,0,0
7/19/2021,0,,0,0,0,0,0,0.9,0,,0,0,0,0,2.1,0,0.3,0,0,0,0,0
7/20/2021,0,,0,0,0,0,0,0,0,,0,2.6,0,0,0,0,0,0,0,0,0,5.8
7/21/2021,0,,0,0,0,0,0,0,0,,0,0,0,0,1.8,0,0,0,0,0,0,0.8
7/22/2021,0,,0,5.1,0,0,0,0,0,,0,6.3,0,0,0,0,0,0,0,3.4,0,4.2
7/23/2021,0,,0,0,0,0,0,0,0,,0,0,0,0,0,0,0,0,0,0,0,0
7/24/2021,0,,0,0,0,0,0,0,0,,0,0,3.9,0,0,0,0,0,0,0,0,0
7/25/2021,0,,0,0,0,0,17.2,0,0,,0,0,0,0,0,0,0,0,0,0,0,0
7/26/2021,0,,0,10.2,0,0,0,0,0,,0,0,0,0,0,0,0,0,2.8,0,0,4.5
7/27/2021,0,,0,0,0,0,3.2,0,0,,0.2,0,39.3,0,0.5,0.6,0,0,1.1,40,0,2.5
7/28/2021,0,,0,0,0,0,0,0,0,,0,0,7.2,0,1,2.7,0,0,2.1,26.9,1.9,1.5
7/29/2021,0,,0,0,0.8,0,15,0,0,,0,0,3.1,0.4,0,0,0,0,0,0.4,0,0
7/30/2021,0,,0,0,0,8.1,25.3,0,0,,20.3,0,42.8,0,2.2,0,0,0,20.5,27.9,0,61.2
7/31/2021,0.2,,0,0,0,0,2.8,0,0,,0,0,1.5,0,0,5.3,0,0,6.9,1,18.1,3.7
8/1/2021,0,,0,0,0,0,0.6,0,0,,0,0,6.1,0.001007557,0,4.5,0,0,6.1,0,2.7,0
8/2/2021,0,,0,0,0,0,0,0,0,,0,0,0,0.002015113,0,0,0,0,0,0,0,0
8/3/2021,1,,1.1,0,0,0,28.7,12.5,0,,5.7,3.4,22.6,0.00302267,3.6,0,0,0,1.5,32.9,4.2,0
8/4/2021,54.1,,0,5.1,0,0,10.3,0,0,,25.7,6.5,0,0.004030227,8.2,2,6.8,0.7,0,2.1,0,23.5
8/5/2021,0,,0,0,0,1.5,0,0,0,,0,0,27.8,0.005037783,1.4,3.1,0,0,0.2,3.8,0,1.6
8/6/2021,0,,0,0,0,0,0,0,0,,0,0,1.5,,0,0,0,0,7.8,48,0,11.4
8/7/2021,0,,0,0,0,0,0,0,0,,0,0,47,,0,0,0,0,4.2,5.7,0,0
8/8/2021,0,,0,0,0,6.6,31,0,1,,1.7,0,0,,0,10.7,4.3,0,44.5,0,0,9.4
8/9/2021,0,,0,0,0,0,0,0,0,,0,2.8,0,,0,3.5,0.1,0,0,0,0,0
8/10/2021,0,,0,0,9.5,0,2.7,0,0,,0,0,5.1,,0,0.5,0,0,0,9.1,0,0
8/11/2021,0.2,,3,2.1,4.5,0,1.6,0,2.8,,4.2,0,0.5,,40.4,7.1,0,1.9,0.5,15,1.2,0
8/12/2021,0.7,,6.3,0,18.6,0,6.9,12,6,,11.3,0,4.3,,7.9,11.7,0,3,32.9,19.8,37.3,8.8
8/13/2021,0,,0,0,0,0,13.6,0,0,,2.1,7.2,5.8,,0,0,0,0,7,13.6,0,5.6
8/14/2021,0,,0,0,0,0,0,1.2,0,,0,0,7.7,,0,0,0,0,0,9.4,0,0
8/15/2021,0,,0,0,0,0,0,0,0,,0,0,0,,0,0,0,0,0,0,0,0
8/16/2021,0,,0,0,0,0.6,0,0,0,,0,0,0.9,,0,0,0,0,0,0,0,0
8/17/2021,0,,0,0,0,0,0,0,0,,0,0,3.5,,0,0,0,0,59.4,16.1,0,0
8/18/2021,0,,0,0,0,0,0,0,0,,0,0,20.8,,0,0,0,0,6.8,9.2,0,8.4
8/19/2021,22.8,,3.5,65.1,1.8,0,0,4.2,12.2,,10.1,4.8,0,,0,52.6,0,12,0,0,8.9,0
8/20/2021,57.2,,0.6,0,0.9,19.4,3,38.7,0,,3.8,28.2,17.3,,0,62.4,0,0,0,4.3,45.5,1
8/21/2021,23.7,,3.2,0,0,9.8,9.7,3.5,0,,7,2.6,3,,3.6,3.3,8.9,0,12.7,23.3,16,0
8/22/2021,0.9,,0,5.1,0,16.2,0,9.7,0,,2.2,1.8,0.6,,10.8,2.4,0.4,0,0,0.3,0,7.4
8/23/2021,2.6,,3.2,0,9.5,0.6,9,2.6,0.3,,5.5,2.9,0,,0,8.1,0.7,0,0.5,25.5,17.3,2
8/24/2021,0.4,,1.6,2.1,17.1,13.6,26.2,0,0.8,,21,16.3,18.5,,29.9,31,26.4,2.3,5.8,41.4,48,15
8/25/2021,0,,1.5,0,0,0,0,0,0,,0,0,1.9,,19,0.3,0.3,0,3.3,0,12.5,0
8/26/2021,0,,0,0,0,0,0,0,0,,0,0,2.4,,0,1.4,0,0,0,5,0,16.4
8/27/2021,4.5,,1.7,0,2.6,0,14.5,8.1,0,,5.2,4,79.5,,4.6,0,0,0,36.2,7.7,4.2,17.6
8/28/2021,6.9,,2.1,5.1,1.1,9,1,3.6,0.8,,13.9,4.9,0.5,,89,7.9,25.7,2,2.7,16.3,13.9,0
8/29/2021,0.9,,3.5,0,8.6,12.4,0,14.5,0.3,,0.7,0,1.2,,27.6,0,54.3,13.8,33.5,0,0,3.4
8/30/2021,1,,0,2.1,0.1,3.2,3.5,12.9,0,,4.8,30.6,23.2,,21.3,10.7,2.8,0.6,29.9,19.5,5.4,9.7
8/31/2021,48.1,,0,2.1,1.1,1,2,28.2,0.2,,12.6,3.4,0,,11.9,0,0,0,0,3.5,5.8,0
9/1/2021,68.1,,12.2,2.1,45.5,1.1,24.2,12,26,,39.6,35.3,71.4,,0,29.9,0.7,32.5,43,26,53.8,46.8
9/2/2021,34.2,,1.5,0.7,0,0,0,1.4,6.7,,1.9,12.5,14,,32.5,7.6,15.8,0.8,0,6.1,2.7,0
9/3/2021,0.4,,0,0,0,1.4,0,1.5,0.5,,1.8,1.8,0,,9.3,4.3,0.7,0.3,0,0,1.3,0
9/4/2021,18.4,,14.2,35.2,7.2,7.9,0,0,0.3,,2.1,36.5,0,,2.1,0,1.4,2.8,12.1,0,0,13.5
9/5/2021,6.4,,5,2.1,18.4,0.2,24.2,8.7,39.6,,2.9,4.8,15.6,,0,1.4,3.3,2.1,0,34.9,7.1,2
9/6/2021,1.8,,0,0,0,0.9,0,0,0,,9.4,0,0,,0,0,4.9,0,0,0,0,17.4
9/7/2021,0,,0,0,0,0,0,0,0,,0.4,0,0,,0,0,0,0,5.1,0,0,0
9/8/2021,0.7,,0.6,0,6.6,0,3.8,2,0,,0.8,70.3,11.2,,0,0,0,0,1.2,13.4,19.5,0
9/9/2021,0,,0.6,0,0,4,20.1,0,0,,0.7,0,4.2,,4.9,0,5.6,1,0,32.2,0,64.1
9/10/2021,0.6,,15.2,30.2,0,0,0.2,2.8,0,,0.8,4.1,3.2,,1.9,0,0,0,2,1.5,1.6,17.7
9/11/2021,0,,0,0,0,3.2,28.7,0,0,,0,44.5,36.4,,6.1,2.1,0,0,24.2,24.5,0,17.7
9/12/2021,0.3,,0,40,0,1.1,0,0,0.5,,0,23.1,27.4,,0,0,4,6.8,0,12.7,4.8,0
9/13/2021,28.9,,19.2,40.1,6.4,1.2,0,0,0,,57.2,23.8,3.5,,14.1,4,0,0.3,1.6,0,9.7,24.7
9/14/2021,0,,56.8,0,3.4,52.3,1.8,14.1,0.5,,43.3,13.5,0,,45,9.2,14.8,0,0,27.5,4.2,0
9/15/2021,27.8,,0,55.2,3.3,10.5,3.1,1,2.1,,5.6,5.1,10.2,,31.8,11.5,11.4,1.2,0,2.1,0,0
9/16/2021,0,,0,2.1,0,0.5,0,0,0,,5.6,0,6.3,,0,0.5,3.9,0,3.1,0,0,5.6
9/17/2021,0,,17.4,25.2,11.5,15.9,23.3,5.2,1.3,,1,5.4,0,,1.8,9.2,6.3,1.5,0,0.6,5.5,6.3
9/18/2021,8.8,,7,45.1,0,0.8,0,17.4,0,,1.8,0,0,,2.9,6.6,3.6,0,0,0,0,0
9/19/2021,0,,0,0,0,0,0,0,0,,0,0,0,,0,0.5,0,0,0,1,28.4,0
9/20/2021,0,,9.7,0,8.3,0,0,3.8,0,,2.2,0,35.2,,0,28.9,0,0,0,8.3,16.7,0
9/21/2021,17.1,,0,45.2,0,2.2,16,5.9,0,,9,5.2,0,,0,36.2,0,0,0,0.4,2.4,3.6
9/22/2021,0.4,,0,0,0.2,0.3,0,55,0,,0,0.7,4.6,,39.5,1,1.5,0.1,0,0,0,2.9
9/23/2021,0,,0,55.1,0,0,0,0,0,,0,0,0,,0,34.7,0.7,0,0,0,27.1,0
9/24/2021,2.7,,17.8,35.2,27.4,0,34.2,12.6,2.6,,59.1,8,23.8,,0.8,2.3,0,4.4,2.6,11.5,47,2.2
9/25/2021,6.3,,34.1,65.1,2.4,14,0,56.8,5.2,,6.7,13.4,0,,37.6,31.8,9.5,11.6,0,0,40.5,0
9/26/2021,23.4,,0,0,0,0,0,4.4,0,,0.2,34.3,32.4,,0,29.6,0,0,1.1,7.2,5.3,2.6
9/27/2021,1,,11.8,35.1,10.6,14.2,26.4,0.2,0,,8.4,33.5,0,,43.3,0,0,1.4,0,0,0.7,1
9/28/2021,0,,19.6,45.2,0,0,0,2.8,0,,8.1,9.4,0,,18.8,0,0,0.5,0,0,0,0
9/29/2021,9.1,,0,50.1,0,0.2,44.3,0,0,,0,5.7,20.6,,2.2,8.3,0.2,0,17.7,7.5,3.1,2.6
9/30/2021,1.4,,0,0,0,0,0,0,0,,4.6,7.4,2.5,,15.9,1.2,1.9,0,1.5,0,2.7,0
10/1/2021,3.5,,0,10.1,31.1,0,17.2,0,0,,29.6,37.8,5,,0.2,2.7,1.9,0,0.6,15.2,7.1,0
10/2/2021,0.6,,0,0,0,13.6,0,2.9,0,,0,2.9,0,,40.2,0,0,0,0,0,2.4,0
10/3/2021,0,,0,45.1,0,0.9,0,0,0,,0.3,15.4,0,,11,0,0.6,0,0,0,0,0
10/4/2021,0,,0,25.1,0,2.7,0,0,0,,0,0,0,,7,0,0,0,0,12.7,0,0
10/5/2021,14,,0,0,0,2.4,0,14.1,0,,1.2,17.3,11.8,,28,18.3,0,0,4.6,10.7,19.7,1.8
10/6/2021,22.1,,20.9,0,28.3,19.7,0,28.4,0,,46.8,2.6,0,,21.5,5.5,2.4,33.8,0,0,3.4,0
10/7/2021,0,,0,10.1,0,11.3,0,0,0,,0,0,0,,0,0,0,0,3.1,1.3,0,0
10/8/2021,0,,0,5.1,0,0,0,0,0,,0,0,0,,3,3.5,0,0,0,0,0,0
10/9/2021,0.7,,0,0,0,54.5,2.2,0,0,,0,0,0,,0,0,0.2,0,11.7,0,38.1,0
10/10/2021,2.9,,3.9,15.1,0,57.5,5.5,0,0,,0,22.2,0,,25.7,13.5,6.8,0.5,2.3,3.2,24.7,5.2
10/11/2021,0,,23.6,0,13.4,0.7,0,12,0,,13.4,0.9,0,,0,0,38.1,14.8,0,0,0,0
10/12/2021,0,,0,40.2,0,32.3,0,0,0,,0.3,0,0,,5.6,0,4.1,0,0,0,0,0
10/13/2021,1.9,,0,0,0,1.4,0,0,0,,0,0,0,,0,0,0,0,0,0,0,0
10/14/2021,0,,0,0,0,0,0,0,0,,0,0,0,,0,0,0,0,0,0,0,0
10/15/2021,0,,0,25.1,0,0,0,5,0,,0,0,0,,0,0,0,0,0,0,0,0
10/16/2021,0,,0,0,0,0,0,16.3,0,,0,63.2,0,,18.4,0,0,0,0,0,0,0
10/17/2021,5.2,,0,50.2,0,1.4,0,36.8,0,,3.7,8.9,0,,26,0,14.1,0,10.6,0,0,9.6
10/18/2021,23.8,,29.5,0,36.4,0.6,0,9.8,11.2,,35.5,37,4.4,,1.4,1.8,2.7,6.8,0,45.3,0,30
10/19/2021,0.7,,0,0,0,0.1,0,8.4,0,,2.7,80.5,0,,0,0,1.6,0,0,0,0,0
10/20/2021,0.3,,0,10.1,0.9,1.8,1.5,1.5,0,,19.4,0,0,,0,0,1.3,3.5,0,0,0,0
10/21/2021,0.6,,33,0,37.9,34.4,0,6.9,0,,0.8,2.6,0,,1.2,8,13.1,6.7,0,21.6,2.3,0
10/22/2021,1.8,,57.6,5.2,29.6,10.5,5.4,23.6,0,,40,5.5,2.2,,27.3,0,33.3,28.3,17,1.1,0,6.1
10/23/2021,0,,7.4,45.2,0,14.5,15.5,13.1,0,,0.7,0,0,,0.9,0,2.5,0,3.5,0,0,7.1
10/24/2021,3.8,,0,0,0,0,0,0,0,,0,14.8,0,,0,0,11.6,0,3.4,0,0.3,0
10/25/2021,6.2,,0,30.2,0,48.4,0,0,0,,11.3,18,0,,4,0,30.6,4.4,0,0,0,0
10/26/2021,0,,0,35.1,6.7,19.7,0,0,0,,1.7,8.9,0,,15.4,2.6,34.6,14.3,0,0,0,0
10/27/2021,0,,0,0,0,0,0,0,0,,0,0,0,,0.4,0,9.1,0.1,0,0,0,0
10/28/2021,25.4,,0,15.1,0,0,4.1,0,0,,5.4,25.4,0,,2.6,0,0,0,0,0,26.5,19.5
10/29/2021,0,,0,0,0,3.3,0,0,0,,0,0,0,,10.2,2.8,0,0,0,0,0,0
10/30/2021,1.2,,0,0,0,32.9,0,0,0,,0,0,0,,0,0,0,0,0,0,2.7,0
10/31/2021,0.3,,0,10.1,14.5,26.8,0,0,0,,0,1.7,0,,17.9,8.3,0.1,0,0,0,0,0
11/1/2021,0,,4.4,0,0,17.9,0,0,0,,0,0,0,,0,0,0,0,0,0,0,0
11/2/2021,4.6,,0,0,0,0,0,0,0,,0,0,0,,0,0,0,0,0,0,0,0
11/3/2021,0,,0,0,0,0,0,0,0,,0,0,0,,0,0,0,0,0,0,0,0
11/4/2021,1.4,,0,0,0,0,0,23.6,0,,0,0,0,,0,0,0,0,0,0,0,0
11/5/2021,0,,21.4,40.1,108,17.5,24.4,25.4,0,,13.7,10.5,0,,27.4,5.8,18.4,2.4,0,0,39.6,0
11/6/2021,0,,0,0,0,0,0,0,0,,0,0,0,,0,0,0,0,0,0,0,0
11/7/2021,0,,3.6,25.1,5.9,0.1,0,13.8,0,,15.7,0,0,,1.9,0,0,36.4,0,0,0,0
11/8/2021,0,,0,0,0,0,0,4.6,0,,0,0,0,,0,0,0,0,0,0,0,0
11/9/2021,0.8,,0,0,0,1.1,24.6,10.4,0,,6,9.2,0,,16.9,27.2,0.7,0,0,2,9.4,0
11/10/2021,1.8,,0,30.2,0,0,0,0,0,,4.4,0,0,,11.6,16.1,1.2,0,0,0,0,28.7
11/11/2021,6.4,,26.5,0,33.5,3.4,13.3,57,6.2,,18,20.8,0,,8.5,5.3,4.2,34.1,2.7,3,11.4,0
11/12/2021,0,,0,0,0,0.5,0,0,0,,0,0,0,,0,0,0,0,0,0,0,0
11/13/2021,0,,15.4,15.2,4,0,0,0,0,,0,7.4,0,,0,0,0,0,0,0,18,0
11/14/2021,0,,0,5.1,0,0,0,0,0,,0,0,0,,0,0,0,0,0,0,37.2,0
11/15/2021,0.3,,6.5,2.1,10.3,2.2,0,0,4.7,,0,0,0,,0,0,0.5,16.7,0,0,0.3,0
11/16/2021,1.6,,1.1,0,0,0,0,0.8,0,,6,0,0,,41.6,0,0,0,0,0,12.2,0
11/17/2021,26.4,,2.2,0,1.4,0,0,14.4,0,,16.1,24.4,0,,30.3,0,8.8,0,0,0,0,0
11/18/2021,0,,0,20.1,0,1.7,0,3.8,0,,0.8,0,0,,16.6,33.2,0,0,0,0,0.3,0
11/19/2021,0,,0,15.1,0,0,0,0,0,,0.7,0,0,,0,0,0,0,0,0,0,0
11/20/2021,0,,0,0,0,0,0,0,0,,0,0,0,,0,0,0,0,0,0,0,0
11/21/2021,0,,0,10,0,0,0,0,0,,0,0,0,,0,4.9,0,0,0,0,7.3,0
11/22/2021,0,,5.7,0,0,0,0,0,6.2,,0,0,0,,0,2.1,11.1,0,0,0,0,0
11/23/2021,0,,0,15.2,0,0,0,0,4,,1,0,0,,0,0,0,0,0,0,0,0
11/24/2021,0,,0,0,0,0,0,0,0,,0,0,0,,0,13.5,0,0,0,0,0,0
11/25/2021,0,,0,10.2,0,0.7,0,0,0,,0,0,0,,0,0,12.1,0,0,0,0,0
11/26/2021,0,,14,5.1,0.6,0,0,0,1.6,,0.3,0,0,,0,7.4,0.7,11.1,0,0,0,0
11/27/2021,0,,0.6,0,15.5,2.3,0,0,0,,3.6,0,0,,1.3,0,0,0,0,0,0,0
11/28/2021,0,,0,0,0,59.3,0,2.9,0,,0,0,0,,0,0,0,0,0,0,0,0
11/29/2021,0,,0.8,5.2,16,0,0,0,0,,0,0,0,,0,0,0.5,0,0,0,14.1,0
11/30/2021,0,,0,0,0,28.4,0,0,0,,0,0,0,,0,0,0,0,0,0,0,0
12/1/2021,0,,0,0,0,0,0,27,0,,0,0,0,,0,0,0,0,0,0,0,0
12/2/2021,0,,2.2,0,0,0,0,0,0,,0,0,0,,0,0,0,0,0,0,0,0
12/3/2021,0,,0,0,0,0,0,0,0,,0,0,0,,0,0,0,0,0,0,0,0
12/4/2021,0,,0,0,0,0,0,0,0,,0,0,0,,0,0,0,0,0,0,0,0
12/5/2021,0,,0,15.2,0,27.1,0,0,0,,0,0,0,,0,0,14.7,0,0,0,0,0
12/6/2021,0,,0,0,0,0,0,0,0,,0,0,0,,0,0,0,0,0,0,0,0
12/7/2021,0,,0,25.2,0,0,0,0,0,,0,0,0,,0,0,0,0,0,0,0,0
12/8/2021,0,,0,0,0,6.7,0,0,0,,0,0,0,,0,0,0,0,0,0,0,0
12/9/2021,0,,0,0,0,0,0,0,0,,0,0,0,,0,0,0,0,0,0,0,0
12/10/2021,0,,0,0,0,17.4,0,0,0,,0,0,0,,0,0,0,0,0,0,0,0
12/11/2021,0,,0,0,0,0,0,0,0,,0,0,0,,0,0,0,0,0,0,0,0
12/12/2021,0,,0,0,0,0,0,0,0,,0,0,0,,0,0,0,0,0,0,0,0
12/13/2021,0,,36,0,0,0,0,0,0,,0,0,0,,0,0,0,0,0,0,0,0
12/14/2021,0,,0,0,0,2.6,0,0,0,,0,0,0,,0,0,0,0,0,0,0,0
12/15/2021,0,,0,5.1,0,0,1.9,2.8,0,,0,0,0,,0,0,0,0,0,0,0,0
12/16/2021,0,,0,0,0,14.1,0,0,0,,0,0,0,,0,0,5.9,0,0,0,0,0
12/17/2021,0,,17.6,0,0,15.2,0,0,0,,0,0,0,,0,0,0,0,0,0,0,0
12/18/2021,0,,0,0,0,0,0,0,0,,0,0,0,,0,0,0,0,0,0,0,0
12/19/2021,0,,0,0,0,0,0,0,0,,0,0,0,,0,0,0,0,0,0,0,0
12/20/2021,0,,0,0,0,0,0,0,0,,0,0,0,,0,0,0,0,0,0,0,0
12/21/2021,0,,0,0,0,0,0,0,0,,0,0,0,,0,0,0,0,0,0,0,0
12/22/2021,0,,0,0,0,0,0,0,0,,0,0,0,,0,0,0,0,0,0,0,0
12/23/2021,0,,0,0,0,0,0,0,0,,0,0,0,,0,0,0,0,0,0,0,0
12/24/2021,0,,0,0,0,0,0,0,0,,0,0,0,,0,0,0,0,0,0,0,0
12/25/2021,0,,0,0,0,5.2,0,0,0,,0,0,0,,0,0,1.5,0,0,0,0,0
12/26/2021,0,,0,15.1,0,0,0,0,0,,0,0,0,,0,0,0,0,0,0,0,0
12/27/2021,0,,0,0,0,5.5,0,0,21.5,0,0,0,0,,0,0,0,0,0,0,0,0
12/28/2021,0,,0,0,0,1.1,0,0,0,0,0,0,0,,0,0,0.8,0,0,0,0,0
12/29/2021,0,,0,0,0,1,0,0,0,0,0,0,0,,0,0,1.6,0,0,0,0,0
12/30/2021,0,,0,0,0,0,0,2.2,0,0,0,0,0,,0,0,0,0,0,0,0,0
12/31/2021,0,,5.3,10,0,0,0,1.4,0,0,0,0,0,,0,0,0,0,0,11,0,0
1/1/2022,0,,0,0,0,0,0,0,0,0,0.2,0,0,,0,0,2.5,0,0,0,0,0
1/2/2022,0,,0,0,0,0.5,0,0,0,0,0,0,0,,0,0,0,0,0,0,0,0
1/3/2022,0,,0.6,0,0,0,0,0,0,0,0,0,0,,2.5,0,0,0,0,0,0,0
1/4/2022,0,,0,0,0.6,29.6,0,0,0,0,0,0,0,,0,0,0,0,0,0,0,0
1/5/2022,0,,0,0,0,38.5,0,0,0,0,0,0,0,,0,0,0,0,0,0,0,0
1/6/2022,0,,0,0,0,17.5,0,0,0,0,0,0,0,,0,0,0,0,0,0,0,0
1/7/2022,0,,0,0,0,0,0,0,0,0,0,0,0,,0,0,0,0,0,0,0,0
1/8/2022,0,,0,0,0,0,0,0,0,0,0,0,0,,0,0,0,0,0,0,0,0
1/9/2022,0,,0,0,0,0,0,0,0,0,0,0,0,,0,0,0,0,0,0,0,0
1/10/2022,0,,0,0,0,0,0,0,0,0,0,0,0,,0,0,0,0,0,0,0,0
1/11/2022,0,,0,0,0,0,0,0,0,0,0,0,0,,0,0,0,0,0,0,0,0
1/12/2022,0,,0,0,0,0,0,0,0,0,0,0,0,,0,0,0,0,0,0,0,0
1/13/2022,0,,0,0,0,3.5,0,0,0,0,0,0,0,,0,0,0,0,0,0,0,0
1/14/2022,0,,0,0,0,0,0,0,0,0,0,0,0,,0,0,0,0,0,0,0,0
1/15/2022,0,,0,0,0,0,0,0,0,0,0,0,0,,0,0,0,0,0,0,0,0
1/16/2022,0,,0,0,0,0,0,0,0,0,0,0,0,,0,0,0,0,0,0,0,0
1/17/2022,0,,0,0,0,0,0,0,0,0,0,0,0,,0,0,0,0,0,0,0,0
1/18/2022,0,,0,0,0,0,0,0,0,0,0,0,0,,0,0,0,0,0,0,0,0
1/19/2022,0,,0,0,0,0,0,0,0,0,0,0,0,,0,0,0,0,0,0,0,0
1/20/2022,0,,0,0,0,0,0,0,0,0,0,0,0,,0,0,0,0,0,0,0,0
1/21/2022,0,,0,0,0,0,0,0,0,0,0,0,0,,0,0,0,0,0,0,0,0
1/22/2022,0,,0,0,0,0,0,0,0,0,0,0,0,,0,0,0,0,0,0,0,0
1/23/2022,0,,0,0,0,0,0,0,0,0,0,0,0,,0,0,0,0,0,0,0,0
1/24/2022,0,,0,0,0,0,0,0,0,0,0,0,0,,0,0,0,0,0,0,0,0
1/25/2022,0,,0,0,0,0,0,0,0,0,0,0,0,,0,0,0,0,0,0,0,0
1/26/2022,0,,0,0,0,0,0,0,0,0,0,0,0,,0,0,0,0,0,0,0,0
1/27/2022,0,,0,0,0,0,0,0,0,0,0,0,0,,0,0,0,0,0,0,0,0
1/28/2022,0,,0,0,0,0,0,0,0,0,0,0,0,,0,0,0,0,0,0,0,0
1/29/2022,0,,0,0,0,0,0,0,0,0,0,0,0,,0,0,0,0,0,0,0,0
1/30/2022,0,,0,0,0,0,0,0,0,0,0,0,0,,0,0,0,0,0,0,0,0
1/31/2022,0,,0,0,0,0,0,0,0,0,0,0,0,,0,0,0,0,0,0,0,0
2/1/2022,0,,0,0,0,0,0,0,0,0,0,0,0,,0,0,0,0,0,0,0,0
2/2/2022,0,,0,0,0,0,0,0,0,0,0,0,0,,0,0,0,0,0,0,0,0
2/3/2022,0,,0,0,0,0,0,0,0,0,0,0,0,,0,0,0,0,0,0,0,0
2/4/2022,0,,0,0.7,0,0.8,0,0,0,0,0.1,0,0,,0,0,0,0,0,0,0,0
2/5/2022,0,,0,0,0,0,0,0,0,0,0,0,0,,8.2,0,0,0,0,0,0,0
2/6/2022,0,,0,0.5,0,0,0,0,0,0,0,0,0,,0,0,0,0,0,0,0,0
2/7/2022,0,,0,0,0,0,0,0,0,0,0,0,0,,2.1,0,0,0,0,0,0,0
2/8/2022,0,,0,0,0,0,0,0,0,0,0,0,0,,0,0,0,0,0,0,0,0
2/9/2022,0,,0,0,0,0,0,0,0,0,0,0,0,,0,0,0,0,0,0,0,0
2/10/2022,0,,0,0,0,0,0,0,0,0,0,0,0,,0,0,0,0,0,0,0,0
2/11/2022,0,,0,0,0,0,0,0,0,0,0,0,0,,0,0,0,0,0,0,0,0
2/12/2022,1.8,,0,0,12,2.7,0,13,0,0,11.6,0,0,,0,0,0,0,0,0,0,0
2/13/2022,9.6,,0,0,0,0,0,25,0,0,0,0.5,0,,0,0,0,0,0,0,0,0
2/14/2022,0,,0,0.3,0,10.3,0,2,0,0,1.8,0,0,,3.9,0,0,0,0,0,0,0
2/15/2022,0,,0,0,0,2.2,0,0,0,0,0,0,0,,0,0,4.9,0,0,0,0,0
2/16/2022,0,,0,3.7,0,0,0,0,0,0,0,0,0,,0,0,0,0,0,0,0,0
2/17/2022,6.9,,0,2.4,0,3.4,0,3.7,0,0,7.5,2.6,0,,34.9,0,0,0,0,0,0,0
2/18/2022,0,,0,0,0,0,0,0,0,0,0,0,0,,0,0,0,0,0,0,0,0
2/19/2022,0,,0,0,1.6,0,0,0,0,0,0,2.9,0,,0,0,0,0,0,0,0,0
2/20/2022,0,,0,0,0,0.3,0,0,0,0,1.9,0,0,,0,0,0,0,0,0,0,0
2/21/2022,0,,0,0,0,0,0,0,0,0,14.5,0,0,,0,0,0,0,0,0,0,0
2/22/2022,0,,0,0,0,0.4,0,0,0,0,0,0,0,,0,0,0,0,0,0,0,0
2/23/2022,0,,0,0,0,0,0,0,0,0,0,12,0,,0,0,0,0,0,0,0,0
2/24/2022,0,,0,0,0,0,0,0,0,0,19.3,2.1,0,,0,0,0,0,0,0,0,0
2/25/2022,0,,0,5.1,0,0,0,0,0,0,0,2.6,0,,0,0,0,0,0,0,0,0
2/26/2022,0,,0,0,0,0,0,0,0,0,0,1.9,0,,0,0,0,0,0,0,0,0
2/27/2022,0,,0,0,3.2,0,0,0,0,0,46.2,2.3,0,,6.6,28.4,0,0,0,0,9.2,0
2/28/2022,0,,0,0,3.7,0,0,21.5,0,0,0,0,0,,0,7.2,0,4.6,0,0,4.4,0
3/1/2022,5.4,,0,16.7,0,0,3.5,0,0,0,0,28,0,,18.6,0,0,0,0,10,10,0
3/2/2022,3.6,,0,0,0,0,0,19.6,0,11.2,0,0,0,,0,0,0,0,0,0,0,0
3/3/2022,0,,0,0,0,0,0,0,0,0,7.6,0,0,,0,0,0,0,0,0,0,0
3/4/2022,33.7,,0,36.5,26.7,0,0,4.5,0,0,1.4,9.8,0,,2.7,0,0,0,0,0,0,0
3/5/2022,0,,0,0,0,0,0,0,0,0,0,0,0,,3.1,0,0,0,0,0,0,0
3/6/2022,0,,0,0,0,0,0,0,0,0,0,0.2,0,,0,0,0,0,0,0,0,
3/7/2022,5.9,,0,9.2,0,0,0,2.6,0,0,21.7,1.7,0,,30.4,0,0,0,0,0,13,
3/8/2022,0,,0,0,0,0,0,2.5,0,0,21,0,0,,0,0,0,0,0,0,0,
3/9/2022,0,,4.8,0,35,0,0,0,0,0,0,0,0,,3.3,0,0.5,0,0,0,0,
3/10/2022,0,,0,0,16.4,0.2,0,0,0,0,0,0,0,,0,0,8.7,0,0,0,0,
3/11/2022,0,,0.6,0,0,0,0,0,0,0,0,5.1,0,,0.7,0,0,0,0,0,0,
3/12/2022,0,,0,0,0,0,0,0,0,0,0,0,0,,0,0,0,0,0,0,0,
3/13/2022,37.6,,0,0,0,0,0,0,0,0,0,17,0,,2,0,0,0,4.5,0,0.5,
3/14/2022,0,,0,23.3,0,0,0,3.6,0.6,0,0,0,0,,15.7,0,0,0.2,0,0,0,
3/15/2022,1.4,,0,0.1,3.7,0,0,17,0.7,0,0.6,0,0,,2,0,0,0,0,0,0,
3/16/2022,0,,0,0.4,0,0,0,0,0,0,0,0,0,,0,0,0,0,0,0,0,
3/17/2022,37,,0,0,0,0,0,0,0,15,0,0,0,,3,0,0,0,25.8,2,3.3,
3/18/2022,0,,0,0,0,0,0,0,0,0,0,0,0,,0,0,0,0,0,0,0,
3/19/2022,0,,0,0,0,0,11,0,0,0,0,12,0,,4.3,0,0,0,0,3.3,49.9,
3/20/2022,0,,0,6.2,5,0,0,0,0,0,0.7,0,0,,5.9,0,0,0,0,0,0,
3/21/2022,0,,0,0,0,0,4.4,0,0,0,0,12.8,0,,0,0,0,0,0,6.8,0,
3/22/2022,0,,0,0,0,5.7,0,0,0.2,0,0,0,0,,0,0,0,0.4,0,0,0,
3/23/2022,0,,0,0,0,0,0,0,0,0,0,0,0,,0,0,0,0,0,0,0,
3/24/2022,0,,0,5.2,0,0,0,0,0,0,0,0,0,,0,0,0,0,0,0,0,
3/25/2022,0,,0,0,0,0,13.2,0,0,0,0,3.7,21.7,,16.5,0,0,0,2,0,0,
3/26/2022,19.8,,0,20.4,39.1,9.3,0,29.5,0,0.5,44.1,15.9,0,,16.2,0,0.4,0,0,0,10.6,
3/27/2022,0,,0,22.8,0,0,0,0,0,0,10.1,0,0,,7.6,0,0,0,0,0,0,0
3/28/2022,0,,11.6,0,0.4,0,0,0,0,0,0,0,0,,0,0,0,0,0,0,0,0
3/29/2022,0,,0,0,10.5,0,0,0,0,0,1,0,0,,0.7,0,1.1,0,0,0,0,0
3/30/2022,0,,2.6,7.2,0,8.7,0,0,0,0,7.2,23,0,,2,0,0,0,0,0,0,0
3/31/2022,0,,0,2,3.3,0.4,1.2,7.3,0,0,0,0,0,,11.9,0,0,0,0,0,0.5,0
4/1/2022,0.2,,0.7,2.2,0,34.3,0,0,8.2,0.7,0.3,0,0,,14.7,0,62.5,2.8,0,0,0,0
4/2/2022,0,,0,0,0,4.4,66,0,0,15.4,0,0,0,,0,0,0,0,9.8,45,10.3,45.8
4/3/2022,0,,2,29.6,0,0,0,15.2,0,0,3.1,16.5,0,,39.8,0,0,0,0,0,0,0
4/4/2022,0,,0,0,0,0,0,10.2,0,0,0,0,0,,3,0,0,0,0,0,0,0
4/5/2022,0,,0,12.7,0,0,0,6,0,0,0,0,3.2,,0,0,0,0,11.9,7.3,0,32.2
4/6/2022,0,,32,2.7,35.9,20.5,0,6.9,17,0,1.8,0,0,,49.7,0,22.6,13.1,0,4.8,0,0
4/7/2022,0,,3,0,0,0,35.1,8.2,0,0,0.2,0,0,,0,0,0,0,25,33.7,0,9.7
4/8/2022,27.3,,3.9,12,1.4,48.2,0,12.7,8.6,0,6.8,0,2,,0,0,47.7,2.9,0,7,0,0
4/9/2022,0,,0,0,0,0,0,0,0,0,0,0,0,,0,0,0,0,0,0,0,0
4/10/2022,0,,0,0,0,0,0,0,0,0,0,0,0,,0,0,0,0,0,0,0,0
4/11/2022,0,,0,0,0,0,3.6,0,0,28.8,0,50.6,0,,3.6,0,0,0,8.2,18,38.1,5.3
4/12/2022,16.4,,17.8,1,21,26.2,3,13.3,36.8,1.8,2.8,0,0,,0,0,57.4,24.5,0,0,1.9,0
4/13/2022,0,,0,0,0,17.3,0,0.8,0,0,0,0,0,,0,0,0,0,0,0,0,0
4/14/2022,96.1,,18.8,14.7,21.7,21,0,9.6,0.4,0,18.4,6.6,0,,18.5,0,2.9,0,0,0,0,0
4/15/2022,0.5,,0,0,0,4.5,10.5,0,1,0,0,0,1.5,,1.8,0,18.7,3.4,11.8,0,2.6,18.6
4/16/2022,0,,0.6,0.6,0.5,1.9,0,0,61.4,10.3,4,4.3,0,,1.4,0,21.5,4,0.5,0,20.6,0
4/17/2022,47.1,,59.4,0,41.3,1.3,0,4.6,1.3,0,0,6.3,0,,34,0,0,3.8,0,3,0,0
4/18/2022,0,,3,0,1.3,9.6,0,0,12.3,0,0,0,0,,0,0,3.3,7.8,0,0,0,0
4/19/2022,0.9,,0,0,0,0,0,3,0,0,0,0,0,,0,0,0,0,0,0,0,0
4/20/2022,1.6,,67.9,0,0,0,10.5,1.6,0,79.2,2.4,0,0,,0.8,0,0,0,10.7,0,37.3,2.8
4/21/2022,14.5,,2.2,15.7,6.7,25.7,0,0.8,7.8,5.1,47,0,0,,4.5,0,37.8,0.4,0,0,3.7,0
4/22/2022,0,,0,0,0,0,0,0,0,0,0,0,0,,0,0,0,0,0,0,0,0
4/23/2022,3.5,,0,0,0,0,0,0,0,0,0,0,0,,0,0,0,0,0,0,0,0
4/24/2022,0,,20.5,16.9,27.3,80,0,0,2.8,0,20,0.6,0,,1.6,0,49.2,16.7,0,0,0,6
4/25/2022,0,,1.1,0,0,0,0,0,0,0,0,0,0,,0,0,0,0.4,0,0,1.4,0
4/26/2022,0,,0,0,0,0,0,0,0,0,0,0,0,,0,0,16.5,0,0,0,13.6,0
4/27/2022,1.9,,38.7,0.1,4.1,26.4,44,49.3,58.7,13.6,5.9,0,0,,0,0,8.5,60.8,65.5,30.8,42.3,46.6
4/28/2022,0.2,,0,0,0,3.5,5,0,0,0,0,0,4.9,,0,0,0,0,0.5,3.2,1.6,0
4/29/2022,0,,20.1,0,6.3,0,0,45.3,15.7,5.9,0,0,0,,15.1,0,3.1,29.2,0,0,0,0
4/30/2022,0,,0,0,0,18.8,0,0,0,0,0,0,0,,0,0,0.6,0,0,0,6.2,0
5/1/2022,30.7,,0,11.1,0,0,0,8.3,0,0,3.1,3.9,0,,3,0,0,0,0,0,0,0
5/2/2022,0,,0,0,0,0,0,0,0,0,0,0,4.5,,0.2,3.6,0,0,0,5.8,0,0
5/3/2022,4.6,,0,0,0,0.5,0,0,0,0,0,17.2,0,,9,22.4,0,0,0,0,64.7,0
5/4/2022,14.1,,18.5,13.8,7.2,27.9,36,22.6,1.7,33.8,30.1,29.2,1.9,,68.1,0.4,7.6,3.9,0,11.2,24.6,0
5/5/2022,0,,1,0,0,4.5,0,0,0,4.6,0,0,0,,0,0,15.6,8.8,0,0,0,0
5/6/2022,0,,30.7,15.5,33.6,61.5,0,14.5,24.4,0,64.1,2.5,0,,5.1,0,34.7,26.5,0,0,0,
5/7/2022,0,,0,0,0,1.8,0,0,0.5,0,0,0,0,,0,0,0,0,0,0,0,
5/8/2022,0,,0,0,0,14.3,0,0,0,0,0,0,0,,0,0,22.5,0,10.2,0,0,
5/9/2022,2.1,,0,0,0,5,5,0,0.5,0,0,12.1,6.7,,1.1,3.4,0,4.7,2,1.8,0.8,
5/10/2022,0,,0,0,0,0,0,0,0,0,0,0,0,,0,0,0,0,0,0,0,
5/11/2022,0,,0,0.4,0,2,0,0,0,0,0.2,0.7,0,,33.9,19.3,6.4,0,0,0,0,
5/12/2022,12.1,,0,10.3,0,0,0,33.6,0,8.3,0,6.3,0,,5.5,7.8,0,0,0,8.8,0,
5/13/2022,0,,13.8,0,11.9,0.1,0.6,2,20.8,2.8,3.5,10.8,3.8,,1.5,50.9,0,10.8,0,9.5,4.4,
5/14/2022,1,,0,0,0,5.8,0,0.8,0,0.4,0,0,0,,0,0,15.9,0,0,0,14.7,
5/15/2022,0,,0,0,0,0,10,0,0,0,0,0,0,,0,0,0.6,0,1.5,2,1.6,
5/16/2022,0,,0,0,3.6,0,0,0,0,0,0,0,0,,0,0,0.6,0,0,0,0,
5/17/2022,3.2,,8.9,22,9,9.8,0,0,0,0,4.4,9.3,0,,20.1,0,14.7,0,0,0,2.3,
5/18/2022,0,,0,0,0,6.7,1.2,0,0,0,0,0,7.2,,0,0,0,0,0,0.2,2.6,
5/19/2022,0,,0,0,0,2.4,0,0,0,0,0,0,0,,8.9,0.5,0,0,0,3.1,0,
5/20/2022,0.3,,0,15.2,0,100.4,3,0,0,35.6,0,4.4,7.1,,2.8,2.8,5.5,1.5,25.8,23.3,12.4,
5/21/2022,15,,60.7,90.7,83.1,115.8,5,77,139.7,0,30.6,37.1,16,,32.9,15.1,127.5,73.9,3,33.5,37.3,
5/22/2022,0,,0.2,0,0,0.2,0,0,0,0,0,27.5,0.6,,0.4,0,0,0,0,0,2.2,
5/23/2022,0,,137.4,0,20.7,0,0,5.6,68.4,0,7.9,0,9.3,,0,0,1.8,29.4,0,0,5.2,
5/24/2022,4,,0,0,0,8.2,24.3,0,0,0,0,0,0,,16.7,0.2,6.8,0,0,0,2.3,
5/25/2022,0,,0,0,0,0.9,0,0,1.1,0,0,0,26.3,,0,0,10.6,3,0,0,3,
5/26/2022,8.1,,6.3,0,0,0.1,16.4,1.8,12.9,2,0.2,1.4,0,,17.3,11.7,4,23.8,12.7,9.9,23,
5/27/2022,0.9,,0,0,0,0.2,0,0,0,0,0,0,0,,0,3,0,0,0,0,0,0
5/28/2022,0,,0,0,0,2,0,0,17.2,0,0,0,0,,0,0,2.7,1.2,0,0,0,0
5/29/2022,0,,0,0,0,51.2,0,0,0,0,0,0,0,,0,0,10.2,0,0,0,0,0
5/30/2022,0,,0,0,0,0.3,0,5,0,0,0,0,0,,2.9,5.6,6,0,0,0,14.8,0
5/31/2022,63.8,,0,9.2,0,14,0,2.6,0,31.5,0,18.6,0,,3.3,17.7,32.6,14.2,0,0,10.5,0
6/1/2022,0,,0,0,0,0,0,0,0,0,0,0,0,,0,0,0,0,0,0,0,0
6/2/2022,0,,0,0,0,0,0,0,0,0,0,0,23.5,,0,0,0,0,0.5,17.1,14.1,9.5
6/3/2022,14.2,,22.3,24.3,24,33.3,0,0,9.7,9.3,14.6,16.2,0,,0.8,15.2,0,14.4,1.2,0,7.6,0
6/4/2022,2.7,,0,5.8,0,0,0,6.6,0,0,0.5,0,0,,0,0,36.4,0,0,0,0,0
6/5/2022,0,,9.8,0.7,2.3,6,17.5,0,37.6,0,0.2,0,38.8,,1.1,11,0,13.9,0,36.7,0,12
6/6/2022,0,,0,0,0,0,0,0,0,0,0,0,0,,0,0,0,0,0,0,0,1
6/7/2022,0,,0,0,0,0,14.8,0,0,0,0,0,4.2,,0,0,0,0,95.4,1.5,0,2.2
6/8/2022,0,,0,0,0,0,0,0,0,0,0,0,0,,0,0,0,0,0,0,0,0
6/9/2022,0,,0,0,0,0,0,0,0,62.4,0,15.9,0,,0,0,0,0,13.5,0,4,36.4
6/10/2022,4.3,,14.5,57.1,21.6,9.4,0,47.2,10,0.6,25.9,16,0,,33.7,5.1,0.9,20.3,0,0,5.9,0
6/11/2022,0.5,,12.4,0,0.2,0,0,5.5,0,1.8,0.7,0.8,0.6,,1.2,0,43.5,0,0,2,0,2.3
6/12/2022,0,,0,0,0,0,9.6,0,0,0,0,0,0,,0,0,0,0,0,38.2,0,0
6/13/2022,0,,0,0,0,0,1.5,0,0,98.2,0,2.9,40.3,,0,0,0,0,7.5,20.5,0,7.2
6/14/2022,0,,1.3,0,0,22.8,0,0,0,27.6,0,0,0,,0,0,0,0,0,0,0,0
6/15/2022,10,,8.4,18.1,12.6,92.8,13.5,30.1,28.8,3.2,96.5,30.3,0.5,,81.3,0,38.6,30.7,5.1,2.6,12.3,0
6/16/2022,0,,8.5,13.5,0,57.5,3.5,0,16.7,17.4,0.3,1.5,6,,9.5,6.4,191.5,10.5,0,0,13.1,5.8
6/17/2022,14.3,,0,0,0,24.2,36,49.6,0.4,0,5.5,3.6,11.9,,12.1,11.3,50.8,0,4.5,0,36.6,34
6/18/2022,48.7,,38.4,8.3,2.6,0,1,5.2,0,0,0.1,21.4,0,,0,0,10.6,0,0,0,1.2,0
6/19/2022,0.5,,0,0.6,0,1.9,4.5,38.8,0,0.4,0,15.1,16.6,,1.2,13.1,0,0,0,2,22.5,0
6/20/2022,0,,0,13.3,0,8,0,0,0,0,0,3.8,0,,2.3,0,0,0,0,21.3,0,15.3
6/21/2022,10,,9.6,11.3,2.6,190.5,27.1,13.9,4.5,37,3.6,13.9,26,,26,62.5,0,0,25.5,22.6,28,0
6/22/2022,15.2,,0,1.9,0,11.6,0,0,0,0,2.8,14.1,0,,0,2.9,137.3,0,0,0,0,0
6/23/2022,0,,0,8.8,0,118.4,0,0,0.2,0,0,0.9,0,,7.6,0,12.7,0.7,0,0,0,0
6/24/2022,16.1,,33.6,12.2,9.1,35.9,0,13.4,6.4,40.7,15,0,0,,18.4,7.6,60.2,10.5,0,0.6,7,25
6/25/2022,0.9,,0.1,1.5,0,33.6,0,0,0,0,0.7,0,0,,0,0,47.7,10.9,0,0,0,0
6/26/2022,1.2,,0,0.3,0,2.9,0,0,0,0.6,0,3.4,0,,0,0,3.7,0,0,0,0,10.7
6/27/2022,0,,0,0,0,0,0,0,0,9.6,9.6,0,18.8,,2.9,5.2,0,0,0,8.2,0,0
6/28/2022,0,,0,1.7,0,22.6,0,0,0,0,0,0,0,,0.8,0,0,0,0,0,1.5,0
6/29/2022,89.6,,25.6,5.5,69.8,121.1,2.1,105.6,22.5,7.4,68.3,37.6,0,,28.1,16.8,0,26.6,23.5,0,14.2,21
6/30/2022,0,,0,0.5,0.2,0.5,0,0,1,0,0,0,0,,0,1.6,60.2,0.5,0,0,0,0
7/1/2022,0,,1.6,0,0,0,24.8,0,1.3,21.5,4.4,8.8,0,,10.7,5.2,0,0,15.3,6.6,5.3,0
7/2/2022,0,,0,0,0,0,0,30,0,0.2,0,10,0,,0,1.4,0,0,0.5,14.4,9.6,0
7/3/2022,0,,0,0.7,11.2,1,0,0,0,27.9,0.2,0,0,,0,0,0.9,0,0,0,0,0
7/4/2022,0,,1.5,0,2.4,0,0,13.2,82.3,0,3.3,1.8,0,,1.4,0,0.3,23.3,0,0,36.8,0
7/5/2022,0,,0,12.3,0,0,0,33.5,1.1,5.6,3.4,0.6,0,,5.3,2.2,3.2,0,19.1,0,2.9,0
7/6/2022,0.2,,0,0,0,5.2,2.4,0,0,0,0,0,0,,0.4,6.9,0.3,0,2.8,0,0,
7/7/2022,44.3,,0,0,0,0,0,0,0,10.2,3.4,23.7,0,,1.5,0,0,0,0,0,0,
7/8/2022,22.8,,0.9,51.8,0,0.3,0,12,0,0,0,9.1,29.6,,30.3,0,0,0,5.7,4,87.5,
7/9/2022,0,,0,0,0,0.1,0,1.2,0,0.5,0,0,0,,11.7,0,0,0,0,0,11.7,
7/10/2022,0,,0,0,0,0,0,0,0,0,0.4,0,2.1,,0,1.7,0,0,2.5,0,0,
7/11/2022,0,,0,2.8,0,72.2,0,0.4,0,0,0,0,0,,0,0,2.2,0,0,0,0,
7/12/2022,0.7,,2.9,0,0,2.3,0,1.3,0,0,0,3.3,0,,0.9,0,4.5,0,0,0,14.5,
7/13/2022,0.2,,1.8,0,0.7,5.8,0.9,0,0,0,0.3,0.1,0,,8.8,1.4,0.6,0,15,0,0,
7/14/2022,0,,0,8.3,0,5,14.5,0,0,0,1.1,3.7,0,,1.2,0,6.9,0,0,0,0,
7/15/2022,0,,0,0.6,0.8,70.5,7.3,0,0,0,0.4,0,22.2,,5.9,0.6,12.5,0,0.2,30.2,0,
7/16/2022,0.3,,1.7,7.2,0,0.4,42.3,0,0,2.3,1,0.9,7.2,,15.4,0,1.1,0,2,0,0,
7/17/2022,0,,0,0,0,0,0,1.7,0,3.4,0.6,0,85.7,,0,3.5,0,0,3,0,32.8,
7/18/2022,0,,0,0,0,0,0,0,0,0,0,0,0,,0,0,0,0,0,0,0,
7/19/2022,0,,0,0,0,0,0,0,0,0,0,0,0,,0,0,0,0,0,0,0,
7/20/2022,0,,0,0,0,0,0,0,0,0,0,0,0,,0.2,0,0,0,0,0,0,
7/21/2022,0,,0,0,0,0,0,0,0,0,0,0,0,,0,0,0,0,0,0,0,
7/22/2022,0,,0,0,0,0,0,0,0,12.1,0,0,33.2,,0,0,0,0,43.3,54.4,0.8,
7/23/2022,0.9,,0,0,1.7,0,0,0,0,4.1,0,0,3.8,,0,0,0,0,1.5,6.1,4.5,
7/24/2022,0,,0,0,0,0,0,0,0,0,0,0,0,,0,0,0,0,0,0,0,
7/25/2022,0,,0,0,0,0,17.2,0,0,0,0,0,17.8,,0,0,0,0,30.2,0,0,
7/26/2022,0,,0,0,0,0,0,0,0,1.5,0,0,5.4,,0,0,1,0,5.5,0,0,
7/27/2022,0,,0,0,0,0,3.2,0,0,0,0,0,0,,0.3,0,0,0,0,0,9.4,
7/28/2022,0,,0,0,0,0,0,0,0,30,0,0,0,,0,0,0,0,0,0,0.7,
7/29/2022,0,,0,0,0,0,15,0,0,1.5,0,0,0,,0,0,0,0,0,0,0,
7/30/2022,0,,0,0,2,0,25.3,0,0,0,0,1.1,0,,0,0,0,0,24.7,0,2.1,
7/31/2022,0,,0,0,1,0,2.8,17.7,0,2.7,2.7,40.9,0,,41.6,18.8,0,0,5.4,0,34,
8/1/2022,0.4,,0,2.3,0,0,14.8,0.6,0,9.3,0.4,0,0,,3.6,0.2,0,0,8.4,36.7,1.4,
8/2/2022,0,,0,0,0,0,0,0,0,40.7,0,0,0,,0,0,0,0,0,0,1.6,
8/3/2022,0,,0,0,0,0,0,0,0,11.1,0,0,0,,1.2,0,0,0,0,0,0,
8/4/2022,0,,0,0,0,0,0,0,0,1.4,0,0,52.8,,0,0,0,0,0,0,0,
8/5/2022,0,,0,0,0,0,0,0,0,0,0,0,0,,0,0,0,0,0,0,0,
8/6/2022,0,,0,0,0,0,0,0,0,0,0,0,0,,0,0,0,0,0,0,0,
8/7/2022,0,,0,0,0,0,0,0,0,0,0,0,0,,0,0,0,0,0,0,0,
8/8/2022,0,,0,0,0,0,0,0,0,0,0,0,0,,0,0,0,0,0,0,0,
8/9/2022,0,,0,0,0,0,0,0,0,0,0,0,0,,0.6,0,0,0,0,0,0,
8/10/2022,0,,0,0.5,0,0,0,0,0,0,0,0,0,,0,0,0,0,0,0,0,
8/11/2022,0,,0,0,0,0,0,0,0,0,0,0,33.2,,0,0,0,0,0,15.3,0,
8/12/2022,0,,0,0,0,0,0.6,0,0,0,0,0,0,,0,0,1.1,0,141.2,80.5,0,
8/13/2022,0,,0,1.3,0,3.2,0,23.1,0,0,0,2.5,8,,0,0.8,0,0,0,0,0,
8/14/2022,0.2,,3.1,0.3,2.3,0.8,22.1,0.3,18.6,0,2.9,0.5,1.1,,2.4,0.5,7,8.7,10,24.3,0,
8/15/2022,3.7,,1.7,2.8,4.3,1.2,0,5.5,1.7,0,3.3,2.6,0,,8.5,0,1.8,2.4,0,0,0,
8/16/2022,0.8,,0,0,0,0,0,2,0,0,0,0,0,,1.5,0,1.8,0,0,7.2,0,
8/17/2022,0,,0,0,0,0,0,0,0,0,0,0,0,,0,0,0,0,0,0,0,
8/18/2022,0,,0,0,0,0,0,0,0,0,0,0,0,,0,0,0,0,29.5,0,0,
8/19/2022,4,,0,2.4,5,0.4,21.1,13.2,1.7,16.7,5,7.1,23.4,,1.3,16.4,0,0,7.1,32.4,29.4,
8/20/2022,0,,0,0,0,0,0,0,0,0,0,0,4.3,,0,2.1,0,0,0,0,0,
8/21/2022,0,,0,0,0,0,0,0,0,0,0,0,0,,0,0,0,0,0,0,0,
8/22/2022,2.2,,0,0,0.8,0.3,40.7,2.1,0.2,8.4,0,0.8,2.5,,1.1,2.9,0,3.8,61.9,69.9,25,
8/23/2022,18.6,,0.2,3.3,10.7,0,0,26,4.3,41.6,10,14,0.5,,9.7,14,0.5,4.2,0,5,18.6,
8/24/2022,0,,0,0,0.3,0,0,0.8,0.5,8.7,0.4,0.7,0,,4.7,2.9,1.8,0,0,0,0.3,
8/25/2022,0,,0,0,0,0,0,0,0,0,0,0,0,,0,0,0,0,0,0,0,
8/26/2022,18.1,,3.6,0,49.5,2.1,45,22,1.5,0.8,1.3,21.6,0,,9.7,76.7,0,2.7,2.5,24.1,6.8,
8/27/2022,12.5,,1,4.2,28.4,59.4,1.7,21,2.5,23.9,40.2,8.4,3.4,0.394962217,12.9,12.2,2.1,2.2,19.5,4.4,4,
8/28/2022,1.7,,0,30.4,4.9,0,0.4,6.3,1.2,2.4,10.8,8.5,6.1,0.395969773,6.2,1.1,7.1,0.5,8.5,5.3,4.2,
8/29/2022,0,,0,0.7,0,0,2.8,0,0,7.5,0,24.2,1.2,0.39697733,6.6,0,0,0,7.4,7.9,0,
8/30/2022,21.7,,56.9,0,3.2,0.3,53.7,2.9,0.4,22.6,3.5,10.4,22.4,0.397984887,7.8,47.8,0.9,4,5,13.9,49.9,
8/31/2022,14.7,,1,32.4,0,8.2,1.9,4.6,1,14.3,19.1,14.6,0,0.398992443,39.2,27.9,0.7,0.1,21.8,0,32.9,
9/1/2022,2.2,,4.6,1.9,1,9.8,1.7,7.3,1.9,1.3,5.5,4,0,0.4,4.3,3.8,3.4,1,0,1.5,0,
9/2/2022,0,,0,0.7,2.7,4.1,0,0,0,0,0.7,0,12.3,0,0,0,0,0,0,0,0,
9/3/2022,0,,0,0,0,0,6.9,0,0.8,24.2,0,0,0,1.9,0,0,0,3.2,0,1.2,0,
9/4/2022,2,,11.2,5.5,2.5,2.5,14.2,8.5,9.2,0.7,0.7,12.9,0,29,2,4.2,5.2,8.9,7.2,10.8,10.4,
9/5/2022,5.4,,8.7,9,1.1,10.5,6.3,1.1,5.7,0,11.8,6.7,1.8,14,6.9,0.5,1.4,5.6,1,10,3.1,
9/6/2022,0,,6.9,0.3,1.4,0,0,7.3,11.4,0,0.7,2.5,0,0,12.9,0,0,11.6,4.6,0,0,
9/7/2022,0,,0,0,0,0,10.2,4.6,0,1.9,0,0,0,0,0,0,0,0,24.5,38.1,0,
9/8/2022,0,,0,0,0,0,6.5,0,0,0,0.5,0,0,0,0.5,0,0,0,0,8.4,0,
9/9/2022,0,,0,0,0,0,0,0,0,0,0,0,59,1.2,0,0,0,0,0,1.2,0,
9/10/2022,0,,0,0,0,0,0,0,0,0,0,0,0,0,0,2.7,0,0,0,0,0,
9/11/2022,0,,33.2,0,1,0,2.2,18.4,0,30.8,1,0,33.7,0,0,0,0,0,2.5,1.6,0,
9/12/2022,0,,7.8,0,5,0,15.8,3.7,36.5,14.2,1.7,3.6,69.8,0.6,6.9,10,0,11.6,19.5,23.3,15.8,
9/13/2022,3.8,,0,0.8,0,0,0,0,0,0,0,1.4,0,0,3.8,0,0,0,0,0.2,0,
9/14/2022,0,,0,0,0,0,0,1.5,0,0,0,0,0,0,0,0,0,0,0,5,0,
9/15/2022,7.8,,0,0.9,4.9,0.5,7.5,19.6,0,30.9,1.2,44.9,38.5,0,6.3,17.9,0,0,30.1,14.1,36.7,
9/16/2022,0,,0,3.5,0,0,0,0,0,4.8,0.1,3,0,0,6.5,13.5,0.4,0,0,0,7.3,
9/17/2022,0,,0,0,0,0,2.2,0,0,0,0,0,0,0,0,0,0,0,0,0,0,
9/18/2022,83.7,,13.6,18.9,4.1,0.2,73.9,9.8,6.6,1.6,43.1,40.5,16.7,0,26.9,30.7,0,4.8,46.8,98.5,35.3,
9/19/2022,10.6,,1.1,0.9,2.7,21.2,1.3,15.5,3.9,0.1,3.4,0.8,99,4.2,18.5,1.2,8.2,0.5,0,0.6,0.3,
9/20/2022,0.5,,0,3.6,0,2.9,9,2.4,0,0,2.2,23.7,14.7,3.7,7.2,0.5,0.8,0,2.9,19.4,0,
9/21/2022,28.3,,7.3,14.9,0.4,0.7,0,2.2,0,0,0,13.8,0,0,14.9,2.6,0,0,2.5,0,0,
9/22/2022,0,,0,0,0,0,5,0,0,2.2,14.5,1.7,0.8,0.4,18.6,1.2,0.1,0,8.5,0,2.8,
9/23/2022,25.6,,0.5,0.9,0,0,2.6,0,0,0,0.9,10.3,0,0.4,0,0.9,0.1,0,47.5,2,23.8,
9/24/2022,14.8,,0,1.8,0,20.2,0,0,0,27.2,0.9,14.6,4,2.5,20.2,0,0,0,0,5.4,34.4,
9/25/2022,30,,0,12.9,0,22.8,31.6,36.5,8.3,42.8,7.9,79.9,15.5,19.1,6.5,1,2.9,0.1,12.5,35.1,44,
9/26/2022,20.1,,8.9,1.1,8.5,1.4,6,9.3,30.3,8.8,1.2,2,0.7,9.4,0,0,6.3,10.8,3.7,7.1,14.7,
9/27/2022,23.3,,4.1,0.1,3.5,5.2,3,4.2,8.8,0.3,3.2,91.5,1.5,15.3,0.5,0,1.3,0.6,3.5,3.2,10,
9/28/2022,37.9,,88,46.5,41.7,0.8,7.3,36.9,7.2,9.5,118,8.1,0,0.3,17,45.3,0,5.8,2.7,8,1.5,
9/29/2022,32.1,,1.3,2.2,0,2.7,0,11.6,5,0,0.3,2.7,0,0,0.7,33.1,0,1.2,0,0,4,
9/30/2022,6.3,,18.2,5.8,0,6.9,6,0,31.1,0,15.7,17.9,21.3,11.3,0,0,2.9,0,19.8,8,0.6,
10/1/2022,0,,7.4,0.5,0,27.3,0,0,18.4,4.8,10,0,0.6,1,75.9,1.8,9.5,25.7,0,2.3,97.1,
10/2/2022,0,,6.2,25,2.4,0.2,0,0,0,1,45.8,0,0,0,4.7,0,0,0,0,0,0,
10/3/2022,0,,0.2,0.5,0,0,1.7,0,0,1,0,0.6,0,0,0,0,0,0,0,0,0,
10/4/2022,0.2,,0,12.2,0,0,11.4,0,0,0,0,0,0,3,0,0,2.1,0,1.2,0,0,
10/5/2022,21.1,,0,2,0,0,2.5,0,0,0,1.9,1.1,3.4,0.6,0,1.4,0,0,22.9,10.4,0,
10/6/2022,2,,0.5,44,0,0.2,9.3,,0,2,0,9.1,27.3,0.4,0,34.4,5.7,0,4.7,12.3,16.6,
10/7/2022,3.3,,0.5,0.3,141.5,0,21.2,,0,0,45.7,0,0.9,0.9,14.5,19.7,0,0,3.9,2,4.7,
10/8/2022,0,,12.6,0,14.2,0,4.4,,0,5.5,17.3,19.2,0,0,0,0,0,0,0,0,7.4,
10/9/2022,0.3,,10.5,0,1.4,7.8,0,,12.4,7.4,3.6,17.3,0,10.5,2.5,2.8,28.9,7.4,0,0,18.2,
10/10/2022,25.6,,0,1.1,0.7,0.4,11.1,,0,6.5,2.3,1.8,0,0,6.1,0,0,0,24.2,6.2,0.1,
10/11/2022,0,,0,22.1,0,0,3,,0,0,0,0,0,0,0,0,0,0,0,0,0,
10/12/2022,0,,6.9,3,0.5,0,0,,11,0.2,0.4,4.2,0,6.5,0.9,8.1,0,1.9,0,0,0,
10/13/2022,0,,0,0,6.3,0,0,,0,6.9,2.8,10.7,0,0,73,33.1,0,0,4.5,3,9.1,
10/14/2022,0,,0,0,0,0,0,,0.8,16.1,0,0,0,4.9,5.4,23,5.2,0,25.7,2.8,61.3,
10/15/2022,0,,0,11.3,0,2.5,0,,0,7.5,0,0,0,3.8,0,2.6,0,22.7,1.5,0,3.8,
10/16/2022,0,,0,40.2,22.2,34.6,0,,0,0,2.5,0,0,2.7,0,0,0,0,0,0,0,
10/17/2022,0,,0,31.4,1.4,0,0,,0,0,3.3,1.3,0,0,0.9,0,0.6,0,0,0,3.3,
10/18/2022,2.9,,0,54.8,0,0,0,,0,0,25.9,5.2,0,0,30.9,16.7,0,0,0,0,42.7,
10/19/2022,0,,0.9,0,7.9,56.2,0,,0,0,0,0,0,0,0,52,0,0,0,0,0.7,
10/20/2022,2.3,,0,0,37.9,50.3,0,,28.3,0,0.1,0,0,22.9,2.6,0,0.4,0,0,0,0,
10/21/2022,0,,0,53,12,0.8,0,,0,0,2.1,0,0,0,29.3,1.3,0,0,0,0,2.3,
10/22/2022,6.8,,0,10.4,0,0.9,0,,0,0,0,4.9,0,10.1,0.8,0,13.7,0,0,0,0,
10/23/2022,0,,0.4,2,0.4,0,0,,0,0,1,0,0,0,0,0,13.7,0,0,0,0,
10/24/2022,0,,1.2,0,20.4,17.6,0,,0,0,0,0,0,0,0,3,3.7,0,0,0,0,
10/25/2022,0.8,,46.8,6.4,65.1,36.9,4.8,,27,0,4.7,7,0,39.8,0,13.7,10.1,15.6,0,0,10.2,
10/26/2022,0,,0,32.8,0,0,0,,0,0,0,5.3,0,0,0,0,0,0,0,0,0,
10/27/2022,0,,0.9,0,0,0,0,0,0,0,3.4,7,0,0,14.6,0,0,0,0,0,0,
10/28/2022,0,,0,0,3.7,14.7,0,0,0,0,0,0,0,0,0,0,4.8,0,0,0,0,
10/29/2022,0,,27.2,0,16.2,0,0,0,0,0,16.6,0,0,0,3,0,0,0,0,0,4.5,
10/30/2022,0,,14.7,0.4,0,3.6,0,0,0,0,0,0,0,0,0,0,0,0,0,0,0,
10/31/2022,6.2,,0,13,0,0,0,0,0,0,8,1.1,0,0,5.5,0,0,0,0,0,0,
11/1/2022,0,,0,28.9,19.1,0,0,0,0,0,1.2,0,0,0,2.7,0,0,0,0,0,0,
11/2/2022,0,,0,0,0,7.3,0,0,0,0,0,0,0,0,3.4,0,14.4,0,0,0,0,
11/3/2022,0,,3.5,16.5,0,0,0,0,0,0,0,0,0,0,0,0,0,0,0,0,0,
11/4/2022,0,,4.2,43,0,9.2,0,0,0,0,0,0,0,0,0,0,0,0,0,0,0,
11/5/2022,0,,0,0.3,0,2.8,0,0,0,0,0,0,0,0,5.1,0,0,0,0,0,15.3,
11/6/2022,0,,0,4.6,0,0,0,0,0,0,0.6,0,0,,0,0,0,0,0,0,4.8,
11/7/2022,0,,0,0,0,0,0,0,0,0,0,0,0,,0,0,0,0,0,0,0,
11/8/2022,0,,2.5,13.4,5.2,34.2,0,0,0,0,0,0,0,,0,0,0,0,0,0,0,
11/9/2022,0.7,,0,0,0,0.5,0,0,0,0,0,4,0,,24,0,0,0,0,0,0,
11/10/2022,31,,3.4,10.1,0,20.3,0,0,66.8,0,18.2,22.1,0,,36.2,11.8,12.5,1.5,0,0,0,
11/11/2022,10.4,,0,32.4,0,0,0,7.8,0,0,0.8,1.7,0,,0,0,0,0,0,0,8.8,
11/12/2022,13,,6.8,8,0.3,24.6,2.3,3.2,22.2,0,0,2.5,0,,4.1,0,19,10.4,0,3.1,0,
11/13/2022,0,,0,0,0,3.1,0,0,0,0,0,0,0,,0,0,0,0,2,0,0,
11/14/2022,0,,0,3.6,0.3,0,0,0,0,0,4,6.7,0,,0,0.2,0,0,0,0,0,
11/15/2022,0,,0,0,0,43.2,0,0,0,0,0,0,0,,0,0,23.6,0,0,0,0,
11/16/2022,0,,0,0,0,7.6,0,0,0,0,0,0,0,,0,0,0,0,0,0,0,
11/17/2022,0,,0,0,0,0,0,0,0,0,0,0,0,,0,0,0,0,0,0,0,
11/18/2022,0,,0,0,0,0,0,0,0,0,0,0,0,,0,0,0,0,0,0,0,
11/19/2022,0,,3.4,28.2,9.3,30.4,0,0,38,0,2.3,0,0,,21.6,0,25.8,75.9,0,0,1.9,
11/20/2022,0,,0,0,0,0,0,0,0,0,0,0,0,,0,0,0,0,0,0,0,
11/21/2022,0,,0,28.1,0,0,0,0,0,0,0,0,0,,0,0,0,0,0,0,0,
11/22/2022,0,,0,0,0,0,0,0,0,0,0,0,0,,0,0,0,0,0,0,0,
11/23/2022,0,,3.6,0,0,19.5,0,0,0,0,0,0,0,,0,0,0,0,0,0,0,
11/24/2022,0,,0,0,0,9.6,0,0,0,0,0,0,0,,5.9,0,0,0,0,0,0,
11/25/2022,0,,0,0,0,0.8,0,0,0,0,0,0,0,,0,0,0,0,0,0,0,
11/26/2022,0,,3.1,0,0,0,0,0,0,0,0,0,0,0,0,0,0,0,0,0,0,
11/27/2022,0,,0,0,0,0,0,0,0,0,9,16.8,0,0,0,0,0,0,0,0,0,
11/28/2022,16,,0,19.8,0,1.1,0,8.3,0,0,0.5,15,0,0,6.5,0,0,0,0,0,0,
11/29/2022,0,,6.8,0,0,0,0,0,0,0,8.3,0,0,0,0,28.3,0,0,0,0,7.9,
11/30/2022,0,,0,0,0,0,0,0,0,0,0,0,0,0,0,0,0,0,0,0,0,
12/1/2022,0.6,,0,0,3.6,3.5,0,0,0,0,2.1,0,0,0,0,0,0,0,0,0,0,
12/2/2022,34.7,,21.8,29.9,21.8,0,0,52.4,7.9,0,26.9,6.1,0,0,6.4,8.5,0,0,0,3.5,0,
12/3/2022,0,,0,0,0,0,6.9,0,0,0,0,0,0,0,0,0,0,0,0,8.9,0,
12/4/2022,0,,0,0,7.5,0,0,0,0,0,0,0,0,0,4.6,4.7,0,0,0,0,0,
12/5/2022,0,,0,0,0,0,0,0,0,0,0,0,0,0,0,0,0,0,0,0,0,
12/6/2022,0,,0,0,0,0,0,0,0,0,0,0,0,0,0,0,0,0,0,0,0,
12/7/2022,0,,0,0,0,0,0,0,0,0,0,0,0,0,0,0,0,0,0,0,0,
12/8/2022,0,,0,4.3,0,1.8,0,0,0,0,0.6,17.5,0,0,0,0,0,0,0,0,0,
12/9/2022,0,,0,0,0,0,0,0,0,0,0,0,0,0,0,0,0,0,0,0,0,
12/10/2022,0,,0,0,0,0.3,0,0,0,0,0,0,0,0,0,0,0,0,0,0,0,
12/11/2022,0,,0,0,0,0,0,0,0,0,0,0,0,0,0,0,0,0,0,0,0,
12/12/2022,0,,3.1,0,0,6.6,0,0,0,0,0,0,0,0,0,0,0,0,0,0,0,
12/13/2022,0,,0,4.7,0,0,0,0,0,0,0,0,0,0,0,0,0,0,0,0,0,
12/14/2022,0,,0,0,0,6,0,0,0,0,0,0,0,0,0,0,0,0,0,0,0,
12/15/2022,0,,0,1.2,0,6.7,0,0,0,0,0,0,0,0,0,0,0,0,0,0,0,
12/16/2022,0,,0,0,0,17.4,0,0,0,0,0,15.6,0,0,0,0,0,0,0,0,0,
12/17/2022,0,,0.1,0,0,0,0,0,0,0,0,18.5,0,0,0,0,0,0,0,0,0,
12/18/2022,0,,0,9.8,0,1.3,0,0,0,0,0,0,0,0,0,0,0.4,0,0,0,0,
12/19/2022,0,,0,0,0,7.6,0,0,0,0,0,7.1,0,0,0,0,0,0,0,0,0,
12/20/2022,0,,0,0,0,0.9,0,0,0,0,0,0,0,0,0,0,0,0,0,0,0,
12/21/2022,0,,0,0,0,0,0,0,0,0,0,0,0,0,0,0,0,0,0,0,0,
12/22/2022,0,,0,0,0,0,0,0,0,0,0,0,0,0,0,0,0,0,0,0,0,
12/23/2022,0,,0,0,0,0,0,0,0,0,0,0,0,0,0,0,0,0,0,0,0,
12/24/2022,0,,0,0,0,0,0,0,0,0,0,0,0,0,0,0,0,0,0,0,0,
12/25/2022,0,,0,0,0,0,0,0,0,0,0,0,0,0,0,0,0,0,0,0,0,
12/26/2022,0,,0,0,0,0,0,0,0,0,0,0,0,0,0,0,0,0,0,0,0,
12/27/2022,0,,0,0,0,0,0,0,0,0,0,0,0,0,0,0,0,0,0,0,0,0
12/28/2022,0,,0,0,0,0,0,0,0,0,0,0,0,0,0,0,0,0,0,0,0,0
12/29/2022,0,,0,0,0,0,0,0,0,0,0,0,0,0,0,0,0,0,0,0,0,0
12/30/2022,0,,0,0,0,0,0,0,0,0,0,0,0,0,0,0,0,0,0,0,0,0
12/31/2022,0,,0,0,0,0,0,0,0,0,0,0,0,0,0,0,0,0,0,0,0,0
1/1/2023,0,,0,0,0,0,0,0,0,0,0,0,0,0,0,0,0,0,0,0,0,0
1/2/2023,0,,0,0,0,0,0,0,0,0,0,0,0,0,0,0,0,0,0,0,0,0
1/3/2023,0,,0,0,0,0,0,0,0,0,0,0,0,0,0,0,0,0,0,0,0,0
1/4/2023,0,,0,0,0,0,0,0,0,0,0,0,0,0,0,0,0,0,0,0,0,0
1/5/2023,0,,0,0,0,0,0,0,0,0,0,0,0,0,0,0,0,0,0,0,0,0
1/6/2023,0,,0,0,0,0,0,0,0,0,0,0,0,0,0,0,0,0,0,0,0,0
1/7/2023,0,,0,0,0,0,0,0,0,0,0,0,0,0,0,0,0,0,0,0,0,0
1/8/2023,0,,0,0,0,0,0,0,0,0,0,0,0,0,0,0,0,0,0,0,0,0
1/9/2023,0,,0,0,0,0,0,0,0,0,0,0,0,0,0,0,0,0,0,0,0,0
1/10/2023,0,,0,0,0,13.6,0,0,0,0,0,0,0,0,0,0,0,0,0,0,0,0
1/11/2023,0,,0,0,0,0,0,0,0,0,0,0,0,0,0,0,2.7,0,0,0,0,0
1/12/2023,0,,0,0,0,0.7,0,0,0,0,0,0,0,0,0,0,0,0,0,0,0,0
1/13/2023,0,,0,0,0,0,0,0,0,0,0,0,0,0,0,0,0,0,0,0,0,0
1/14/2023,0,,0,0,0,0,0,0,0,0,0,0,0,0,0,0,0,0,0,0,0,0
1/15/2023,0,,0,0,0,0,0,0,0,0,0,0,0,0,0,0,0,0,0,0,0,0
1/16/2023,0,,0,0,0,0,0,0,0,0,0,0,0,0,0,0,0,0,0,0,0,0
1/17/2023,0,,0,0,0,0,0,0,0,0,0,0,0,0,0,0,0,0,0,0,0,0
1/18/2023,0,,0,0,0,23.6,0,0,0,0,0,0,0,0,0,0,0,0,0,0,0,0
1/19/2023,0,,0,0,0,2.4,0,0,0,0,0,0,0,0,0,0,0,0,0,0,0,0
1/20/2023,0,,0,0,0,0,0,0,0,0,0,0,0,0,0,0,0,0,0,0,0,0
1/21/2023,0,,0,0,0,2,0,0,0,0,0,0,0,0,0,0,0,0,0,0,0,0
1/22/2023,0,,0,25.6,0,0,0,2.8,0,0,6.3,0,0,0,0,0,0,0,0,0,0,0
1/23/2023,0,,0,0.1,0,0,0,28.2,0,0,0.8,0,0,0,0,0,0,0,0,0,0,0
1/24/2023,3,,0,2.7,0,0,0,4,0,1,0,0,0,0,15.4,0,0,0,0,0,0,0
1/25/2023,0,,0,0.8,0,0,0,0,0,0,0,0,0,0,0,0,0,0,0,0,0,0
1/26/2023,0,,0,0,0,11.9,0,0,0,0,0,0,0,0,0,0,0,0,0,0,0,0
1/27/2023,0,,0,0,0,0,0,0,0,0,0,0,0,0,0,0,0,0,0,0,0,0
1/28/2023,33,,0,0,0.5,0,0,31.6,0,0,0,0,0,0,0,0,0,0,0,0,0,0
1/29/2023,0,,12.1,0,0,0.3,0,0,2.9,0,0,0,0,0,0,0,0.6,0,0,0,0,0
1/30/2023,0,,1.9,0,0,0,0,12.8,0,0,0,0,0,0,0,0,0,0,0,0,0,0
1/31/2023,0,,0,0,0,0,0,0,0,0,0,0,0,0,0,0,0,0,0,0,0,0
2/1/2023,0,,0,0,0,0,0,0,0,0,0,0,0,0,0,0,0,0,0,0,0,0
2/2/2023,0,,0,0,0,0,0,0,0,0,0,0,0,0,0,0,0,0,0,0,0,0
2/3/2023,0,,0,0,0,0,0,2.3,0,0,0,0,0,0,0.5,18.5,0,0,0,0,0,0
2/4/2023,2.5,,0,14.5,0,17.7,0,0,0,0,0,0,0,0,14,0,0,0,0,0,0,0
2/5/2023,0,,0,0,0.2,0.3,0,0,0,0,17.9,0,0,0.7,0,0,35.7,0,0,0,0,0
2/6/2023,11.2,,0,21.8,0,0.1,0,31.5,0,0,5.9,9.5,0,0,9.5,8.4,0,0,0,0,3.9,0
2/7/2023,0,,0,0,0,0,0.6,0,0,0,3.8,0.7,0,0,32.2,1.3,0,0,0,0,6.6,0
2/8/2023,0,,0,0,0,0,0,0,0,0,0,0,0,0,0,0,0,0,0,0,3.6,0
2/9/2023,0,,0,0,0,0,0,0,0,0,0,0,0,0,0,0,0,0,0,0,0,0
2/10/2023,0,,0,0,0,0,0,0,0,0,0,0,0,0,0,0,0,0,0,0,0,0
2/11/2023,0,,0,0,0,0,0,0,0,0,0,0,0,0,0,0,0,0,0,0,0,0
2/12/2023,0,,0,0,0,0,0,0,0,0,0,2.3,0,0,0,0,0,0,0,0,0,0
2/13/2023,0,,0,0,0,0,0,0,0,0,0,0,0,0,0,0,0,0,0,0,0,0
2/14/2023,0,,0,18.5,5.1,0,0,10.6,0,0,2.5,0,0,35.8,0,0,0.7,0,0,0,0,0
2/15/2023,0,,0,0,0,0,0,0,0,0,0,0,0,0,0,0,0,0,0,0,0,0
2/16/2023,0,,0,0,0,0,0,0,0,0,0,0,0,0,0,0,0,0,0,0,0,0
2/17/2023,0,,0,0,0,0,0,0,0,0,0,0,0,0,0,0,0,0,0,0,0,0
2/18/2023,0,,0,0,0,0,0,0,0,0,0,0,0,0,0,0,0,0,0,0,0,0
2/19/2023,0,,0,0,0,0,0,0,0,0,0,0,0,0,0,0,0,0,0,0,0,0
2/20/2023,0,,0,0,0,0,0,0,0,0,0,0,0,0,0,0,0,0,0,0,0,0
2/21/2023,0,,0,0,0,0,0,0,0,0,0,0,0,0,0,0,0,0,0,0,0,0
2/22/2023,0,,0,0,0,0,0,0,0,0,0,0,0,7.5,0,0,0,0,0,0,0,0
2/23/2023,0,,0,0,0,0,0,0,0,0,0,0,0,0,0,0,0,0,0,0,0,0
2/24/2023,0,,0,0.9,0,0,0,0,0,0,0,0,0,0,0,0,0.2,3.4,0,0,0,0
2/25/2023,0,,0,20.7,0,0.9,0,0,40.3,0,22.7,5.4,0,1.7,43.1,6.6,2.5,2.2,0,0,0,0
2/26/2023,4.5,,0,20.1,0,0,0,0,0,0,0,0,0,0,0,0,0,0,0,0,0,0
2/27/2023,0.7,,0,0,0,0,8.9,0,0,0,0,22.4,0,0,1.8,79.4,0,0,14.3,0,8.5,1.3
2/28/2023,15.8,,0,0,0,0,0,14.8,0,2.9,0,0,0,0,0,0,0,0,0,0,0,0
3/1/2023,0,,0,3.4,0,0,0,0,0,0,0.3,1.4,0,0,0,0,0,0,0,0,0,0
3/2/2023,0,,0,0,0,0,0,0,0,0,0,0,0,0,0,0,0,0,0,0,0,0
3/3/2023,2.9,,0,7.3,0,0,0,7.3,0,0,12.9,0,0,0,12.1,0,10.4,0,0,0,0,0
3/4/2023,6.1,,0,4,0,0,0,18.2,0,0,2.9,4.8,0,0,0,25.5,1.7,0,0,0,0,0
3/5/2023,1.6,,0,0,0,0,0,0,0,0,0,15.8,0,0,0,0,0,0,0,0,0,0
3/6/2023,0,,56.8,1.3,5,0,0,10.5,87.9,0,9.1,0,0,26.3,0,0,4.5,51.9,0,0,0,0
3/7/2023,0,,0,0,0,0.3,0,0,0,0,0,0,0,0.5,0,0,1.7,0,0,0,0,0
3/8/2023,0,,0,0,0,0,0,0,0,0,0,84,0,0,30,4.8,0,0,0,0,0,0
3/9/2023,13.3,,0,24.2,0,5.4,0,9.1,0,1.9,3.6,14.2,0,0,10.7,0,0,0,0,0,0,0
3/10/2023,0,,0,0,0,3.1,0,0,0,0,0,0,0,0,0,0,0,0,0,0,0,0
3/11/2023,15.6,,0,23.7,0,31.2,0,7.3,0,3.7,8.6,36.4,0,0,6,19,1,0,0,0,17.8,0
3/12/2023,0,,3.2,23.7,0,0,0,2.7,0,0,0,0,0,0,0,0,0,0,0,0,0,8
3/13/2023,8.9,,0,3.7,1.5,0,0,0,0,0,3.4,0,0,0,0,0,0,0,0,0,0,0
3/14/2023,0,,0,0,2.4,0,0,0,0,0,2,0,0,0,0,0,0,0,0,0,0,0
3/15/2023,20.5,,0,0,9.5,0,0,0,0,0.3,7.6,1.5,0,0,0.9,0,0,0,0,0,0,0
3/16/2023,0,,0,0,1.5,0,0,3.5,3,0,0,0,0,0,0,0,0,2.8,0,0,0,0
3/17/2023,0,,0,0,0,32.7,13,0,30.5,0,0,0,0,0,7,19.4,32.2,0,0,0,0.2,0
3/18/2023,0,,9,0,0,0.2,0,0,0,0,0,0,0,0.1,0,0,1.3,0,0,0,0,20.5
3/19/2023,0,,0,0,0,0,0,0,0,0,0,0,0,0,0,0,0,0,0,0,0,0
3/20/2023,0,,0,0,0,0,2,0,0,0,0,4.2,0,0.4,1.8,0,1.1,0,3.5,0,18.7,1.9
3/21/2023,0.3,,1.5,9.4,1.8,7.7,47,0,0,43.5,0,4.1,19.8,0,22.6,0,0,0,29.3,2.9,0.3,8.3
3/22/2023,4.3,,0,0,0,34.1,0,0,8,26.6,0,4.9,0,0.2,1.1,45.4,0,1.9,0,0,0.3,0
3/23/2023,4.6,,56.9,7.6,6,0,0,23.3,11.2,0,25.4,2.5,0,0,0,0,0,11.5,0,0,0,0
3/24/2023,2.7,,0,0.9,0,2.2,1.7,0.2,0.8,0,0,0,0,0,0,0,39.1,2.4,0,0,0,0
3/25/2023,0,,0,0,0,0,0,0,0,0,0,0,0,0,0,0,0,0,0,0,0,0
3/26/2023,47.4,,0,0,0,0,0,0,0,0,0,10.5,0,0,11.3,0,0,0,0,0,0,0
3/27/2023,7.2,,0,0,0,0,0,0,0.1,0,0,0,0,0,0,0,0,0,0,0,0,0
3/28/2023,0,,0,0,0,0,8,0,0,0,0,0,0,0,0,0,0,0,0,0.2,0,0
3/29/2023,0,,0,6.8,0,0,0,9.9,0,0,0,8.6,0,0,49.2,23.4,0,0,0,0,46.4,0
3/30/2023,1.2,,0,0.9,3.3,0,0,1.1,0,0,64.3,29.7,0,0,3,0,0,0,0,0,0,0
3/31/2023,0,,0,0,0,3.7,0,0,0,0,0,0,0,0,15.9,0,0,0,0,0,0,0
4/1/2023,16.2,,0,3,0,0,0,33.7,0,0,8.5,27.3,0,0,17.9,2.1,0,0,0,0,18,0
4/2/2023,2.4,,0,0,0,0,0,0.5,0,0,0,9.5,0,0,3,0,0,0,0,0,0,0
4/3/2023,32.5,,2.6,0,0,0,3.3,0,31.7,0,0,0,0,0,0,0,0,5.2,0,14.4,0,0
4/4/2023,5.1,,0,0,0,0,0,0,0,0,0,6,0,0,0,0,0,0,0,0,0,0
4/5/2023,0,,0,0,0,0,12.4,0,0,0,0,0,10.9,0,0,0,0,0,41.1,18.6,1.6,0
4/6/2023,12.5,,0,0,0,0.6,0,0,0,0,0,0,0,0.6,0,0,0,2.5,0,0,0,0
4/7/2023,1.6,,0,0.2,17.6,0,14.2,6.4,0,0,0.6,2.8,0,0,6.4,0,0,0,3,47.5,0,5
4/8/2023,3.9,,33.2,43.6,48.3,15.1,0,79.3,4.2,0,22.7,3.4,0,35.1,9.1,0,7.2,0,0,0,0,0
4/9/2023,0,,0.5,0,0,0,0,0.2,0.6,0,0,0,0,0.1,0,0,0,0.5,0,0,0,0
4/10/2023,0,,1,1.2,0,0,0,0,0,0,0,0,0,0,0,0,0,0,0,0,0,0
4/11/2023,0,,11.9,0,18.7,0,0,14.6,2.4,0,0,4.8,0,0,9.5,0,0,19.2,0,0,0,0
4/12/2023,0,,0,9.4,0,0,0,0,0,0,1.7,19.2,0,0,15.6,0,0,0,0,0,0,0
4/13/2023,0.4,,0,9.7,0,0,0,10.3,0,3.2,0.7,45.5,0,0,38.2,0,0,0,17.3,0,3.9,23.7
4/14/2023,0,,0,0,0,0,0,0,0,6.4,0,0,0,0,1.5,7.5,0,0,0,1.2,0,0
4/15/2023,10,,0,1.2,0,0,0,6,0,0,7.9,0,0,2.4,0,0,0,0,0,0,0,0
4/16/2023,14.2,,33.1,8.1,11.5,0,0,8.2,10.3,0,2.1,45.3,0,0,19.5,26.4,0,9.6,0,0,1.7,0
4/17/2023,0,,0,0,0.1,0,0,0,0,0,0,0,0,0,0,0,0,0,0,0,0,0
4/18/2023,0,,0,0,0,0,3.7,0,0,0,0,0,2.5,0,0,0,0,0,27.5,1.1,0,6
4/19/2023,0.5,,7.4,13.1,5.7,0,0,3.2,0,0,18.2,13.8,0,0,32.8,0,0,0,0,0,0,1
4/20/2023,0,,0,0,0,0,0,0,0,0,0,0,0,0,0,0,0,0,0,0,0,0
4/21/2023,0,,0,0,0,0,0,6.8,0.2,0,0,0,0,4.8,0,0,0,0.4,0,0,0,0
4/22/2023,0,,0,5.2,4,0,4.2,0,0,0,0,0,0,0,0,0,0,0,0,0,0,0
4/23/2023,6.2,,2.6,0,0,0,9.4,26.1,5.5,0,8.4,11.8,7.3,1.4,20,0,0.8,40.7,1.3,14.5,37.2,3.8
4/24/2023,0,,0,0,0,0,0,0,0,0,0,0,0,0,0,0,0,0,0,0,0,0
4/25/2023,34.2,,0,1.3,4.3,4.2,28.5,17.5,0,3.7,6.7,70.4,0,0,28.1,0,2.8,1.8,4.8,5.5,24.2,0
4/26/2023,0,,0,0,0,1.9,0,0,0,0,0,0,0,0,0,0,0,0,0,0,0,0
4/27/2023,0,,84,0.8,46.6,19.4,6,2,48.2,0,40.4,13,0,0.4,33,19.9,14.3,58.2,12.7,0,49.7,0
4/28/2023,0,,0,0,0,0.7,0,0,0,0,0,0,0,0,0,0,0,0,0,0,0,0
4/29/2023,16.8,,15.4,36.4,28,0.8,26.5,51.5,3.2,0.7,16.6,0,19.1,0.6,5,7.5,1.2,3.8,1.6,22.7,0.1,0
4/30/2023,0,,0,0,0,0,0,0,0,0,0,0,0,0,1.9,0,1.3,0,0,0,0,0
5/1/2023,0,,8.6,1.9,1.1,0,0,27.5,0,0,12.5,0,0,0.1,65.4,0,1.3,0,0,0,0,19.6
5/2/2023,1.7,,0.2,0,0,0,0,0,0,0,0,0,0,0,0,0,0,0,0,0,0,0
5/3/2023,0,,30,0,0,0,0,0.3,0,0,0,0,0,0,0,0,0.1,0,0,0,0,0
5/4/2023,7.8,,0,0,1.2,0,27,30.2,0,0,0,0,0.8,0,0,0,0,0,15.2,47.7,0,10
5/5/2023,0,,0,0,0,0,0,5.8,0,0,0,0,0,0,0,0,0,0,0,0,0,0
5/6/2023,0,,0,74,13.6,5.7,4.6,44.3,13.5,0,0,15,0,44.7,25.3,7.5,36.6,1.9,0,0,26.8,0
5/7/2023,3.5,,0,0,0,0,5.1,0,0,0,0,6.2,13.6,0,0,0,0,0,0,9.7,0,0
5/8/2023,0.3,,0,0.5,0,0,1.2,0.6,0,0,0,0,0,0,13.8,0,0,0,0,0,11.5,0
5/9/2023,0,,0,24.3,0,0,0,0,0,0,0,4.6,0,0,7.4,0,0,0,0,0,0,0
5/10/2023,0,,0,0,0,0,0,0,0,0,51.1,4.4,0,0,22.5,0,0,0,0,0,0,0
5/11/2023,0,,0,0,0,0.5,0,0,0,0,0,0,0,4.9,4.1,0,0,0.9,0,0,0,0
5/12/2023,0.8,,1.5,0,0,5.1,0,0,0,0,10.9,0,20.4,0,0,0,0,0,0,2.3,0,1.6
5/13/2023,15,,0,4.5,8,0,0,14.1,0,0,2,7.1,0,0,2.3,10.8,0,0,18.5,3.1,4.3,0
5/14/2023,38.4,,75.5,56,51.1,15.1,32.3,28.6,64,5.4,38.8,2.9,0,5.6,0,33.5,1.5,34.5,36,38.4,47.2,0
5/15/2023,20,,1,33.5,1.4,10.3,7.2,1.6,17,12.8,1.8,8.1,0,24.6,27.3,27.7,17.6,3.5,1.1,0,3.5,2.4
5/16/2023,0,,0,0,0,0,0,0,0,0,0,0,0,0,0,0,0,0,0,0,0,0
5/17/2023,0,,14.3,0.2,0.8,40.4,0,11.7,45,0,0.3,0,36.4,0,0,0,0,41.7,0,1.7,0,13.9
5/18/2023,6.5,,7.8,32,33.9,6.6,5.6,7.1,6.8,19.3,6.1,12,0,5.1,39.8,0,9.9,13.4,37.7,2.4,53.7,3.1
5/19/2023,0,,0,0,0.5,19,0,9.2,0,0,8.8,0,0,1.1,14.4,0,9.2,0.5,0,0,0,0
5/20/2023,0,,58.2,62.2,45.3,1.9,3.7,1,25.5,0,12.9,18.4,0,3.9,1.9,0,0.8,60.4,0,0,32,0
5/21/2023,0,,0,0,0,0,0,0,0,0,0,0,0,0.4,0,0,4.8,1,0,0,7.4,0
5/22/2023,0,,1,80.4,0,3.9,6,0,0,0,0,0.3,10.1,0,19.3,0,0.1,0,0,6.7,9.6,0
5/23/2023,7.1,,0,0,0,0,0,0,0,0,0,0,0,0.8,0,0,0,0,7.8,0,0.1,0
5/24/2023,0,,11.8,28.4,9.9,10,3.4,1.2,7.1,10.4,2.5,0,1.2,5.5,0,2.3,15.3,7.6,0.1,15.3,0,8.3
5/25/2023,0,,0,0,0,3,0,0,0,0.1,0,0,0,0.6,0,14,11.5,0,0,0,6.5,0
5/26/2023,0,,0,0,0,13.6,0,0,0,0,0,3.4,0,0,1.8,3.7,0,0,0,0,0,0
5/27/2023,0,,8,0.2,2.9,0.5,0,0,4.5,2.9,1.2,0.2,0,1.3,12.4,16.1,4.6,4.3,0,0,7.6,0
5/28/2023,0,,0,0,0,13.2,0,1.2,0,0,0,0,0,1.3,3.8,0,4.4,0,0,0,0,0
5/29/2023,0,,0.5,0.3,0,4,0,3.5,11.1,0,0,0,0,0.8,1.1,0,0.5,2.4,0,0,0,0
5/30/2023,0,,0,0,0,2.9,0,8.2,0,0,0,0,0,6.6,0,4.7,1.7,10.6,0,0,0,0
5/31/2023,5.5,,1.4,0,6.7,7.7,0,0,16.9,41.3,0.9,0,11.7,2.3,0,0,0.3,42.3,63.4,15.7,13.2,19.1
6/1/2023,1.6,,0,0,0,28.5,3.3,0,0,0.1,0.1,26.4,0,2.3,0.6,18.3,1,0.7,0,0,13.2,0
6/2/2023,0,,0.5,0,0,261.9,0,0,11.7,5.9,13.2,25,0,10.8,7.8,66.3,6.2,23.5,0,0,31.7,0
6/3/2023,0.3,,1.5,0,0,1,0,0,0.6,3.2,0,0,0,3.2,0,0,7.7,0,0,0,0,0
6/4/2023,0,,0,0,0,4.3,0.2,0,0.1,0,0,0,0,2.3,2.8,2.9,3.5,0,18,0,4.2,18
6/5/2023,0,,0,0.4,0,48.2,0,0,0,1.9,14.1,25.1,0,0.1,6.5,0,1.3,0.2,0,0,0,0
6/6/2023,1.9,,38.7,7.6,6.5,5.5,0,0.8,28.8,0,8.6,0,0,3.9,4.2,5.7,37.2,11.2,6.6,1.2,5.8,0
6/7/2023,0,,7.5,0.2,0.4,14.7,0,0,6.9,0,0,0,20.1,1.1,4,0,20.2,4.4,0,0,1.2,0
6/8/2023,0,,0,0,0,1.5,0,0,0,0,0,0,0,1,1.7,0,0,0,0,0,0,0
6/9/2023,0,,0,0.4,0,30.3,8.5,6.6,16.2,0,0,0,30.7,7.8,0,0,0.3,70.1,0,49.6,2.3,5
6/10/2023,41.5,,9.4,33.6,0,10.6,0,4.8,74.2,34.8,0.9,12.4,0,92.1,42.7,0,74.3,18.9,3,0,9,0
6/11/2023,0,,0,0,0,0,3.3,0,0,0,0.7,0,0,0,9.2,0,0,0,0,0,0,0
6/12/2023,0,,0,0,0,0,0,0,0,0,0,0,0,0,0,0,0,0,0,5.3,0,1.9
6/13/2023,0,,0,0,0,0,0,0,0,0,0,0,0,0,0,0,0,0,0,0,0,0
6/14/2023,0,,0,0,0,0,0,0,0,0,0,0,5.7,0.4,0,0,0,0,1.1,0,0,9.9
6/15/2023,0,,8.9,0,0,0.5,39.2,9.7,0,10.2,0,13,0.7,0,0,1.4,0,0,4.7,19.7,1.4,22.9
6/16/2023,0,,0,0,0,0,0,1.5,0,0.6,0.6,0,0,0,0,2.1,0,0,0,0.8,0,1.6
6/17/2023,0,,0,0,0,0.3,0,0,0,0,0,0,0,0,0,0,4.6,0,0,0,0,0
6/18/2023,11.4,,0.2,0.7,0,38.6,0,0.9,2.2,21.9,2.1,18,0,0,22.7,9.8,0.2,1.5,0,10.2,4.3,5.2
6/19/2023,1.3,,0.6,4.6,3.8,90.8,5.3,1.8,0.1,0,3.4,4.2,75.6,0.1,0,0,0.1,0,18.7,2.9,0,34.6
6/20/2023,0,,0.3,39.8,3.4,30.8,27.7,0,0,0,31.7,0,0,0,1.9,0,42.1,0,5.1,9.6,2.1,4.5
6/21/2023,32.1,,80.2,19.8,44.5,71.4,9.7,13,23.2,7.6,16.1,25.4,0,51.6,65.4,50.8,82,6.9,6.3,6.3,35.5,1.6
6/22/2023,5.2,,0.6,27.7,15.5,33.4,18.4,41.2,15.5,0.9,1.5,0,0,2.3,1.8,0.1,6.2,5.9,4,0,0,3.6
6/23/2023,8.9,,2.1,62.8,7.9,355.4,0,14,0,1,3.9,84,0,16.1,10.2,0,197.2,0.1,0,0,0,0
6/24/2023,13.6,,1.8,109.6,83.4,75.5,0,12.6,1.6,13.3,66.2,31.8,7.8,13.2,81.3,0,117.2,1,0,0,0,0
6/25/2023,1.5,,0.7,0,0,0.3,0,0.6,0,0.5,0.5,0,38.7,0,3.9,0,0,0,9.4,4.8,3.8,1.9
6/26/2023,0,,0,0,0,0,1.7,0,0,0,0,0,0,0,1.3,0,0,0,25.5,0,0,0
6/27/2023,20.7,,0.1,0,1.3,8.3,0,1,0,39.1,0,0,0,0,2.8,0,2.4,0,7.8,0,24,17.2
6/28/2023,3.2,,0,5.4,0,5.2,0,0,0,24.9,0,20.3,0,0,3.3,13.8,3.9,0,1.6,0,2.3,27.3
6/29/2023,8.8,,0,0.9,0,0.6,3.2,0,0,0.3,1.7,0,0,0,7.9,0,3.9,0,8.7,66.5,0,0
6/30/2023,0,,0,0,0,0,2,0,0,0,0,0,0,0,0,0,0,0,0,0,0,0
7/1/2023,0,,0,0,0,0,1,0,0,0,0.4,5,6.6,0.8,3.2,0,2.2,0,0,0,0,0
7/2/2023,15.9,,0,44.6,0,118.5,24.2,1.2,0,0.1,19.1,58.2,6.5,0,47.6,35.1,0.1,0.3,35.4,3.9,31.1,32.7
7/3/2023,2.8,,0,2.5,0,7.8,0,0,0,0.1,0,0,0,0,8.6,4.1,7.4,0,0,0,4.2,0
7/4/2023,3,,0.1,3.9,12.7,0,23.1,15.1,0,8.3,1.6,0,1.2,2.4,2,0.4,1,0,6.8,0,9.1,0
7/5/2023,0.3,,0,0,1.2,0.8,3,0,0,0,0,0,0,1.5,1.2,0.5,21.5,0,0,0,2,0
7/6/2023,0,,0,0.1,0,2.6,0,0,1,0,0,0,0,0,0,0,5.8,2.5,0,0,0,0
7/7/2023,27.2,,0.6,6.1,6.5,0,2.2,4.7,0,14.4,29.1,0,9.8,15.7,4,0,45.4,0,2.3,19.4,4.1,48.5
7/8/2023,44.7,,27.3,12.4,36.5,0,8,189.2,8.5,52.8,29.3,62.5,0,15,4.5,0,0,1.1,0,0,1.1,7.1
7/9/2023,3.2,,1.1,19.4,0.3,7.5,0,15.9,6.2,8.1,34.2,0,0,0,21.4,0,2.6,2.1,2.5,10.9,0,0
7/10/2023,35.6,,0,3.8,0,0.5,0,35.7,0,5,0,10.5,5,0,3,0,0,0.4,0.7,24.1,0,1.3
7/11/2023,0,,8.3,2.5,0,0,0,0,0.6,8.5,0,0,0.9,0,0,0,0,0,0,0,0,13
7/12/2023,3.2,,10.9,1.5,27.2,0.4,3.8,37.2,30.6,30,26.5,0,22.3,60.5,16.9,10.8,26.2,21.2,10.9,2.8,5.4,1.5
7/13/2023,0.8,,0,21.2,0,0,0,0,0.1,0,0,0,0,3.2,19,3.5,0,3.5,0,0,0,0
7/14/2023,0.3,,0,0,0,19.4,0,0,0,0,0,17.6,0,0,13.5,0,0,0,0,0,9.9,0
7/15/2023,22.3,,0,2.1,11.9,10.2,0,29.2,0,38.7,4.2,0.3,68.7,0,97.1,20.3,0,0,5.5,0,21.7,19.7
7/16/2023,8.9,,0,27.1,0,35.8,13.6,3.1,0,32.7,0.1,0.2,0.9,0,3.4,0,21.3,0,31.2,0,2.1,27.8
7/17/2023,0.4,,0,18.7,0.2,29.1,5.8,29.5,4.1,19.9,43.3,0,0,0.4,9.3,0,42.7,0,2.8,11.9,2.4,0
7/18/2023,1.9,,0.5,15.6,2.5,11.1,0.9,2.6,0,15.3,0.5,0,45.5,0.7,25,1.8,0,0,19.2,25.6,6.2,29.7
7/19/2023,5.5,,0,0,0,4.1,0,0,0,0,0.2,2.2,0,3.7,11.6,26,18.9,0,0,0,11.5,0
7/20/2023,0,,0,0.7,0,1.2,0,0,6.4,0,0,1.7,0,0,7.2,0,0.9,0.5,0,0,0,0
7/21/2023,0,,42.7,18.8,0,8.5,0,0,5.2,6.8,0.6,3.9,0,1.7,37.4,0,5.3,1,0,0,0,0
7/22/2023,4.8,,0,15.3,0,66.4,0.7,4.3,0.6,23.4,6.3,0.8,3.4,0.4,22.7,2.7,15,3.4,2.6,35.2,7.2,2.9
7/23/2023,0,,0,2.8,0,0.5,0,0,0,0.8,0.3,0,11.5,0,1,6,0,0.4,11.1,1.6,0.2,1.2
7/24/2023,0,,0.4,1.3,0,0,3,0.4,0,0,0.4,0,12.1,0,0,0,0.1,0,68.5,15.6,0,82.3
7/25/2023,0,,0,6,0,0,0,0,0,0,15.2,0,0,2.4,0,0,3.3,0,7.7,0,0,0
7/26/2023,0,,0,3.4,0,1.2,0,0,0.3,0,0.7,0,0,1,1.5,0,2.8,3.1,0,0,0,0
7/27/2023,0,,0.2,42.4,0,0,0,1.5,0.4,22.1,1.3,0.3,30.1,7.8,0.9,0,0,0.6,37.1,0,0.6,5.2
7/28/2023,0,,0.2,0.2,0,5.7,12.6,0,0,0,6.1,0,0,0,17.4,0,2,0,7.6,34.9,0,0
7/29/2023,0,,0.1,0,0,0.6,0,0,0,4.4,0,0,0,5.8,22,0,4.5,0,0,0,0,0
7/30/2023,0,,0,0,0,3.9,0,2.3,0,1.6,0,0,45.6,0,0,0,2.4,0,26.5,35.7,0,24.2
7/31/2023,0.1,,0,0.1,0,1.5,5.1,0.5,5,1.3,6.3,0,0,6.6,1.5,0,3,0.1,3.8,0,0,34
8/1/2023,73.8,,0.5,6.2,0,0.3,1,1.3,1.5,76.7,1.4,35.7,0,3.1,3.7,0,2.1,0,2.6,4.9,0,55.9
8/2/2023,0,,1.6,6.2,0,0,3.2,6.2,2.6,1,4.4,0,0,0,4.9,14.6,0,1.2,0.2,2.8,1.2,0
8/3/2023,0,,0,3,0.3,0,0,0.8,0,0,1.8,0,0,0,7.2,0.4,0,0,0,0,0,0
8/4/2023,0,,0.8,0.4,0,0.1,0,0,0,0.4,0,0,0,0,0.9,0,0,0,0,0,2,0
8/5/2023,0,,0,0,0,0,0,0,0,0,0,0,0,0,4.4,0,2.8,0,8.9,0,0,11.8
8/6/2023,0,,0,11.5,0,0,0,0,0.8,0.6,0,0,0,0,6.3,0,0,2.1,0,0,0,0
8/7/2023,0,,0,0,0,1.2,65.6,0,0,4.8,0.5,0,4.3,0.3,0,0,0.5,0,6.2,2.6,1,0
8/8/2023,4.6,,0,0.9,0,0.3,0,0,0,20.3,1.4,2.6,34.7,2.3,4.6,0,4.4,0.4,1,0,0,3
8/9/2023,5.3,,0,0.8,0,0.4,28.7,1.5,1.6,0,2.3,1.2,145.5,4.2,2,1.2,4,0,5.5,5.7,1.1,1.6
8/10/2023,0,,0,1,0,0,0,0.3,0,1.1,0,0,4.9,0,0,2.2,0,0,0,0,0,4.6
8/11/2023,0,,0,0,0,0,0,0,0,0,0,0,20.5,0,0,0,0,0,0,0,0,0
8/12/2023,0,,0,4.7,0,0,1.5,0,0,0.6,0,0,10.1,0,2.4,0,0,0,0,5,0,0
8/13/2023,2.9,,0,3.5,0,0.1,0,0,0.5,0,0,1,1.5,0.8,1.5,0,0,0,6.5,0,0,0
8/14/2023,1.4,,0,0.2,0,3.6,0.2,0,0,0.7,0,0,4.4,0,4.4,0,0,0.2,0,3.8,0,5.5
8/15/2023,0,,0,0.7,0,0,2,0,0,0,0.3,3.3,0,0,0,4.1,0,0,0,0,0,0
8/16/2023,24.5,,34.6,47.7,0.6,1.6,0.9,20.1,2.8,58.2,24.2,13.6,0,7.6,2.1,0,9.8,15.6,28,0,0.5,15.3
8/17/2023,0,,0,4,0,5.1,6.4,0,0,6.4,0,1.2,50.1,64.2,25.8,31.8,9,3.9,0,2,23.8,3.5
8/18/2023,8,,0.9,18,12.5,1.2,6.4,0,8.7,0.4,6,14.3,10.2,5.5,11.1,9.1,2.5,22,4.5,8.4,3.3,46
8/19/2023,0,,23.1,54.4,22.4,0.7,0,4.9,29.4,13,36.1,8.6,0,6.3,1.7,19.1,0,45.4,0,0,0.9,0
8/20/2023,0,,0,0,0,0,2.6,0,0,2.5,0,0,20.2,2,1.5,0,0,0,0,8.9,0,0
8/21/2023,0,,0,1.1,0,12.2,0,0,0,0.6,0.3,0,0.5,0,2.6,0.2,3.6,0,0,0,0,0
8/22/2023,0.3,,0,1.2,0,0.2,1.5,0,0,27.6,0.5,0,0,0.1,1.2,0,3.8,0,1,8.2,0,19
8/23/2023,0,,0.2,0.3,1.7,3.4,31.5,0,0,0.8,0,0,20.8,0.9,7.5,0.4,4.3,0,13.2,11.3,0,8.3
8/24/2023,0,,0,0.4,0,0.2,0,0,0,7.8,0,0,0,0,2.1,0,1.3,0,0,0,0,0
8/25/2023,0,,0,0.4,0,3.2,0,0,0,5.6,0,8,0,0.6,4.2,0,3.5,0.5,24.4,3,0,30.2
8/26/2023,0,,0,1,0,1.6,9.2,0.2,0,1.1,0,0,15.7,0,4.5,0,0,0,8.3,16.7,0,3.8
8/27/2023,0,,0,0,0,0.4,1.6,0,0,0,0,0,3.7,0,5.2,0,2.4,0,1.2,0,0,16
8/28/2023,10.4,,0,1.2,0,0.6,4.1,13.8,0,0.3,0,88.8,2.2,0,0,8.1,0,0,0.5,27.4,4.6,2.3
8/29/2023,0,,0,0.2,0,0.6,0,0,0,0.8,0,0,0,0,7,0,0,0,0,0.6,0.5,0
8/30/2023,0.5,,0.7,0,28.4,0,1.1,0,2.2,4.2,0,0,9.5,1,0,0,2.5,0.3,10,3.8,4.6,6
8/31/2023,0,,1.4,22.5,0,6.7,1.6,3.4,0,0,0,0,0,0,0,0.6,12,0,0,0,0,0
9/1/2023,6.5,,0.2,1.7,0,7.3,9.9,16.9,0,0,0.8,1.5,0,0.7,1.3,0,3,0,4.6,8.4,0,4.6
9/2/2023,34,,4.4,25.9,1.3,7.6,0,10.7,45,23.8,7,0.4,80.2,8.2,4.7,4.9,11.8,8.6,4.7,80.2,0,8.3
9/3/2023,0.8,,12,5.3,0,1,0,5.9,3.4,0,7.5,0.4,0.4,1.4,1.4,0.4,3,7.8,0,15.3,0,3.7
9/4/2023,0,,0,0,0,0,9.8,0,0,0.1,14.2,0,0,0,14.2,0,0,0,2.3,3.2,0,34.6
9/5/2023,0,,0,0.4,0,0,74.4,6.3,0.3,1.9,0.8,0,6.1,0,0,0,4.9,0,41.5,32.3,2,46.6
9/6/2023,0,,0,0,0,0.5,0,0,0,0,5.8,0,0,0,0,0,1.3,0,0,0,8.6,0
9/7/2023,0,,0,0,0,0,0,1.9,0,0.3,0,0,24.3,0,0,0,0,0,0,0,0,0
9/8/2023,47,,19.4,0,28.3,1.1,34,49,3.3,82.2,4,46.7,7.5,1.4,7.5,20.3,2.8,0.7,7.9,3.8,0,13.6
9/9/2023,2.4,,0,6.3,3.7,0.5,0,19,0,0,1,1.8,0,0,9.9,1.1,8.1,4.5,1.8,0,37,0
9/10/2023,0,,0,0,0,3.4,0,0,0,0,0,0,0,0,0,0,0,0,0,0,0,0
9/11/2023,0,,0,0,0,0,0,0,0,8.2,0,0,0,0,0,0,0.2,0,0,0,3,0
9/12/2023,20.5,,18.2,10.2,15.3,29.1,9.7,40.3,38.9,24.9,11.3,8.6,13,40.9,7.5,22.5,26.2,34.3,18.9,28.7,0,21.3
9/13/2023,2.6,,0,11.8,0,1.9,0,0,3.5,9.1,3.7,2.6,0,0.9,3.7,0,3.6,0,0,0,0.9,1.1
9/14/2023,1,,0,0.1,0,1.2,0,0,0,26.7,0,2.6,0,0,5.5,0,0,0,0,0,1.7,0
9/15/2023,0,,25,12,8.8,0.2,16.3,0.8,0.5,7.7,0.2,0,39.7,0.7,0,0,0.6,0,9.5,1.1,0,5.5
9/16/2023,18.4,,0,14.7,0,0.8,110.5,1.1,0,15.5,0.9,0,36.3,0,2.9,0.5,6.7,0,21.3,63.5,0,16.4
9/17/2023,4.6,,0,27.9,0,0.5,11.2,6.8,0,6.6,0.8,1.2,0,0,4.9,0,6.7,0,0,5.1,0,0
9/18/2023,0,,0.5,0,0,0,23.7,0.6,0,0.7,0,0.9,0,0,0,0,0,0,0.2,1.2,0,0
9/19/2023,31,,0,0.1,10.6,0.6,52,0.8,0.1,0,0.3,0,2.8,0,0,0,0,0,15.2,25,0,0
9/20/2023,0,,0,0,0,0.2,0,0,0,0,0,0.6,0,0,1.2,0,0,0,0,0.1,0,0
9/21/2023,10,,0,0,0,6.1,0,0,0.8,64.5,0,44.6,13.7,0.6,0,9.1,0,0,6,18.2,0,28
9/22/2023,3.1,,44.4,0,35,5.5,0,3.3,74.3,0,20.6,8.2,0,50,30.4,2.1,8.7,75.6,0,0,0,0
9/23/2023,0,,0,0,0,0.6,0,0,0.8,0.9,0,0,14.1,0,0,7.2,4.1,1.5,1.8,1.6,0,18.8
9/24/2023,0,,0,0,0,0.3,5.2,3.3,9,0,0,3.3,19.9,0,1.6,0,8.5,16.1,11.3,0,0,1.7
9/25/2023,0,,0,0,0,1,0,0,9.1,0,0,0,0,0,0,0,0,0,2.3,6.1,5.6,0
9/26/2023,0,,0,0,0,0,35.8,0,0,0,0,0,0,0,0,0,0,0,0,0,0,0
9/27/2023,0,,0,13.4,0,0.2,0,0,0,0.6,8.5,8.8,0,0.4,0,0,0,0,3.2,0,0,15.4
9/28/2023,0,,0,0,0,7.9,0,0,0,0,0,0,0,0,0,0,0,0,0,0,9.4,0
9/29/2023,8.6,,19.3,36.2,9.2,0,0,8.2,2,8.2,17.7,9.8,13,0.8,16.6,20.1,1.1,10.2,9.2,0,12.5,3.2
9/30/2023,0,,0,0,0,0,2.9,3.5,1.3,0,8.7,5.4,0,0,0,0,0.7,0.1,0,0,8.5,0
10/1/2023,3.1,,0,23.9,0,1.9,2.9,0,0,0,0,0,12,40,0,21.3,0.2,5,41.7,18.7,8.234375,11.9
10/2/2023,10,,3.5,0.1,0,5,0,2.1,0,25.8,0,54.6,2.2,9.1,2.8,12,0,1,0,8.1,7.96875,0
10/3/2023,0,,0,0,0,24.3,1.4,0.3,0,15,0,0.4,0,2.3,0,25.7,0.5,0.7,2,0.1,7.703125,0
10/4/2023,0.8,,10.7,9.3,36.1,0,0,0.6,0,29.5,9.2,1.9,0,0,0,0,0.1,3.8,0,20.9,7.4375,7
10/5/2023,27.4,,0,0.8,0,7.3,9.4,3.8,0,50.9,28.8,17.2,0,0.2,4.4,12.3,0.7,0.3,7.7,3,7.171875,15.2
10/6/2023,3.6,,0,38.1,0,19.3,3.2,4.4,0,21.7,0,12,0,0,9.8,0,1.4,0,16.6,6.5,,13.9
10/7/2023,13.4,,0,2.4,11.2,23.6,29.1,0,0,0.6,65.4,22.8,0,0,7.6,2.9,1.5,0,10.3,6.5,,18.1
10/8/2023,1,,0,0.6,0,76.8,15.1,0,0,25.5,0.2,3.7,0,1.9,4.7,0.5,0,0,3.1,0,,0
10/9/2023,4.5,,0,0.7,0,0,0,0,0,0.6,0.3,0.1,6,15.2,0,43,24.2,0,0,6,,0
10/10/2023,0.2,,0,28.3,1,0,5.5,7.8,0,2.2,0,0,0,0,2.7,12.3,4.1,0,3.5,0,,12.2
10/11/2023,65.4,,0,0.1,0,0,2.8,9.3,0,8.2,0,36.9,0,0,1.4,48.4,0,0,4.5,0,,45.5
10/12/2023,4.6,,5.1,65.4,4.2,3,18.3,15.8,0,16.8,15.5,21.9,25,2,19.6,6.1,0,24.2,0,14.7,,27.5
10/13/2023,0,,0,0,0,0,0,0,0,0,0,0,0,0,0,0,0,1.5,0,0,,0
10/14/2023,0,,0,14.2,0,0.7,0,0,0,0,3.6,0,0,2.6,19.1,21.8,0,0,0,1.6,,0
10/15/2023,0,,0,0,0,12.6,0,0,0,0,0,0,0,19,2.5,0.8,12.2,0,0,0,,2.3
10/16/2023,0,,0,0,0,24.4,1,0,0,10.6,0,0,0,1.8,1.2,0,3.1,0,19.4,0,,4.5
10/17/2023,0,,10.5,6,10.4,8.9,0,0,0,0,20.2,31.1,9.1,23,67.1,6.8,26.5,23.7,0,1.6,,8
10/18/2023,0,,0,0,0,0,0,0,0,5,0,0,0,0,0,0,0,0,0,0,,0
10/19/2023,0,,0,0,0,0.4,1.8,0,0,0,0,0,0,0,0,3.9,2.2,0,0,0,,5.5
10/20/2023,0,,0,27.6,0,0.2,0,0,0,0,0,0,0,0,23.3,0,0,0,0,0,,0
10/21/2023,0,,8.2,7.9,0,0,0,3,0,0,0,6.5,0,0,0,0,0,0,0,0,,0
10/22/2023,0,,25.2,9.1,3.2,0,0,0,0,2.4,8.5,3.9,0,0,1.9,0,0,0,0,0,,0
10/23/2023,0,,1.7,7,1.2,87.7,0,0,5.8,2,0.7,0,0,12,0,0,46.3,2.5,0,0,,0
10/24/2023,0,,0.9,0,0,0.3,0,0,0,0,0.2,0,0,0,0,0,0.2,0,0,0,,0
10/25/2023,24.9,,0,0,0,52,3.6,0,0,0,0,0,0,0,0,0,8.5,1.6,0,0,,0
10/26/2023,0,,4.1,1.9,0,3.4,0,0,0,0,0,0,0,0,0,0,0,0,0,0,,0
10/27/2023,0,,0,0,0,0,0,0,0,0,0,0,0,0,0,0,0,0,0,0,1.328125,0
10/28/2023,0,,0,0,0,2.2,0,0,0,0,0,0,0,0,0,0,0,0,0,0,1.0625,0
10/29/2023,0,,0,0,0,0,0,5.7,0,0,0,0,0,0,0.7,0,0,0,0,0,0.796875,0
10/30/2023,0,,24.6,59.4,7.9,39.2,0,0,0,0,2.5,9.1,0,38.3,8.2,47.8,29,5.8,0,0,0.53125,0
10/31/2023,0,,0,0,0,1.1,0,0,0,0,0.2,0,0,1.4,0,0,3,0,0,0,0.265625,0
11/1/2023,0,,0,0,0,0,0,0,0,0,0,0,0,0,0,0,0,0,0,0,0,0
11/2/2023,0,,0,0,0,0.5,1,0,5.4,0,0,0,0,0,0,1.4,0,0,0,0,0,0
11/3/2023,0,,0,12.8,0,0,0,0,0,0,0,0,0,0,0,0,0,0,0,0,0,0
11/4/2023,0,,0,9,0,0,0,0,0,0,0,0,0,0,0,0,0,0,2.1,6,0,0
11/5/2023,0,,0,0.8,10.2,0,0,2,0,2.5,6.8,0,0,0,12,0,0,0,0,0,2,0
11/6/2023,0,,4.1,23,13.1,34.7,0,13.8,53,0,9.3,3.2,0,50.2,7,12.1,1.7,55.3,0,0,8.6,2
11/7/2023,0,,0,0,0,12.2,0,0,0,0,0,10,0,0.7,5.2,0,36.6,0.5,0,0,0,0
11/8/2023,0,,0,15,5.5,36.5,0,19.1,0.8,0,6.7,0,0,0,0,0,9.8,0,0,0,0,0
11/9/2023,18.3,,0.6,4.2,5.2,0.5,5.3,0,0,0,14.3,0,0,0,49.3,57.9,0,0,0,6.2,37,0
11/10/2023,0,,0,0,11.4,1.8,0,0,0,0,0,0,0,0.5,0,0,0.6,0,0,0,0,0
11/11/2023,1.5,,14,0,6.7,1,4.5,0,0,0,0,5.5,0,0,15.2,0,0,0,7.3,4.5,3,0
11/12/2023,0,,0,0.1,15.5,0,0,0,0,0,0,0,0,0,4.5,0,0,0,0,0,0,0
11/13/2023,0,,0,0,0,0,0,0,0,0,0,1.4,0,0,0,0,0,0,0,0,0.9,0
11/14/2023,0,,0,0.7,0,1.4,0,0,0,0,0,0,0,0,0,0,0,0,0,0,1.7,0
11/15/2023,0,,0,0.3,0,43,0,0,0.5,0,0,11.2,0,0.3,0,1.6,2.6,0,0,0,0,0
11/16/2023,0,,0,0,0,1.1,0,0,0,0,0,0,0,0,1.4,1.3,0,0,0,0,0,0
11/17/2023,0,,0,0,0,0.6,0,0,0,0,0,11.5,0,0,4.9,0,0,0,0,0,0,0
11/18/2023,0,,0,5,11.6,0,0,0,0,0,0,5,0,0,4.9,0,0,0,0,0,0,0
11/19/2023,0,,0,0,0,1.1,0,0,0,0,0,0,0,4.5,0,0,0,0,0,0,0,0
11/20/2023,0,,0,0,0,0.5,0,0,0,0,0,0,0,0,0,0,0,0,0,0,0,0
11/21/2023,0,,0,0,0,30.1,0,0,0,0,0,0,0,0,0,0,0.2,0,0,0,0,0
11/22/2023,0,,0,0,0,0,0,0,0.7,0,0,0,0,0.3,0,0,0,0,0,0,0,0
11/23/2023,0,,0,0,0,0,0,0.6,29,0,0,0,0,0,0,0,0,0,0,0,0,0
11/24/2023,0,,0,46,0,1.2,0,58.2,0,0,6.4,0,0,10.3,0,0,0,0,0,0,0,0
11/25/2023,0.1,,3.2,4.5,0,1,0,3.1,0,0,1.2,0,0,0,0,53.8,34.05,0,0,0,5.6,2.4
11/26/2023,10.7,,0,41.8,33.2,6.4,0,84.5,6.6,12.1,15.7,39.3,0,0,57.4,7,68.1,32.5,0,11.6,0,8
11/27/2023,0,,0,0,0,0,0,0,0,0,0,0,0,0,0,0,0,7.8,0,0,0,0
11/28/2023,0,,0,54.2,84.9,0,0,1.6,0,0,7.5,7.4,0,0,0,9.2,0,0,0,0,9.4,0
11/29/2023,0,,0,0,0,0,0,6,0,0,1.5,0,0,0,0,0,0,0,0,0,12.5,0
11/30/2023,0,,0,0.6,1.2,0.5,0,1.2,0,0,0.6,0,0,0,0,0,0,0,0,0,8.5,0
12/1/2023,0,,0,13,0.7,0,0,13.6,0,0,1,0,0,0,1.3,4.2,0,0,0,0,0,0
12/2/2023,0,,0,0,0,3.4,0,0,0,0,0,0,0,0,0,0,0,0,0,0,0,0
12/3/2023,0,,0,0,0,7,0,0,0,0,0,0,0,0,0,0,0,0,0,0,0,0
12/4/2023,0,,0,0,0,0,0,0,0,0,0,0,0,0,0,0,0,0,0,0,0,0
12/5/2023,0,,0,0,0,0,0,26.1,0,0,0,0,0,4.4,0,0,0,0,0,0,0,0
12/6/2023,0,,0,0.6,0,0,0,7.9,0,0,0,0,0,0,0,0,0,0,0,0,0,
12/7/2023,0,,0,2.3,0,0,0,0,0,0,3.5,0,0,0,27.5,0,0,0,0,0,0,
12/8/2023,0,,1.6,0,0,0,0,7.5,0,0,0,0,0,0,0,0,0,0,0,0,0,
12/9/2023,0,,0,0,0,0,0,0,0,0,0,0,0,0,0,0,0,0,0,0,0,
12/10/2023,0,,0,0,0,0,0,0,0,0,0,0,0,0,0,0,0,0,0,0,0,
12/11/2023,0,,0,0,0,0,0,0,0,0,0,0,0,0,0,0,0,0,0,0,0,
12/12/2023,0,,0,0,0,9,0,0,0,0,0,0,0,0,0,0,0,0,0,0,0,
12/13/2023,0,,0,0,0,0,0,0,0,0,0,0,0,0,0,0,0,0,0,0,0,
12/14/2023,0,,0,0,0,0,0,0,0,0,0,0,0,0,0,0,0,0,0,0,0,
12/15/2023,0,,0,0,0,0,0,0,0,0,0,0,0,0,0,0,0,0,0,0,0,
12/16/2023,0,,0,0,0,0,0,0,0,0,0,0,0,0,0,0,0,0,0,0,0,
12/17/2023,0,,0,0,0,0,0,0,0,0,0,0,0,0,0,0,0,0,0,0,0,
12/18/2023,0,,0,0,0,0,0,0,0,0,0,0,0,0,0,0,0,0,0,0,0,
12/19/2023,0,,0,0,0,0,0,0,0,0,0,0,0,0,0,0,0,0,0,0,0,
12/20/2023,0,,0,0,0,0,0,0,0,0,0,0,0,0,0,0,0,0,0,0,0,
12/21/2023,0,,0,0,0,0,0,0,0,0,0,0,0,0,0,0,0,0,0,0,0,
12/22/2023,0,,0,0,0,0,0,0,0,0,0,0,0,0,0,0,0,0,0,0,0,
12/23/2023,0,,0,0,0,0,0,0,5.8,0,0,0,0,0,0,0,0,0,0,0,0,
12/24/2023,0,,0,0,0,0,0,0,0,0,0,0,0,0,0,0,0,0,0,0,0,
12/25/2023,0,,0,0,0,0,0,0,0,0,0,0,0,0,0,0,0,0,0,0,0,
12/26/2023,0,,0,0,0,0,0,0,0,0,0,0,0,0,0,0,0,0,0,0,0,
12/27/2023,0,,0,0,0,0,0,0,0,0,0,0,0,0,0,0,0,0,0,0,0,0
12/28/2023,0,,0,0,0,0,0,0,0,0,0,0,0,0,0,0,0,0,0,0,0,0
12/29/2023,0,,0,0,0,0.5,0,0,0,0,0,0,0,0,0,0,0,0,0,0,0,0
12/30/2023,0,,0,0,6.1,2.2,0,0,0,0,0,0,0,0,0,0,0,0,0,0,0,0
12/31/2023,0,,0,0,0,0,0,0,0,0,0,0,0,0,0,0,3.8,0,0,0,0,0
1/1/2024,0,,0,0,0,5.1,0,2.7,0,0,0,0,0,0,0,0,21.1,0,0,0,0,0
1/2/2024,0,,0,0.4,1.1,0,0,0,0,0,0,0,0,0,0,0,0,0,0,0,0,0
1/3/2024,0,,0,0,0,0,0,0,0,0,0,0,0,0,0,0,0,0,0,0,0,0
1/4/2024,0,,0,0,0,0,0,3.1,0,0,0,0,0,0,0,0,0,4.4,0,0,0,0
1/5/2024,0,,0,0,0,0,0,6.4,0,0,1.7,0,0,0,0,0,0,0,0,0,0,0
1/6/2024,0,,0,25.8,0,0,0,0,0,0,0,0,0,2.5,26.6,0,0,0,0,0,0,0
1/7/2024,0,,0,0,9.8,0,0,0,0,0,0,19.5,0,0,0,0,0,0,0,0,0,0
1/8/2024,0,,0,29.4,0,24.5,0,0,5.2,0,0,0,0,0,0,0,0,0,0,0,0,0
1/9/2024,21.5,,1.2,0.4,0,25.4,0,0,0,0,0,2.8,0,0,0,0,9.2,0,0,0,0,0
1/10/2024,0,,0,0,0,3.6,0,0,0,0,0,0,0,0,0,0.4,0,0,0,0,0,0
1/11/2024,0,,0,0,0,0,0,0,0,0,0,0,0,0,5.4,0,0,0,0,4,0,0
1/12/2024,0,,0,0,0,8.8,0,0,0,0,0,0,0,0,0,0,0,0,0,0,0,0
1/13/2024,0,,0,0,0,8.6,0,0,0,0,0,0,0,0,0,0,0,0,0,0,0,0
1/14/2024,0,,0,0,0,0,0,0,0,0,0,0,0,0,0,0,0,0,0,0,0,0
1/15/2024,0,,0,0,0,0,0,0,0,0,0,0,0,0,0,0,0,0,0,0,0,0
1/16/2024,0,,0,0,0,0,0,0,0,0,0,0,0,0,0,0,0,0,0,0,0,0
1/17/2024,0,,0,0,0,0,0,0,0,0,0,0,0,0,0,0,0,0,0,0,0,0
1/18/2024,0,,0,0,0,0,0,0,0,0,0,0,0,0,0,0,0,0,0,0,0,0
1/19/2024,0,,0,0,0,0,0,0,0,0,0,0,0,0,0,0,0,0,0,0,0,0
1/20/2024,0,,0,0,0,0,0,0,0,0,0,0,0,0,0,0,0,0,0,0,0,0
1/21/2024,0,,0,0,0,5.2,0,0,0,0,0,0,0,0,0,0,0,0,0,0,0,0
1/22/2024,0,,0,0,0,1,0,0,0,0,0,0,0,0,0,0,42.3,0,0,0,0,0
1/23/2024,0,,0,0,0,0,0,0,0,0,4.3,11.5,0,0.6,0,0,5.8,0,0,0,0,0
1/24/2024,0,,0,13.2,0,0,0,0,0,0,1.3,0,0,0,0,0,0,0,0,0,0,0
1/25/2024,0,,0,2.1,0,0,0,0,0,0,0,0,0,0,0,0,0,0,0,0,0,0
1/26/2024,0,,0,0,0,0,0,0,0,0,0,0,0,0,0,0,0,0,0,0,0,0
1/27/2024,0,,0,0,0,0,0,0,0,0,0,0,0,0,0,0,0,0,0,0,0,0
1/28/2024,0,,0,0,0,0,0,0,0,0,0,0,0,0,0,0,0,0,0,0,0,0
1/29/2024,0,,0,0,0,0,0,0,0,0,0,0,0,0,0,0,0,0,0,0,0,0
1/30/2024,0,,0,0,0,0,0,0,0,0,0,0,0,0,0,0,0,0,0,0,0,0
1/31/2024,0,,0,0,0,0,0,0,0,0,0,0,0,0,0,0,0,0,0,0,0,0
2/1/2024,0,,0.3,0,0,0,0,0,0,0,0,0,0,0,0,0,0,0,0,0,0,0
2/2/2024,0,,0,0,0,0,0,0,0,0,0,0,0,0,0,0,0,0,0,0,0,0
2/3/2024,0,,0,0,0,0,0,0,0,0,0,0,0,0,0,0,0,0,0,0,0,0
2/4/2024,0,,0,0,0,0,0,0,0,0,0,0,0,0,0,0,0,0,0,0,0,0
2/5/2024,0,,0,0,0,0,0,0,0,0,0,0,0,0,0,0,0,0,0,0,0,0
2/6/2024,0,,0,0,0,,0,0,0,0,0,0,0,0,0,0,0,0,0,0,0,0
2/7/2024,0,,0,0,0,,0,0,0,0,0,0,0,0,0,0,0,0,0,0,0,0
2/8/2024,0,,0,0,0,,0,0,0,0,0,0,0,0,0,0,0,0,0,0,0,0
2/9/2024,0,,0,0,0,,0,0,0,0,0,0,0,0,0,0,0,0,0,0,0,0
2/10/2024,0,,0,0,0,,0,0,0,0,0,0,0,0,0,0,0,0,0,0,0,0
2/11/2024,0,,0,0,0,,0,0,0,0,0,0,0,0,0,0,0,0,0,0,0,0
2/12/2024,0,,0,0,0,,0,0,0,0,0,0,0,0,0,0,0,0,0,0,0,0
2/13/2024,0,,0,0,0,,0,0,0,0,0,21,0,0,14.8,0,0,0,0,0,0,0
2/14/2024,0,,0,0,0,,0,0,0,0,0,0,0,5,0,0,0,0,0,0,0,0
2/15/2024,0,,0,0,0,,0,7.4,0,0,0,0,0,30.7,0,0,0,0,0,0,0,0
2/16/2024,0,,0,0,0,,0,0,0,0,0,0,0,0,0,0,0,0,0,0,0,0
2/17/2024,0,,0,0,1.9,,0,0,0,0,6.4,0,0,0,0,0,0,0,0,0,0,0
2/18/2024,0,,0,0,0,,0,0,0,0,0,0,0,0,0,0,0,0,0,0,0,0
2/19/2024,33.5,,0,30.2,0,,0,0,0,0,15.8,4.2,0,0,0,0,0,0,0,0,0,0
2/20/2024,0,,2,1.6,3.2,,0,0,0.1,0,0,0,0,68.8,0,0,0,0.5,0,0,0,0
2/21/2024,0,,0,4.7,0.5,,0,0,0,0,0.8,0,0,0,0,0,0,0,0,0,0,0
2/22/2024,0,,0,0,0,,0,0,2,0,0,0,0,0,0,0,0.1,0.7,0,0,0,0
2/23/2024,0,,16.4,0,0,,0,0,0,0,0,0,0,0,0,0,0,0,0,0,0,0
2/24/2024,3.6,,0,1.2,0,,0,17.8,0,0,5.6,0,0,0,0,0,0,0,0,0,0,0
2/25/2024,0,,0,0,0,0,17.3,0,0,0,0,0,0,0,0,0,0,0,0,0,0,0
2/26/2024,0,,0,0,0,0,0,0,0,0,0,0,0,0,0,0,0,0,0,0,0,0
2/27/2024,1,,0,0,0,0,2.1,0,0,0,0,0,0,0,0,0,0,0,0,0,0,0
2/28/2024,0,,0,0,0,0,4.8,0,0,0,0,30.1,0,0,0,0.6,0,0,0,0,5.6,0
2/29/2024,0,,0,0,0,0,0,0,0,0,15.8,0,0,0,0,0,0,0,0,0,0,0
3/1/2024,11.3,,0,0,0,0,0,0,0,0,0,0,0,0,4.1,0,0,0,0,0,0,0
3/2/2024,25.2,,1,0,9.6,0,0,0,2.5,0,0.8,20.9,0,0,48.9,36.7,0,0.5,0.5,0,9.3,0
3/3/2024,0,,0,2.4,0,0.6,0,0,0.4,0,1.4,0,0,38,4.9,0,0.7,0.5,0,0,0,0
3/4/2024,0,,0,0,0,0,2.1,0,0,8.4,5.3,9.6,0,0,6,7,5.6,0,0,0,15.2,0
3/5/2024,7.1,,0,0,0,0,0,0,0,0,0,0,0,0,0,0,0,0,0,0,0,0
3/6/2024,0,,0,0,0,0,0,10.6,0,0,0,18.1,0,0,15.5,0,0,0,0,0,0,0
3/7/2024,1.6,,0,0,0,0,0,0.6,0,0,0,0,0,17.7,0,0,0,0,0,0,0,0
3/8/2024,0,,0,2.9,0,0,0,1,0,0,0,0,0,0,0,0,0,0,0,0,0,0
3/9/2024,0,,0,0,0,1.1,1,0,0,0,0,0,0,0,0,0,0,0.5,0,0,0,0
3/10/2024,0,,0,0,0,0,0,0,0,0,0,0,0,0,0,11,0,0,0,0,0,0
3/11/2024,0,,0,0,0,0,0,0,0,0,2,0,0,0,0,20.8,0,0,0,0,12.5,0
3/12/2024,0,,0,4.3,0,0,0,0,0,0,0,0,0,0,0,0,0,0,0,0,0,0
3/13/2024,0,,0,0,0,0,40.5,0,0,0,0,0,0,0,0,4.3,0,0,0,1.6,23.8,0
3/14/2024,19.6,,0,40.5,0,1.3,0,7.1,0,44.8,1.7,23.2,0,24,15.7,0,0,3.5,0,0,0.4,0
3/15/2024,0,,0,0,0,0,0,5.8,0,0,0,0,0,0,0,0,8.8,0,0,0,0,0
3/16/2024,14.5,,0,1.8,0,0,0,8.6,0,0,0,0,0,0,0,0,0,0,0,0,0,0
3/17/2024,0,,0,63.2,0,0,0,0,0,0,0,0,0,0,0,0,0,0,0,0,0,0
3/18/2024,2.3,,20.6,5.5,0,0,0,5.6,0,0,0,58.2,0,0,46.8,13.3,0,0,0,0,0,0
3/19/2024,0.3,,0,0,0,3.8,0,0,12.5,0,0,0,0,3.7,18.9,0,0,9.3,0,0,0,0
3/20/2024,7.6,,0,11.6,0,0,0,0,0,0,39.5,9.2,0,0,0,0,0,0,0,0,0,0
3/21/2024,12,,0,20.1,2.6,0,0,47.8,24.2,0,25.5,22.6,0,4.4,34,0,0,11,0,0,0,0
3/22/2024,0,,0,0,0,13.3,0,0,0,0,2.2,0,0,0,0,0,0,0,0,4.4,0,0
3/23/2024,0,,0,0,0,1.9,6.2,0,0,9.9,0,0,0,0,0,0,0,0,7.3,3.7,2,5.9
3/24/2024,0,,0,0,0,0,0,0,0,24.1,0,23.6,0,0,2.4,0,0,0,0,0,0,0
3/25/2024,0,,0,0,0,0,0,0,0,0,0,23.2,0,0,0,12.3,0,0,0,0,20.3,0
3/26/2024,28.3,,0,0,0,0,0,0,0,0,0,0,0,0,0,0,0,0,0,0,0,0
3/27/2024,0,,0,0,0,0,0,0,0,15.5,0,0,0,0,0,0,0,0,6.1,10,2,0
3/28/2024,48.3,,0,25.2,37.1,1.1,0,18.5,8.1,0,12.4,2.3,0,0,0.9,0.5,0,1.8,25.4,0,4.2,0
3/29/2024,0,,25,15,1.7,4,0,5.2,0,0,2,0,0,0,0,0,0,0,0,0,0,0
3/30/2024,1,,0,0,0,0,0,0,0,0,0,0,0,0,0,0,0,0,0,1.5,0,0
3/31/2024,0,,0,0,0,0,0,0,0,0,0,0,0,0,0,0,0,0,0,0,0,0
4/1/2024,0,,0,0,0,0.058064516,0,0,0,0,0,0,0,0,0,0,0,0,0,0,9.5,0
4/2/2024,2.2,,55.2,6.7,4.2,0.116129032,0,29.4,48.1,0,37.8,5.5,0,12.9,32.6,1.2,13.8,41.4,0,0,0,0
4/3/2024,0,,0,0,0,0.174193548,0,0,0,0,0,0,0,0,0,0,1.1,0,0,0,0,0
4/4/2024,0,,0,0,0,0.232258065,0,0,0,0,0,0,0,0,0,0,0,0,0,3,0,0
4/5/2024,29.4,,0,0,0,0.290322581,0,1,0,0,0,0,0,0,0,0,0,0,19.8,14.2,0,0
4/6/2024,15.2,,26,15,9.5,,0,2,0,0,11.7,0,0,0,0.9,4.2,0,0,0,24.5,0,35.5
4/7/2024,14.2,,4.2,14.4,13.8,,0,12.8,0.5,13.2,6.8,10.3,0,1.5,2.3,8.7,0,0.9,0,0,16.7,0
4/8/2024,1.5,,0,1.9,0,,0,2.2,0,0.2,0.4,0,0,1.3,0,1.1,7.9,0,0,0,0,0
4/9/2024,0,,0,0,0,,0,0,0,0,0,0,0,0,0,0,0,0,0,0,0,0
4/10/2024,39.6,,35.4,0,0.8,,1,9.7,0,17.9,15,6.6,11.6,0,2.1,35,0,2.5,5.3,9.4,8.2,6.4
4/11/2024,0,,0,0,0,,0,0,0,0,0,0,0,0,0,0,0,0,0,0,0,0
4/12/2024,0,,0,0,0,,0,0,0,0,0,0,0,0,0,0,0,0,0,0,0,0
4/13/2024,5.4,,1.4,0,0,,9.5,0,0,0,0,0,0,0,0,1.2,0,0,11.2,0,0.2,31.7
4/14/2024,1.1,,3.3,0,0,,0,0,0,0,0.5,0,0,14.7,0,6.5,11,0,0.8,0,2.6,0
4/15/2024,2.7,,40.3,0,0,,0,0,0,0.3,4.5,0,0,0,0,0,0,0,0,0,0,0
4/16/2024,0,,3.3,43.2,53.9,,0,0,24,0,23.5,0,0,8.9,0,0,7.2,19.9,0,0,0,0
4/17/2024,0,,0,0,0,,0,0,0,0,0,0,0,0,0,0,0,0,0,0,0,0
4/18/2024,0,,0,0,0,,0,0,0,0,0,0,0,0,0,0,0,0,0,0,0,0
4/19/2024,0,,0,0,0,,0,0,0,0,0,0,0,0,0,0,0,0,0,0,0,0
4/20/2024,0,,0,0,0,,33.5,0,0,0,0,0,0,0,0,0,0,0,8.2,0,0,3
4/21/2024,19.5,,0.3,2.5,0,,0,31,3.5,3.9,1.7,15.6,0,1,73,121.1,0,0,15.6,3,55.7,8.6
4/22/2024,0,,0,72.5,0,,0,3.2,0,0,0,0,0,0,0,0,0,0,0,0,0,0
4/23/2024,3.5,,28.5,14.3,11.4,,0,2,8.2,3.2,23.3,2.5,0,9.3,8.6,0,2.2,12.6,0,0,0,0
4/24/2024,0,,0,0,0,,0,0,0,0,0,0,0,0,0,0,0,0,0,0,0,0
4/25/2024,0,,0,3.8,0,,0,0,0,0,0,0,0,0,0,0,0,0,0,0,0,0
4/26/2024,0,,0,0,0,,0,0,0,0,0,0,0,0,0,0,0,0,0,0,0,0
4/27/2024,2.5,,0,20.6,0,,8.2,0,0,0,0,37.8,0,0,4.9,33.2,0,0,4.2,7.9,17.2,0
4/28/2024,0,,0,0,0,,0,0,0,37.2,0,0,0,0.8,0,0,0,0,2.9,0,5.8,60
4/29/2024,0,,0,30.5,0,,0,11.8,0,0,3.5,0,0,0,0,0,0,0,0,0,1,0
4/30/2024,0,,10.5,6.9,1.4,,0,0,57.5,0,23.5,0,0,12.5,0,0,0,0,0,0,0,0
5/1/2024,1,,0,0,0,,0,0,0.8,0,3.4,0.1,0,0,0,0,6.1,16.6,0,0,0,0
5/2/2024,0.1,,0,24.6,0,,0,0,0,0,0,0,0,0,0,0,0,0,0,7.2,0,0
5/3/2024,0,,0,0,0,,0,0,0,0,0,0,0,0,0,0,3.6,0,0,0,0.5,0
5/4/2024,0,,0,0,0,,0,0,0,0,0,0,0,1.9,0,0,10.7,0,0,0,0,0
5/5/2024,0,,9.2,0,9.5,,0,20,32.4,7.8,4.9,0,17.8,4.1,0,0,0,19.4,0,16.1,0,0
5/6/2024,0,,1.5,3.4,0,,0,0,0.5,0.6,1.6,0,38,7.8,0,0,19.3,4.3,0,8.2,0,0
5/7/2024,0.6,,0,1.8,11,,0,8.4,0,0,45.1,2.6,0,0,4,30.3,0,0.2,0,0,1.2,0
5/8/2024,0.6,,0,0,0,,30.5,0,0,0,0,0,0,17.5,1.2,10.6,19.8,0,1.2,0,8.9,0
5/9/2024,0,,0,0,0,,0,0,0,0,0,0,0,0,0,0,0,0,0,0,0,0
5/10/2024,4.5,,0,2.6,0,,0,0,0,0,0,0,0,0,49.2,0,1.2,0,0,0,0,0
5/11/2024,4.4,,32.4,26.4,27.6,,0,23.8,3.3,13.7,27.1,4.4,0,25.4,28.1,3,62.9,20.4,0,0,1.3,0
5/12/2024,1.5,,5.2,3.8,0,,1.7,0,0,9.5,0.8,4.9,18.2,0,0,0,0,0,27.6,2,0,103.6
5/13/2024,0,,0,18.9,6.6,,0,0.3,14.2,0,0.7,0,0,10.7,0,0,0,0,0,0,0,0
5/14/2024,0.8,,0,0,0,,0,0,0,0,0,10.4,0,0,0,0,0,0,0,0,0,0
5/15/2024,0,,0,6,0,,3.3,0,0,3.9,2.1,36.2,0,0,9.3,20.9,1.1,0,0,0,9.1,1.5
5/16/2024,19.6,,46.5,36.2,39.1,,4,13.3,28.6,12.1,42.1,14.5,2.7,28.7,23.3,36,31.8,50,0,5.2,61.1,1.7
5/17/2024,0,,0,0,0,,0,0,0,0,0,0,0,0,0,0,0,0,0,0,0,0
5/18/2024,0,,0,0,0,,0,0,0,0,0,0,0,0,0,0,0,0,0,0,1.9,0
5/19/2024,1.8,,0,0,0,,0,0,0,0,0,0,0,0,0,0,0,0,0,0,40.7,0
5/20/2024,0,,0.5,0,8.5,,0,7.4,0,0,2.6,0,0,0,0,0,0,0,0,10.2,0,0
5/21/2024,0,,0,0,0,,0,0,0,0,0,0,0,0,0,0,0,0,0,0,0,0
5/22/2024,26.7,,52.5,5.1,9,,0,5.4,81.1,0,1.2,7.6,0.6,46.4,35.4,0,40.2,34.3,29.8,0,2.8,0
5/23/2024,0,,0,0,0,,0,0,0,0,0,0,0,0,0,0,0,0,0,0,0,0
5/24/2024,34.5,,14.6,0,20.1,,5.1,6.7,56.4,47.4,10.4,45.7,0,1.3,0,18.2,0,55.6,50.2,0,9.5,22.1
5/25/2024,4.1,,0,24.7,0,,1.7,0,3.9,0,0,7.7,0,24.7,31.5,2.1,118.3,3.7,0.1,0,2,0
5/26/2024,3.8,,0,0.1,0,,0,0,0,0,0,4.4,0,0.1,8.1,5.1,0,0,0,0,7.5,0
5/27/2024,0,,0,0,0,3.309677419,0,0,0,0,0,0,0,0,0,0,0,0,0,0,0,0
5/28/2024,0,,0,0,0,3.367741935,0,0,0,0,0,0,0,0,0,0,0,0,0,0,0,0
5/29/2024,0,,0,0,0,3.425806452,0.7,0,0,0,0,0,30.9,0,0,0,0,0,0,0,0,0
5/30/2024,13.3,,3.6,49,35.2,3.483870968,5.5,10.8,11.7,9.7,31.7,24.4,0,15.2,43.3,0,12.1,10.1,5.2,11.3,6.4,50
5/31/2024,6.2,,1.2,2,0,3.541935484,0,0.5,0,0,0,0,0,3.4,4.7,0,16,1.2,0,0,0,0
6/1/2024,15.2,,0.5,183,2.3,3.6,0,0,0,27.2,0.3,43,0,0,0,12.6,21.1,0.4,0,0,0,0
6/2/2024,0,,27.3,2.7,29.3,81.2,0,19,28,0,26,0,0,12.9,5.4,0,26.8,27.9,0,9,2.3,0
6/3/2024,0,,0,0,0,0,0,0,0,0,0,0,0,0,0,0,0.2,0,0,0,0,0
6/4/2024,0,,0,0.3,0,4.7,22.5,0,6.2,0,0,0,0,0,2.5,0,0,5.3,21,7.5,0,9.8
6/5/2024,0,,0,1.3,0,1,6.7,0,0,0,3.9,3.8,0,0,25.2,0,2.8,0,2.8,0,0,1.3
6/6/2024,0,,0,24.3,24.8,3.2,10.5,0,2.7,0,8.1,0,,0,5,0,2.1,1.5,0,0,5.4,0
6/7/2024,0,,0,0,0,38.5,0,0,9.4,0,0,0,,1.5,0,0,55.2,0,0,0,0,0
6/8/2024,19,,6.1,9.7,3,1.7,0,26.6,2,27.3,11.5,5.7,,1.3,0.4,0,0.7,9.1,0,0,0.4,0
6/9/2024,0,,0.8,0,0,2.2,0,0,0,0,0,0,,0,0,0,2.2,0,0,0,1.9,0
6/10/2024,0,,5.9,0,0,47.1,6.2,0,0.2,0,1.5,18,,0,9.7,0,137,0,0,10,0,0
6/11/2024,0,,0,15,0,13.2,1.5,0,0.1,0,0,0,,0,0,0,1.3,3.2,0,2,0,19
6/12/2024,0.6,,2.8,0.4,0,13.7,41.8,4.8,11.9,0,0.3,0,,0,0,0,12.8,2.5,0,0,4.4,0
6/13/2024,13.7,,3.9,4.7,0,46.3,0,0,0,0,0,0.2,,0,0,10,120.4,0,0,5.5,8.8,0
6/14/2024,14.2,,27.6,42.6,8,123.4,0,23.8,29.6,11.2,20.3,25.3,,14.7,52.3,44.4,78.1,47.6,0,0,6.4,0
6/15/2024,0.4,,0.7,1.5,0.6,0,0,0,0,0,0,58.5,,0,0,0.2,0,0,0,0,0,0
6/16/2024,5.3,,0,16.5,0,0,61.2,0,0,34.2,0,38.9,,8.9,8.7,11,0,0,19.5,11,95.5,40.2
6/17/2024,14.8,,0,0,0,0,0,1.2,0,0,0,0,,0,0,0.8,0,0,0,0,3.1,0
6/18/2024,0,,3.7,7.2,0,11.7,6.3,0,0,0,0,2,,0,0,10,0,0,15.5,0,8.4,25.6
6/19/2024,0,,0,0,0,26,2.3,0,0,0,0,0,,0,0,0,64.6,0,0,0,7.3,0
6/20/2024,40.5,,78.1,69.9,1.4,28.3,2.2,19.8,0,0,42.6,41,,0,31.6,42.9,36.2,0,0,0,7.7,0
6/21/2024,2.7,,0,14.4,0,2.8,0,0,0,0.3,0,2.6,,1,1.3,0,4.9,0,0,12.5,3.8,0
6/22/2024,0,,0,3.7,0,23.3,0,0,0,0,0,0,,0,0,0,0,0,0,0,0,0
6/23/2024,0,,0,0,1.7,26.6,0,0,0,0,0,0,,9.3,0,0,0.6,0,0,0,0,0
6/24/2024,17.8,,0,26.9,1.2,46.5,9.3,26.5,0,24.9,36.5,77.2,,0,1,0,2.9,0,30.9,10.4,0.8,14.2
6/25/2024,0.5,,11.7,0.4,5.7,24.3,0,4.8,0,3.5,0,0,,0,0,102.5,0.9,0.1,3,0,0,0
6/26/2024,2.4,,0,3,0,0.1,0,26.8,0,0,42,30.5,0,0,11.8,0,9.7,0,0,0,1.7,17.5
6/27/2024,48.8,,0,2.9,2.2,1.4,37.4,6.4,0,3.4,0,0,0,0,0,0,2.9,0,24.8,0,6.4,22.3
6/28/2024,0,,0.3,16.7,0.1,0,0,3.9,0,0,0,5.6,0,0.8,2,0,0,0,0,0,0,0
6/29/2024,42.7,,2.4,29.4,19.3,6.8,41.5,11.3,0,64.7,4.4,51.7,0,0,81.5,14.6,12.5,0.7,15.6,50.5,12.4,1.1
6/30/2024,15,,0,5,0,1.4,0,5.6,0,0,0,2.8,0,12.5,6.6,1.7,0.8,0,3.4,0,6.1,0
7/1/2024,0,,0,0,0,1.4,0,0,0,1,0,0,0,0,0,0.7,0,0,0,0,5.3,0
7/2/2024,0,,5.1,0,0,19,0,0,36.9,0,0,1,40.6,43.5,0,0,22.2,26.7,22.2,0,0,0
7/3/2024,26.1,,17.3,6.1,0.4,16.9,9.1,27.4,22.7,51.9,2.5,0,1.2,21.2,0,0,5,26.5,5,20.1,1.7,0.6
7/4/2024,0,,0,2.5,0,0,0,0,0,0,0,0,0,0,0,0,0,0,0,0,0,1.8
7/5/2024,0,,0,0,0,0,0,4,0,0,3.3,0,0,0,0,0,0,0,0,0,0,0
7/6/2024,0,,0,0,0,0,2.8,0,0,2.3,0,0,17.6,0,0,0,0,0,0,30.4,0,0
7/7/2024,1.8,,0,2.1,0,9.6,0,0,0.1,3.5,3,0,0,0,20,0,0.5,0.4,0.5,0,0,0
7/8/2024,10.6,,0,36.6,0,0,18.8,0,0.6,27.8,9,8.1,15.8,0,28.5,0,0.6,0,0.6,23.1,0,17.6
7/9/2024,2.1,,0,1.2,0,0.3,1.9,4,2.7,0,11,0.4,0,7.9,14,1.3,0.3,0,0.3,4.8,4.9,0
7/10/2024,2.6,,0,1,0,0,0,7.8,0.8,4.6,0,0,0,6.2,0,0,0.2,0.5,0.2,0,0.4,0
7/11/2024,14.4,,0,10.6,0,20,3.5,0,0,0.1,0,2.8,0,0,2.3,1.2,15.6,0,15.6,0,9.8,25.2
7/12/2024,0,,0,3.6,0,2.8,0,3.9,0.8,0,0,0.2,0,3.3,2.4,0.7,2.1,0,2.1,1,2,0
7/13/2024,0,,0,0,0,0,0,0,0,0,0,0,0,0,0,0,0,0,0,0,0,0
7/14/2024,0,,0,0,0.5,0,0,0,0,0,0,0,0,0,0,0,0,0,0,0,0,0
7/15/2024,0,,0,1.6,0,0.1,0,0,0,0,0,0,30.6,0,0,0,0,0,0,0,0,0
7/16/2024,0,,0,0,1.3,1,0,0,0,6.3,0,0,1.5,0,0,0,0,0,0,0,0,0
7/17/2024,0,,0,0,0,0,0,0,0,0,0,0,51.8,2.9,0,0,5.7,0,5.7,0,0,0
7/18/2024,0,,0,0,0,3.2,0,0,0.3,3.5,0,0,1.8,0,0,0,0.8,0,0.8,0,0,0
7/19/2024,0,,0,0,0,0.5,0,0,8.3,0,0,0,4.7,0.5,0,0,0.4,4.6,0.4,0,0,11.2
7/20/2024,2.7,,0.9,5.5,0,3.2,0,2.2,6.9,0.4,10.7,0,0.9,4,1.1,0,5.1,4.3,5.1,15.8,1,3.8
7/21/2024,2.2,,0.8,5.1,0,0,0,3.5,0,0,1.2,0,0,0,1.2,0.3,0,0,0,0,0,0
7/22/2024,0,,0,0,0,0,0,0,1.8,0,0,0,0,0,0,0,0,0,0,0,0,0
7/23/2024,0,,0,0,0,0,0,0,0,0,0,0,60.5,0,0,0,1.5,0,1.5,0,0,0
7/24/2024,0,,0,0,0,0,0,0,0,0,0,0,0,0.9,0,0,0,0,0,0,0,0
7/25/2024,0,,0,0,0,0,0,0,0,0,0,2.5,10.6,0,1.5,0,0,0.7,0,0,0,0
7/26/2024,0,,0,0,0,0,0,0,0.3,0,0,3.6,0,0,0,0,0,0,0,0,0,0
7/27/2024,0,,0,2.5,0.2,0,0,0,0,0,3.5,0,0,0.3,0,0,0,0,0,0,0,0
7/28/2024,0,,0,0,0,0,0,0,0.3,0,0,0.2,54.6,0,0,0,0,0,0,0,0,0
7/29/2024,0,,1.7,7.2,0.3,1.5,2,1.4,5.4,0,6.6,2.7,31.4,0,1.9,0,1.5,4.5,1.5,0,0,3
7/30/2024,0,,0,0.5,0,0.4,0,0,1,0,0.1,0,0,0,0,0,0,0.3,0,0,0,0
7/31/2024,0,,0,3.2,0,0.1,0,0,0.2,0,0,0,0,0,1.7,0,0,0,0,0,0,0
8/1/2024,2,,1.4,0.9,0,10.1,7.4,0.4,5.2,0,12.2,1.7,0,3.6,0,0,1,3.1,0,0,0,0
8/2/2024,0,,0,0,0.8,12.1,0,1.2,0,0,0.8,0,0,0.4,1.9,0,4.6,0,0,0,0,0
8/3/2024,0,,0,0,0,0,0,0,0.6,0,0,0,0,0,0,0,0,0,0,0,0,0
8/4/2024,0,,0,0,0,0,36.5,0,0.5,0,0,0,3.2,0,0,0,0,0.7,0,0,0,0
8/5/2024,0,,0,0,0,0,0,0,0,0,0,0,0.1,0.8,0,0,0,0,0,0.5,0,0
8/6/2024,0,,0,0,0,0,2.5,0,0,0,0,0,0,0,0,0,0,0,0,0,,0
8/7/2024,0,,0,0,0,0,8.6,0,0,0.2,0,0,4.9,0,0,0,0,0,0,0.3,,0
8/8/2024,0,,0,1.8,0,0,0.3,0,0,0,0,0.2,0,0,0,0,0,0,0,0,,0
8/9/2024,0,,0,0.3,0,0,15,0,0,0,0,0,0.7,0,0,0,0,0,0,0,,0
8/10/2024,0,,0,0,0,0,0,0,0,0,0,1.5,4.7,0,0,0,0,0,0,0,,0
8/11/2024,0,,0,0,0,0,6.1,0,0,0,0,1.1,26.2,0,0,0,0,0,0,26.8,,0
8/12/2024,1.2,,0,0,0,1.9,0,0,0,0,0,0,4,0.7,3.4,0,0.6,1.6,0,18.7,,0
8/13/2024,7.6,,4.9,8.3,0.6,1.6,0,2.3,1.4,0,6,0,0,2.4,7.6,0.8,1.2,8.3,0.8,0,,0
8/14/2024,0,,0.8,0.8,0.2,0.4,6.6,0,0,0,1.5,0,0,0,8,0.6,0,0,0.6,0,,0
8/15/2024,0,,0,0,0,0,1.3,0,0,0,0,0,0,0,0.2,0,0,0,0,0,,0
8/16/2024,0,,0,1.2,0,0.5,0,0,0,0,0,0,63.6,0,0,0,0,0,0,19,,0
8/17/2024,0,,0,0,0,0,4.2,0,0,0,0,0,1.7,0,0,0,0,0,0,3,,0
8/18/2024,0,,0,0,0,0,0,0,0,0,0,5.4,1.7,0,0,0,0,0,0,0,,0
8/19/2024,0,,0,0,0,0,0,0,0,9.9,0,0,61.5,0,0,0.3,0,3,0.3,69.7,,55
8/20/2024,0,,0,1.3,0,5.4,0,0,0,0.3,0.4,0,1.6,0,13.5,9.2,0,0,9.2,3.2,,0.7
8/21/2024,0,,0,7.3,0,0.5,0,0,0,0,0,0,0,0,1,0,0,0,0,0,,0
8/22/2024,0,,0,0,0,0,2.8,0,0,12.6,0,0,29.8,0,0,0.5,0.7,0,0.5,0,,0
8/23/2024,11.3,,0,1.1,0,2.1,0,6.6,0,23.6,0.9,3.8,5.6,2.9,3.3,18.1,1,0,18.1,65.2,,19.5
8/24/2024,5.2,,0,1.6,0,1.5,18.2,0.8,0,0,8.8,14.6,0.7,1.4,4.6,0.9,4.4,0.5,0.9,2,,0
8/25/2024,0.3,,0,0,0.3,0.1,0,1.9,0,0.7,0.3,30.7,0,0,0,0.2,0.4,0,0.2,0,,0
8/26/2024,10,,0,5.5,2.2,0.4,4.4,0,0,0,0.8,40.4,44,0,7.5,43.6,0,0,43.6,72,,18.4
8/27/2024,7.3,,0,4.2,0,2.8,0,0,0.7,0,0,0.3,0,0,6,2.2,1.3,0,2.2,0,0,0
8/28/2024,5.5,,0,2.1,0,2.2,0,0,0,0,0.3,2.6,0,0.9,4.3,0,3.7,0,0,0,0,0
8/29/2024,0,,0,2.5,0,0,0,0,0,0,0,0,0,0.2,0,0,0.4,0,0,0,0,1.5
8/30/2024,0,,0,0,0,1.5,0,0,0,29.2,0,9.2,18.1,0.1,1.3,0.3,1.1,0,0.3,28.4,0,41.2
8/31/2024,0,,0,1.8,0,0,0,0,0,0,0,0,0,0,2.1,0,0,0,0,24,0,11.2
9/1/2024,0,,0,2.6,0,0.4,0,0,0,0,0,1.7,1.9,0,2.7,0,0,0,6.5,0,0,0
9/2/2024,0,,0,0,0,0,0,0,0,0,0,0,0,0,0,0,0,0,0,0,0,0
9/3/2024,0,,0,0,0,0,0,0,0,0,0,0,4.3,0,0,0,0,0,0,0,0,0
9/4/2024,0,,0,0,0,0,1.1,0,0,0,0,0,0.7,0,0,0,0,0,0,6,0,0
9/5/2024,0,,0,0,0,0,0,0,0,0,0,0,23.9,0,0,0,0,0,0,0,0,0
9/6/2024,0,,0,0,0,0,0,0,0,0,0,0,12,0,0,0,0,0,0,0,0,0
9/7/2024,0,,0,0,10,0,13.5,2.5,0,3.1,0,0,6,0,0,6.7,0,0,6.7,28.4,2.6,33.1
9/8/2024,0,,0,0,0,0,4.5,0.7,0,2.5,0,0.2,0,0,0,0,0,0,2.2,37.1,0,1
9/9/2024,2.7,,0,0,0,0,0,0,0,0,0,0,0,0,0,0,0,0,0,0,0,0
9/10/2024,52.8,,0.7,8.3,5.1,0,42.2,3.3,24.8,0,0.9,1.5,0,0,0,19.6,0,20.6,0,6.8,22.7,41.8
9/11/2024,1.5,,0,0.6,0,0,7.1,0,0,0,0,1.1,7.2,0.7,2.1,0,0,0,0,8,0,0
9/12/2024,0,,0,6.7,0,2.6,0,0,0.2,0,0,0,0,1.1,0,0,0.4,0.3,0,0,0,0.7
9/13/2024,0,,0,1.4,8,0.1,7.8,3.5,0,0,20.7,0,46,0,1.3,0,0,0,0,19,9.3,30.4
9/14/2024,0,,35,2,8.3,0,2.2,2.9,0,12.2,0.5,0,0,0,1.8,0.7,0,0,4.1,6,2.5,5.6
9/15/2024,0,,0,0,0,0.4,0,0,0,0,0,0,0,0,0,0,0,0,0,0,0,5
9/16/2024,0,,5.2,0,0.2,0,0,0,0,0.6,0,0,27.9,0,0,0,0,0,31.4,0,0,30.5
9/17/2024,0,,8.7,0,1.8,0.1,3.3,28,0,0,35.3,0,1,0,0,0,0,1.7,4.2,1.5,1.4,0
9/18/2024,0,,0,2.2,0,0,20,0,0,14.1,10.1,5.4,39.4,0,1.1,4.2,0.2,0,14.4,35.5,5.7,55.2
9/19/2024,0,,0,0,0,0.2,0.4,0,0,0.6,0,0,0,0.6,4.7,0,0.2,0,1.7,0.5,0,2.5
9/20/2024,0,,0,0,0,0,6.6,0,0,0,0,0,2,0,2.2,0,0,0,0,10,0,0
9/21/2024,2.1,,0,1.9,0,0,0,20.1,0,0,5.2,0,0.8,0,0,0,0,0,1,0,0,35.6
9/22/2024,0,,0,0.4,0,2,12.8,4.4,0,51.6,2.1,0,33.9,0,0,0,0.5,0,9.5,2.4,0,4.4
9/23/2024,0,,0,0,0,0,0,0,4,0,1.8,3.8,0,0.4,0,0.6,0.4,0,0,6,0,0
9/24/2024,4,,0,0,0,0,7.5,0,3.1,0,0,14.6,8.5,0,0,2.5,0,0,4,8.5,30.2,33
9/25/2024,5.3,,0,14.5,0.8,0.3,15,31.1,0.7,24.9,5.4,30.7,22.8,0,24.9,2.7,0.1,0,0,11.2,4.4,1.7
9/26/2024,28,,0,4.7,0,8.2,2.6,0,0,19.2,4.8,40.4,30.7,0,0,1.2,0,0,8.7,25.2,0,36.3
9/27/2024,2.4,,0,0,1,17.4,2,0,0,13.3,5,0.3,0,0,2.1,11.4,1.1,0,35.6,0.5,19.4,10.5
9/28/2024,14,,0,0,0,9,0,1.1,0,6.5,0,2.6,0,0.5,3.5,4.7,0.1,0,0,0,14.6,0
9/29/2024,2.2,,0.6,0,0,2.1,3.8,0,0.2,0,0,0,15.2,0,1.5,0,0,0,0.8,26.5,5.8,0
9/30/2024,30.1,,0,19,0,0.2,0,32.1,0,0,9.8,9.2,0,4.8,12.3,72.2,0,3,26.4,2.7,36.5,27.3
10/1/2024,6.2,,0.4,0.6,0,0.5,7.4,0,0.8,0,4,8.9125,0,5,9.1,16.3,0,0,0,0,10.2,0
10/2/2024,0,,7.8,5.2,0,0.5,0,6.3,0,25.7,10.1,8.625,4.5,0,0,0,0.4,0,0,3,1,0
10/3/2024,24,,0,32.1,8.5,56.6,0,0.8,0,28.4,23.1,8.3375,0,0,14.2,19.2,0.7,0,39.3,0,3.5,32.4
10/4/2024,0.3,,2,14.7,1.3,2.3,36.5,0,2.8,0,16.1,8.05,0,7.6,14.9,4.3,3.9,17.9,16,40.2,0,6.6
10/5/2024,54,,0.4,53,5.7,0,0,0.1,3.6,5.4,41.8,7.7625,3.8,5.5,7.1,0,5.6,4,4.5,8.9,2.3,1.4
10/6/2024,0.8,,0,3.3,1,0,2.5,0.9,0,2.4,0,,0,0,15.6,8.6,0,0.4,8.8,0,5.6,31.2
10/7/2024,10.2,,1.5,6.3,1.3,0,8.6,39.8,0,0,1.7,,0,0,0,2.8,0,0.6,66.8,12.5,48.1,0
10/8/2024,20.1,,12.8,11.9,34.3,20.4,0.3,26.2,5.4,0,15.6,,0,8.7,38.1,5.3,14.4,0.3,0.8,0,1,0
10/9/2024,0,,0,29.4,7.5,0.1,15,0.7,0,0,30.2,,0.5,0,29.2,7.8,0,1.7,0,21.7,34,26
10/10/2024,8.2,,0,0,0,0,0,0,0,18,0,,0,0,15.1,21.7,0,0,0,0,0,0
10/11/2024,9.7,,21.6,0.2,25.3,45.1,6.1,0,3.3,0,2.1,,1.3,0,0,0,0,0,0,0,15.7,43.2
10/12/2024,10.9,,46.1,4.8,23.4,28,0,15.9,8,7.9,0.3,,0,2.8,26,25.1,0.2,25,0,0,30.3,0
10/13/2024,0,,0,3.1,0.7,31.7,0,3.8,2.4,0,0,,0,12.7,12.8,2,18.6,9.4,0,0,0,0
10/14/2024,76.5,,0,0,0.4,5.1,6.6,0.2,0,0.4,0.7,,0,0.6,0,5.9,0,0,16.6,5.5,10.2,0
10/15/2024,1.1,,0,0,0,0.7,1.3,0,0,0,0,,0,0,0,5.7,0,0,2.4,0,1.8,7.6
10/16/2024,13.9,,1.8,24.7,28.8,2.6,0,6.1,5.8,42.5,0.6,,0,0,23.2,21.6,0,4.1,1.5,0.8,63.7,0
10/17/2024,2.9,,9.7,35,1.5,20.2,4.2,0,24.4,19.4,0,,0,40.4,11.1,2.3,8.8,4.8,10.6,5,7.2,10
10/18/2024,0,,0,0.6,0,3,0,0,0,0,0,,0,0.9,6.7,0,0,0,2.7,0,0,3
10/19/2024,0,,0,0,29.7,10.2,0,0,0,11.8,15.7,,0,0,18.5,0.4,0,0,0,0,0,0
10/20/2024,0,,0,28.5,30.1,0.2,0,2.2,0,0,0,,0,0.9,2.8,0,0,0.3,0,0,0,0
10/21/2024,11.9,,0,52.2,0.4,8,0,0,0,0,0,,0,0,0.7,9.1,0,0,17.8,0,0,15.3
10/22/2024,2.4,,23.9,4.8,26.3,2,2.8,0,0,0,3.2,,3.5,6.9,27,16.7,5.9,4.6,3.2,0,44.2,0
10/23/2024,0,,0,7,0,21.2,0,0,0,0,3.1,,9.3,6.4,0,0.8,1.1,0,9.2,0,0,1.8
10/24/2024,0,,0.2,1.6,2.3,0.6,18.2,3.1,0,0,12,,0,0,20.6,2.4,0,0,1.6,0,16.2,0
10/25/2024,3.3,,42.2,0,0,32.8,0,28.1,1.4,9.3,0,,0,0,37.6,0,0,0.1,0,0,0,0
10/26/2024,0,,0,0,0,5.1,4.4,0,0,0,0,,0,0,0,0,0,0,0,0,0.6,0
10/27/2024,0,,7.8,0,0,0.1,0,0,0,0,10,1.4375,0,0,15.6,0,0.1,0,0,0,18.7,0
10/28/2024,1.7,,16.9,26.1,3.4,39.3,0,0,9.4,0,22.7,1.15,0,56.2,34.3,11.7,1.2,5.2,0,0,21.8,0
10/29/2024,6.3,,7.7,0.3,0,1.3,0,8.3,0.2,0,2.4,0.8625,0,2.4,0.4,0,17.8,2.2,0,0,9.9,0
10/30/2024,0,,0,8.9,12.2,0.8,0,15.9,0,0,28,0.575,0,0,24,0,0,0,0,0,0,0
10/31/2024,0,,0,48.9,24,0.8,0,0.9,0,0,1.1,0.2875,0,0,34.2,0,0,0,0,0,0,0
11/1/2024,0,,0,7,0,0,0,0,0,0,0,0,0,0,33.09677419,0,0,0,0,0,0,0
11/2/2024,0,,0.5,0,0,6.1,0,3,0,0,0,8.3,0,43.8,31.99354839,0,54.3,0,0,0,0,0
11/3/2024,0.7,,2.7,9.2,0,0.6,0,0,0,0,0,0,0,1,30.89032258,0,0,0,0,0,0,0
11/4/2024,0,,0,0,0,0,0,0,0,0,0,0,0,0,29.78709677,0,0,3.7,0,0,0,0
11/5/2024,0,,0,0,0,3.8,0,0,0,0,0,0,0,0,28.68387097,0,0,0,0,0,0,0
11/6/2024,0,,0,0,0,19.1,0,0,0,0,0,0,0,0,,0,0,0,0,0,0,0
11/7/2024,0,,0,0,0,20.7,0,0,0.4,0,0,0,0,1.6,,0,27.7,11.9,0,0,0,0
11/8/2024,0,,0,0,0.6,0,0,0,0,0,0,0,0,0,,0,0,0,0,0,0,0
11/9/2024,0,,8.1,0,0,14,0,0,0,0,0,0,0,0,,0,41.2,24.1,0,0,0,0
11/10/2024,0,,0,0,0,0,0,0,0,0,0.6,0,0,0,,0,0,0,0,0,0,0
11/11/2024,0,,3.3,0,0,0,0,0,0,0,10.2,0,0,0,,0,0,0,0,0,0,0
11/12/2024,0,,0,38,0.1,33.7,0,7.4,0,0,3,0.6,0,0,,0,0,0,0,0,0,0
11/13/2024,0,,1.7,15.1,0,0,0,0,0,0,0,0,0,0,,0,0,0,0,0,0,0
11/14/2024,0,,0,8.2,16.6,19.3,0,0,19.5,0,0,0,0,40.3,,0,14,4.4,0,0,0,0
11/15/2024,0,,0,0,0,0,0,0,0,0,0,17.5,0,0,,0,0,0,0,0,0,0
11/16/2024,0,,0,0,0,12.3,0,0,0,0,0,0,0,1.7,,0,0,0,0,0,0,0
11/17/2024,0,,0,0,0,1.6,0,0,0,0,0,0,0,0,,0,0,0.4,0,0,0,0
11/18/2024,0,,0,0,0,0.2,0,0,0,0,0,0,0,1.7,,0,12.8,0,0,0,0,0
11/19/2024,0,,0,0,0,8.4,0,0,0,0,0,0,0,10.9,,0,3.4,0,0,0,0,0
11/20/2024,0,,0,0,0,0,0,0,0,0,0,0,0,0,,0,0,0,0,0,0,0
11/21/2024,0,,0,0,0,0.9,0,0,0,0,0,0,0,0,,0,0,0,0,0,0,0
11/22/2024,0,,0,0,0,0,0,0,0,0,0,0,0,0,,0,1.1,0,0,0,0,0
11/23/2024,0,,0,0.6,0,0.9,0,0,0,0,0,0,0,28.9,,0,9,0.1,0,0,0,0
11/24/2024,0,,2,0,0,0,0,0,0,0,0,0,0,0,,0,0,0,0,0,0,0
11/25/2024,0,,0,0,0,0,0,0,0,0,0,0,0,0,,0,0,0,0,0,0,0
11/26/2024,0,,0,0,0,1.2,0,0,0,0,0,0,0,1.5,5.516129032,0,2.3,0,0,0,0,0
11/27/2024,0,,0,0,0,0.2,0,0,0,0,0,0,0,0.4,4.412903226,0,0,0,0,0,0,0
11/28/2024,0,,0,0,0,0,0,0,0,0,0,0,0,0,3.309677419,0,0,0,0,2,0,0
11/29/2024,0,,0,0,0,0,0,0,0,0,0,0,0,0,2.206451613,0,0,0,0,0,0,0
11/30/2024,0,,0,0,0,0,0,0,0,0,0,0,0,0,1.103225806,0,0,0,0,0,0,0
12/1/2024,0,,0,0,0,0,0,0,0,0,0,0,0,0,0,0,0,0,0,0,0,0
12/2/2024,0,,0,0,0,0,0,0,0,0,0,0,0,0,0,0,0,0,0,0,0,0
12/3/2024,0,,0,0,0,0,0,0,0,0,0,0,0,5.2,0,0,0.5,0,0,0,0,0
12/4/2024,0,,0,0,0,0,0,0,0,0,0,0,0,0,0,0,7.3,0,0,0,0,0
12/5/2024,0,,0,1.4,0,0,0,0,0,0,0,0,0,0,0,0,0,0,0,0,0,0
12/6/2024,0,,0,0,0,,0,0,0,0,0,0,0,0,0,0,0,0,0,0,0,0
12/7/2024,0,,0,0,0,,0,0,0,0,0,0,0,0,0,0,0,0,0,0,0,0
12/8/2024,0,,0,0,0,,0,0,0,0,0,0,0,0,0,0,0,0,0,0,0,0
12/9/2024,0,,0,0,0,,0,0,0,0,0,0,0,0,0,0,0,0,0,0,0,0
12/10/2024,0,,0,0,0,,0,0,0,0,0,0,0,0,0,0,0,0,0,0,0,0
12/11/2024,0,,0,0,0,,0,0,0,0,0,0,0,0,0,0,0,0,0,0,0,0
12/12/2024,0,,0,0,0,,0,0,0,0,0,0,0,2,0,0,0,0,0,0,0,0
12/13/2024,0,,2,3.3,0,,0,0,0,0,2.3,0,0,0,0,0,0,0,0,0,0,0
12/14/2024,0,,0,0,0,,0,0,0,0,0,0,0,0,0,0,0,0,0,0,0,0
12/15/2024,0,,0,0,0,,0,0,0,0,0,0,0,0,0,0,0,0,0,0,0,0
12/16/2024,0,,0,0,0,,0,0,0,0,0,0,0,0,0,0,0,0,0,0,0,0
12/17/2024,0,,0,0,0,,0,0,0,0,0,0,0,0,0,0,0,0,0,0,0,0
12/18/2024,0,,0,0,0,,0,0,0,0,0,0,0,0,0,0,0,0,0,0,0,0
12/19/2024,0,,0,0,0,,0,0,0,0,0,0,0,0,0,0,0,0,0,0,0,0
12/20/2024,0,,0,0,0,,0,0,0,0,0,0,0,0,0,0,0,0,0,0,0,0
12/21/2024,0,,0,0,0,,0,0,0,0,0,0,0,0,0,0,0,0,0,0,0,0
12/22/2024,0,,0,0,0,,0,0,0,0,0,0,0,0,0,0,0,0,0,0,0,0
12/23/2024,0,,0,0,0,,0,0,0,0,0,0,0,0,0,0,0,0,0,0,0,0
12/24/2024,0,,0,0,0,,0,0,0,0,0,0,0,0,0,0,0,0,0,0,0,0
12/25/2024,0,,0,0,0,,0,0,0,0,0,0,0,0,0,0,0,0,0,0,0,0
12/26/2024,0,,0,0,0,,0,0,0,0,0,0,0,0,0,0,0,0,0,0,0,0
12/27/2024,0,,0,0,0,,0,0,0,0,0,0,0,0,0,0,0,0,0,0,0,0
12/28/2024,0,,0,0,0,,0,0,0,0,0,0,0,0,0,0,0,0,0,0,0,0
12/29/2024,0,,0,0,0,,0,0,0,0,0,0,0,0,0,0,1.6,0,0,0,0,0
12/30/2024,0,,0,0,0,,0,0,0,0,0,0,0,0,0,0,0,0,0,0,0,0
12/31/2024,0,,0,0,0,,0,0,0,0,0,0,0,0,0,0,0,0,0,0,0,0
